row_index,generated_question,expected_answer,context,model_answer,label_statements,noisesensitivy_score,noisesensitivy_calc_time_seconds,timestamp
3,Màn hình của nokia 220 4g sử dụng công nghệ nào?,Màn hình của Nokia 220 4G sử dụng công nghệ màn hình LCD.,"['Tên sản phẩm: nokia 220 4g - chính hãng\nMàu: Màu Đen, Cam đào\nGiá: 990,000 ₫\nThông số kỹ thuật: - Công nghệ màn hình: Màn hình LCD\n- Kích thước màn hình: 2.8 inch\n- Hệ điều hành: S30+\n- Vi xử lý: Unisoc T107\n- Bộ nhớ trong: 128MB\n- RAM: 64MB |\n- Số khe SIM: Hai SIM Nano SIM + Nano SIM\n- Dung lượng pin: 1450mAh\nKhuyến mãi: Không có khuyến mãi\n\nTên sản phẩm: nokia 3210 4g - chính hãng\nMàu: Màu Vàng, Xanh, Màu Đen\nGiá: 1,590,000 ₫\nThông số kỹ thuật: - Công nghệ màn hình: IPS\n- Kích thước màn hình: 2.4 inch\n- Độ phân giải: 2MP\n- Hệ điều hành: S30+\n- Bộ nhớ trong: 128MB3\n- RAM: 64MB\n- Mạng di động: 2G, 3G, 4G, Hỗ trợ VoLTE2\n- Số khe SIM: Hai SIM Nano SIM + Nano SIM\n- Dung lượng pin: 1450mAh\nKhuyến mãi: Không có khuyến mãi\n\nTên sản phẩm: nokia 8000 4g chính hãng\nMàu: Không có thông tin\nGiá: Không có thông tin\nThông số kỹ thuật: - Công nghệ màn hình: TFT LCD\n- Độ phân giải: QVGA (240 x 320 Pixels), 2 MP, Không\n- Kích thước màn hình: 2.8 inch\n- Bộ nhớ trong: 4GB\n- RAM: 512 MB\n- Mạng di động: Hỗ trợ 4G\n- Số khe SIM: 2 Nano SIM\n- Dung lượng pin: 1500 mAh\nKhuyến mãi: Không có khuyến mãi\n\nTên sản phẩm: điện thoại nokia 215 4g - chính hãng\nMàu: Black, Cyan\nGiá: 950,000 ₫\nThông số kỹ thuật: - Công nghệ màn hình: TFT LCD\n- Độ phân giải: QVGA (240 x 320 Pixels), Không, Không\n- Kích thước màn hình: 2.4 inch\n- Bộ nhớ trong: Không\n- RAM: Không\n- Mạng di động: Hỗ trợ 4G\n- Số khe SIM: 2 Nano SIM\n- Dung lượng pin: 1150 mAh\nKhuyến mãi: - Giảm 5% không giới hạn khuyến mãi qua Homepaylater\n- Giảm 50% tối đa 700k khi mở thẻ tín dụng Vpbank trên SenID\n- Giảm 20% tối đa 500k khi mở thẻ tín dụng TPBank EVO\n- Giảm 1% tối đa 100.000đ khi thanh toán qua Zalopay']",Màn hình của Nokia 220 4G sử dụng công nghệ LCD.,"[{'statement': 'Màn hình của Nokia 220 4G sử dụng công nghệ LCD.', 'reason': [""Trong phần thông số kỹ thuật của sản phẩm 'nokia 220 4g - chính hãng', có ghi rõ 'Công nghệ màn hình: Màn hình LCD'.""], 'verdict': 1}]",0.0,16.13,2025-08-20 16:54:43
0,Dung lượng RAM của nokia 3210 4g là bao nhiêu?,Dung lượng RAM của nokia 3210 4g là 64MB.,"['Tên sản phẩm: nokia 3210 4g - chính hãng\nMàu: Màu Vàng, Xanh, Màu Đen\nGiá: 1,590,000 ₫\nThông số kỹ thuật: - Công nghệ màn hình: IPS\n- Kích thước màn hình: 2.4 inch\n- Độ phân giải: 2MP\n- Hệ điều hành: S30+\n- Bộ nhớ trong: 128MB3\n- RAM: 64MB\n- Mạng di động: 2G, 3G, 4G, Hỗ trợ VoLTE2\n- Số khe SIM: Hai SIM Nano SIM + Nano SIM\n- Dung lượng pin: 1450mAh\nKhuyến mãi: Không có khuyến mãi\n\nTên sản phẩm: điện thoại nokia 8210 4g - chính hãng\nMàu: Màu Vàng, Xanh, Đỏ\nGiá: 1,490,000 ₫\nThông số kỹ thuật: - Công nghệ màn hình: Đang cập nhật\n- Độ phân giải: QVGA (240 x 320 Pixels), 0.3 MP\n- Hệ điều hành: Series 30+\n- Vi xử lý: Unisoc T107\n- Bộ nhớ trong: 128 MB\n- RAM: 48MB\n- Mạng di động: Hỗ trợ 4G\n- Số khe SIM: 2 Nano SIM\n- Dung lượng pin: 1450 mAh\nKhuyến mãi: - Giảm 5% không giới hạn khuyến mãi qua Homepaylater\n- Giảm 50% tối đa 700k khi mở thẻ tín dụng Vpbank trên SenID\n- Giảm 20% tối đa 500k khi mở thẻ tín dụng TPBank EVO\n- Giảm 1% tối đa 100.000đ khi thanh toán qua Zalopay\n\nTên sản phẩm: điện thoại nokia c31 (4gb/128gb) - chính hãng\nMàu: Không có thông tin\nGiá: Không có thông tin\nThông số kỹ thuật: - Độ phân giải: 1600 * 720, 13 MP x 2 MP x  2 MP, 5 MP\n- Kích thước màn hình: 6.745  inch\n- Hệ điều hành: Android 12\n- Vi xử lý: Unisoc 9863A1 Octa-core với xung nhịp lên đến 1.6Ghz\n- Bộ nhớ trong: 128GB\n- RAM: 4GB\n- Mạng di động: Nano SIM\n- Dung lượng pin: 5050 mAh\nKhuyến mãi: Không có khuyến mãi\n\nTên sản phẩm: nokia 8000 4g chính hãng\nMàu: Không có thông tin\nGiá: Không có thông tin\nThông số kỹ thuật: - Công nghệ màn hình: TFT LCD\n- Độ phân giải: QVGA (240 x 320 Pixels), 2 MP, Không\n- Kích thước màn hình: 2.8 inch\n- Bộ nhớ trong: 4GB\n- RAM: 512 MB\n- Mạng di động: Hỗ trợ 4G\n- Số khe SIM: 2 Nano SIM\n- Dung lượng pin: 1500 mAh\nKhuyến mãi: Không có khuyến mãi']",RAM của nokia 3210 4g là 64MB.,"[{'statement': 'RAM của Nokia 3210 4G là 64MB.', 'reason': [""The context provides the technical specifications for the 'nokia 3210 4g', which explicitly states 'RAM: 64MB'.""], 'verdict': 1}]",0.0,17.97,2025-08-20 16:54:45
1,Samsung Galaxy A05s có bộ nhớ RAM là bao nhiêu?,Samsung Galaxy A05s có bộ nhớ RAM là 4GB.,"['Tên sản phẩm: điện thoại samsung galaxy a05s - 4gb/128gb - chính hãng\nMàu: Xanh, Màu Đen, Bạc\nGiá: 3,590,000 ₫\nThông số kỹ thuật: - Công nghệ màn hình: PLS LCD, 90Hz\n- Độ phân giải: FHD+ (2400 x 1080), 50MP (F1.8) AF, 2MP (F2.4), 2MP (F2.4), 13MP (F2.0)\n- Kích thước màn hình: 6.7 inch\n- Hệ điều hành: One UI 5.1\n- Vi xử lý: Qualcomm Snapdragon 680\n- Bộ nhớ trong: 128GB\n- RAM: 4GB\n- Dung lượng pin: 5000 mAh\nKhuyến mãi: - KM 1\n- Giảm thêm 300.000đ\n\nTên sản phẩm: samsung galaxy a05s - 6gb/128gb (bhđt)\nMàu: Màu Đen, Xanh, Bạc\nGiá: 3,490,000 ₫\nThông số kỹ thuật: - Công nghệ màn hình: PLS LCD, 90Hz\n- Độ phân giải: FHD+ (2400 x 1080), 50MP (F1.8) AF, 2MP (F2.4), 2MP (F2.4), 13MP (F2.0)\n- Kích thước màn hình: 6.7 inch\n- Hệ điều hành: One UI 5.1\n- Vi xử lý: Qualcomm Snapdragon 680\n- Bộ nhớ trong: 128GB\n- RAM: 6GB\n- Dung lượng pin: 5000 mAh\nKhuyến mãi: - Ưu đãi trả góp 0% qua Shinhan Finance hoặc Mirae Asset Finance\n- Giảm 5% không giới hạn khuyến mãi qua Homepaylater\n- Giảm thêm tới 700.000đ khi thanh toán qua Kredivo.\n- Giảm 50% tối đa 700k khi mở thẻ tín dụng Vpbank trên SenID\n- Giảm 20% tối đa 500k khi mở thẻ tín dụng TPBank EVO\n- Mở thẻ tín dụng VIB\n- Nhận Voucher 600.000đ\n- Giảm 1% tối đa 100.000đ khi thanh toán qua Zalopay\n\nTên sản phẩm: điện thoại samsung galaxy a05 - 4gb/128gb - chính hãng\nMàu: Màu Đen, Xanh, Bạc\nGiá: 3,090,000 ₫\nThông số kỹ thuật: - Công nghệ màn hình: PLS LCD, 60Hz, Infinity-U, ty lệ 20:9\n- Độ phân giải: HD+ (1600 x 720), 50MP (F1.8) AF, 2MP (F2.4), 8MP (F2.2)\n- Kích thước màn hình: 6.7 inch\n- Hệ điều hành: One UI 5.1\n- Vi xử lý: MediaTek Helio G85\n- Bộ nhớ trong: 128GB\n- RAM: 4GB\n- Dung lượng pin: 5000 mAh\nKhuyến mãi: - KM 1\n- Tặng phiếu mua hàng 400.000đ\n\nTên sản phẩm: điện thoại samsung galaxy a02s 4gb/64gb - chính hãng\nMàu: Không có thông tin\nGiá: Không có thông tin\nThông số kỹ thuật: - Công nghệ màn hình: PLS TFT LCD\n- Độ phân giải: HD+ (720 x 1600 Pixels), Chính 13 MP & Phụ 2 MP, 2 MP, 5 MP\n- Kích thước màn hình: 6.5 inch\n- Hệ điều hành: Android 10\n- Vi xử lý: Snapdragon 450 8 nhân\n- Bộ nhớ trong: 64 GB\n- RAM: 4GB\n- Mạng di động: Hỗ trợ 4G\n- Số khe SIM: 2 Nano SIM\n- Dung lượng pin: 5000 mAh\nKhuyến mãi: Không có khuyến mãi']",RAM của Samsung Galaxy A05s là 4GB hoặc 6GB tùy phiên bản.,"[{'statement': 'Samsung Galaxy A05s có phiên bản RAM 4GB.', 'reason': [""Thông tin trong ngữ cảnh có đề cập đến sản phẩm 'điện thoại samsung galaxy a05s - 4gb/128gb - chính hãng' với thông số kỹ thuật 'RAM: 4GB'.""], 'verdict': 1}, {'statement': 'Samsung Galaxy A05s có phiên bản RAM 6GB.', 'reason': [""Thông tin trong ngữ cảnh có đề cập đến sản phẩm 'samsung galaxy a05s - 6gb/128gb (bhđt)' với thông số kỹ thuật 'RAM: 6GB'.""], 'verdict': 1}]",0.0,18.07,2025-08-20 16:54:45
2,Giá của vivo y03 4/64gb là bao nhiêu?,"Giá của vivo y03 4/64gb là 2,790,000 ₫.","['Tên sản phẩm: vivo y03 4/64gb- chính hãng\nMàu: Màu Đen, Xanh\nGiá: 2,790,000 ₫\nThông số kỹ thuật: - Công nghệ màn hình: IPS LCD\n- Độ phân giải: HD+ (720 x 1612 Pixels), Chính 13 MP & Phụ 0.08 MP, 5 MP\n- Kích thước màn hình: 6.56 inch\n- Hệ điều hành: Funtouch OS 14.0\n- Vi xử lý: Helio G85\n- RAM: 4 GB\n- Mạng di động: Hỗ trợ 4G\n- Số khe SIM: 2 Nano SIM\n- Dung lượng pin: 5000 mAh\nKhuyến mãi: - Ưu đãi tặng Sim Mobifone Hera & Key bản quyền Office 365 A3 khi mua điện thoại tại Hoàng Hà Mobile (SL có hạn)\n\nTên sản phẩm: điện thoại vivo y02t 4gb/64gb- chính hãng\nMàu: Không có thông tin\nGiá: Không có thông tin\nThông số kỹ thuật: - Công nghệ màn hình: LCD (IPS)\n- Độ phân giải: 1600 × 720 (HD+), 8 MP, 5 MP\n- Kích thước màn hình: 6.51  inch\n- Hệ điều hành: Funtouch OS 13 (Android 13 edition)\n- Vi xử lý: Helio P35\n- Bộ nhớ trong: 64GB\n- RAM: 4GB\n- Mạng di động: 4G\n- Số khe SIM: 2 nano SIMs + 1 microSD\n- Dung lượng pin: 5000 mAh\nKhuyến mãi: Không có khuyến mãi\n\nTên sản phẩm: vivo y02s - 3gb/32gb - chính hãng\nMàu: Đen Kim Sa, Xanh ánh kim\nGiá: 2,790,000 ₫\nThông số kỹ thuật: - Công nghệ màn hình: IPS LCD\n- Độ phân giải: HD+ (720 x 1600 Pixels), 8 MP, 5 MP\n- Hệ điều hành: Android 12\n- Vi xử lý: MediaTek Helio P35 8 nhân\n- Bộ nhớ trong: 32 GB\n- RAM: 3GB\n- Mạng di động: Hỗ trợ 4G\n- Số khe SIM: Đang cập nhật\n- Dung lượng pin: 5000 mAh\nKhuyến mãi: - Giảm 5% không giới hạn khuyến mãi qua Homepaylater\n- Giảm 50% tối đa 700k khi mở thẻ tín dụng Vpbank trên SenID\n- Giảm 20% tối đa 500k khi mở thẻ tín dụng TPBank EVO\n- Giảm 1% tối đa 100.000đ khi thanh toán qua Zalopay\n\nTên sản phẩm: vivo y16 4gb/128gb - chính hãng\nMàu: Màu Vàng, Màu Đen\nGiá: 3,450,000 ₫\nThông số kỹ thuật: - Công nghệ màn hình: IPS LCD\n- Độ phân giải: HD+ (720 x 1600 Pixels), Chính 13 MP & Phụ 2 MP, 5 MP\n- Hệ điều hành: Android 12\n- Vi xử lý: MediaTek Helio P35 8 nhân\n- Bộ nhớ trong: 128 GB\n- RAM: 4GB\n- Mạng di động: Hỗ trợ 4G\n- Số khe SIM: 2 Nano SIM\n- Dung lượng pin: 5000 mAh\nKhuyến mãi: - Ưu đãi trả góp 0% qua Shinhan Finance hoặc Mirae Asset Finance\n- Giảm 5% không giới hạn khuyến mãi qua Homepaylater\n- Giảm thêm tới 700.000đ khi thanh toán qua Kredivo.\n- Giảm 50% tối đa 700k khi mở thẻ tín dụng Vpbank trên SenID\n- Giảm 20% tối đa 500k khi mở thẻ tín dụng TPBank EVO\n- Mở thẻ tín dụng VIB\n- Nhận Voucher 600.000đ\n- Giảm 1% tối đa 100.000đ khi thanh toán qua Zalopay']","2,790,000 ₫","[{'statement': 'Giá của vivo y03 4/64gb là 2,790,000 ₫.', 'reason': [""The context explicitly states that the price for the product 'vivo y03 4/64gb' is 2,790,000 ₫.""], 'verdict': 1}]",0.0,18.4,2025-08-20 16:54:45
6,Màn hình của điện thoại poco c65 có kích thước bao nhiêu?,Màn hình của điện thoại Poco C65 có kích thước 6.74 inches.,"['Tên sản phẩm: điện thoại poco c65 (8gb/256gb) - chính hãng\nMàu: Xanh Dương, Màu Đen\nGiá: 2,990,000 ₫\nThông số kỹ thuật: - Công nghệ màn hình: IPS LCD\n- Độ phân giải: 600 x 720 pixels (HD+), 50MP, f/1.8, 8MP, f/2.0\n- Kích thước màn hình: 6.74 inches\n- Hệ điều hành: Hệ điều hành MIUI 14\n- Vi xử lý: MediaTek Helio G85 processor\n- Bộ nhớ trong: 256GB\n- RAM: 8 GB\n- Dung lượng pin: 5000 mAh 18W\nKhuyến mãi: - Giảm 20% tối đa 500k khi mở thẻ tín dụng TPBank EVO\n\nTên sản phẩm: điện thoại poco x6 5g (8gb/256gb) - chính hãng\nMàu: Xanh Dương, Đen, Trắng\nGiá: 6,990,000 ₫\nThông số kỹ thuật: - Công nghệ màn hình: CrystalRes 1.5K Flow AMOLED DotDisplay, Tỷ lệ khung hình: 20: 9, Tỷ lệ tương phản: 5.000.000:1, Gam màu: 100% DCI-P3, Màn hình HDR chuyên nghiệp, Tốc độ làm mới: Lên đến 120Hz, Tốc độ lấy mẫu cảm ứng: 240Hz, Hỗ trợ chế độ ánh sáng mặt trời, Hỗ trợ chế độ chu kỳ, Hỗ trợ chế độ đọc\n- Độ phân giải: 1220x2712, Cảm biến góc rộng 64MP f/1.79, Cảm biến góc siêu rộng 8MP f/2.2, Cảm biến macro 2MP f/2.4, Camera trước 16MP f/2.45\n- Kích thước màn hình: 6.67 inch\n- Hệ điều hành: MIUI 14 cho POCO trên nền tảng Android\n- Vi xử lý: Snapdragon 7s Gen 2\n- Bộ nhớ trong: 256GB\n- RAM: 8GB\n- Mạng di động: 2G. 3G, 4G, 5G\n- Số khe SIM: 2 nano SIM\n- Dung lượng pin: 5100 mAh\nKhuyến mãi: - KM 1\n- Sản phẩm đang thuộc chương trình Flash sale (Số lượng có hạn)\n\nTên sản phẩm: điện thoại poco f2 pro - 6gb/128gb - chính hãng\nMàu: Không có thông tin\nGiá: Không có thông tin\nThông số kỹ thuật: - Công nghệ màn hình: Super AMOLED\n- Độ phân giải: Full HD+ (1080 x 2400 Pixels), Chính 64 MP & Phụ 13 MP, 5 MP, 2 MP, 20 MP\n- Kích thước màn hình: 6.67 inch\n- Hệ điều hành: Android 10, MIUI 11\n- Vi xử lý: Qualcomm SM8250 Snapdragon 865 (7 nm+)\n- Bộ nhớ trong: 128 GB\n- RAM: 6GB\n- Mạng di động: Hỗ trợ 5G\n- Số khe SIM: 2 Nano SIM\n- Dung lượng pin: 4700 mAh\nKhuyến mãi: Không có khuyến mãi\n\nTên sản phẩm: điện thoại xiaomi poco x3 6gb/64gb - chính hãng dgw\nMàu: Không có thông tin\nGiá: Không có thông tin\nThông số kỹ thuật: - Công nghệ màn hình: IPS LCD\n- Độ phân giải: Full HD+ (1080 x 2400 Pixels), Tần số quét 120Hz, Chính 64 MP & Phụ 13 MP, 2 MP, 2 MP, 20 MP\n- Kích thước màn hình: 6.67 inch\n- Hệ điều hành: Android 10\n- Vi xử lý: Snapdragon 732G 8 nhân\n- Bộ nhớ trong: 64 GB\n- RAM: 6GB\n- Mạng di động: Hỗ trợ 4G\n- Số khe SIM: 2 Nano SIM (SIM 1 chung khe thẻ nhớ)\n- Dung lượng pin: 5160 mAh\nKhuyến mãi: Không có khuyến mãi']","Kích thước màn hình của điện thoại poco c65 là 6,74 inch.","[{'statement': 'Kích thước màn hình của điện thoại poco c65 là 6,74 inch.', 'reason': [""Thông tin này được xác nhận trong văn bản tham khảo, trong đó ghi rõ 'Tên sản phẩm: điện thoại poco c65 (8gb/256gb) - chính hãng' và 'Kích thước màn hình: 6.74 inches'.""], 'verdict': 1}]",0.0,12.41,2025-08-20 16:54:59
4,Giá của điện thoại xiaomi redmi 12 4gb/128gb là bao nhiêu?,"Giá của điện thoại xiaomi redmi 12 4gb/128gb là 2,990,000 ₫.","['Tên sản phẩm: điện thoại xiaomi redmi 12 4gb/128gb\nMàu: Màu Đen, Bạc, Xanh Dương\nGiá: 2,990,000 ₫\nThông số kỹ thuật: - Độ phân giải: Full HD\n- Cổng kết nối: Type-C\n- Trọng lượng: 198.5g\nKhuyến mãi: - Ưu đãi trả góp 0% qua Shinhan Finance hoặc Mirae Asset Finance\n- Giảm 5% không giới hạn khuyến mãi qua Homepaylater\n- Giảm thêm tới 700.000đ khi thanh toán qua Kredivo.\n- Giảm 50% tối đa 700k khi mở thẻ tín dụng Vpbank trên SenID\n- Giảm 20% tối đa 500k khi mở thẻ tín dụng TPBank EVO\n- Mở thẻ tín dụng VIB\n- Nhận Voucher 600.000đ\n- Giảm 1% tối đa 100.000đ khi thanh toán qua Zalopay\n\nTên sản phẩm: điện thoại xiaomi redmi 12 8gb/128gb\nMàu: Bạc, Màu Đen, Xanh Dương\nGiá: 3,490,000 ₫\nThông số kỹ thuật: - Độ phân giải: Full HD, 2460 × 1080, 396ppi, Camera chính 50MP, - Khẩu độ f/1.8, Camera selfie 8MP, - f/2.1\n- Cổng kết nối: Type-C\n- Trọng lượng: 198.5g\n- Công nghệ màn hình: FHD+ LCD\n- Kích thước màn hình: 6.79 inch\n- Hệ điều hành: MIUI 14 trên nền Android 13\n- Vi xử lý: MediaTek Helio G88\n- Bộ nhớ trong: 128GB\n- RAM: 8GB\n- Số khe SIM: SIM1 + Khe kết hợp (SIM hoặc thẻ microSD)\n- Dung lượng pin: 5,000mAh (typ)4\nKhuyến mãi: - Ưu đãi trả góp 0% qua Shinhan Finance hoặc Mirae Asset Finance\n- Giảm 5% không giới hạn khuyến mãi qua Homepaylater\n- Giảm thêm tới 700.000đ khi thanh toán qua Kredivo.\n- Giảm 50% tối đa 700k khi mở thẻ tín dụng Vpbank trên SenID\n- Giảm 20% tối đa 500k khi mở thẻ tín dụng TPBank EVO\n- Mở thẻ tín dụng VIB\n- Nhận Voucher 600.000đ\n- Giảm 1% tối đa 100.000đ khi thanh toán qua Zalopay\n\nTên sản phẩm: điện thoại redmi note 12 (4gb/128gb) - chính hãng\nMàu: Màu Đen, Xanh Dương, Xanh Lá\nGiá: 3,590,000 ₫\nThông số kỹ thuật: - Công nghệ màn hình: Dot Display - AMOLED, Tần số quét 120Hz, Gam màu chuẩn DCI-P3\n- Độ phân giải: 1080x2400, Camera Chính 50MP f/1.8, Camera Góc siêu rộng 8MP f/2.2, Góc Rộng 120°, Camera Cận cảnh 2MP f/2.4, 13MP f/2.45\n- Kích thước màn hình: 6.67 inch\n- Hệ điều hành: MIUI 14 Trên nền tảng Android 13\n- Vi xử lý: Qualcomm Snapdragon 685\n- Bộ nhớ trong: 128GB\n- RAM: 4GB\n- Mạng di động: 2G, 3G, 4G\n- Số khe SIM: 2 nano SIM\n- Dung lượng pin: 5000 mAh\nKhuyến mãi: - KM 1\n- Sản phẩm đang thuộc chương trình Flash sale (Số lượng có hạn)\n\nTên sản phẩm: điện thoại redmi note 12 (8gb/128gb) - chính hãng\nMàu: Xanh Lá, Màu Vàng, Xanh Dương, Màu Đen\nGiá: 3,990,000 ₫\nThông số kỹ thuật: - Công nghệ màn hình: Dot Display - AMOLED, Tần số quét 120Hz, Gam màu chuẩn DCI-P3\n- Độ phân giải: 1080x2400, Camera Chính 50MP f/1.8, Camera Góc siêu rộng 8MP f/2.2, Góc Rộng 120°, Camera Cận cảnh 2MP f/2.4, 13MP f/2.45\n- Kích thước màn hình: 6.67 inch\n- Hệ điều hành: MIUI 14 Trên nền tảng Android 13\n- Vi xử lý: Qualcomm Snapdragon 685\n- Bộ nhớ trong: 128GB\n- RAM: 8GB\n- Mạng di động: 2G, 3G, 4G\n- Số khe SIM: 2 nano SIM\n- Dung lượng pin: 5000 mAh\nKhuyến mãi: - Ưu đãi trả góp 0% qua Shinhan Finance hoặc Mirae Asset Finance\n- Giảm 5% không giới hạn khuyến mãi qua Homepaylater\n- Giảm thêm tới 700.000đ khi thanh toán qua Kredivo.\n- Giảm 50% tối đa 700k khi mở thẻ tín dụng Vpbank trên SenID\n- Giảm 20% tối đa 500k khi mở thẻ tín dụng TPBank EVO\n- Mở thẻ tín dụng VIB\n- Nhận Voucher 600.000đ\n- Giảm 1% tối đa 100.000đ khi thanh toán qua Zalopay']",Giá của điện thoại Xiaomi Redmi 12 4GB/128GB là 2.990.000đ.,"[{'statement': 'Giá của điện thoại Xiaomi Redmi 12 4GB/128GB là 2.990.000đ.', 'reason': [""Ngữ cảnh cung cấp thông tin về sản phẩm 'điện thoại xiaomi redmi 12 4gb/128gb' với giá là '2,990,000 ₫'.""], 'verdict': 1}]",0.0,14.94,2025-08-20 16:54:59
5,Điện thoại infinix note 40 pro có bao nhiêu RAM?,Điện thoại Infinix Note 40 Pro có 8GB RAM.,"['Tên sản phẩm: infinix note 40 pro 8gb/256gb - chính hãng\nMàu: Đen Nham Thạch, Vàng Kim Quang, Xám Nano, Xanh Khổng Tước\nGiá: Giá: Liên hệ\nThông số kỹ thuật: - Công nghệ màn hình: AMOLED\n- Độ phân giải: FHD+ 1080*2436, 108MP(S5KHM6SX03-FGX9, 1/1.67 inch SENSOR,, 6P lens, F1.75, OIS+AF)OIS+2MP+2MP, 32MP (GC32E1-WA1XA, 1/3.1’’sensor,, 5P lens, F2.2, FF)\n- Kích thước màn hình: 6.78’’\n- Vi xử lý: MediaTek Helio G99 Ultimate\n- Bộ nhớ trong: 256GB\n- RAM: 8GB\n- Mạng di động: 4G/3G/2G\n- Số khe SIM: DUAL NANO SIM\n- Dung lượng pin: 5000mAh(TYP)\nKhuyến mãi: - Giảm 20% tối đa 500k khi mở thẻ tín dụng TPBank EVO\n\nTên sản phẩm: điện thoại infinix hot 40 pro (8+8gb/256gb) - chính hãng\nMàu: Xanh Dương, Đen, Xanh Lá, Màu Vàng\nGiá: 4,090,000 ₫\nThông số kỹ thuật: - Công nghệ màn hình: IPS LCD, 120Hz\n- Độ phân giải: 1080x2460, Camera chính 108MP f/1.75, Camera macro 2MP f/2.4, Camera phụ f/2.0, Camera trước 32MP f/2.2\n- Kích thước màn hình: 6.78 inch\n- Hệ điều hành: XOS 13 dựa trên Android 13\n- Vi xử lý: MediaTek Helio G99\n- Bộ nhớ trong: 256GB\n- RAM: 8GB\n- Mạng di động: 2G, 3G, 4G\n- Số khe SIM: 2 nano SIM\n- Dung lượng pin: 5000 mAh\nKhuyến mãi: - KM 1\n- Tặng phiếu mua hàng 200.000đ\n- KM 2\n- Tặng Bộ quà Gaming trị giá 450.000đ (số lượng có hạn).\n\nTên sản phẩm: điện thoại infinix note 30 (8+8gb/256gb) - chính hãng\nMàu: Cam, Màu Đen, Xanh Dương\nGiá: 3,590,000 ₫\nThông số kỹ thuật: - Công nghệ màn hình: IPS LCD, 120Hz\n- Độ phân giải: FHD+ (1080 x 2460), Camera chính 64MP f/1.69 1/2 inch AF + 2MP + AI Camera, 16MP, f/2.0\n- Kích thước màn hình: 6.78 inch\n- Hệ điều hành: Android 13\n- Vi xử lý: MediaTek Helio G99\n- Bộ nhớ trong: 256GB\n- RAM: 8GB\n- Mạng di động: 2G, 3G, 4G\n- Số khe SIM: 2 nano SIM\n- Dung lượng pin: 5000 mAh\nKhuyến mãi: - KM 1\n- Sản phẩm đang thuộc chương trình Flash sale (Số lượng có hạn)\n\nTên sản phẩm: điện thoại infinix hot 40i (4+4gb/128gb) - chính hãng\nMàu: Xanh Dương, Đen, Màu Vàng, Xanh Lá\nGiá: 2,290,000 ₫\nThông số kỹ thuật: - Công nghệ màn hình: IPS LCD, 90Hz\n- Độ phân giải: 720x1612, Camera chính 50MP f/1.6, Camera phụ f/2.0, Camera trước 32MP f/2.2\n- Kích thước màn hình: 6.56 inch\n- Hệ điều hành: XOS 13 dựa trên Android 13\n- Vi xử lý: Unisoc T606\n- Bộ nhớ trong: 128GB\n- RAM: 4GB\n- Mạng di động: 2G, 3G, 4G\n- Số khe SIM: 2 nano SIM\n- Dung lượng pin: 5000 mAh\nKhuyến mãi: - KM 1\n- Tặng phiếu mua hàng 100.000đ.\n- KM 2\n- Tặng Bộ ốp lưng lego + kính cường lực trị giá 220.000đ (Số lượng có hạn).']",Infinix Note 40 Pro có 8GB RAM.,"[{'statement': 'Infinix Note 40 Pro có 8GB RAM.', 'reason': [""Trong phần thông số kỹ thuật của sản phẩm 'infinix note 40 pro 8gb/256gb - chính hãng', context có ghi rõ 'RAM: 8GB'.""], 'verdict': 1}]",0.0,14.88,2025-08-20 16:55:01
7,Xiaomi Redmi 12 có bao nhiêu màu sắc lựa chọn?,"Xiaomi Redmi 12 có ba màu sắc lựa chọn: Bạc, Màu Đen, Xanh Dương.","['Tên sản phẩm: điện thoại xiaomi redmi 12 8gb/128gb\nMàu: Bạc, Màu Đen, Xanh Dương\nGiá: 3,490,000 ₫\nThông số kỹ thuật: - Độ phân giải: Full HD, 2460 × 1080, 396ppi, Camera chính 50MP, - Khẩu độ f/1.8, Camera selfie 8MP, - f/2.1\n- Cổng kết nối: Type-C\n- Trọng lượng: 198.5g\n- Công nghệ màn hình: FHD+ LCD\n- Kích thước màn hình: 6.79 inch\n- Hệ điều hành: MIUI 14 trên nền Android 13\n- Vi xử lý: MediaTek Helio G88\n- Bộ nhớ trong: 128GB\n- RAM: 8GB\n- Số khe SIM: SIM1 + Khe kết hợp (SIM hoặc thẻ microSD)\n- Dung lượng pin: 5,000mAh (typ)4\nKhuyến mãi: - Ưu đãi trả góp 0% qua Shinhan Finance hoặc Mirae Asset Finance\n- Giảm 5% không giới hạn khuyến mãi qua Homepaylater\n- Giảm thêm tới 700.000đ khi thanh toán qua Kredivo.\n- Giảm 50% tối đa 700k khi mở thẻ tín dụng Vpbank trên SenID\n- Giảm 20% tối đa 500k khi mở thẻ tín dụng TPBank EVO\n- Mở thẻ tín dụng VIB\n- Nhận Voucher 600.000đ\n- Giảm 1% tối đa 100.000đ khi thanh toán qua Zalopay\n\nTên sản phẩm: điện thoại xiaomi redmi 12 4gb/128gb\nMàu: Màu Đen, Bạc, Xanh Dương\nGiá: 2,990,000 ₫\nThông số kỹ thuật: - Độ phân giải: Full HD\n- Cổng kết nối: Type-C\n- Trọng lượng: 198.5g\nKhuyến mãi: - Ưu đãi trả góp 0% qua Shinhan Finance hoặc Mirae Asset Finance\n- Giảm 5% không giới hạn khuyến mãi qua Homepaylater\n- Giảm thêm tới 700.000đ khi thanh toán qua Kredivo.\n- Giảm 50% tối đa 700k khi mở thẻ tín dụng Vpbank trên SenID\n- Giảm 20% tối đa 500k khi mở thẻ tín dụng TPBank EVO\n- Mở thẻ tín dụng VIB\n- Nhận Voucher 600.000đ\n- Giảm 1% tối đa 100.000đ khi thanh toán qua Zalopay\n\nTên sản phẩm: điện thoại xiaomi 12 - chính hãng\nMàu: Không có thông tin\nGiá: Không có thông tin\nThông số kỹ thuật: - Công nghệ màn hình: AMOLED, 1 tỷ màu, HDR10+, 120Hz, tỷ lệ 20:9, 6.28  inch, Full HD+ (1080 x 2400 pixels), Corning Gorilla Glass Victus, Cảm biến vân tay trong màn hình, Cảm ứng điện dung đa điểm\n- Độ phân giải: 1080 x 2400 pixels, 50 MP, f/1.9, 26mm (góc rộng), PDAF, OIS, 13 MP, f/2.4, 12mm, 123˚ (góc siêu rộng), 5 MP, 50mm (telephoto macro), AF, Quay phim: 8K@24fps (HDR10), 4K@30fps (HDR10+), 1080p@30/120/240/960fps, 720p@1920fps, gyro-EIS, 32 MP, 26mm (góc rộng), Quay phim: 1080p@30/60fps, 720p@120fps\n- Kích thước màn hình: 6.28  inch\n- Vi xử lý: Qualcomm SM8450 Snapdragon 8 Gen 1 (4 nm), 8 nhân (1x3.00 GHz & 3x2.50 GHz & 4x1.80 GHz), GPU: Adreno 730\n- Bộ nhớ trong: 256GB\n- RAM: 8GB\n- Mạng di động: 5G\n- Số khe SIM: 2 SIM, Nano SIM\n- Dung lượng pin: Li-Po 4500 mAh, Power Delivery 3.0, Quick Charge 4+\nKhuyến mãi: Không có khuyến mãi\n\nTên sản phẩm: điện thoại redmi note 12 (8gb/128gb) - chính hãng\nMàu: Xanh Lá, Màu Vàng, Xanh Dương, Màu Đen\nGiá: 3,990,000 ₫\nThông số kỹ thuật: - Công nghệ màn hình: Dot Display - AMOLED, Tần số quét 120Hz, Gam màu chuẩn DCI-P3\n- Độ phân giải: 1080x2400, Camera Chính 50MP f/1.8, Camera Góc siêu rộng 8MP f/2.2, Góc Rộng 120°, Camera Cận cảnh 2MP f/2.4, 13MP f/2.45\n- Kích thước màn hình: 6.67 inch\n- Hệ điều hành: MIUI 14 Trên nền tảng Android 13\n- Vi xử lý: Qualcomm Snapdragon 685\n- Bộ nhớ trong: 128GB\n- RAM: 8GB\n- Mạng di động: 2G, 3G, 4G\n- Số khe SIM: 2 nano SIM\n- Dung lượng pin: 5000 mAh\nKhuyến mãi: - Ưu đãi trả góp 0% qua Shinhan Finance hoặc Mirae Asset Finance\n- Giảm 5% không giới hạn khuyến mãi qua Homepaylater\n- Giảm thêm tới 700.000đ khi thanh toán qua Kredivo.\n- Giảm 50% tối đa 700k khi mở thẻ tín dụng Vpbank trên SenID\n- Giảm 20% tối đa 500k khi mở thẻ tín dụng TPBank EVO\n- Mở thẻ tín dụng VIB\n- Nhận Voucher 600.000đ\n- Giảm 1% tối đa 100.000đ khi thanh toán qua Zalopay']","Xiaomi Redmi 12 có 3 màu sắc lựa chọn: Bạc, Màu Đen, Xanh Dương.","[{'statement': 'Xiaomi Redmi 12 có 3 màu sắc lựa chọn.', 'reason': ['Cả hai phiên bản của điện thoại Xiaomi Redmi 12 được liệt kê trong ngữ cảnh đều có 3 màu sắc: Bạc, Màu Đen, và Xanh Dương.'], 'verdict': 1}, {'statement': 'Một trong các màu sắc lựa chọn của Xiaomi Redmi 12 là màu Bạc.', 'reason': [""Ngữ cảnh liệt kê màu 'Bạc' là một trong những lựa chọn màu sắc cho cả hai phiên bản của điện thoại Xiaomi Redmi 12.""], 'verdict': 1}, {'statement': 'Một trong các màu sắc lựa chọn của Xiaomi Redmi 12 là màu Đen.', 'reason': [""Ngữ cảnh liệt kê 'Màu Đen' là một trong những lựa chọn màu sắc cho cả hai phiên bản của điện thoại Xiaomi Redmi 12.""], 'verdict': 1}, {'statement': 'Một trong các màu sắc lựa chọn của Xiaomi Redmi 12 là màu Xanh Dương.', 'reason': [""Ngữ cảnh liệt kê 'Xanh Dương' là một trong những lựa chọn màu sắc cho cả hai phiên bản của điện thoại Xiaomi Redmi 12.""], 'verdict': 1}]",0.0,19.66,2025-08-20 16:55:06
8,Bộ nhớ trong của điện thoại tecno camon 30 là bao nhiêu?,Bộ nhớ trong của điện thoại Tecno Camon 30 là 256GB.,"['Tên sản phẩm: điện thoại tecno camon 30 (8+8gb/256gb) - chính hãng\nMàu: Đen Trời Đêm, Trắng núi tuyết, Nâu sa mạc\nGiá: 5,890,000 ₫\nThông số kỹ thuật: - Công nghệ màn hình: Amoled\n- Độ phân giải: FHD+, 100MP* (OIS+EIS)+2MP+AI CAM, 50MP\n- Kích thước màn hình: 6.78 inch\n- Hệ điều hành: HiOS 14/Android 14\n- Vi xử lý: Helio G99 Ultimate (6nm)\n- Bộ nhớ trong: 256GB\n- RAM: 8GB + 8GB (RAM ảo)\n- Dung lượng pin: 5000 mAh\nKhuyến mãi: - KM 1\n- Tặng phiếu mua hàng 600.000đ.\n- KM 2\n- 12+1 tháng + Bao xài đổi trả trong 100 ngày\n- KM 3\n- 60 ngày bảo hành rơi vỡ màn hình. (Trung tâm bảo hành Digitek)\n\nTên sản phẩm: điện thoại tecno camon 30 (12+12gb/256gb) - chính hãng\nMàu: Đen Trời Đêm, Trắng núi tuyết, Nâu sa mạc\nGiá: 6,390,000 ₫\nThông số kỹ thuật: - Công nghệ màn hình: Amoled\n- Độ phân giải: FHD+, 100MP* (OIS+EIS)+2MP+AI CAM, 50MP\n- Kích thước màn hình: 6.78 inch\n- Hệ điều hành: HiOS 14/Android 14\n- Vi xử lý: Helio G99 Ultimate (6nm)\n- Bộ nhớ trong: 256GB\n- RAM: 12GB + 12GB (RAM ảo)\n- Dung lượng pin: 5000 mAh\nKhuyến mãi: - KM 1\n- Tặng phiếu mua hàng 600.000đ.\n- KM 2\n- 12+1 tháng + Bao xài đổi trả trong 100 ngày\n- KM 3\n- 60 ngày bảo hành rơi vỡ màn hình. (Trung tâm bảo hành Digitek)\n\nTên sản phẩm: điện thoại tecno camon 20 (8+8gb/256gb) - chính hãng\nMàu: Xanh Dương, Màu Đen, Trắng\nGiá: 3,690,000 ₫\nThông số kỹ thuật: - Công nghệ màn hình: AMOLED\n- Độ phân giải: FHD+ (1080 x 2400), Cảm biến chính 64 MP f/1.7 PDAF, Cảm biến chiều sâu 2 MP f/2.4, Cảm biến QVGA, 32 MP f/2.5\n- Kích thước màn hình: 6.67 inch\n- Hệ điều hành: HIOS 13 dựa trên Android 13\n- Vi xử lý: MediaTek Helio G85\n- Bộ nhớ trong: 256GB\n- RAM: 8GB\n- Mạng di động: 2G, 3G, 4G\n- Số khe SIM: 2 nano SIM\n- Dung lượng pin: 5000 mAh\nKhuyến mãi: - Ưu đãi trả góp 0% qua Shinhan Finance hoặc Mirae Asset Finance\n- Giảm 5% không giới hạn khuyến mãi qua Homepaylater\n- Giảm thêm tới 700.000đ khi thanh toán qua Kredivo.\n- Giảm 50% tối đa 700k khi mở thẻ tín dụng Vpbank trên SenID\n- Giảm 20% tối đa 500k khi mở thẻ tín dụng TPBank EVO\n- Mở thẻ tín dụng VIB\n- Nhận Voucher 600.000đ\n- Giảm 1% tối đa 100.000đ khi thanh toán qua Zalopay\n\nTên sản phẩm: điện thoại realme c30s 2gb/32gb - chính hãng\nMàu: Màu Đen, Xanh\nGiá: 1,750,000 ₫\nThông số kỹ thuật: - Công nghệ màn hình: LCD\n- Độ phân giải: HD+ 720*1600, 8MP, 5MP\n- Kích thước màn hình: 6.5 inch\n- Hệ điều hành:   inchrealme UI Go Edition, Trên nền tảng Android 12 inch\n- Vi xử lý: Unisoc SC9863A1\n- Bộ nhớ trong: 32GB\n- RAM: 2GB\n- Mạng di động: Không hỗ trợ 5G\n- Số khe SIM: 2 nano SIM + 1 thẻ nhớ riêng\n- Dung lượng pin: 5000 mAh\nKhuyến mãi: - Giảm 5% không giới hạn khuyến mãi qua Homepaylater\n- Giảm 50% tối đa 700k khi mở thẻ tín dụng Vpbank trên SenID\n- Giảm 20% tối đa 500k khi mở thẻ tín dụng TPBank EVO\n- Giảm 1% tối đa 100.000đ khi thanh toán qua Zalopay']",Bộ nhớ trong của điện thoại Tecno Camon 30 là 256 GB.,"[{'statement': 'Bộ nhớ trong của điện thoại Tecno Camon 30 là 256 GB.', 'reason': ['Ngữ cảnh cung cấp thông tin về hai phiên bản của điện thoại Tecno Camon 30, và cả hai đều có thông số ""Bộ nhớ trong: 256GB"".'], 'verdict': 1}]",0.0,14.34,2025-08-20 16:55:14
9,Điện thoại vivo y18s 6/128gb có những màu nào?,"vivo y18s 6/128gb có hai màu: Xanh, Nâu","['Tên sản phẩm: vivo y18s 6/128gb- chính hãng\nMàu: Xanh, Nâu\nGiá: 3,890,000 ₫\nThông số kỹ thuật: - Công nghệ màn hình: IPS LCD\n- Độ phân giải: HD+ (720 x 1612 Pixels), Chính 50 MP & Phụ 0.08 MP, 8 MP\n- Kích thước màn hình: 6.56 inch\n- Hệ điều hành: Funtouch OS 14\n- Vi xử lý: Helio G85\n- Bộ nhớ trong: 128 GB\n- RAM: 6 GB\n- Mạng di động: Hỗ trợ 4G\n- Số khe SIM: 2 Nano SIM\n- Dung lượng pin: 5000 mAh\nKhuyến mãi: - Ưu đãi tặng Sim Mobifone Hera & Key bản quyền Office 365 A3 khi mua điện thoại tại Hoàng Hà Mobile (SL có hạn)\n\nTên sản phẩm: điện thoại vivo y17s 4gb/128gb - chính hãng\nMàu: Xanh, Màu Tím\nGiá: 3,990,000 ₫\nThông số kỹ thuật: - Công nghệ màn hình: LCD, 60Hz\n- Độ phân giải: 1612x720, f/1.8 (50 MP) +  f/2.4 (2 MP), 8 MP (f/2.0)\n- Kích thước màn hình: 6.56 inch\n- Hệ điều hành: Funtouch OS 13\n- Vi xử lý: MediaTek Helio G85\n- Bộ nhớ trong: 128GB, Loại ROM: eMMC 5.1\n- RAM: 4GB\n- Mạng di động: 4G\n- Số khe SIM: 2 nano SIMs + 1 micro SD\n- Dung lượng pin: 5000 mAh\nKhuyến mãi: - KM 1\n- Tặng phiếu mua hàng 200.000đ\n\nTên sản phẩm: vivo y22s 8gb/128gb - chính hãng\nMàu: Xanh Đen, Xanh Vàng\nGiá: 4,630,000 ₫\nThông số kỹ thuật: - Công nghệ màn hình: IPS LCD\n- Độ phân giải: HD+ (720 x 1612 Pixels), Chính 50 MP & Phụ 2 MP, 8 MP\n- Hệ điều hành: Android 12\n- Vi xử lý: Qualcomm Qualcomm Snapdragon 680\n- Bộ nhớ trong: 128 GB\n- RAM: 8GB\n- Mạng di động: Hỗ trợ 4G\n- Số khe SIM: 2 Nano SIM\n- Dung lượng pin: 5000 mAh\nKhuyến mãi: - Ưu đãi trả góp 0% qua Shinhan Finance hoặc Mirae Asset Finance\n- Giảm 5% không giới hạn khuyến mãi qua Homepaylater\n- Giảm thêm tới 700.000đ khi thanh toán qua Kredivo.\n- Giảm 50% tối đa 700k khi mở thẻ tín dụng Vpbank trên SenID\n- Giảm 20% tối đa 500k khi mở thẻ tín dụng TPBank EVO\n- Mở thẻ tín dụng VIB\n- Nhận Voucher 600.000đ\n- Giảm 1% tối đa 100.000đ khi thanh toán qua Zalopay\n\nTên sản phẩm: vivo y16 4gb/128gb - chính hãng\nMàu: Màu Vàng, Màu Đen\nGiá: 3,450,000 ₫\nThông số kỹ thuật: - Công nghệ màn hình: IPS LCD\n- Độ phân giải: HD+ (720 x 1600 Pixels), Chính 13 MP & Phụ 2 MP, 5 MP\n- Hệ điều hành: Android 12\n- Vi xử lý: MediaTek Helio P35 8 nhân\n- Bộ nhớ trong: 128 GB\n- RAM: 4GB\n- Mạng di động: Hỗ trợ 4G\n- Số khe SIM: 2 Nano SIM\n- Dung lượng pin: 5000 mAh\nKhuyến mãi: - Ưu đãi trả góp 0% qua Shinhan Finance hoặc Mirae Asset Finance\n- Giảm 5% không giới hạn khuyến mãi qua Homepaylater\n- Giảm thêm tới 700.000đ khi thanh toán qua Kredivo.\n- Giảm 50% tối đa 700k khi mở thẻ tín dụng Vpbank trên SenID\n- Giảm 20% tối đa 500k khi mở thẻ tín dụng TPBank EVO\n- Mở thẻ tín dụng VIB\n- Nhận Voucher 600.000đ\n- Giảm 1% tối đa 100.000đ khi thanh toán qua Zalopay']","Xanh, Nâu","[{'statement': 'Điện thoại vivo y18s 6/128gb có màu Xanh.', 'reason': ['Ngữ cảnh cung cấp thông tin về sản phẩm ""vivo y18s 6/128gb"" và liệt kê các màu sắc có sẵn là ""Xanh, Nâu"".'], 'verdict': 1}, {'statement': 'Điện thoại vivo y18s 6/128gb có màu Nâu.', 'reason': ['Ngữ cảnh cung cấp thông tin về sản phẩm ""vivo y18s 6/128gb"" và liệt kê các màu sắc có sẵn là ""Xanh, Nâu"".'], 'verdict': 1}]",0.0,15.58,2025-08-20 16:55:16
10,Điện thoại di động mobell f209 4g có những màu nào?,"Điện thoại di động Mobell F209 4G có các màu Đen, Đỏ, Xanh, Vàng.","['Tên sản phẩm: điện thoại di động mobell f209 4g - chính hãng\nMàu: Màu Đen, Đỏ , Xanh, Màu Vàng\nGiá: 590,000 ₫\nThông số kỹ thuật: Không có thông tin\nKhuyến mãi: - Giảm 20% tối đa 500k khi mở thẻ tín dụng TPBank EVO\n\nTên sản phẩm: điện thoại di động mobell f309 4g - chính hãng\nMàu: Màu Vàng, Màu Đen, Đỏ , Xanh\nGiá: 650,000 ₫\nThông số kỹ thuật: Không có thông tin\nKhuyến mãi: - Giảm 20% tối đa 500k khi mở thẻ tín dụng TPBank EVO\n\nTên sản phẩm: điện thoại di động mobell m139 4g - chính hãng\nMàu: Black, Red, Blue\nGiá: 370,000 ₫\nThông số kỹ thuật: Không có thông tin\nKhuyến mãi: - Giảm 20% tối đa 500k khi mở thẻ tín dụng TPBank EVO\n\nTên sản phẩm: điện thoại di động mobell m539 4g - chính hãng\nMàu: Gold, Red\nGiá: 640,000 ₫\nThông số kỹ thuật: Không có thông tin\nKhuyến mãi: - Giảm 20% tối đa 500k khi mở thẻ tín dụng TPBank EVO']","Màu Đen, Màu Đỏ, Màu Xanh, Màu Vàng","[{'statement': 'Điện thoại di động mobell f209 4g có màu Đen.', 'reason': [""The context for the product 'điện thoại di động mobell f209 4g' lists 'Màu Đen' (Black) as an available color.""], 'verdict': 1}, {'statement': 'Điện thoại di động mobell f209 4g có màu Đỏ.', 'reason': [""The context for the product 'điện thoại di động mobell f209 4g' lists 'Đỏ' (Red) as an available color.""], 'verdict': 1}, {'statement': 'Điện thoại di động mobell f209 4g có màu Xanh.', 'reason': [""The context for the product 'điện thoại di động mobell f209 4g' lists 'Xanh' (Blue) as an available color.""], 'verdict': 1}, {'statement': 'Điện thoại di động mobell f209 4g có màu Vàng.', 'reason': [""The context for the product 'điện thoại di động mobell f209 4g' lists 'Màu Vàng' (Yellow) as an available color.""], 'verdict': 1}]",0.0,15.93,2025-08-20 16:55:18
12,Điện thoại Tecno Camon 30 có bộ nhớ trong dung lượng bao nhiêu?,Điện thoại Tecno Camon 30 có bộ nhớ trong dung lượng 256GB.,"['Tên sản phẩm: điện thoại tecno camon 30 (8+8gb/256gb) - chính hãng\nMàu: Đen Trời Đêm, Trắng núi tuyết, Nâu sa mạc\nGiá: 5,890,000 ₫\nThông số kỹ thuật: - Công nghệ màn hình: Amoled\n- Độ phân giải: FHD+, 100MP* (OIS+EIS)+2MP+AI CAM, 50MP\n- Kích thước màn hình: 6.78 inch\n- Hệ điều hành: HiOS 14/Android 14\n- Vi xử lý: Helio G99 Ultimate (6nm)\n- Bộ nhớ trong: 256GB\n- RAM: 8GB + 8GB (RAM ảo)\n- Dung lượng pin: 5000 mAh\nKhuyến mãi: - KM 1\n- Tặng phiếu mua hàng 600.000đ.\n- KM 2\n- 12+1 tháng + Bao xài đổi trả trong 100 ngày\n- KM 3\n- 60 ngày bảo hành rơi vỡ màn hình. (Trung tâm bảo hành Digitek)\n\nTên sản phẩm: điện thoại tecno camon 30 (12+12gb/256gb) - chính hãng\nMàu: Đen Trời Đêm, Trắng núi tuyết, Nâu sa mạc\nGiá: 6,390,000 ₫\nThông số kỹ thuật: - Công nghệ màn hình: Amoled\n- Độ phân giải: FHD+, 100MP* (OIS+EIS)+2MP+AI CAM, 50MP\n- Kích thước màn hình: 6.78 inch\n- Hệ điều hành: HiOS 14/Android 14\n- Vi xử lý: Helio G99 Ultimate (6nm)\n- Bộ nhớ trong: 256GB\n- RAM: 12GB + 12GB (RAM ảo)\n- Dung lượng pin: 5000 mAh\nKhuyến mãi: - KM 1\n- Tặng phiếu mua hàng 600.000đ.\n- KM 2\n- 12+1 tháng + Bao xài đổi trả trong 100 ngày\n- KM 3\n- 60 ngày bảo hành rơi vỡ màn hình. (Trung tâm bảo hành Digitek)\n\nTên sản phẩm: điện thoại tecno camon 20 (8+8gb/256gb) - chính hãng\nMàu: Xanh Dương, Màu Đen, Trắng\nGiá: 3,690,000 ₫\nThông số kỹ thuật: - Công nghệ màn hình: AMOLED\n- Độ phân giải: FHD+ (1080 x 2400), Cảm biến chính 64 MP f/1.7 PDAF, Cảm biến chiều sâu 2 MP f/2.4, Cảm biến QVGA, 32 MP f/2.5\n- Kích thước màn hình: 6.67 inch\n- Hệ điều hành: HIOS 13 dựa trên Android 13\n- Vi xử lý: MediaTek Helio G85\n- Bộ nhớ trong: 256GB\n- RAM: 8GB\n- Mạng di động: 2G, 3G, 4G\n- Số khe SIM: 2 nano SIM\n- Dung lượng pin: 5000 mAh\nKhuyến mãi: - Ưu đãi trả góp 0% qua Shinhan Finance hoặc Mirae Asset Finance\n- Giảm 5% không giới hạn khuyến mãi qua Homepaylater\n- Giảm thêm tới 700.000đ khi thanh toán qua Kredivo.\n- Giảm 50% tối đa 700k khi mở thẻ tín dụng Vpbank trên SenID\n- Giảm 20% tối đa 500k khi mở thẻ tín dụng TPBank EVO\n- Mở thẻ tín dụng VIB\n- Nhận Voucher 600.000đ\n- Giảm 1% tối đa 100.000đ khi thanh toán qua Zalopay\n\nTên sản phẩm: điện thoại tecno camon 20 pro (8+8gb/256gb) - chính hãng\nMàu: Xanh Dương, Màu Đen\nGiá: 4,490,000 ₫\nThông số kỹ thuật: - Công nghệ màn hình: AMOLED, 120Hz\n- Độ phân giải: FHD+ (1080 x 2400), Cảm biến chính 64 MP f/1.7 PDAF, Cảm biến chiều sâu 2 MP f/2.4, Cảm biến QVGA, 32 MP f/2.5\n- Kích thước màn hình: 6.67 inch\n- Hệ điều hành: HIOS 13 dựa trên Android 13\n- Vi xử lý: MediaTek Helio G99\n- Bộ nhớ trong: 256GB\n- RAM: 8GB\n- Mạng di động: 2G, 3G, 4G\n- Số khe SIM: 2 nano SIM\n- Dung lượng pin: 5000 mAh\nKhuyến mãi: - Ưu đãi trả góp 0% qua Shinhan Finance hoặc Mirae Asset Finance\n- Giảm 5% không giới hạn khuyến mãi qua Homepaylater\n- Giảm thêm tới 700.000đ khi thanh toán qua Kredivo.\n- Giảm 50% tối đa 700k khi mở thẻ tín dụng Vpbank trên SenID\n- Giảm 20% tối đa 500k khi mở thẻ tín dụng TPBank EVO\n- Mở thẻ tín dụng VIB\n- Nhận Voucher 600.000đ\n- Giảm 1% tối đa 100.000đ khi thanh toán qua Zalopay']",Bộ nhớ trong của điện thoại Tecno Camon 30 là 256 GB.,"[{'statement': 'Điện thoại Tecno Camon 30 có bộ nhớ trong 256 GB.', 'reason': [""Thông tin trong ngữ cảnh xác nhận rằng cả hai phiên bản của điện thoại Tecno Camon 30 (8+8GB/256GB và 12+12GB/256GB) đều có 'Bộ nhớ trong: 256GB'.""], 'verdict': 1}]",0.0,13.92,2025-08-20 16:55:29
11,Điện thoại Samsung Galaxy A34 5G có bao nhiêu camera và độ phân giải của chúng là bao nhiêu?,"Điện thoại Samsung Galaxy A34 5G có 4 camera với độ phân giải là 48MP F1.8 OIS (Rộng), 8MP F2.2 (Siêu Rộng), 5MP F2.4 (Cận cảnh) và 13MP F2.2.","['Tên sản phẩm: điện thoại samsung galaxy a34 5g 8gb/128gb - chính hãng\nMàu: Không có thông tin\nGiá: Không có thông tin\nThông số kỹ thuật: - Công nghệ màn hình: Super AMOLED , 120Hz ,19.5:9\n- Độ phân giải: FHD+, 8MP F2.2 (Siêu Rộng), 48MP F1.8 OIS (Rộng), 5MP F2.4 (Cận cảnh), 13MP F2.2\n- Kích thước màn hình: 6.6 inch\n- Vi xử lý: Dimensity 1080 – 5nm, (Octa Core 2 x 2.6GHz + 6 x 2.0GHz)\n- Bộ nhớ trong: 128GB\n- RAM: 8GB\n- Mạng di động: 5G\n- Dung lượng pin: 5000 mAh\nKhuyến mãi: Không có khuyến mãi\n\nTên sản phẩm: điện thoại samsung galaxy a34 5g 8gb/256gb - chính hãng\nMàu: Màu Đen, Bạc, Xanh\nGiá: 5,990,000 ₫\nThông số kỹ thuật: - Công nghệ màn hình: Super AMOLED , 120Hz ,19.5:9\n- Độ phân giải: FHD+, 8MP F2.2 (Siêu Rộng), 48MP F1.8 OIS (Rộng), 5MP F2.4 (Cận cảnh), 13MP F2.2\n- Kích thước màn hình: 6.6 inch\n- Vi xử lý: MediaTek Dimensity 1080\n- Bộ nhớ trong: 256GB\n- RAM: 8GB\n- Mạng di động: 5G\n- Dung lượng pin: 5000 mAh\nKhuyến mãi: - Ưu đãi trả góp 0% qua Shinhan Finance hoặc Mirae Asset Finance\n- Giảm 5% không giới hạn khuyến mãi qua Homepaylater\n- Giảm thêm tới 700.000đ khi thanh toán qua Kredivo.\n- Giảm 50% tối đa 700k khi mở thẻ tín dụng Vpbank trên SenID\n- Giảm 20% tối đa 500k khi mở thẻ tín dụng TPBank EVO\n- Mở thẻ tín dụng VIB\n- Nhận Voucher 600.000đ\n- Giảm 1% tối đa 100.000đ khi thanh toán qua Zalopay\n\nTên sản phẩm: điện thoại samsung galaxy m34 5g 8gb/128gb - chính hãng\nMàu: Xanh Nhạt, Xanh đậm\nGiá: 6,990,000 ₫\nThông số kỹ thuật: - Công nghệ màn hình: Infinity U, Super AMOLED\n- Độ phân giải: FHD+ (1080x2400), 19.5.9, 120Hz, 8MP (F2.2), 50MP (F2.2), 2MP (F2.4), 13MP (F2.2)\n- Kích thước màn hình: 6.5 inch\n- Vi xử lý: Exynos 1280 5nm, 8 nhân, 2.4GH2\n- Bộ nhớ trong: 128GB\n- RAM: 8GB\n- Dung lượng pin: 6000 mAh\nKhuyến mãi: - KM 1\n- Sản phẩm đang thuộc chương trình Flash sale (Số lượng có hạn)\n\nTên sản phẩm: điện thoại samsung galaxy a33 5g - chính hãng\nMàu: Không có thông tin\nGiá: Không có thông tin\nThông số kỹ thuật: - Công nghệ màn hình: Super AMOLED\n- Độ phân giải: Full HD+ (1080 x 2400 Pixels), Chính 48 MP & Phụ 8 MP, 5 MP, 2 MP, 13 MP\n- Kích thước màn hình: 6.4 inch\n- Hệ điều hành: Android 12\n- Vi xử lý: Exynos 1280 8 nhân\n- Bộ nhớ trong: 128 GB\n- RAM: 6GB\n- Mạng di động: Hỗ trợ 5G\n- Số khe SIM: 2 Nano SIM (SIM 2 chung khe thẻ nhớ)\n- Dung lượng pin: 5000 mAh, 25 W, Sạc pin nhanh\nKhuyến mãi: Không có khuyến mãi']","Điện thoại Samsung Galaxy A34 5G có 4 camera, bao gồm: camera siêu rộng 8 MP, camera rộng 48 MP, camera cận cảnh 5 MP và camera macro 13 MP.","[{'statement': 'Điện thoại Samsung Galaxy A34 5G có 4 camera.', 'reason': ['Dựa trên thông tin về độ phân giải, cả hai phiên bản của Samsung Galaxy A34 5G đều có 4 camera với các độ phân giải sau: 8MP (Siêu Rộng), 48MP (Rộng), 5MP (Cận cảnh), và 13MP.'], 'verdict': 1}, {'statement': 'Điện thoại Samsung Galaxy A34 5G có camera siêu rộng 8 MP.', 'reason': ['Thông tin trong ngữ cảnh xác nhận rằng Samsung Galaxy A34 5G có camera siêu rộng với độ phân giải 8MP F2.2.'], 'verdict': 1}, {'statement': 'Điện thoại Samsung Galaxy A34 5G có camera rộng 48 MP.', 'reason': ['Thông tin trong ngữ cảnh xác nhận rằng Samsung Galaxy A34 5G có camera rộng với độ phân giải 48MP F1.8 OIS.'], 'verdict': 1}, {'statement': 'Điện thoại Samsung Galaxy A34 5G có camera cận cảnh 5 MP.', 'reason': ['Thông tin trong ngữ cảnh xác nhận rằng Samsung Galaxy A34 5G có camera cận cảnh với độ phân giải 5MP F2.4.'], 'verdict': 1}, {'statement': 'Điện thoại Samsung Galaxy A34 5G có camera macro 13 MP.', 'reason': ['Ngữ cảnh liệt kê một camera 13MP, nhưng camera cận cảnh (macro) được ghi nhận là 5MP, không phải 13MP.'], 'verdict': 0}]",0.2,27.58,2025-08-20 16:55:35
13,Điện thoại di động Mobell M139 4G có những màu nào?,"Điện thoại di động Mobell M139 4G có các màu: Đen, Đỏ, Xanh.","['Tên sản phẩm: điện thoại di động mobell m139 4g - chính hãng\nMàu: Black, Red, Blue\nGiá: 370,000 ₫\nThông số kỹ thuật: Không có thông tin\nKhuyến mãi: - Giảm 20% tối đa 500k khi mở thẻ tín dụng TPBank EVO\n\nTên sản phẩm: điện thoại di động mobell m539 4g - chính hãng\nMàu: Gold, Red\nGiá: 640,000 ₫\nThông số kỹ thuật: Không có thông tin\nKhuyến mãi: - Giảm 20% tối đa 500k khi mở thẻ tín dụng TPBank EVO\n\nTên sản phẩm: điện thoại di động mobell f209 4g - chính hãng\nMàu: Màu Đen, Đỏ , Xanh, Màu Vàng\nGiá: 590,000 ₫\nThông số kỹ thuật: Không có thông tin\nKhuyến mãi: - Giảm 20% tối đa 500k khi mở thẻ tín dụng TPBank EVO\n\nTên sản phẩm: điện thoại di động mobell f309 4g - chính hãng\nMàu: Màu Vàng, Màu Đen, Đỏ , Xanh\nGiá: 650,000 ₫\nThông số kỹ thuật: Không có thông tin\nKhuyến mãi: - Giảm 20% tối đa 500k khi mở thẻ tín dụng TPBank EVO']","Black, Red, Blue","[{'statement': 'Điện thoại di động Mobell M139 4G có màu Đen.', 'reason': [""The context lists the colors for the 'điện thoại di động mobell m139 4g' as 'Black, Red, Blue'. 'Đen' is the Vietnamese word for 'Black'.""], 'verdict': 1}, {'statement': 'Điện thoại di động Mobell M139 4G có màu Đỏ.', 'reason': [""The context lists the colors for the 'điện thoại di động mobell m139 4g' as 'Black, Red, Blue'. 'Đỏ' is the Vietnamese word for 'Red'.""], 'verdict': 1}, {'statement': 'Điện thoại di động Mobell M139 4G có màu Xanh.', 'reason': [""The context lists the colors for the 'điện thoại di động mobell m139 4g' as 'Black, Red, Blue'. 'Xanh' is the Vietnamese word for 'Blue'.""], 'verdict': 1}]",0.0,23.0,2025-08-20 16:55:40
17,Điện thoại di động Mobell F309 4G có những màu sắc nào?,"Điện thoại di động Mobell F309 4G có màu Vàng, màu Đen, Đỏ, Xanh.","['Tên sản phẩm: điện thoại di động mobell f309 4g - chính hãng\nMàu: Màu Vàng, Màu Đen, Đỏ , Xanh\nGiá: 650,000 ₫\nThông số kỹ thuật: Không có thông tin\nKhuyến mãi: - Giảm 20% tối đa 500k khi mở thẻ tín dụng TPBank EVO\n\nTên sản phẩm: điện thoại di động mobell f209 4g - chính hãng\nMàu: Màu Đen, Đỏ , Xanh, Màu Vàng\nGiá: 590,000 ₫\nThông số kỹ thuật: Không có thông tin\nKhuyến mãi: - Giảm 20% tối đa 500k khi mở thẻ tín dụng TPBank EVO\n\nTên sản phẩm: điện thoại di động mobell m139 4g - chính hãng\nMàu: Black, Red, Blue\nGiá: 370,000 ₫\nThông số kỹ thuật: Không có thông tin\nKhuyến mãi: - Giảm 20% tối đa 500k khi mở thẻ tín dụng TPBank EVO\n\nTên sản phẩm: điện thoại di động mobell m539 4g - chính hãng\nMàu: Gold, Red\nGiá: 640,000 ₫\nThông số kỹ thuật: Không có thông tin\nKhuyến mãi: - Giảm 20% tối đa 500k khi mở thẻ tín dụng TPBank EVO']","Màu Vàng, Màu Đen, Đỏ, Xanh.","[{'statement': 'Điện thoại di động Mobell F309 4G có màu Vàng.', 'reason': [""Thông tin trong ngữ cảnh xác nhận rằng sản phẩm 'điện thoại di động mobell f309 4g - chính hãng' có 'Màu Vàng'.""], 'verdict': 1}, {'statement': 'Điện thoại di động Mobell F309 4G có màu Đen.', 'reason': [""Thông tin trong ngữ cảnh xác nhận rằng sản phẩm 'điện thoại di động mobell f309 4g - chính hãng' có 'Màu Đen'.""], 'verdict': 1}, {'statement': 'Điện thoại di động Mobell F309 4G có màu Đỏ.', 'reason': [""Thông tin trong ngữ cảnh xác nhận rằng sản phẩm 'điện thoại di động mobell f309 4g - chính hãng' có màu 'Đỏ'.""], 'verdict': 1}, {'statement': 'Điện thoại di động Mobell F309 4G có màu Xanh.', 'reason': [""Thông tin trong ngữ cảnh xác nhận rằng sản phẩm 'điện thoại di động mobell f309 4g - chính hãng' có màu 'Xanh'.""], 'verdict': 1}]",0.0,37.11,2025-08-20 16:56:18
15,Điện thoại di động Mobell M539 4G có những màu nào?,Điện thoại di động Mobell M539 4G có màu Gold và Red.,"['Tên sản phẩm: điện thoại di động mobell m539 4g - chính hãng\nMàu: Gold, Red\nGiá: 640,000 ₫\nThông số kỹ thuật: Không có thông tin\nKhuyến mãi: - Giảm 20% tối đa 500k khi mở thẻ tín dụng TPBank EVO\n\nTên sản phẩm: điện thoại di động mobell m139 4g - chính hãng\nMàu: Black, Red, Blue\nGiá: 370,000 ₫\nThông số kỹ thuật: Không có thông tin\nKhuyến mãi: - Giảm 20% tối đa 500k khi mở thẻ tín dụng TPBank EVO\n\nTên sản phẩm: điện thoại di động mobell f309 4g - chính hãng\nMàu: Màu Vàng, Màu Đen, Đỏ , Xanh\nGiá: 650,000 ₫\nThông số kỹ thuật: Không có thông tin\nKhuyến mãi: - Giảm 20% tối đa 500k khi mở thẻ tín dụng TPBank EVO\n\nTên sản phẩm: điện thoại di động mobell m331 4g - chính hãng\nMàu: Đỏ , Xanh, Màu Đen\nGiá: 490,000 ₫\nThông số kỹ thuật: Không có thông tin\nKhuyến mãi: - Giảm 20% tối đa 500k khi mở thẻ tín dụng TPBank EVO']","Màu Gold, Red.","[{'statement': 'Điện thoại di động Mobell M539 4G có màu Gold.', 'reason': [""Ngữ cảnh cung cấp thông tin cho sản phẩm 'điện thoại di động mobell m539 4g' và liệt kê các màu có sẵn là 'Gold, Red'.""], 'verdict': 1}, {'statement': 'Điện thoại di động Mobell M539 4G có màu Red.', 'reason': [""Ngữ cảnh cung cấp thông tin cho sản phẩm 'điện thoại di động mobell m539 4g' và liệt kê các màu có sẵn là 'Gold, Red'.""], 'verdict': 1}]",0.0,50.23,2025-08-20 16:56:20
18,Điện thoại di động Mobell M331 4G có những tùy chọn màu sắc nào?,"Điện thoại di động Mobell M331 4G có các tùy chọn màu sắc là Đỏ, Xanh, Màu Đen.","['Tên sản phẩm: điện thoại di động mobell m331 4g - chính hãng\nMàu: Đỏ , Xanh, Màu Đen\nGiá: 490,000 ₫\nThông số kỹ thuật: Không có thông tin\nKhuyến mãi: - Giảm 20% tối đa 500k khi mở thẻ tín dụng TPBank EVO\n\nTên sản phẩm: điện thoại di động mobell m139 4g - chính hãng\nMàu: Black, Red, Blue\nGiá: 370,000 ₫\nThông số kỹ thuật: Không có thông tin\nKhuyến mãi: - Giảm 20% tối đa 500k khi mở thẻ tín dụng TPBank EVO\n\nTên sản phẩm: điện thoại di động mobell m539 4g - chính hãng\nMàu: Gold, Red\nGiá: 640,000 ₫\nThông số kỹ thuật: Không có thông tin\nKhuyến mãi: - Giảm 20% tối đa 500k khi mở thẻ tín dụng TPBank EVO\n\nTên sản phẩm: điện thoại di động mobell f309 4g - chính hãng\nMàu: Màu Vàng, Màu Đen, Đỏ , Xanh\nGiá: 650,000 ₫\nThông số kỹ thuật: Không có thông tin\nKhuyến mãi: - Giảm 20% tối đa 500k khi mở thẻ tín dụng TPBank EVO']","Màu đỏ, xanh, đen","[{'statement': 'Điện thoại di động Mobell M331 4G có tùy chọn màu đỏ.', 'reason': ['Trong thông tin sản phẩm ""điện thoại di động mobell m331 4g - chính hãng"", mục ""Màu"" có liệt kê ""Đỏ"".'], 'verdict': 1}, {'statement': 'Điện thoại di động Mobell M331 4G có tùy chọn màu xanh.', 'reason': ['Trong thông tin sản phẩm ""điện thoại di động mobell m331 4g - chính hãng"", mục ""Màu"" có liệt kê ""Xanh"".'], 'verdict': 1}, {'statement': 'Điện thoại di động Mobell M331 4G có tùy chọn màu đen.', 'reason': ['Trong thông tin sản phẩm ""điện thoại di động mobell m331 4g - chính hãng"", mục ""Màu"" có liệt kê ""Màu Đen"".'], 'verdict': 1}]",0.0,12.56,2025-08-20 16:56:31
19,Điện thoại realme c53 có bao nhiêu dung lượng lưu trữ nội bộ?,Điện thoại realme C53 có dung lượng lưu trữ nội bộ là 256GB.,"['Tên sản phẩm: điện thoại realme c53 - 8gb/256gb- chính hãng\nMàu: Màu Đen, Màu Vàng\nGiá: 3,990,000 ₫\nThông số kỹ thuật: - Công nghệ màn hình: IPS LCD\n- Độ phân giải: HD 720*1600, Chính 50MP + 0.08MP, Chính 8MP\n- Kích thước màn hình: 6.74 inch\n- Hệ điều hành: Android 13, realme UI T Edition\n- Vi xử lý: UNISOC T612\n- Bộ nhớ trong: 256GB\n- RAM: 8GB + 8GB\n- Mạng di động: Không hỗ trợ 5G\n- Số khe SIM: 2 nano SIM + 1 khe thẻ nhớ\n- Dung lượng pin: 5000 mAh\nKhuyến mãi: - KM 1\n- Tặng phiếu mua hàng 200.000 khi thu cũ lên đời\n\nTên sản phẩm: điện thoại realme c51 3gb/64gb - chính hãng\nMàu: Màu Đen, Xanh\nGiá: 2,790,000 ₫\nThông số kỹ thuật: - Công nghệ màn hình: Tần số quét 90Hz\n- Độ phân giải: HD, 50M+QVGA, 5MP\n- Kích thước màn hình: 6.74 inch\n- Bộ nhớ trong: 64GB\n- RAM: 3GB\n- Dung lượng pin: 5000 mAh\nKhuyến mãi: - KM 1\n- Tặng Bộ quà Hoàng Hà (Chi tiết liên hệ 1900.2091)\n\nTên sản phẩm: realme c55 - 6gb/128gb - chính hãng\nMàu: Vàng Nắng Mai, Đen Trời Đêm\nGiá: 3,690,000 ₫\nThông số kỹ thuật: - Công nghệ màn hình: LCD, Tần số 90Hz\n- Độ phân giải: FHD+ 1080*2400, Chính 64MP + B&W 2MP, 8MP\n- Kích thước màn hình: 6.72  inch\n- Hệ điều hành:   inchrealme UI 4.0, Trên nền tảng Android 13 inch\n- Vi xử lý: Helio G88\n- Bộ nhớ trong: 128GB\n- RAM: 6GB\n- Mạng di động: 4G, Chưa hỗ trơ 5G\n- Số khe SIM: 2 nano SIM + 1 thẻ nhớ riêng\n- Dung lượng pin: 5000 mAh\nKhuyến mãi: - Ưu đãi trả góp 0% qua Shinhan Finance hoặc Mirae Asset Finance\n- Giảm 5% không giới hạn khuyến mãi qua Homepaylater\n- Giảm thêm tới 700.000đ khi thanh toán qua Kredivo.\n- Giảm 50% tối đa 700k khi mở thẻ tín dụng Vpbank trên SenID\n- Giảm 20% tối đa 500k khi mở thẻ tín dụng TPBank EVO\n- Mở thẻ tín dụng VIB\n- Nhận Voucher 600.000đ\n- Giảm 1% tối đa 100.000đ khi thanh toán qua Zalopay\n\nTên sản phẩm: điện thoại realme c55 - 8gb/256gb - chính hãng\nMàu: Vàng Nắng Mai, Đen Trời Đêm\nGiá: 4,470,000 ₫\nThông số kỹ thuật: - Công nghệ màn hình: LCD, Tần số 90Hz\n- Độ phân giải: FHD+ 1080*2400, Chính 64MP + B&W 2MP, 8MP\n- Kích thước màn hình: 6.72  inch\n- Hệ điều hành:   inchrealme UI 4.0, Trên nền tảng Android 13 inch\n- Vi xử lý: Helio G88\n- Bộ nhớ trong: 256GB\n- RAM: 8GB\n- Mạng di động: 4G, Chưa hỗ trơ 5G\n- Số khe SIM: 2 nano SIM + 1 thẻ nhớ riêng\n- Dung lượng pin: 5000 mAh\nKhuyến mãi: - Ưu đãi trả góp 0% qua Shinhan Finance hoặc Mirae Asset Finance\n- Giảm 5% không giới hạn khuyến mãi qua Homepaylater\n- Giảm thêm tới 700.000đ khi thanh toán qua Kredivo.\n- Giảm 50% tối đa 700k khi mở thẻ tín dụng Vpbank trên SenID\n- Giảm 20% tối đa 500k khi mở thẻ tín dụng TPBank EVO\n- Mở thẻ tín dụng VIB\n- Nhận Voucher 600.000đ\n- Giảm 1% tối đa 100.000đ khi thanh toán qua Zalopay']",Điện thoại realme c53 có 256GB dung lượng lưu trữ nội bộ.,"[{'statement': 'Điện thoại realme c53 có 256GB dung lượng lưu trữ nội bộ.', 'reason': [""Trong ngữ cảnh, thông tin về sản phẩm 'điện thoại realme c53 - 8gb/256gb- chính hãng' có ghi rõ thông số kỹ thuật 'Bộ nhớ trong: 256GB'.""], 'verdict': 1}]",0.0,10.97,2025-08-20 16:56:32
16,Nubia neo 2 8gb+12gb/256gb có chương trình khuyến mãi nào không?,Nubia neo 2 8gb+12gb/256gb có chương trình khuyến mãi bao gồm tặng Tai nghe không dây Havit TW960 - Chính Hãng trị giá 490.000₫.,"['Tên sản phẩm: nubia neo 2 8gb+12gb/256gb - chính hãng\nMàu: Màu Vàng, Bạc, Màu Đen\nGiá: 4,990,000 ₫\nThông số kỹ thuật: - Công nghệ màn hình: FHD+\n- Độ phân giải: 2400*1080px, Camera chính 50MP, F1.8, AF, Ống kính độ sâu 2MP, 16MP\n- Kích thước màn hình: 6.72 inch\n- Hệ điều hành: Android 13\n- Vi xử lý: Unisoc T820\n- Bộ nhớ trong: 256GB\n- RAM: 8GB + 12GB(Ảo)\n- Dung lượng pin: 5200mAh/6000mAh (typical value)\nKhuyến mãi: - KM 1\n- Tặng Tai nghe không dây Havit TW960\n- Chính Hãng trị giá 490.000\n\nTên sản phẩm: điện thoại nubia neo 5g 8gb/256gb - chính hãng\nMàu: Màu Vàng, Màu Đen\nGiá: 4,290,000 ₫\nThông số kỹ thuật: - Công nghệ màn hình: ISP LCD, 120Hz\n- Độ phân giải: Full HD+ (1080 x 2408 pixels), 50 MP (góc rộng), 2 MP, 8 MP\n- Kích thước màn hình: 6.6  inch\n- Vi xử lý: Unisoc T820\n- Bộ nhớ trong: 256GB, UFS 2.2\n- RAM: 8GB\n- Số khe SIM: 2 SIM, Nano SIM\n- Dung lượng pin: 4500 mAh\nKhuyến mãi: - KM 1\n- Sản phẩm đang thuộc chương trình Flash sale (Số lượng có hạn)\n\nTên sản phẩm: điện thoại nubia redmagic 7 pusar 16gb 256gb - chính hãng\nMàu: PUSAR\nGiá: 18,990,000 ₫\nThông số kỹ thuật: Không có thông tin\nKhuyến mãi: - Ưu đãi trả góp 0% qua Shinhan Finance hoặc Mirae Asset Finance\n- Giảm 5% không giới hạn khuyến mãi qua Homepaylater\n- Giảm thêm tới 700.000đ khi thanh toán qua Kredivo.\n- Giảm 50% tối đa 700k khi mở thẻ tín dụng Vpbank trên SenID\n- Giảm 20% tối đa 500k khi mở thẻ tín dụng TPBank EVO\n- Mở thẻ tín dụng VIB\n- Nhận Voucher 600.000đ\n\nTên sản phẩm: honor x9a 5g (8gb/256gb) - chính hãng\nMàu: Màu Đen, Xanh Lá, Bạc\nGiá: 6,290,000 ₫\nThông số kỹ thuật: - Công nghệ màn hình: AMOLED\n- Độ phân giải: FHD+ (1080 x 2400), Cảm biến chính 64MP f/1.8, Cảm biến góc siêu rộng 5MP f/2.2, Cảm biến macro 2MP f/2.4, 16MP f/2.45\n- Kích thước màn hình: 6.67 inch\n- Hệ điều hành: Magic UI 6.1 (trên nền tảng Android 12)\n- Vi xử lý: Qualcomm Qualcomm Snapdragon 695\n- Bộ nhớ trong: 256GB\n- RAM: 8GB\n- Mạng di động: 2G, 3G, 4G, 5G\n- Số khe SIM: 2 nano SIM\n- Dung lượng pin: 5100 mAh\nKhuyến mãi: - KM 1\n- Sản phẩm đang thuộc chương trình Flash sale (Số lượng có hạn)']","Có, chương trình khuyến mãi “KM 1” tặng tai nghe không dây Havit TW960 trị giá 490.000₫.","[{'statement': 'Sản phẩm Nubia neo 2 8gb+12gb/256gb có chương trình khuyến mãi “KM 1” tặng tai nghe không dây Havit TW960.', 'reason': [""The context for the product 'nubia neo 2 8gb+12gb/256gb - chính hãng' lists 'KM 1' and 'Tặng Tai nghe không dây Havit TW960' under its promotions.""], 'verdict': 1}, {'statement': 'Tai nghe không dây Havit TW960 được tặng trong chương trình khuyến mãi có trị giá 490.000₫.', 'reason': [""The context lists the promotion for the Nubia neo 2 as 'Tặng Tai nghe không dây Havit TW960 - Chính Hãng trị giá 490.000', confirming the value of the headset.""], 'verdict': 1}]",0.0,58.42,2025-08-20 16:56:34
21,Điện thoại Redmi A3 có dung lượng bộ nhớ trong bao nhiêu?,Điện thoại Redmi A3 có dung lượng bộ nhớ trong là 128GB.,"['Tên sản phẩm: điện thoại redmi a3 (4gb/128gb) - chính hãng\nMàu: Xanh Dương, Màu Đen\nGiá: 2,990,000 ₫\nThông số kỹ thuật: - Công nghệ màn hình: IPS LCD 90Hz\n- Độ phân giải: 720x1650, Camera chính 8MP f/2.0, Camera phụ trợ QVGA, 5MP f/2.2\n- Kích thước màn hình: 6.71 inch\n- Hệ điều hành: Android 14\n- Vi xử lý: MediaTek Helio G36\n- Bộ nhớ trong: 128GB\n- RAM: 4GB\n- Mạng di động: 2G, 3G, 4G\n- Số khe SIM: 2 nano SIM\n- Dung lượng pin: 5000 mAh\nKhuyến mãi: - Giảm 5% không giới hạn khuyến mãi qua Homepaylater\n- Giảm 50% tối đa 700k khi mở thẻ tín dụng Vpbank trên SenID\n- Giảm 20% tối đa 500k khi mở thẻ tín dụng TPBank EVO\n- Giảm 1% tối đa 100.000đ khi thanh toán qua Zalopay\n\nTên sản phẩm: điện thoại redmi a2+ (3gb/64gb) - chính hãng\nMàu: Màu Đen, Xanh Dương, Xanh Lá\nGiá: 1,990,000 ₫\nThông số kỹ thuật: - Công nghệ màn hình: IPS LCD\n- Độ phân giải: 720x1600, Camera chính 8MP f/2.0, Camera phụ trợ QVGA, 5MP f/2.2\n- Kích thước màn hình: 6.52 inch\n- Hệ điều hành: Android 12 (Go Edition)\n- Vi xử lý: MediaTek Helio G36\n- Bộ nhớ trong: 64GB\n- RAM: 3GB\n- Mạng di động: 2G, 3G, 4G\n- Số khe SIM: 2 nano SIM\n- Dung lượng pin: 5000 mAh\nKhuyến mãi: - Giảm 5% không giới hạn khuyến mãi qua Homepaylater\n- Giảm 50% tối đa 700k khi mở thẻ tín dụng Vpbank trên SenID\n- Giảm 20% tối đa 500k khi mở thẻ tín dụng TPBank EVO\n- Giảm 1% tối đa 100.000đ khi thanh toán qua Zalopay\n\nTên sản phẩm: điện thoại redmi a2 (2gb/32gb) - chính hãng\nMàu: Xanh Dương, Màu Đen\nGiá: 1,690,000 ₫\nThông số kỹ thuật: - Công nghệ màn hình: IPS LCD\n- Độ phân giải: HD+ (720 x 1600 Pixels), Camera chính 8MP f/2.0, Camera phụ trợ QVGA, 5MP f/2.2\n- Kích thước màn hình: 6.52 inch\n- Hệ điều hành: Android 12 (Go Edition)\n- Vi xử lý: MediaTek Helio G36\n- Bộ nhớ trong: 32 GB\n- RAM: 2GB\n- Mạng di động: 2G, 3G, 4G\n- Số khe SIM: 2 nano SIM\n- Dung lượng pin: 5000 mAh\nKhuyến mãi: - Giảm 5% không giới hạn khuyến mãi qua Homepaylater\n- Giảm 50% tối đa 700k khi mở thẻ tín dụng Vpbank trên SenID\n- Giảm 20% tối đa 500k khi mở thẻ tín dụng TPBank EVO\n- Giảm 1% tối đa 100.000đ khi thanh toán qua Zalopay\n\nTên sản phẩm: điện thoại redmi 13c (6gb/128gb) - chính hãng\nMàu: Màu Xám, Xanh Dương, Xanh Lá\nGiá: 3,290,000 ₫\nThông số kỹ thuật: - Công nghệ màn hình: IPS LCD\n- Độ phân giải: HD+ (720 x 1600 Pixels), Chính 50 MP + Phụ 2 MP, 8 MP\n- Kích thước màn hình: 6.74 inch\n- Vi xử lý: MediaTek Helio G85 8 nhân\n- Bộ nhớ trong: 128GB\n- RAM: 6GB\n- Dung lượng pin: 5000 mAh\nKhuyến mãi: - KM 1\n- Tặng phiếu mua hàng 200.000đ']",Bộ nhớ trong của điện thoại Redmi A3 là 128GB.,"[{'statement': 'Bộ nhớ trong của điện thoại Redmi A3 là 128GB.', 'reason': [""Thông tin trong ngữ cảnh cho sản phẩm 'điện thoại redmi a3 (4gb/128gb) - chính hãng' có ghi rõ thông số kỹ thuật 'Bộ nhớ trong: 128GB'.""], 'verdict': 1}]",0.0,49.32,2025-08-20 16:57:22
14,Điện thoại di động Mobell Rock 4 4G có những màu nào?,"Điện thoại di động Mobell Rock 4 4G có các màu Xanh Blue, Xanh Lục, Màu Đen.","['Tên sản phẩm: điện thoại di động mobell rock 4 4g - chính hãng\nMàu: Xanh blue, Xanh Lục, Màu Đen\nGiá: 670,000 ₫\nThông số kỹ thuật: Không có thông tin\nKhuyến mãi: - Giảm 20% tối đa 500k khi mở thẻ tín dụng TPBank EVO\n\nTên sản phẩm: điện thoại di động mobell m139 4g - chính hãng\nMàu: Black, Red, Blue\nGiá: 370,000 ₫\nThông số kỹ thuật: Không có thông tin\nKhuyến mãi: - Giảm 20% tối đa 500k khi mở thẻ tín dụng TPBank EVO\n\nTên sản phẩm: điện thoại di động mobell m331 4g - chính hãng\nMàu: Đỏ , Xanh, Màu Đen\nGiá: 490,000 ₫\nThông số kỹ thuật: Không có thông tin\nKhuyến mãi: - Giảm 20% tối đa 500k khi mở thẻ tín dụng TPBank EVO\n\nTên sản phẩm: điện thoại di động mobell m539 4g - chính hãng\nMàu: Gold, Red\nGiá: 640,000 ₫\nThông số kỹ thuật: Không có thông tin\nKhuyến mãi: - Giảm 20% tối đa 500k khi mở thẻ tín dụng TPBank EVO']","Xanh blue, Xanh Lục, Màu Đen","[{'statement': 'Điện thoại di động Mobell Rock 4 4G có màu Xanh blue.', 'reason': ['Thông tin trong ngữ cảnh xác nhận rằng điện thoại di động Mobell Rock 4 4G có màu Xanh blue.'], 'verdict': 1}, {'statement': 'Điện thoại di động Mobell Rock 4 4G có màu Xanh Lục.', 'reason': ['Thông tin trong ngữ cảnh xác nhận rằng điện thoại di động Mobell Rock 4 4G có màu Xanh Lục.'], 'verdict': 1}, {'statement': 'Điện thoại di động Mobell Rock 4 4G có màu Đen.', 'reason': ['Thông tin trong ngữ cảnh xác nhận rằng điện thoại di động Mobell Rock 4 4G có màu Đen.'], 'verdict': 1}]",0.0,124.95,2025-08-20 16:57:24
24,Giá của điện thoại realme c60 4gb/64gb là bao nhiêu?,"Giá của điện thoại realme c60 4gb/64gb là 2,790,000 ₫.","['Tên sản phẩm: điện thoại realme c60 4gb/64gb - chính hãng\nMàu: Xanh, Màu Đen\nGiá: 2,790,000 ₫\nThông số kỹ thuật: - Công nghệ màn hình: IPS LCD - Tần số quét 90 Hz - Màn Giọt nước\n- Độ phân giải: HD (720x1600px), Camera chính 13MP & Phụ 0.08MP, Chính 5MP\n- Kích thước màn hình: 6.74 inch\n- Hệ điều hành: Android 13, realme UI\n- Vi xử lý: UNISOC T612\n- Bộ nhớ trong: 64GB\n- RAM: 4GB\n- Mạng di động: Không hỗ trợ 5G\n- Số khe SIM: 2 nano SIM + 1 khe thẻ nhớ\n- Dung lượng pin: 5000 mAh\nKhuyến mãi: - KM 1\n- Tham gia thu cũ lên đời giảm thêm 300.000đ\n\nTên sản phẩm: điện thoại realme c30s 3gb/64gb - chính hãng\nMàu: Xanh, Màu Đen\nGiá: 2,490,000 ₫\nThông số kỹ thuật: - Công nghệ màn hình: LCD\n- Độ phân giải: HD+ 720*1600, 8MP, 5MP\n- Kích thước màn hình: 6.5 inch\n- Hệ điều hành:   inchrealme UI Go Edition, Trên nền tảng Android 12 inch\n- Vi xử lý: Unisoc SC9863A1\n- Bộ nhớ trong: 64GB\n- RAM: 3GB\n- Mạng di động: Không hỗ trợ 5G\n- Số khe SIM: 2 nano SIM + 1 thẻ nhớ riêng\n- Dung lượng pin: 5000 mAh\nKhuyến mãi: - Giảm 5% không giới hạn khuyến mãi qua Homepaylater\n- Giảm 50% tối đa 700k khi mở thẻ tín dụng Vpbank trên SenID\n- Giảm 20% tối đa 500k khi mở thẻ tín dụng TPBank EVO\n- Giảm 1% tối đa 100.000đ khi thanh toán qua Zalopay\n\nTên sản phẩm: điện thoại realme c51 3gb/64gb - chính hãng\nMàu: Màu Đen, Xanh\nGiá: 2,790,000 ₫\nThông số kỹ thuật: - Công nghệ màn hình: Tần số quét 90Hz\n- Độ phân giải: HD, 50M+QVGA, 5MP\n- Kích thước màn hình: 6.74 inch\n- Bộ nhớ trong: 64GB\n- RAM: 3GB\n- Dung lượng pin: 5000 mAh\nKhuyến mãi: - KM 1\n- Tặng Bộ quà Hoàng Hà (Chi tiết liên hệ 1900.2091)\n\nTên sản phẩm: điện thoại realme c35 - 4gb/64gb - chính hãng\nMàu: Màu Đen, Xanh\nGiá: 3,090,000 ₫\nThông số kỹ thuật: - Công nghệ màn hình: IPS LCD\n- Độ phân giải: Full HD+ (1080 x 2408 Pixels), Chính 50 MP & Phụ 2 MP, 0.3 MP, 8 MP\n- Hệ điều hành: Android 11\n- Vi xử lý: Unisoc T616 8 nhân\n- Bộ nhớ trong: 64 GB\n- RAM: 4GB\n- Mạng di động: Hỗ trợ 4G\n- Số khe SIM: 2 Nano SIM\n- Dung lượng pin: 5000 mAh\nKhuyến mãi: - Ưu đãi trả góp 0% qua Shinhan Finance hoặc Mirae Asset Finance\n- Giảm 5% không giới hạn khuyến mãi qua Homepaylater\n- Giảm thêm tới 700.000đ khi thanh toán qua Kredivo.\n- Giảm 50% tối đa 700k khi mở thẻ tín dụng Vpbank trên SenID\n- Giảm 20% tối đa 500k khi mở thẻ tín dụng TPBank EVO\n- Mở thẻ tín dụng VIB\n- Nhận Voucher 600.000đ\n- Giảm 1% tối đa 100.000đ khi thanh toán qua Zalopay']","Giá của điện thoại Realme C60 4GB/64GB là 2,790,000₫.","[{'statement': 'Giá của điện thoại Realme C60 4GB/64GB là 2,790,000₫.', 'reason': [""Thông tin này được xác nhận trong ngữ cảnh, trong đó có ghi rõ: 'Tên sản phẩm: điện thoại realme c60 4gb/64gb - chính hãng... Giá: 2,790,000 ₫'.""], 'verdict': 1}]",0.0,10.21,2025-08-20 16:57:35
23,Giá của điện thoại ZTE Blade A54 là bao nhiêu?,"Giá của điện thoại ZTE Blade A54 là 2,290,000 ₫.","['Tên sản phẩm: điện thoại zte blade a54 (4+4gb/128gb) - chính hãng\nMàu: Xanh Dương, Màu Tím, Màu Xám\nGiá: 2,290,000 ₫\nThông số kỹ thuật: - Công nghệ màn hình: IPS LCD\n- Độ phân giải: 720x1612, Camera chính 13MP, Camera phụ VGA, Camera trước 5MP\n- Kích thước màn hình: 6.6 inch\n- Hệ điều hành: Android 13\n- Vi xử lý: Unisoc SC9863A\n- Bộ nhớ trong: 128GB\n- RAM: 4GB\n- Mạng di động: 2G, 3G, 4G\n- Số khe SIM: 2 nano SIM\n- Dung lượng pin: 5000 mAh\nKhuyến mãi: - Giảm 5% không giới hạn khuyến mãi qua Homepaylater\n- Giảm 50% tối đa 700k khi mở thẻ tín dụng Vpbank trên SenID\n- Giảm 20% tối đa 500k khi mở thẻ tín dụng TPBank EVO\n- Giảm 1% tối đa 100.000đ khi thanh toán qua Zalopay\n\nTên sản phẩm: điện thoại zte blade a72 (3gb/128gb) - chính hãng\nMàu: Màu Xám, Xanh Dương\nGiá: 1,990,000 ₫\nThông số kỹ thuật: - Công nghệ màn hình: IPS LCD\n- Độ phân giải: 720x1600, Camera chính 13MP f/2.2, Camera chiều sâu 2MP, Camera Macro 2MP, 5MP\n- Kích thước màn hình: 6.745 inch\n- Hệ điều hành: Android 13\n- Vi xử lý: Unisoc T606\n- Bộ nhớ trong: 128GB\n- RAM: 3GB\n- Mạng di động: 2G, 3G, 4G\n- Số khe SIM: 2 nano SIM\n- Dung lượng pin: 5130 mAh\nKhuyến mãi: - KM 1\n- Tặng 100 điểm thành viên (Chi tiết liên hệ 1900.2091).\n\nTên sản phẩm: điện thoại zte blade v50 design (8gb/256gb) - chính hãng\nMàu: Đen, Xanh Lá, Màu Tím\nGiá: 3,090,000 ₫\nThông số kỹ thuật: - Công nghệ màn hình: IPS LCD, 90Hz\n- Độ phân giải: FHD+ (1080x2408), Camera chính 50MP, Camera chiều sâu 2MP, Camera Macro 2MP, 8MP\n- Kích thước màn hình: 6.6 inch\n- Hệ điều hành: Android 13\n- Vi xử lý: Unisoc T606\n- Bộ nhớ trong: 256GB\n- RAM: 8GB\n- Mạng di động: 2G, 3G, 4G\n- Số khe SIM: 2 nano SIM\n- Dung lượng pin: 5000 mAh\nKhuyến mãi: - KM 1\n- Tặng 200 điểm thành viên (Chi tiết liên hệ 1900.2091).\n\nTên sản phẩm: điện thoại zte blade v50 design (8gb/128gb) - chính hãng\nMàu: Màu Tím, Xanh Lá, Đen\nGiá: 2,790,000 ₫\nThông số kỹ thuật: - Công nghệ màn hình: IPS LCD, 90Hz\n- Độ phân giải: FHD+ (1080x2408), Camera chính 50MP, Camera chiều sâu 2MP, Camera Macro 2MP, 8MP\n- Kích thước màn hình: 6.6 inch\n- Hệ điều hành: Android 13\n- Vi xử lý: Unisoc T606\n- Bộ nhớ trong: 128GB\n- RAM: 8GB\n- Mạng di động: 2G, 3G, 4G\n- Số khe SIM: 2 nano SIM\n- Dung lượng pin: 5000 mAh\nKhuyến mãi: - KM 1\n- Tặng 200 điểm thành viên (Chi tiết liên hệ 1900.2091).']","Giá của điện thoại ZTE Blade A54 là 2,290,000 ₫.","[{'statement': 'Giá của điện thoại ZTE Blade A54 là 2,290,000₫.', 'reason': [""The context explicitly states that the price ('Giá') for the 'điện thoại zte blade a54' is '2,290,000 ₫'.""], 'verdict': 1}]",0.0,12.94,2025-08-20 16:57:36
26,Màu sắc có sẵn của oscal tiger 12 là gì?,"Màu sắc có sẵn của Oscal Tiger 12 là Xanh Thiên Thanh, Xám Vân Vũ, Tím Bồng Bềnh.","['Tên sản phẩm: oscal tiger 12 (12+12gb/256gb) - chính hãng\nMàu: Xanh Thiên Thanh, Xám Vân Vũ, Tím Bồng Bềnh\nGiá: 3,990,000 ₫\nThông số kỹ thuật: - Công nghệ màn hình: IPS LCD 120Hz\n- Độ phân giải: 1080x2460, Camera chính 64MP Samsung ISOCELLGW3, Camera phụ 2MP, Camera trước 13MP Samsung ISOCELL3L6\n- Kích thước màn hình: 6.78 inch\n- Hệ điều hành: DokeOS 4.0 trên nền tảng Android 13\n- Vi xử lý: MediaTek Helio G99\n- Bộ nhớ trong: 256GB\n- RAM: 12GB\n- Mạng di động: 2G, 3G, 4G\n- Số khe SIM: 2 nano SIM\n- Dung lượng pin: 5000 mAh\nKhuyến mãi: - KM 1\n- Ưu đãi Trả góp 0%\n- Trả trước 0đ.\n- KM 2\n- 1 đổi 1 trong 100 ngày đầu nếu có lỗi do nhà sản xuất.\n- KM 3\n- Ưu đãi dành riêng cho khách hàng sở hữu OSCAL\n- Tặng ngay SIM MobiFone/VNSKY dung lượng truy cập cao\n\nTên sản phẩm: điện thoại tcl 408 (4gb/64gb) - chính hãng\nMàu: Xanh Dương, Màu Xám\nGiá: 2,090,000 ₫\nThông số kỹ thuật: - Công nghệ màn hình: IPS LCD\n- Độ phân giải: HD+ (720 x 1612), Camera chính 50MP f/1.8, Camera chiều sâu 2MP f/2.4, 8MP f/2.0\n- Kích thước màn hình: 6.6 inch\n- Hệ điều hành: Android 12\n- Vi xử lý: MediaTek MT6762\n- Bộ nhớ trong: 64GB\n- RAM: 4GB\n- Mạng di động: 2G, 3G, 4G\n- Số khe SIM: 2 nano SIM\n- Dung lượng pin: 5000 mAh\nKhuyến mãi: - Giảm 5% không giới hạn khuyến mãi qua Homepaylater\n- Giảm 50% tối đa 700k khi mở thẻ tín dụng Vpbank trên SenID\n- Giảm 20% tối đa 500k khi mở thẻ tín dụng TPBank EVO\n- Giảm 1% tối đa 100.000đ khi thanh toán qua Zalopay\n\nTên sản phẩm: điện thoại tcl 40 se (6gb/256gb) - chính hãng\nMàu: Màu Tím, Màu Xám\nGiá: 2,990,000 ₫\nThông số kỹ thuật: - Công nghệ màn hình: IPS LCD, 90Hz\n- Độ phân giải: HD+ (720 x 1600), Camera chính 50MP f/1.8, Camera chiều sâu 2MP f/2.4, Camera macro 2MP f/2.4, 8MP f/2.0\n- Kích thước màn hình: 6.75 inch\n- Hệ điều hành: Android 13\n- Vi xử lý: MediaTek Helio G37\n- Bộ nhớ trong: 256GB\n- RAM: 6GB\n- Mạng di động: 2G, 3G, 4G\n- Số khe SIM: 2 nano SIM\n- Dung lượng pin: 5010 mAh\nKhuyến mãi: - Giảm 5% không giới hạn khuyến mãi qua Homepaylater\n- Giảm 50% tối đa 700k khi mở thẻ tín dụng Vpbank trên SenID\n- Giảm 20% tối đa 500k khi mở thẻ tín dụng TPBank EVO\n- Mở thẻ tín dụng VIB\n- Nhận Voucher 600.000đ\n- Giảm 1% tối đa 100.000đ khi thanh toán qua Zalopay\n\nTên sản phẩm: điện thoại tcl 408 (4gb/128gb) - chính hãng\nMàu: Màu Xám, Xanh Dương\nGiá: 2,190,000 ₫\nThông số kỹ thuật: - Công nghệ màn hình: IPS LCD\n- Độ phân giải: HD+ (720 x 1612), Camera chính 50MP f/1.8, Camera chiều sâu 2MP f/2.4, 8MP f/2.0\n- Kích thước màn hình: 6.6 inch\n- Hệ điều hành: Android 12\n- Vi xử lý: MediaTek MT6762\n- Bộ nhớ trong: 128GB\n- RAM: 4GB\n- Mạng di động: 2G, 3G, 4G\n- Số khe SIM: 2 nano SIM\n- Dung lượng pin: 5000 mAh\nKhuyến mãi: - Giảm 5% không giới hạn khuyến mãi qua Homepaylater\n- Giảm 50% tối đa 700k khi mở thẻ tín dụng Vpbank trên SenID\n- Giảm 20% tối đa 500k khi mở thẻ tín dụng TPBank EVO\n- Giảm 1% tối đa 100.000đ khi thanh toán qua Zalopay']","Xanh Thiên Thanh, Xám Vân Vũ, Tím Bồng Bềnh","[{'statement': 'Oscal Tiger 12 có màu Xanh Thiên Thanh.', 'reason': [""Thông tin này được xác nhận trong ngữ cảnh, trong đó liệt kê 'Xanh Thiên Thanh' là một trong những màu có sẵn cho 'oscal tiger 12'.""], 'verdict': 1}, {'statement': 'Oscal Tiger 12 có màu Xám Vân Vũ.', 'reason': [""Thông tin này được xác nhận trong ngữ cảnh, trong đó liệt kê 'Xám Vân Vũ' là một trong những màu có sẵn cho 'oscal tiger 12'.""], 'verdict': 1}, {'statement': 'Oscal Tiger 12 có màu Tím Bồng Bềnh.', 'reason': [""Thông tin này được xác nhận trong ngữ cảnh, trong đó liệt kê 'Tím Bồng Bềnh' là một trong những màu có sẵn cho 'oscal tiger 12'.""], 'verdict': 1}]",0.0,12.33,2025-08-20 16:57:50
27,Tecno Spark 20 Pro có mấy khe SIM?,Tecno Spark 20 Pro có 2 khe SIM nano.,"['Tên sản phẩm: điện thoại tecno spark 20 pro + (8+8gb/256gb) - chính hãng\nMàu: Đen, Trắng, Vàng\nGiá: 4,890,000 ₫\nThông số kỹ thuật: - Công nghệ màn hình: AMOLED 120Hz\n- Độ phân giải: 1080x2436, Camera chính 108MP f/1.8, Camera macro 2MP, Camera phụ VGA, Camera trước 32MP\n- Kích thước màn hình: 6.78 inch\n- Hệ điều hành: HIOS 14 trên nền tảng Android 14\n- Vi xử lý: MediaTek Helio G99 Ultimate\n- Bộ nhớ trong: 256GB\n- RAM: 8GB\n- Mạng di động: 2G, 3G, 4G\n- Số khe SIM: 2 nano SIM\n- Dung lượng pin: 5000 mAh\nKhuyến mãi: - Ưu đãi trả góp 0% qua Shinhan Finance hoặc Mirae Asset Finance\n- Giảm 5% không giới hạn khuyến mãi qua Homepaylater\n- Giảm thêm tới 700.000đ khi thanh toán qua Kredivo.\n- Giảm 50% tối đa 700k khi mở thẻ tín dụng Vpbank trên SenID\n- Giảm 20% tối đa 500k khi mở thẻ tín dụng TPBank EVO\n- Giảm 1% tối đa 100.000đ khi thanh toán qua Zalopay\n\nTên sản phẩm: điện thoại tecno spark 20 (8+8gb/128gb) - chính hãng\nMàu: Trắng, Xanh Dương, Đen\nGiá: 2,990,000 ₫\nThông số kỹ thuật: - Công nghệ màn hình: IPS LCD 90Hz\n- Độ phân giải: HD+ (720x1612), Camera chính 50MP f/1.6, Camera phụ 0.08MP, Camera trước 32MP\n- Kích thước màn hình: 6.6 inch\n- Hệ điều hành: HIOS 13 trên nền tảng Android 13\n- Vi xử lý: MediaTek Helio G85\n- Bộ nhớ trong: 128GB\n- RAM: 8GB\n- Mạng di động: 2G, 3G, 4G\n- Số khe SIM: 2 nano SIM\n- Dung lượng pin: 5000 mAh\nKhuyến mãi: - Giảm 5% không giới hạn khuyến mãi qua Homepaylater\n- Giảm 50% tối đa 700k khi mở thẻ tín dụng Vpbank trên SenID\n- Giảm 20% tối đa 500k khi mở thẻ tín dụng TPBank EVO\n- Mở thẻ tín dụng VIB\n- Nhận Voucher 600.000đ\n- Giảm 1% tối đa 100.000đ khi thanh toán qua Zalopay\n\nTên sản phẩm: điện thoại tecno spark 20c (4+4gb/128gb) - chính hãng\nMàu: Trắng, Đen, Xanh Lá\nGiá: 2,450,000 ₫\nThông số kỹ thuật: - Công nghệ màn hình: IPS LCD 90Hz\n- Độ phân giải: HD+ (720x1612), Camera chính 50MP, Camera phụ 0.08MP, Camera trước 8MP\n- Kích thước màn hình: 6.6 inch\n- Hệ điều hành: Android 13 (Go edition)\n- Vi xử lý: MediaTek Helio G36\n- Bộ nhớ trong: 128GB\n- RAM: 4GB\n- Mạng di động: 2G, 3G, 4G\n- Số khe SIM: 2 nano SIM\n- Dung lượng pin: 5000 mAh\nKhuyến mãi: - Giảm 5% không giới hạn khuyến mãi qua Homepaylater\n- Giảm 50% tối đa 700k khi mở thẻ tín dụng Vpbank trên SenID\n- Giảm 20% tối đa 500k khi mở thẻ tín dụng TPBank EVO\n- Giảm 1% tối đa 100.000đ khi thanh toán qua Zalopay\n\nTên sản phẩm: điện thoại tecno spark 10 pro (8+8gb/128gb) - chính hãng\nMàu: Trắng Ngọc Trai, Đen Ánh Sao\nGiá: 2,990,000 ₫\nThông số kỹ thuật: - Công nghệ màn hình: IPS LCD 90Hz\n- Độ phân giải: 1080x2460, Cảm biến chính 50MP, Cảm biến chiều sâu QVGA, 32MP\n- Kích thước màn hình: 6.8 inch\n- Hệ điều hành: Android™ 13\n- Vi xử lý: MediaTek Helio G88\n- Bộ nhớ trong: 128GB\n- RAM: 8GB\n- Mạng di động: 2G, 3G, 4G\n- Số khe SIM: 2 nano SIM\n- Dung lượng pin: 5000 mAh\nKhuyến mãi: - Giảm 5% không giới hạn khuyến mãi qua Homepaylater\n- Giảm 50% tối đa 700k khi mở thẻ tín dụng Vpbank trên SenID\n- Giảm 20% tối đa 500k khi mở thẻ tín dụng TPBank EVO\n- Giảm 1% tối đa 100.000đ khi thanh toán qua Zalopay']",Số khe SIM của Tecno Spark 20 Pro là 2 khe nano SIM.,"[{'statement': 'Tecno Spark 20 Pro có 2 khe nano SIM.', 'reason': [""Thông tin này được tìm thấy trong thông số kỹ thuật của sản phẩm 'điện thoại tecno spark 20 pro +' trong văn bản, có ghi rõ 'Số khe SIM: 2 nano SIM'.""], 'verdict': 1}]",0.0,23.05,2025-08-20 16:58:14
25,Điện thoại Samsung Galaxy S24 Ultra có những màu nào?,"Điện thoại Samsung Galaxy S24 Ultra có các màu: Màu Xám, Màu Đen, Màu Tím, Màu Vàng.","['Tên sản phẩm: điện thoại samsung galaxy s24 ultra - 12gb/256gb - chính hãng (bhđt)\nMàu: Màu Xám, Màu Đen, Màu Tím\nGiá: 24,990,000 ₫\nThông số kỹ thuật: - Công nghệ màn hình: Dynamic AMOLED 2X, Tần số quát 120Hz\n- Độ phân giải: 3120 x 1440 (Quad HD+), 16 triệu màu, 200.0 MP + 50.0 MP + 12.0 MP + 10.0 MP, (F1.7 , F3.4 , F2.2 , F2.4), 12.0 MP\n- Kích thước màn hình: 6.8 inch\n- Vi xử lý: Snapdragon 8 Gen 3\n- Bộ nhớ trong: 256GB\n- RAM: 12GB\n- Số khe SIM: Nano-SIM (4FF),Embedded-SIM\n- Dung lượng pin: 5000 mAh\nKhuyến mãi: - KM 1\n- Trả góp tới 06 tháng không lãi suất, trả trước 0 đồng với Samsung Finance+.\n\nTên sản phẩm: điện thoại ai - samsung galaxy s24 ultra - 12gb/256gb - chính hãng\nMàu: Màu Xám, Màu Đen, Màu Tím, Màu Vàng\nGiá: 29,990,000 ₫\nThông số kỹ thuật: - Công nghệ màn hình: Dynamic AMOLED 2X, Tần số quát 120Hz\n- Độ phân giải: 3120 x 1440 (Quad HD+), 16 triệu màu, 200.0 MP + 50.0 MP + 12.0 MP + 10.0 MP, (F1.7 , F3.4 , F2.2 , F2.4), 12.0 MP\n- Kích thước màn hình: 6.8 inch\n- Vi xử lý: Snapdragon 8 Gen 3\n- Bộ nhớ trong: 256GB\n- RAM: 12GB\n- Số khe SIM: Nano-SIM (4FF),Embedded-SIM\n- Dung lượng pin: 5000 mAh\nKhuyến mãi: - KM 1\n- Trả góp tới 06 tháng không lãi suất, trả trước 0 đồng với Samsung Finance+.\n- KM 2\n\nTên sản phẩm: điện thoại ai - samsung galaxy s24 ultra - 12gb/512gb - chính hãng\nMàu: Màu Xám, Màu Tím, Màu Vàng, Màu Đen\nGiá: 33,490,000 ₫\nThông số kỹ thuật: - Công nghệ màn hình: Dynamic AMOLED 2X, Tần số quát 120Hz\n- Độ phân giải: 3120 x 1440 (Quad HD+), 16 triệu màu, 200.0 MP + 50.0 MP + 12.0 MP + 10.0 MP, (F1.7 , F3.4 , F2.2 , F2.4), 12.0 MP\n- Kích thước màn hình: 6.8 inch\n- Vi xử lý: Snapdragon 8 Gen 3\n- Bộ nhớ trong: 512GB\n- RAM: 12GB\n- Số khe SIM: Nano-SIM (4FF),Embedded-SIM\n- Dung lượng pin: 5000 mAh\nKhuyến mãi: - KM 1\n- Trả góp tới 06 tháng không lãi suất, trả trước 0 đồng với Samsung Finance+.\n- KM 2\n- Giảm thêm 1.000.000đ cho khách hàng thân thiết (Chi tiết LH 1900 2091)\n\nTên sản phẩm: điện thoại ai - samsung galaxy s24 ultra - 12gb/1tb - chính hãng\nMàu: Màu Vàng, Màu Đen, Màu Tím, Màu Xám\nGiá: 42,490,000 ₫\nThông số kỹ thuật: - Công nghệ màn hình: Dynamic AMOLED 2X, Tần số quát 120Hz\n- Độ phân giải: 3120 x 1440 (Quad HD+), 16 triệu màu, 200.0 MP + 50.0 MP + 12.0 MP + 10.0 MP, (F1.7 , F3.4 , F2.2 , F2.4), 12.0 MP\n- Kích thước màn hình: 6.8 inch\n- Vi xử lý: Snapdragon 8 Gen 3\n- Bộ nhớ trong: 1TB\n- RAM: 12GB\n- Số khe SIM: Nano-SIM (4FF),Embedded-SIM\n- Dung lượng pin: 5000 mAh\nKhuyến mãi: - KM 1\n- Trả góp tới 06 tháng không lãi suất, trả trước 0 đồng với Samsung Finance+.\n- KM 2\n- Giảm thêm 1.000.000đ qua QR Code']","Màu Xám, Màu Đen, Màu Tím, Màu Vàng","[{'statement': 'Điện thoại Samsung Galaxy S24 Ultra có màu Xám.', 'reason': ['Tất cả các phiên bản của điện thoại Samsung Galaxy S24 Ultra được liệt kê trong ngữ cảnh đều có màu Xám.'], 'verdict': 1}, {'statement': 'Điện thoại Samsung Galaxy S24 Ultra có màu Đen.', 'reason': ['Tất cả các phiên bản của điện thoại Samsung Galaxy S24 Ultra được liệt kê trong ngữ cảnh đều có màu Đen.'], 'verdict': 1}, {'statement': 'Điện thoại Samsung Galaxy S24 Ultra có màu Tím.', 'reason': ['Tất cả các phiên bản của điện thoại Samsung Galaxy S24 Ultra được liệt kê trong ngữ cảnh đều có màu Tím.'], 'verdict': 1}, {'statement': 'Điện thoại Samsung Galaxy S24 Ultra có màu Vàng.', 'reason': ['Ngữ cảnh cho thấy ba trong số bốn phiên bản của điện thoại Samsung Galaxy S24 Ultra có màu Vàng.'], 'verdict': 1}]",0.0,49.51,2025-08-20 16:58:26
28,Khuyến mãi nào áp dụng khi mua điện thoại redmi a2+ (3gb/64gb)?,"Khuyến mãi khi mua điện thoại Redmi A2+ (3GB/64GB) gồm: giảm 5% không giới hạn khuyến mãi qua Homepaylater, giảm 50% tối đa 700k khi mở thẻ tín dụng Vpbank trên SenID, giảm 20% tối đa 500k khi mở thẻ tín dụng TPBank EVO, giảm 1% tối đa 100.000đ khi thanh toán qua Zalopay.","['Tên sản phẩm: điện thoại redmi a2+ (3gb/64gb) - chính hãng\nMàu: Màu Đen, Xanh Dương, Xanh Lá\nGiá: 1,990,000 ₫\nThông số kỹ thuật: - Công nghệ màn hình: IPS LCD\n- Độ phân giải: 720x1600, Camera chính 8MP f/2.0, Camera phụ trợ QVGA, 5MP f/2.2\n- Kích thước màn hình: 6.52 inch\n- Hệ điều hành: Android 12 (Go Edition)\n- Vi xử lý: MediaTek Helio G36\n- Bộ nhớ trong: 64GB\n- RAM: 3GB\n- Mạng di động: 2G, 3G, 4G\n- Số khe SIM: 2 nano SIM\n- Dung lượng pin: 5000 mAh\nKhuyến mãi: - Giảm 5% không giới hạn khuyến mãi qua Homepaylater\n- Giảm 50% tối đa 700k khi mở thẻ tín dụng Vpbank trên SenID\n- Giảm 20% tối đa 500k khi mở thẻ tín dụng TPBank EVO\n- Giảm 1% tối đa 100.000đ khi thanh toán qua Zalopay\n\nTên sản phẩm: điện thoại redmi a2 (2gb/32gb) - chính hãng\nMàu: Xanh Dương, Màu Đen\nGiá: 1,690,000 ₫\nThông số kỹ thuật: - Công nghệ màn hình: IPS LCD\n- Độ phân giải: HD+ (720 x 1600 Pixels), Camera chính 8MP f/2.0, Camera phụ trợ QVGA, 5MP f/2.2\n- Kích thước màn hình: 6.52 inch\n- Hệ điều hành: Android 12 (Go Edition)\n- Vi xử lý: MediaTek Helio G36\n- Bộ nhớ trong: 32 GB\n- RAM: 2GB\n- Mạng di động: 2G, 3G, 4G\n- Số khe SIM: 2 nano SIM\n- Dung lượng pin: 5000 mAh\nKhuyến mãi: - Giảm 5% không giới hạn khuyến mãi qua Homepaylater\n- Giảm 50% tối đa 700k khi mở thẻ tín dụng Vpbank trên SenID\n- Giảm 20% tối đa 500k khi mở thẻ tín dụng TPBank EVO\n- Giảm 1% tối đa 100.000đ khi thanh toán qua Zalopay\n\nTên sản phẩm: điện thoại redmi a3 (4gb/128gb) - chính hãng\nMàu: Xanh Dương, Màu Đen\nGiá: 2,990,000 ₫\nThông số kỹ thuật: - Công nghệ màn hình: IPS LCD 90Hz\n- Độ phân giải: 720x1650, Camera chính 8MP f/2.0, Camera phụ trợ QVGA, 5MP f/2.2\n- Kích thước màn hình: 6.71 inch\n- Hệ điều hành: Android 14\n- Vi xử lý: MediaTek Helio G36\n- Bộ nhớ trong: 128GB\n- RAM: 4GB\n- Mạng di động: 2G, 3G, 4G\n- Số khe SIM: 2 nano SIM\n- Dung lượng pin: 5000 mAh\nKhuyến mãi: - Giảm 5% không giới hạn khuyến mãi qua Homepaylater\n- Giảm 50% tối đa 700k khi mở thẻ tín dụng Vpbank trên SenID\n- Giảm 20% tối đa 500k khi mở thẻ tín dụng TPBank EVO\n- Giảm 1% tối đa 100.000đ khi thanh toán qua Zalopay\n\nTên sản phẩm: điện thoại redmi note 12 (8gb/128gb) - chính hãng\nMàu: Xanh Lá, Màu Vàng, Xanh Dương, Màu Đen\nGiá: 3,990,000 ₫\nThông số kỹ thuật: - Công nghệ màn hình: Dot Display - AMOLED, Tần số quét 120Hz, Gam màu chuẩn DCI-P3\n- Độ phân giải: 1080x2400, Camera Chính 50MP f/1.8, Camera Góc siêu rộng 8MP f/2.2, Góc Rộng 120°, Camera Cận cảnh 2MP f/2.4, 13MP f/2.45\n- Kích thước màn hình: 6.67 inch\n- Hệ điều hành: MIUI 14 Trên nền tảng Android 13\n- Vi xử lý: Qualcomm Snapdragon 685\n- Bộ nhớ trong: 128GB\n- RAM: 8GB\n- Mạng di động: 2G, 3G, 4G\n- Số khe SIM: 2 nano SIM\n- Dung lượng pin: 5000 mAh\nKhuyến mãi: - Ưu đãi trả góp 0% qua Shinhan Finance hoặc Mirae Asset Finance\n- Giảm 5% không giới hạn khuyến mãi qua Homepaylater\n- Giảm thêm tới 700.000đ khi thanh toán qua Kredivo.\n- Giảm 50% tối đa 700k khi mở thẻ tín dụng Vpbank trên SenID\n- Giảm 20% tối đa 500k khi mở thẻ tín dụng TPBank EVO\n- Mở thẻ tín dụng VIB\n- Nhận Voucher 600.000đ\n- Giảm 1% tối đa 100.000đ khi thanh toán qua Zalopay']","Giảm 5% không giới hạn khuyến mãi qua Homepaylater, Giảm 50% tối đa 700k khi mở thẻ tín dụng Vpbank trên SenID, Giảm 20% tối đa 500k khi mở thẻ tín dụng TPBank EVO, Giảm 1% tối đa 100.000đ khi thanh toán qua Zalopay.","[{'statement': 'Khi mua điện thoại Redmi A2+ (3GB/64GB), có chương trình giảm 5% không giới hạn khuyến mãi qua Homepaylater.', 'reason': [""The provided context confirms that for the product 'điện thoại redmi a2+ (3gb/64gb)', there is a promotion: 'Giảm 5% không giới hạn khuyến mãi qua Homepaylater'.""], 'verdict': 1}, {'statement': 'Khi mua điện thoại Redmi A2+ (3GB/64GB), có chương trình giảm 50% tối đa 700.000đ khi mở thẻ tín dụng VPBank trên SenID.', 'reason': [""The provided context confirms that for the product 'điện thoại redmi a2+ (3gb/64gb)', there is a promotion: 'Giảm 50% tối đa 700k khi mở thẻ tín dụng Vpbank trên SenID'.""], 'verdict': 1}, {'statement': 'Khi mua điện thoại Redmi A2+ (3GB/64GB), có chương trình giảm 20% tối đa 500.000đ khi mở thẻ tín dụng TPBank EVO.', 'reason': [""The provided context confirms that for the product 'điện thoại redmi a2+ (3gb/64gb)', there is a promotion: 'Giảm 20% tối đa 500k khi mở thẻ tín dụng TPBank EVO'.""], 'verdict': 1}, {'statement': 'Khi mua điện thoại Redmi A2+ (3GB/64GB), có chương trình giảm 1% tối đa 100.000đ khi thanh toán qua ZaloPay.', 'reason': [""The provided context confirms that for the product 'điện thoại redmi a2+ (3gb/64gb)', there is a promotion: 'Giảm 1% tối đa 100.000đ khi thanh toán qua Zalopay'.""], 'verdict': 1}]",0.0,18.45,2025-08-20 16:58:33
29,Màu sắc nào có sẵn cho điện thoại honor x7b?,Điện thoại Honor X7B có màu Bạc và màu Đen.,"['Tên sản phẩm: điện thoại honor x7b - 8gb/256gb - chính hãng\nMàu: Bạc, Màu Đen\nGiá: 4,990,000 ₫\nThông số kỹ thuật: - Công nghệ màn hình: LCD, 90Hz\n- Độ phân giải: 2412 x 1080px, Camera chính 108MP (f1.75) + Camera siêu rộng & chiều sâu 5MP (f2.2) + Camera cận cảnh 2MP (f2.4), Hỗ trợ lên đến 12000*9000 pixel, 8MP\n- Kích thước màn hình: 6.8 inch\n- Hệ điều hành: MagicOS 7.2 (nền tảng Android 13）\n- Vi xử lý: Qualcomm Snapdragon 680\n- Bộ nhớ trong: 256GB\n- RAM: 8GB\n- Mạng di động:   inch4G (LTE TDD/LTE FDD), 3G (WCDMA), 2G (GSM), *Các chức năng khả dụng trên mạng trực tiếp tùy thuộc vào tình hình triển khai mạng của nhà cung cấp dịch vụ và các dịch vụ liên quan. inch\n- Dung lượng pin: 6000 mAh\nKhuyến mãi: - KM 1\n- Tặng Bộ quà Hoàng Hà (Chi tiết liên hệ 1900.2091)\n\nTên sản phẩm: điện thoại di động honor x5 plus 4gb/64gb- chính hãng\nMàu: Màu Đen, Xanh\nGiá: 2,290,000 ₫\nThông số kỹ thuật: - Công nghệ màn hình: TFT LCD, 90Hz, Màn hình giọt nước\n- Độ phân giải: 720 × 1612, Camera 50 MP (f/1.8), Camera chân dung 2MP (f/2.4), 5 MP (f/2.2)\n- Kích thước màn hình: 6.56  inch\n- Hệ điều hành: MagicOS 7.1（Dựa trên Android 13）\n- Vi xử lý: MediaTek Helio G36\n- Bộ nhớ trong: 64GB\n- RAM: 4GB\n- Mạng di động: 4G (LTE TDD/LTE FDD), 3G (WCDMA), 2G (GSM)\n- Dung lượng pin: 5200 mAh\nKhuyến mãi: - KM 1\n- Tặng phiếu mua hàng 300.000đ.\n\nTên sản phẩm: điện thoại honor x6a - 4gb/128gb - chính hãng\nMàu: Bạc Ánh Sao, Đen Huyền Bí\nGiá: 2,690,000 ₫\nThông số kỹ thuật: - Công nghệ màn hình: TFT LCD, 16.7 triệu màu, Tỉ lệ khung màn hình: 20.15:9, Tần số: 90Hz\n- Độ phân giải: 720 × 1612, Camera 50 MP (f/1.8), Camera chân dung 2MP (f/2.4), Camera Macro 2MP (f/2.4), Camera 5 MP (Khẩu độ: f/2.2)\n- Kích thước màn hình: 6.56  inch\n- Hệ điều hành: MagicOS 7.1（Dựa trên Android 13）\n- Vi xử lý: MediaTek Helio G36\n- Bộ nhớ trong: 128GB\n- RAM: 4GB\n- Mạng di động: 4G\n- Dung lượng pin: 5200 mAh\nKhuyến mãi: - KM 1\n- Sản phẩm đang thuộc chương trình Flash sale (Số lượng có hạn)\n\nTên sản phẩm: điện thoại honor 10 lite - 3gb/32gb - chính hãng\nMàu: Không có thông tin\nGiá: Không có thông tin\nThông số kỹ thuật: - Công nghệ màn hình: IPS LCD\n- Độ phân giải: Full HD+ (1080 x 2340 Pixels), Chính 13 MP & Phụ 2 MP, 24 MP\n- Kích thước màn hình: 6.21 inch\n- Bộ nhớ trong: 64 GB\n- RAM: 4GB\n- Mạng di động: Hỗ trợ 4G\n- Số khe SIM: 2 Nano SIM (SIM 2 chung khe thẻ nhớ)\n- Dung lượng pin: 3400 mAh\nKhuyến mãi: Không có khuyến mãi']","Bạc, Màu Đen","[{'statement': 'Điện thoại honor x7b có màu Bạc.', 'reason': [""Trong ngữ cảnh, thông tin về sản phẩm 'điện thoại honor x7b' có liệt kê màu sắc là 'Bạc, Màu Đen'.""], 'verdict': 1}, {'statement': 'Điện thoại honor x7b có màu Đen.', 'reason': [""Trong ngữ cảnh, thông tin về sản phẩm 'điện thoại honor x7b' có liệt kê màu sắc là 'Bạc, Màu Đen'.""], 'verdict': 1}]",0.0,14.37,2025-08-20 16:58:41
30,Điện thoại Samsung Galaxy A35 có dung lượng pin là bao nhiêu?,Điện thoại Samsung Galaxy A35 có dung lượng pin là 5000 mAh.,"['Tên sản phẩm: điện thoại samsung galaxy a35 - 8gb/128gb - chính hãng\nMàu: Xanh, Màu Đen, Màu Vàng\nGiá: 7,990,000 ₫\nThông số kỹ thuật: - Công nghệ màn hình: Super AMOLED, 120Hz\n- Độ phân giải: 1080 x 2340 (FHD+), 50+8+5MP, 13 MP\n- Kích thước màn hình: 6.6 inch\n- Hệ điều hành: Android 14\n- Vi xử lý: Exynos 1380\n- Bộ nhớ trong: 128GB\n- RAM: 8GB\n- Mạng di động: Hỗ trợ 5G\n- Số khe SIM: 1 SIM + 1 khe phụ (SIM/thẻ nhớ)\n- Dung lượng pin: 5000 mAh\nKhuyến mãi: - KM 1\n- Tặng gói bảo hành HCare (Chi tiết liên hệ 1900.2091)\n\nTên sản phẩm: điện thoại samsung galaxy a34 5g 8gb/128gb - chính hãng\nMàu: Không có thông tin\nGiá: Không có thông tin\nThông số kỹ thuật: - Công nghệ màn hình: Super AMOLED , 120Hz ,19.5:9\n- Độ phân giải: FHD+, 8MP F2.2 (Siêu Rộng), 48MP F1.8 OIS (Rộng), 5MP F2.4 (Cận cảnh), 13MP F2.2\n- Kích thước màn hình: 6.6 inch\n- Vi xử lý: Dimensity 1080 – 5nm, (Octa Core 2 x 2.6GHz + 6 x 2.0GHz)\n- Bộ nhớ trong: 128GB\n- RAM: 8GB\n- Mạng di động: 5G\n- Dung lượng pin: 5000 mAh\nKhuyến mãi: Không có khuyến mãi\n\nTên sản phẩm: điện thoại samsung galaxy a55 - 8gb/128gb - chính hãng\nMàu: Màu Đen, Xanh, Màu Tím\nGiá: 9,690,000 ₫\nThông số kỹ thuật: - Công nghệ màn hình: Super AMOLED, 120Hz\n- Độ phân giải: 1080 x 2400 (FHD+), 50+12+5MP, 32 MP\n- Kích thước màn hình: 6.6 inch\n- Hệ điều hành: Android 14\n- Vi xử lý: Exynos 1480\n- Bộ nhớ trong: 128GB\n- RAM: 8GB\n- Mạng di động: Hỗ trợ 5G\n- Số khe SIM: 1 SIM + 1 khe phụ (SIM/thẻ nhớ) hoặc eSim\n- Dung lượng pin: 5000 mAh\nKhuyến mãi: - KM 1\n- Tặng gói bảo hành HCare (Chi tiết liên hệ 1900.2091)\n\nTên sản phẩm: điện thoại samsung galaxy a34 5g 8gb/256gb - chính hãng\nMàu: Màu Đen, Bạc, Xanh\nGiá: 5,990,000 ₫\nThông số kỹ thuật: - Công nghệ màn hình: Super AMOLED , 120Hz ,19.5:9\n- Độ phân giải: FHD+, 8MP F2.2 (Siêu Rộng), 48MP F1.8 OIS (Rộng), 5MP F2.4 (Cận cảnh), 13MP F2.2\n- Kích thước màn hình: 6.6 inch\n- Vi xử lý: MediaTek Dimensity 1080\n- Bộ nhớ trong: 256GB\n- RAM: 8GB\n- Mạng di động: 5G\n- Dung lượng pin: 5000 mAh\nKhuyến mãi: - Ưu đãi trả góp 0% qua Shinhan Finance hoặc Mirae Asset Finance\n- Giảm 5% không giới hạn khuyến mãi qua Homepaylater\n- Giảm thêm tới 700.000đ khi thanh toán qua Kredivo.\n- Giảm 50% tối đa 700k khi mở thẻ tín dụng Vpbank trên SenID\n- Giảm 20% tối đa 500k khi mở thẻ tín dụng TPBank EVO\n- Mở thẻ tín dụng VIB\n- Nhận Voucher 600.000đ\n- Giảm 1% tối đa 100.000đ khi thanh toán qua Zalopay']",Được trang bị pin dung lượng 5000 mAh.,"[{'statement': 'Điện thoại Samsung Galaxy A35 được trang bị pin dung lượng 5000 mAh.', 'reason': [""Thông tin trong السياق xác nhận rằng sản phẩm 'điện thoại samsung galaxy a35' có 'Dung lượng pin: 5000 mAh'.""], 'verdict': 1}]",0.0,13.3,2025-08-20 16:58:48
20,Giá của điện thoại samsung galaxy s23 fe 5g là bao nhiêu?,"Giá của điện thoại Samsung Galaxy S23 FE 5G 8GB/256GB là 14,890,000 ₫","['Tên sản phẩm: điện thoại samsung galaxy s23 fe 5g 8gb/256gb - chính hãng\nMàu: Màu Xám, Màu Tím\nGiá: 14,890,000 ₫\nThông số kỹ thuật: - Công nghệ màn hình: Dynamic AMOLED 2X, Tần số làm tươi màn hình: 120 Hz\n- Độ phân giải: 1080 x 2340 (FHD+), Góc rộng: 50MP, Góc siêu rộng: 12MP, Zoom quang 3X: 8MP, 10MP (F2.4)\n- Kích thước màn hình: 6.4 inch\n- Hệ điều hành: Android\n- Vi xử lý: Exynos 2200\n- Bộ nhớ trong: 256GB\n- RAM: 8GB\n- Mạng di động: Có hỗ trợ 5G\n- Số khe SIM: SIM Kép (SIM 1 + SIM 2 or Embedded SIM)\n- Dung lượng pin: 4500 mAh\nKhuyến mãi: - KM 1\n- Trả góp tới 06 tháng không lãi suất, trả trước 0 đồng với Samsung Finance+.\n- KM 2\n- Giảm thêm 1.900.000đ\n\nTên sản phẩm: điện thoại samsung galaxy s23 fe 5g 8gb/128gb - chính hãng\nMàu: Màu Xám, Màu Tím\nGiá: 12,890,000 ₫\nThông số kỹ thuật: - Công nghệ màn hình: Dynamic AMOLED 2X, Tần số làm tươi màn hình: 120 Hz\n- Độ phân giải: 1080 x 2340 (FHD+), Góc rộng: 50MP, Góc siêu rộng: 12MP, Zoom quang 3X: 8MP, 10MP (F2.4)\n- Kích thước màn hình: 6.4 inch\n- Hệ điều hành: Android\n- Vi xử lý: Exynos 2200\n- Bộ nhớ trong: 128GB\n- RAM: 8GB\n- Mạng di động: Có hỗ trợ 5G\n- Số khe SIM: SIM Kép (SIM 1 + SIM 2 or Embedded SIM)\n- Dung lượng pin: 4500 mAh\nKhuyến mãi: - KM 1\n- Trả góp tới 06 tháng không lãi suất, trả trước 0 đồng với Samsung Finance+.\n- KM 2\n- Giảm thêm 1.100.000đ\n\nTên sản phẩm: điện thoại samsung galaxy s23 - 8gb/256gb - chính hãng\nMàu: Không có thông tin\nGiá: Không có thông tin\nThông số kỹ thuật: - Độ phân giải: 2340 x 1080 (Màn hình phẳng FHD+), 50MP x 12MP x10MP, 12MP\n- Kích thước màn hình: 6.1  inch\n- Vi xử lý: Snapdragon® 8 Gen 2 Mobile Platform for Galaxy\n- Bộ nhớ trong: 256GB\n- RAM: 8GB\n- Mạng di động: Hỗ trợ 5G\n- Dung lượng pin: 3900 mAh\nKhuyến mãi: Không có khuyến mãi\n\nTên sản phẩm: điện thoại samsung galaxy s23 - 8gb/128gb - chính hãng\nMàu: Không có thông tin\nGiá: Không có thông tin\nThông số kỹ thuật: - Độ phân giải: 2340 x 1080 (Màn hình phẳng FHD+), 50MP x 12MP x10MP, 12MP\n- Kích thước màn hình: 6.1  inch\n- Vi xử lý: Snapdragon® 8 Gen 2 Mobile Platform for Galaxy\n- Bộ nhớ trong: 128GB\n- RAM: 8GB\n- Mạng di động: Hỗ trợ 5G\n- Dung lượng pin: 3900 mAh\nKhuyến mãi: Không có khuyến mãi']",Giá của điện thoại Samsung Galaxy S23 FE 5G là 14 890 000₫ cho phiên bản 8GB/256GB và 12 890 000₫ cho phiên bản 8GB/128GB.,"[{'statement': 'Giá của điện thoại Samsung Galaxy S23 FE 5G phiên bản 8GB/256GB là 14.890.000₫.', 'reason': [""Thông tin trong ngữ cảnh xác nhận rằng giá của 'điện thoại samsung galaxy s23 fe 5g 8gb/256gb - chính hãng' là 14,890,000 ₫.""], 'verdict': 1}, {'statement': 'Giá của điện thoại Samsung Galaxy S23 FE 5G phiên bản 8GB/128GB là 12.890.000₫.', 'reason': [""Thông tin trong ngữ cảnh xác nhận rằng giá của 'điện thoại samsung galaxy s23 fe 5g 8gb/128gb - chính hãng' là 12,890,000 ₫.""], 'verdict': 1}]",0.0,17.47,2025-08-20 17:50:01
22,Giá của điện thoại TCL 406S (4GB/64GB) là bao nhiêu?,"Giá của điện thoại TCL 406S (4GB/64GB) là 1,990,000 ₫.","['Tên sản phẩm: điện thoại tcl 406s (4gb/64gb) - chính hãng\nMàu: Màu Xám, Xanh Dương\nGiá: 1,990,000 ₫\nThông số kỹ thuật: - Công nghệ màn hình: IPS LCD\n- Độ phân giải: 720x1612, Camera chính 13MP f/2.2, Camera chiều sâu 2MP f/2.4, 5MP f/2.2\n- Kích thước màn hình: 6.6 inch\n- Hệ điều hành: Android 13\n- Vi xử lý: MediaTek Helio G25\n- Bộ nhớ trong: 64GB\n- RAM: 4GB\n- Mạng di động: 2G, 3G, 4G\n- Số khe SIM: 2 nano SIM\n- Dung lượng pin: 5000 mAh\nKhuyến mãi: - Giảm 5% không giới hạn khuyến mãi qua Homepaylater\n- Giảm 50% tối đa 700k khi mở thẻ tín dụng Vpbank trên SenID\n- Giảm 20% tối đa 500k khi mở thẻ tín dụng TPBank EVO\n- Giảm 1% tối đa 100.000đ khi thanh toán qua Zalopay\n\nTên sản phẩm: điện thoại tcl 408 (4gb/64gb) - chính hãng\nMàu: Xanh Dương, Màu Xám\nGiá: 2,090,000 ₫\nThông số kỹ thuật: - Công nghệ màn hình: IPS LCD\n- Độ phân giải: HD+ (720 x 1612), Camera chính 50MP f/1.8, Camera chiều sâu 2MP f/2.4, 8MP f/2.0\n- Kích thước màn hình: 6.6 inch\n- Hệ điều hành: Android 12\n- Vi xử lý: MediaTek MT6762\n- Bộ nhớ trong: 64GB\n- RAM: 4GB\n- Mạng di động: 2G, 3G, 4G\n- Số khe SIM: 2 nano SIM\n- Dung lượng pin: 5000 mAh\nKhuyến mãi: - Giảm 5% không giới hạn khuyến mãi qua Homepaylater\n- Giảm 50% tối đa 700k khi mở thẻ tín dụng Vpbank trên SenID\n- Giảm 20% tối đa 500k khi mở thẻ tín dụng TPBank EVO\n- Giảm 1% tối đa 100.000đ khi thanh toán qua Zalopay\n\nTên sản phẩm: điện thoại tcl 408 (4gb/128gb) - chính hãng\nMàu: Màu Xám, Xanh Dương\nGiá: 2,190,000 ₫\nThông số kỹ thuật: - Công nghệ màn hình: IPS LCD\n- Độ phân giải: HD+ (720 x 1612), Camera chính 50MP f/1.8, Camera chiều sâu 2MP f/2.4, 8MP f/2.0\n- Kích thước màn hình: 6.6 inch\n- Hệ điều hành: Android 12\n- Vi xử lý: MediaTek MT6762\n- Bộ nhớ trong: 128GB\n- RAM: 4GB\n- Mạng di động: 2G, 3G, 4G\n- Số khe SIM: 2 nano SIM\n- Dung lượng pin: 5000 mAh\nKhuyến mãi: - Giảm 5% không giới hạn khuyến mãi qua Homepaylater\n- Giảm 50% tối đa 700k khi mở thẻ tín dụng Vpbank trên SenID\n- Giảm 20% tối đa 500k khi mở thẻ tín dụng TPBank EVO\n- Giảm 1% tối đa 100.000đ khi thanh toán qua Zalopay\n\nTên sản phẩm: điện thoại tcl 40 se (6gb/256gb) - chính hãng\nMàu: Màu Tím, Màu Xám\nGiá: 2,990,000 ₫\nThông số kỹ thuật: - Công nghệ màn hình: IPS LCD, 90Hz\n- Độ phân giải: HD+ (720 x 1600), Camera chính 50MP f/1.8, Camera chiều sâu 2MP f/2.4, Camera macro 2MP f/2.4, 8MP f/2.0\n- Kích thước màn hình: 6.75 inch\n- Hệ điều hành: Android 13\n- Vi xử lý: MediaTek Helio G37\n- Bộ nhớ trong: 256GB\n- RAM: 6GB\n- Mạng di động: 2G, 3G, 4G\n- Số khe SIM: 2 nano SIM\n- Dung lượng pin: 5010 mAh\nKhuyến mãi: - Giảm 5% không giới hạn khuyến mãi qua Homepaylater\n- Giảm 50% tối đa 700k khi mở thẻ tín dụng Vpbank trên SenID\n- Giảm 20% tối đa 500k khi mở thẻ tín dụng TPBank EVO\n- Mở thẻ tín dụng VIB\n- Nhận Voucher 600.000đ\n- Giảm 1% tối đa 100.000đ khi thanh toán qua Zalopay']","Giá của điện thoại TCL 406S (4GB/64GB) là 1,990,000 ₫.","[{'statement': 'Giá của điện thoại TCL 406S (4GB/64GB) là 1,990,000 ₫.', 'reason': [""Ngữ cảnh cung cấp thông tin rằng 'Tên sản phẩm: điện thoại tcl 406s (4gb/64gb) - chính hãng' có 'Giá: 1,990,000 ₫'.""], 'verdict': 1}]",0.0,15.49,2025-08-20 17:49:59
32,Điện thoại realme C51 có kích thước màn hình bao nhiêu inch?,6.74 inch,"['Tên sản phẩm: điện thoại realme c51 3gb/64gb - chính hãng\nMàu: Màu Đen, Xanh\nGiá: 2,790,000 ₫\nThông số kỹ thuật: - Công nghệ màn hình: Tần số quét 90Hz\n- Độ phân giải: HD, 50M+QVGA, 5MP\n- Kích thước màn hình: 6.74 inch\n- Bộ nhớ trong: 64GB\n- RAM: 3GB\n- Dung lượng pin: 5000 mAh\nKhuyến mãi: - KM 1\n- Tặng Bộ quà Hoàng Hà (Chi tiết liên hệ 1900.2091)\n\nTên sản phẩm: realme c51 4gb/128gb- chính hãng\nMàu: Xanh, Màu Đen\nGiá: 3,290,000 ₫\nThông số kỹ thuật: - Công nghệ màn hình: Tần số quét 90Hz\n- Độ phân giải: HD, 50M+QVGA, 5MP\n- Kích thước màn hình: 6.74 inch\n- Hệ điều hành: T612\n- Bộ nhớ trong: 128GB\n- RAM: 4GB\n- Dung lượng pin: 5000 mAh\nKhuyến mãi: - KM 1\n- Tặng Bộ quà Hoàng Hà (Chi tiết liên hệ 1900.2091)\n\nTên sản phẩm: điện thoại realme c51 6gb/256gb - chính hãng\nMàu: Xanh, Màu Đen\nGiá: 3,890,000 ₫\nThông số kỹ thuật: - Công nghệ màn hình: Tần số quét 90Hz\n- Độ phân giải: HD, 50M+QVGA, 5MP\n- Kích thước màn hình: 6.74 inch\n- Bộ nhớ trong: 256GB\n- RAM: 6GB\n- Dung lượng pin: 5000 mAh\nKhuyến mãi: - Ưu đãi trả góp 0% qua Shinhan Finance hoặc Mirae Asset Finance\n- Giảm 5% không giới hạn khuyến mãi qua Homepaylater\n- Giảm thêm tới 700.000đ khi thanh toán qua Kredivo.\n- Giảm 50% tối đa 700k khi mở thẻ tín dụng Vpbank trên SenID\n- Giảm 20% tối đa 500k khi mở thẻ tín dụng TPBank EVO\n- Mở thẻ tín dụng VIB\n- Nhận Voucher 600.000đ\n- Giảm 1% tối đa 100.000đ khi thanh toán qua Zalopay\n\nTên sản phẩm: điện thoại realme c53 - 8gb/256gb- chính hãng\nMàu: Màu Đen, Màu Vàng\nGiá: 3,990,000 ₫\nThông số kỹ thuật: - Công nghệ màn hình: IPS LCD\n- Độ phân giải: HD 720*1600, Chính 50MP + 0.08MP, Chính 8MP\n- Kích thước màn hình: 6.74 inch\n- Hệ điều hành: Android 13, realme UI T Edition\n- Vi xử lý: UNISOC T612\n- Bộ nhớ trong: 256GB\n- RAM: 8GB + 8GB\n- Mạng di động: Không hỗ trợ 5G\n- Số khe SIM: 2 nano SIM + 1 khe thẻ nhớ\n- Dung lượng pin: 5000 mAh\nKhuyến mãi: - KM 1\n- Tặng phiếu mua hàng 200.000 khi thu cũ lên đời']","Kích thước màn hình của điện thoại realme C51 là 6,74 inch.","[{'statement': 'Kích thước màn hình của điện thoại realme C51 là 6,74 inch.', 'reason': [""Trong ngữ cảnh, thông số kỹ thuật của các phiên bản điện thoại realme C51 (3GB/64GB, 4GB/128GB, 6GB/256GB) đều ghi rõ 'Kích thước màn hình: 6.74 inch'.""], 'verdict': 1}]",0.0,22.84,2025-08-20 16:59:11
31,Điện thoại Oppo Reno11 F 5G có bao nhiêu màu sắc để lựa chọn?,"Điện thoại Oppo Reno11 F 5G có hai màu sắc để lựa chọn: Xanh Đen, Xanh.","['Tên sản phẩm: điện thoại oppo reno11 f 5g (8gb/256gb) - chính hãng\nMàu: Xanh Đen, Xanh\nGiá: 8,290,000 ₫\nThông số kỹ thuật: - Công nghệ màn hình: AMOLED, Tần số quét tối đa 120Hz, Tần số lấy mẫu cảm ứng tối đa 240Hz, Màn hình 1.07 tỷ màu (10 bit), Độ phủ màu 100% DCI-P3, 100% sRGB\n- Độ phân giải: 1080x2412, Camera chính: 64MP; f/1.7; FOV 81°; AF, Camera góc rộng: 8MP; f/2.2; FOV 112°, Camera macro: 2MP; f/2.4; FOV 89°, 32MP; f/2.4; FOV 90°\n- Kích thước màn hình: 6.7 inch\n- Hệ điều hành: ColorOS 14.0 trên nền tảng Android 14\n- Vi xử lý: MediaTek Dimensity 7050\n- Bộ nhớ trong: 256GB\n- RAM: 8GB\n- Mạng di động: 2G, 3G, 4G, 5G\n- Số khe SIM: 2 nano SIM\n- Dung lượng pin: 5000 mAh\nKhuyến mãi: - KM 1\n- Tặng phiếu mua hàng 400.000đ\n\nTên sản phẩm: điện thoại oppo reno10 5g (8gb/256gb) - chính hãng\nMàu: Xanh Dương, Màu Xám\nGiá: 8,990,000 ₫\nThông số kỹ thuật: - Công nghệ màn hình: 3D AMOLED, Tỉ lệ màn hình: 93.0%, Chế độ sống động: 100% DCI-P3, Chế độ bình thường: 100% sRGB, Màn hình 1.07 tỷ màu (10 bit)\n- Độ phân giải: FHD+ (1080 x 2412), Camera chính: 64MP; f/1.7; FOV 81°; ống kinh 6P; hỗ trợ AF; sử dụng động cơ vòng lặp mở., Telephoto: 32MP; f/2.0; FOV 49°; ống kính 6P; hỗ trợ AF; sử dụng động cơ vòng lặp mở., Góc mở rộng: 8MP; f/2.2; FOV 112°; ống kính 5P, cố định tiêu cự., Hỗ trợ 2x zoom quang học hybrid và 20x zoom kỹ thuật số., 32MP; f/2.4; FOV 89°; ống kính 5P lens, không hỗ trợ AF hay OIS\n- Kích thước màn hình: 6.7 inch\n- Hệ điều hành: ColorOS 13.1 trên nền tảng Android 13\n- Vi xử lý: MediaTek Dimensity 7050\n- Bộ nhớ trong: 256GB\n- RAM: 8GB\n- Mạng di động: 2G, 3G, 4G, 5G\n- Số khe SIM: 2 nano SIM\n- Dung lượng pin: 5000 mAh\nKhuyến mãi: - Thu cũ đổi mới lên đời OPPO Find N3 series: Tiết kiệm lên tới 20 triệu đồng\n- Trả góp 0% với Home Credit.\n- Ưu đãi trả góp 0% qua Shinhan Finance hoặc Mirae Asset Finance\n- Giảm 5% không giới hạn khuyến mãi qua Homepaylater\n- Giảm thêm tới 700.000đ khi thanh toán qua Kredivo.\n- Giảm 50% tối đa 700k khi mở thẻ tín dụng Vpbank trên SenID\n- Giảm 20% tối đa 500k khi mở thẻ tín dụng TPBank EVO\n- Mở thẻ tín dụng VIB\n- Nhận Voucher 600.000đ\n- Giảm 1% tối đa 100.000đ khi thanh toán qua Zalopay\n\nTên sản phẩm: điện thoại oppo reno10 5g (8gb/128gb) - chính hãng\nMàu: Xanh Dương\nGiá: 7,890,000 ₫\nThông số kỹ thuật: - Công nghệ màn hình: 3D AMOLED, Tỉ lệ màn hình: 93.0%, Chế độ sống động: 100% DCI-P3, Chế độ bình thường: 100% sRGB, Màn hình 1.07 tỷ màu (10 bit)\n- Độ phân giải: FHD+ (1080 x 2412), Camera chính: 64MP; f/1.7; FOV 81°; ống kinh 6P; hỗ trợ AF; sử dụng động cơ vòng lặp mở., Telephoto: 32MP; f/2.0; FOV 49°; ống kính 6P; hỗ trợ AF; sử dụng động cơ vòng lặp mở., Góc mở rộng: 8MP; f/2.2; FOV 112°; ống kính 5P, cố định tiêu cự., Hỗ trợ 2x zoom quang học hybrid và 20x zoom kỹ thuật số., 32MP; f/2.4; FOV 89°; ống kính 5P lens, không hỗ trợ AF hay OIS\n- Kích thước màn hình: 6.7 inch\n- Hệ điều hành: ColorOS 13.1 trên nền tảng Android 13\n- Vi xử lý: MediaTek Dimensity 7050\n- Bộ nhớ trong: 128GB\n- RAM: 8GB\n- Mạng di động: 2G, 3G, 4G, 5G\n- Số khe SIM: 2 nano SIM\n- Dung lượng pin: 5000 mAh\nKhuyến mãi: - Thu cũ đổi mới lên đời OPPO Find N3 series: Tiết kiệm lên tới 20 triệu đồng\n- Trả góp 0% với Home Credit.\n- Ưu đãi trả góp 0% qua Shinhan Finance hoặc Mirae Asset Finance\n- Giảm 5% không giới hạn khuyến mãi qua Homepaylater\n- Giảm thêm tới 700.000đ khi thanh toán qua Kredivo.\n- Giảm 50% tối đa 700k khi mở thẻ tín dụng Vpbank trên SenID\n- Giảm 20% tối đa 500k khi mở thẻ tín dụng TPBank EVO\n- Mở thẻ tín dụng VIB\n- Nhận Voucher 600.000đ\n- Giảm 1% tối đa 100.000đ khi thanh toán qua Zalopay\n\nTên sản phẩm: điện thoại oppo reno8 t 5g (8gb/128gb) - chính hãng\nMàu: Màu Đen, Màu Vàng\nGiá: 8,290,000 ₫\nThông số kỹ thuật: - Công nghệ màn hình: AMOLED\n- Độ phân giải: 1080 x 2412 pixels, 108 MP x 2 MP x 2 MP, 32 MP\n- Kích thước màn hình: 6.7  inch\n- Hệ điều hành: Coloros 13\n- Vi xử lý: Qualcomm Snapdragon 695 5G 8 nhân\n- Bộ nhớ trong: 128 GB\n- RAM: 8GB\n- Mạng di động: Hỗ trợ 5G\n- Số khe SIM: 2 SIM (Nano-SIM)\n- Dung lượng pin: 4800 mAh\nKhuyến mãi: - Trả góp 0% với Home Credit.\n- Ưu đãi trả góp 0% qua Shinhan Finance hoặc Mirae Asset Finance\n- Giảm 5% không giới hạn khuyến mãi qua Homepaylater\n- Giảm thêm tới 700.000đ khi thanh toán qua Kredivo.\n- Giảm 50% tối đa 700k khi mở thẻ tín dụng Vpbank trên SenID\n- Giảm 20% tối đa 500k khi mở thẻ tín dụng TPBank EVO\n- Mở thẻ tín dụng VIB\n- Nhận Voucher 600.000đ\n- Giảm 1% tối đa 100.000đ khi thanh toán qua Zalopay']",2 màu: Xanh Đen và Xanh.,"[{'statement': 'Điện thoại Oppo Reno11 F 5G có phiên bản màu Xanh Đen.', 'reason': [""The context lists the colors for the 'điện thoại oppo reno11 f 5g' as 'Xanh Đen, Xanh'.""], 'verdict': 1}, {'statement': 'Điện thoại Oppo Reno11 F 5G có phiên bản màu Xanh.', 'reason': [""The context lists the colors for the 'điện thoại oppo reno11 f 5g' as 'Xanh Đen, Xanh'.""], 'verdict': 1}]",0.0,33.2,2025-08-20 16:59:15
33,Điện thoại Samsung Galaxy A55 hỗ trợ mạng di động nào?,Điện thoại Samsung Galaxy A55 hỗ trợ mạng di động 5G.,"['Tên sản phẩm: điện thoại samsung galaxy a55 - 8gb/128gb - chính hãng\nMàu: Màu Đen, Xanh, Màu Tím\nGiá: 9,690,000 ₫\nThông số kỹ thuật: - Công nghệ màn hình: Super AMOLED, 120Hz\n- Độ phân giải: 1080 x 2400 (FHD+), 50+12+5MP, 32 MP\n- Kích thước màn hình: 6.6 inch\n- Hệ điều hành: Android 14\n- Vi xử lý: Exynos 1480\n- Bộ nhớ trong: 128GB\n- RAM: 8GB\n- Mạng di động: Hỗ trợ 5G\n- Số khe SIM: 1 SIM + 1 khe phụ (SIM/thẻ nhớ) hoặc eSim\n- Dung lượng pin: 5000 mAh\nKhuyến mãi: - KM 1\n- Tặng gói bảo hành HCare (Chi tiết liên hệ 1900.2091)\n\nTên sản phẩm: điện thoại samsung galaxy a54 5g 8gb/128gb - chính hãng\nMàu: Xanh, Màu Tím, Màu Đen\nGiá: 7,990,000 ₫\nThông số kỹ thuật: - Công nghệ màn hình: Super AMOLED\n- Độ phân giải: FHD+, 120Hz, 19.5:9, 12MP F2.2 (Siêu Rộng), 50MP F1.8 OIS (Rộng), 5MP F2.4 (Cận cảnh), 32MP F2.2\n- Kích thước màn hình: 6.4 inch\n- Vi xử lý: Exynos 1380\n- Bộ nhớ trong: 128GB\n- RAM: 8GB\n- Mạng di động: 5G\n- Dung lượng pin: 5000 mAh\nKhuyến mãi: - Ưu đãi trả góp 0% qua Shinhan Finance hoặc Mirae Asset Finance\n- Giảm 5% không giới hạn khuyến mãi qua Homepaylater\n- Giảm thêm tới 700.000đ khi thanh toán qua Kredivo.\n- Giảm 50% tối đa 700k khi mở thẻ tín dụng Vpbank trên SenID\n- Giảm 20% tối đa 500k khi mở thẻ tín dụng TPBank EVO\n- Mở thẻ tín dụng VIB\n- Nhận Voucher 600.000đ\n- Giảm 1% tối đa 100.000đ khi thanh toán qua Zalopay\n\nTên sản phẩm: điện thoại samsung galaxy a54 5g 8gb/256gb - chính hãng\nMàu: Không có thông tin\nGiá: Không có thông tin\nThông số kỹ thuật: - Công nghệ màn hình: Super AMOLED\n- Độ phân giải: FHD+, 120Hz, 19.5:9, 12MP F2.2 (Siêu Rộng), 50MP F1.8 OIS (Rộng), 5MP F2.4 (Cận cảnh), 32MP F2.2\n- Kích thước màn hình: 6.4 inch\n- Vi xử lý: Exynos 1380\n- Bộ nhớ trong: 256GB\n- RAM: 8GB\n- Mạng di động: 5G\n- Dung lượng pin: 5000 mAh\nKhuyến mãi: Không có khuyến mãi\n\nTên sản phẩm: samsung galaxy a53 5g - chính hãng\nMàu: Không có thông tin\nGiá: Không có thông tin\nThông số kỹ thuật: - Công nghệ màn hình: Super AMOLED\n- Độ phân giải: Full HD+ (1080 x 2400 Pixels), Chính 64 MP & Phụ 12 MP, 5 MP, 5 MP, 32 MP\n- Hệ điều hành: Android 12\n- Vi xử lý: Exynos 1280 8 nhân\n- Bộ nhớ trong: 128 GB\n- RAM: 8GB\n- Mạng di động: Hỗ trợ 5G\n- Số khe SIM: 2 Nano SIM (SIM 2 chung khe thẻ nhớ)\n- Dung lượng pin: 5000 mAh\nKhuyến mãi: Không có khuyến mãi']",Hỗ trợ 5G.,"[{'statement': 'Điện thoại Samsung Galaxy A55 hỗ trợ mạng 5G.', 'reason': [""Trong phần thông số kỹ thuật của 'điện thoại samsung galaxy a55 - 8gb/128gb - chính hãng', có mục 'Mạng di động: Hỗ trợ 5G'.""], 'verdict': 1}]",0.0,21.11,2025-08-20 16:59:19
34,Redmi Note 13 Pro có hệ điều hành nào?,Redmi Note 13 Pro sử dụng hệ điều hành MIUI 14 trên nền tảng Android 13.,"['Tên sản phẩm: điện thoại redmi note 13 pro (8gb/128gb) - chính hãng\nMàu: Màu Tím, Đen, Xanh Lá\nGiá: 6,890,000 ₫\nThông số kỹ thuật: - Công nghệ màn hình: AMOLED 120Hz, Tỉ lệ tương phản 5.000.000:1, Màn hình 10-bit màu, 100% DCI-P3, Màn hình Sunlight, Chứng nhận mức ánh sáng xanh thấp (Giải pháp phần cứng) của TÜV Rheinland | Chứng nhận thân thiện với đặc điểm sinh học của TÜV Rheinland | Chứng nhận không nhấp nháy của TÜV Rheinland | Chế độ đọc\n- Độ phân giải: 1080x2400, Camera chính 200MP f/1.65 OIS, Camera góc siêu rộng 8MP f/2.2, Camera Macro 2MP f/2.4, Camera trước 16MP f/2.4\n- Kích thước màn hình: 6.67 inch\n- Hệ điều hành: MIUI 14 trên nền tảng Android 13\n- Vi xử lý: MediaTek Helio G99 Ultra\n- Bộ nhớ trong: 128GB\n- RAM: 8GB\n- Mạng di động: 2G, 3G, 4G\n- Số khe SIM: 2 nano SIM\n- Dung lượng pin: 5000 mAh\nKhuyến mãi: - KM 1\n- Tặng Vipcare 1 đổi 1 ( nhập lại 600.000)\n\nTên sản phẩm: điện thoại redmi note 13 pro+ 5g (8gb/256gb) - chính hãng\nMàu: Đen, Màu Tím, Trắng\nGiá: 9,490,000 ₫\nThông số kỹ thuật: - Công nghệ màn hình: CrystalRes AMOLED, Độ sâu màu: 12-bit, Tỷ lệ tương phản: 5.000.000:1, 100% DCI-P3, Hỗ trợ Dolby Vision, Hỗ trợ chế độ đọc, Giảm độ sáng PWM 1920Hz, 16.000 mức điều chỉnh độ sáng, HDR10+, Chứng nhận mức ánh sáng xanh thấp (Giải pháp phần cứng) của TÜV RheinlandChứng nhận thân thiện với đặc điểm sinh học của TÜV RheinlandChứng nhận không nhấp nháy của TÜV Rheinland\n- Độ phân giải: 1220x2712, Camera chính 200MP OIS f/1.65, Camera góc siêu rộng 8MP f/2.2, Camera cận cảnh 2MP f/2.4, Camera trước 16MP f/2.4\n- Kích thước màn hình: 6.67 inch\n- Hệ điều hành: MIUI 14 trên nền tảng Android 13\n- Vi xử lý: MediaTek Dimensity 7200 Ultra\n- Bộ nhớ trong: 256GB\n- RAM: 8GB\n- Mạng di động: 2G, 3G, 4G, 5G\n- Số khe SIM: 2 nano SIM\n- Dung lượng pin: 5000 mAh\nKhuyến mãi: - Ưu đãi trả góp 0% qua Shinhan Finance hoặc Mirae Asset Finance\n- Giảm 5% không giới hạn khuyến mãi qua Homepaylater\n- Giảm thêm tới 700.000đ khi thanh toán qua Kredivo.\n- Giảm 50% tối đa 700k khi mở thẻ tín dụng Vpbank trên SenID\n- Giảm 20% tối đa 500k khi mở thẻ tín dụng TPBank EVO\n- Mở thẻ tín dụng VIB\n- Nhận Voucher 600.000đ\n\nTên sản phẩm: điện thoại redmi note 13 (6gb/128gb) - chính hãng\nMàu: Xanh Lá, Đen, Màu Vàng\nGiá: 4,690,000 ₫\nThông số kỹ thuật: - Công nghệ màn hình: AMOLED 120Hz, Tỉ lệ tương phản 5.000.000:1, 100% DCI-P3, Màn hình Sunlight, Chứng nhận mức ánh sáng xanh thấp (Giải pháp phần cứng) của TÜV Rheinland | Chứng nhận thân thiện với đặc điểm sinh học của TÜV Rheinland | Chứng nhận không nhấp nháy của TÜV Rheinland | Chế độ đọc\n- Độ phân giải: 1080x2400, Camera chính 108MP f/1.75, Camera góc siêu rộng 8MP f/2.2, Camera Macro 2MP, Camera trước 16MP f/2.4\n- Kích thước màn hình: 6.67 inch\n- Hệ điều hành: MIUI 14 trên nền tảng Android 13\n- Vi xử lý: Qualcomm Snapdragon 685\n- Bộ nhớ trong: 128GB\n- RAM: 6GB\n- Mạng di động: 2G, 3G, 4G\n- Số khe SIM: 2 nano SIM\n- Dung lượng pin: 5000 mAh\nKhuyến mãi: - KM 1\n- Tặng Vipcare 1 đổi 1 ( nhập lại 400.000)\n\nTên sản phẩm: điện thoại redmi note 11 pro (8gb/128gb) - chính hãng\nMàu: Không có thông tin\nGiá: Không có thông tin\nThông số kỹ thuật: - Công nghệ màn hình: AMOLED\n- Độ phân giải: Full HD+ (1080 x 2400 Pixels), Chính 108 MP & Phụ 8 MP, 2 MP, 2 MP, 16 MP\n- Kích thước màn hình: 6.67 inch\n- Hệ điều hành: Android 11\n- Vi xử lý: MediaTek Helio G96 8 nhân\n- Bộ nhớ trong: 128 GB\n- RAM: 8GB\n- Mạng di động: Hỗ trợ 4G\n- Số khe SIM: 2 Nano SIM (SIM 2 chung khe thẻ nhớ)\n- Dung lượng pin: 5000 mAh\nKhuyến mãi: Không có khuyến mãi']","Redmi Note 13 Pro chạy MIUI 14, nền tảng Android 13.","[{'statement': 'Redmi Note 13 Pro chạy hệ điều hành MIUI 14.', 'reason': [""Trong phần thông số kỹ thuật của sản phẩm 'điện thoại redmi note 13 pro (8gb/128gb) - chính hãng', context có ghi rõ 'Hệ điều hành: MIUI 14 trên nền tảng Android 13'.""], 'verdict': 1}, {'statement': 'Hệ điều hành MIUI 14 của Redmi Note 13 Pro được xây dựng trên nền tảng Android 13.', 'reason': [""Context cung cấp thông tin cho sản phẩm 'điện thoại redmi note 13 pro (8gb/128gb) - chính hãng' là 'Hệ điều hành: MIUI 14 trên nền tảng Android 13', điều này xác nhận câu trả lời là đúng.""], 'verdict': 1}]",0.0,27.46,2025-08-20 16:59:30
35,Điện thoại di động Masstel Fami 12s 4G có những ưu đãi gì khi mua qua các phương thức thanh toán khác nhau?,"Điện thoại di động Masstel Fami 12s 4G có các ưu đãi khi thanh toán qua các phương thức khác nhau như sau: giảm 5% không giới hạn khuyến mãi qua Homepaylater, giảm 50% tối đa 700 nghìn đồng khi mở thẻ tín dụng Vpbank trên SenID, giảm 20% tối đa 500 nghìn đồng khi mở thẻ tín dụng TPBank EVO, giảm 1% tối đa 100 nghìn đồng khi thanh toán qua Zalopay.","['Tên sản phẩm: điện thoại di động masstel fami 12s 4g - chính hãng\nMàu: Màu Đen, Xanh\nGiá: 600,000 ₫\nThông số kỹ thuật: - Công nghệ màn hình: QQVGA\n- Kích thước màn hình: 1.77 inch\n- Dung lượng pin: 1400 mAh\nKhuyến mãi: - Giảm 5% không giới hạn khuyến mãi qua Homepaylater\n- Giảm 50% tối đa 700k khi mở thẻ tín dụng Vpbank trên SenID\n- Giảm 20% tối đa 500k khi mở thẻ tín dụng TPBank EVO\n- Giảm 1% tối đa 100.000đ khi thanh toán qua Zalopay\n\nTên sản phẩm: điện thoại di động masstel fami 12 4g - chính hãng\nMàu: Navy, Gold, Màu Đen\nGiá: 650,000 ₫\nThông số kỹ thuật: - Công nghệ màn hình: QQVGA\n- Độ phân giải: 128*160, 0.08MP\n- Kích thước màn hình: 1.77 inch\n- Bộ nhớ trong: 256MB\n- RAM: 48MB\n- Số khe SIM: 2 nano SIM\n- Dung lượng pin: 1400 mAh\nKhuyến mãi: - Giảm 5% không giới hạn khuyến mãi qua Homepaylater\n- Giảm 50% tối đa 700k khi mở thẻ tín dụng Vpbank trên SenID\n- Giảm 20% tối đa 500k khi mở thẻ tín dụng TPBank EVO\n- Giảm 1% tối đa 100.000đ khi thanh toán qua Zalopay\n\nTên sản phẩm: điện thoại di động masstel fami 60 4g - chính hãng\nMàu: Gold, Black\nGiá: 740,000 ₫\nThông số kỹ thuật: - Công nghệ màn hình: TFT LCD\n- Độ phân giải: 176 x 220 Pixels, Không có\n- Hệ điều hành: Không có\n- Vi xử lý: Unisoc UIS8910\n- Bộ nhớ trong: 24 MB\n- RAM: 16GB\n- Mạng di động: Hỗ trợ 4G VoLTE\n- Số khe SIM: 2 Nano SIM\n- Dung lượng pin: 2000 mAh\nKhuyến mãi: - Giảm 5% không giới hạn khuyến mãi qua Homepaylater\n- Giảm 50% tối đa 700k khi mở thẻ tín dụng Vpbank trên SenID\n- Giảm 20% tối đa 500k khi mở thẻ tín dụng TPBank EVO\n- Giảm 1% tối đa 100.000đ khi thanh toán qua Zalopay\n\nTên sản phẩm: điện thoại di động masstel izi 12 4g - chính hãng\nMàu: Blue, Màu Đen, Black - Red\nGiá: 450,000 ₫\nThông số kỹ thuật: - Công nghệ màn hình: QQVGA, Màu màn hình: 262K\n- Độ phân giải: 128*160\n- Kích thước màn hình: 1.77 inch\n- Vi xử lý: ums9117\n- Bộ nhớ trong: 128MB\n- RAM: 48MB\n- Mạng di động:   inchGSM: 900/1800MHz  WCMA: 900/2100MHz, 4G-LTE: B1/3/7/ 8/20 inch\n- Số khe SIM: 2 nano SIM\n- Dung lượng pin: 1000 mAh\nKhuyến mãi: - Giảm 5% không giới hạn khuyến mãi qua Homepaylater\n- Giảm 50% tối đa 700k khi mở thẻ tín dụng Vpbank trên SenID\n- Giảm 20% tối đa 500k khi mở thẻ tín dụng TPBank EVO\n- Giảm 1% tối đa 100.000đ khi thanh toán qua Zalopay']","- Mua qua Homepaylater: giảm 5 % (không giới hạn).  
- Mở thẻ tín dụng Vpbank trên SenID: giảm 50 % tối đa 700 kđ.  
- Mở thẻ tín dụng TPBank EVO: giảm 20 % tối đa 500 kđ.  
- Thanh toán qua Zalopay: giảm 1 % tối đa 100 kđ.","[{'statement': 'Khi mua điện thoại di động Masstel Fami 12s 4G qua Homepaylater, khách hàng được giảm 5% không giới hạn.', 'reason': ['The context confirms that for the Masstel Fami 12s 4G, there is a promotion: ""Giảm 5% không giới hạn khuyến mãi qua Homepaylater"" (Unlimited 5% discount via Homepaylater).'], 'verdict': 1}, {'statement': 'Khi mở thẻ tín dụng Vpbank trên SenID để mua điện thoại Masstel Fami 12s 4G, khách hàng được giảm 50% tối đa 700,000 đồng.', 'reason': ['The context confirms that for the Masstel Fami 12s 4G, there is a promotion: ""Giảm 50% tối đa 700k khi mở thẻ tín dụng Vpbank trên SenID"" (50% discount up to 700k when opening a Vpbank credit card on SenID).'], 'verdict': 1}, {'statement': 'Khi mở thẻ tín dụng TPBank EVO để mua điện thoại Masstel Fami 12s 4G, khách hàng được giảm 20% tối đa 500,000 đồng.', 'reason': ['The context confirms that for the Masstel Fami 12s 4G, there is a promotion: ""Giảm 20% tối đa 500k khi mở thẻ tín dụng TPBank EVO"" (20% discount up to 500k when opening a TPBank EVO credit card).'], 'verdict': 1}, {'statement': 'Khi thanh toán mua điện thoại Masstel Fami 12s 4G qua Zalopay, khách hàng được giảm 1% tối đa 100,000 đồng.', 'reason': ['The context confirms that for the Masstel Fami 12s 4G, there is a promotion: ""Giảm 1% tối đa 100.000đ khi thanh toán qua Zalopay"" (1% discount up to 100,000đ when paying via Zalopay).'], 'verdict': 1}]",0.0,27.06,2025-08-20 16:59:39
36,Điện thoại Infinix Hot 40i chính hãng có bao nhiêu RAM?,Điện thoại Infinix Hot 40i chính hãng có 4GB RAM.,"['Tên sản phẩm: điện thoại infinix hot 40i (4+4gb/128gb) - chính hãng\nMàu: Xanh Dương, Đen, Màu Vàng, Xanh Lá\nGiá: 2,290,000 ₫\nThông số kỹ thuật: - Công nghệ màn hình: IPS LCD, 90Hz\n- Độ phân giải: 720x1612, Camera chính 50MP f/1.6, Camera phụ f/2.0, Camera trước 32MP f/2.2\n- Kích thước màn hình: 6.56 inch\n- Hệ điều hành: XOS 13 dựa trên Android 13\n- Vi xử lý: Unisoc T606\n- Bộ nhớ trong: 128GB\n- RAM: 4GB\n- Mạng di động: 2G, 3G, 4G\n- Số khe SIM: 2 nano SIM\n- Dung lượng pin: 5000 mAh\nKhuyến mãi: - KM 1\n- Tặng phiếu mua hàng 100.000đ.\n- KM 2\n- Tặng Bộ ốp lưng lego + kính cường lực trị giá 220.000đ (Số lượng có hạn).\n\nTên sản phẩm: điện thoại infinix hot 40i (8+8gb/256gb) - chính hãng\nMàu: Đen, Xanh Dương, Xanh Lá, Màu Vàng\nGiá: 3,090,000 ₫\nThông số kỹ thuật: - Công nghệ màn hình: IPS LCD, 90Hz\n- Độ phân giải: 720x1612, Camera chính 50MP f/1.6, Camera phụ f/2.0, Camera trước 32MP f/2.2\n- Kích thước màn hình: 6.56 inch\n- Hệ điều hành: XOS 13 dựa trên Android 13\n- Vi xử lý: Unisoc T606\n- Bộ nhớ trong: 256GB\n- RAM: 8GB\n- Mạng di động: 2G, 3G, 4G\n- Số khe SIM: 2 nano SIM\n- Dung lượng pin: 5000 mAh\nKhuyến mãi: - KM 1\n- Tặng phiếu mua hàng 200.000đ\n- KM 2\n- Tặng Bộ ốp lưng lego + kính cường lực trị giá 220.000đ (Số lượng có hạn).\n\nTên sản phẩm: điện thoại infinix hot 30i (4+4gb/128gb) - chính hãng\nMàu: Màu Vàng, Xanh Dương, Trắng, Màu Đen\nGiá: 2,090,000 ₫\nThông số kỹ thuật: - Công nghệ màn hình: IPS LCD, 90Hz\n- Độ phân giải: HD+ (720 x 1612), Camera góc rộng 13 MP f/1.9 AF, Camera chiều sâu 0.08 MP, 8 MP, f/2.0\n- Kích thước màn hình: 6.56 inch\n- Hệ điều hành: XOS dựa trên Android 12\n- Vi xử lý: Unisoc T606\n- Bộ nhớ trong: 128GB\n- RAM: 4GB\n- Mạng di động: 2G, 3G, 4G\n- Số khe SIM: 2 nano SIM\n- Dung lượng pin: 5000 mAh\nKhuyến mãi: - Giảm 5% không giới hạn khuyến mãi qua Homepaylater\n- Giảm 50% tối đa 700k khi mở thẻ tín dụng Vpbank trên SenID\n- Giảm 20% tối đa 500k khi mở thẻ tín dụng TPBank EVO\n- Giảm 1% tối đa 100.000đ khi thanh toán qua Zalopay\n\nTên sản phẩm: điện thoại infinix hot 40 pro (8+8gb/256gb) - chính hãng\nMàu: Xanh Dương, Đen, Xanh Lá, Màu Vàng\nGiá: 4,090,000 ₫\nThông số kỹ thuật: - Công nghệ màn hình: IPS LCD, 120Hz\n- Độ phân giải: 1080x2460, Camera chính 108MP f/1.75, Camera macro 2MP f/2.4, Camera phụ f/2.0, Camera trước 32MP f/2.2\n- Kích thước màn hình: 6.78 inch\n- Hệ điều hành: XOS 13 dựa trên Android 13\n- Vi xử lý: MediaTek Helio G99\n- Bộ nhớ trong: 256GB\n- RAM: 8GB\n- Mạng di động: 2G, 3G, 4G\n- Số khe SIM: 2 nano SIM\n- Dung lượng pin: 5000 mAh\nKhuyến mãi: - KM 1\n- Tặng phiếu mua hàng 200.000đ\n- KM 2\n- Tặng Bộ quà Gaming trị giá 450.000đ (số lượng có hạn).']",Điện thoại Infinix Hot 40i có RAM 4 GB hoặc 8 GB tùy theo phiên bản.,"[{'statement': 'Điện thoại Infinix Hot 40i có phiên bản RAM 4 GB.', 'reason': ['Trong ngữ cảnh có đề cập đến sản phẩm ""điện thoại infinix hot 40i (4+4gb/128gb) - chính hãng"" với thông số ""RAM: 4GB"".'], 'verdict': 1}, {'statement': 'Điện thoại Infinix Hot 40i có phiên bản RAM 8 GB.', 'reason': ['Trong ngữ cảnh có đề cập đến sản phẩm ""điện thoại infinix hot 40i (8+8gb/256gb) - chính hãng"" với thông số ""RAM: 8GB"".'], 'verdict': 1}]",0.0,29.09,2025-08-20 16:59:45
39,Giá của điện thoại zte blade a72 là bao nhiêu?,"Giá của điện thoại ZTE Blade A72 là 1,990,000 ₫.","['Tên sản phẩm: điện thoại zte blade a72 (3gb/128gb) - chính hãng\nMàu: Màu Xám, Xanh Dương\nGiá: 1,990,000 ₫\nThông số kỹ thuật: - Công nghệ màn hình: IPS LCD\n- Độ phân giải: 720x1600, Camera chính 13MP f/2.2, Camera chiều sâu 2MP, Camera Macro 2MP, 5MP\n- Kích thước màn hình: 6.745 inch\n- Hệ điều hành: Android 13\n- Vi xử lý: Unisoc T606\n- Bộ nhớ trong: 128GB\n- RAM: 3GB\n- Mạng di động: 2G, 3G, 4G\n- Số khe SIM: 2 nano SIM\n- Dung lượng pin: 5130 mAh\nKhuyến mãi: - KM 1\n- Tặng 100 điểm thành viên (Chi tiết liên hệ 1900.2091).\n\nTên sản phẩm: điện thoại zte blade a54 (4+4gb/128gb) - chính hãng\nMàu: Xanh Dương, Màu Tím, Màu Xám\nGiá: 2,290,000 ₫\nThông số kỹ thuật: - Công nghệ màn hình: IPS LCD\n- Độ phân giải: 720x1612, Camera chính 13MP, Camera phụ VGA, Camera trước 5MP\n- Kích thước màn hình: 6.6 inch\n- Hệ điều hành: Android 13\n- Vi xử lý: Unisoc SC9863A\n- Bộ nhớ trong: 128GB\n- RAM: 4GB\n- Mạng di động: 2G, 3G, 4G\n- Số khe SIM: 2 nano SIM\n- Dung lượng pin: 5000 mAh\nKhuyến mãi: - Giảm 5% không giới hạn khuyến mãi qua Homepaylater\n- Giảm 50% tối đa 700k khi mở thẻ tín dụng Vpbank trên SenID\n- Giảm 20% tối đa 500k khi mở thẻ tín dụng TPBank EVO\n- Giảm 1% tối đa 100.000đ khi thanh toán qua Zalopay\n\nTên sản phẩm: điện thoại inoi a72 (4gb/128gb) - chính hãng\nMàu: Màu Tím, Màu Xám\nGiá: 2,490,000 ₫\nThông số kỹ thuật: - Công nghệ màn hình: IPS LCD\n- Độ phân giải: 720x1600, Camera chính 13MP, Camera phụ 2MP, Camera trước 5MP\n- Kích thước màn hình: 6.5 inch\n- Hệ điều hành: Android 11\n- Vi xử lý: Unisoc T310\n- Bộ nhớ trong: 128GB\n- RAM: 4GB\n- Mạng di động: 2G, 3G, 4G\n- Số khe SIM: 2 Nano SIM\n- Dung lượng pin: 5000 mAh\nKhuyến mãi: - KM 1\n- Tặng phiếu mua hàng 200.000đ\n\nTên sản phẩm: điện thoại zte blade v50 design (8gb/256gb) - chính hãng\nMàu: Đen, Xanh Lá, Màu Tím\nGiá: 3,090,000 ₫\nThông số kỹ thuật: - Công nghệ màn hình: IPS LCD, 90Hz\n- Độ phân giải: FHD+ (1080x2408), Camera chính 50MP, Camera chiều sâu 2MP, Camera Macro 2MP, 8MP\n- Kích thước màn hình: 6.6 inch\n- Hệ điều hành: Android 13\n- Vi xử lý: Unisoc T606\n- Bộ nhớ trong: 256GB\n- RAM: 8GB\n- Mạng di động: 2G, 3G, 4G\n- Số khe SIM: 2 nano SIM\n- Dung lượng pin: 5000 mAh\nKhuyến mãi: - KM 1\n- Tặng 200 điểm thành viên (Chi tiết liên hệ 1900.2091).']",Giá của điện thoại ZTE Blade A72 là 1 990 000₫.,"[{'statement': 'Giá của điện thoại ZTE Blade A72 là 1.990.000₫.', 'reason': [""Thông tin trong ngữ cảnh xác nhận rằng giá của 'điện thoại zte blade a72' là '1,990,000 ₫'.""], 'verdict': 1}]",0.0,33.2,2025-08-20 17:00:14
37,Điện thoại Infinix Hot 40 Pro có bao nhiêu khe SIM?,Điện thoại Infinix Hot 40 Pro có 2 khe nano SIM.,"['Tên sản phẩm: điện thoại infinix hot 40 pro (8+8gb/256gb) - chính hãng\nMàu: Xanh Dương, Đen, Xanh Lá, Màu Vàng\nGiá: 4,090,000 ₫\nThông số kỹ thuật: - Công nghệ màn hình: IPS LCD, 120Hz\n- Độ phân giải: 1080x2460, Camera chính 108MP f/1.75, Camera macro 2MP f/2.4, Camera phụ f/2.0, Camera trước 32MP f/2.2\n- Kích thước màn hình: 6.78 inch\n- Hệ điều hành: XOS 13 dựa trên Android 13\n- Vi xử lý: MediaTek Helio G99\n- Bộ nhớ trong: 256GB\n- RAM: 8GB\n- Mạng di động: 2G, 3G, 4G\n- Số khe SIM: 2 nano SIM\n- Dung lượng pin: 5000 mAh\nKhuyến mãi: - KM 1\n- Tặng phiếu mua hàng 200.000đ\n- KM 2\n- Tặng Bộ quà Gaming trị giá 450.000đ (số lượng có hạn).\n\nTên sản phẩm: điện thoại infinix hot 40i (8+8gb/256gb) - chính hãng\nMàu: Đen, Xanh Dương, Xanh Lá, Màu Vàng\nGiá: 3,090,000 ₫\nThông số kỹ thuật: - Công nghệ màn hình: IPS LCD, 90Hz\n- Độ phân giải: 720x1612, Camera chính 50MP f/1.6, Camera phụ f/2.0, Camera trước 32MP f/2.2\n- Kích thước màn hình: 6.56 inch\n- Hệ điều hành: XOS 13 dựa trên Android 13\n- Vi xử lý: Unisoc T606\n- Bộ nhớ trong: 256GB\n- RAM: 8GB\n- Mạng di động: 2G, 3G, 4G\n- Số khe SIM: 2 nano SIM\n- Dung lượng pin: 5000 mAh\nKhuyến mãi: - KM 1\n- Tặng phiếu mua hàng 200.000đ\n- KM 2\n- Tặng Bộ ốp lưng lego + kính cường lực trị giá 220.000đ (Số lượng có hạn).\n\nTên sản phẩm: điện thoại infinix hot 40i (4+4gb/128gb) - chính hãng\nMàu: Xanh Dương, Đen, Màu Vàng, Xanh Lá\nGiá: 2,290,000 ₫\nThông số kỹ thuật: - Công nghệ màn hình: IPS LCD, 90Hz\n- Độ phân giải: 720x1612, Camera chính 50MP f/1.6, Camera phụ f/2.0, Camera trước 32MP f/2.2\n- Kích thước màn hình: 6.56 inch\n- Hệ điều hành: XOS 13 dựa trên Android 13\n- Vi xử lý: Unisoc T606\n- Bộ nhớ trong: 128GB\n- RAM: 4GB\n- Mạng di động: 2G, 3G, 4G\n- Số khe SIM: 2 nano SIM\n- Dung lượng pin: 5000 mAh\nKhuyến mãi: - KM 1\n- Tặng phiếu mua hàng 100.000đ.\n- KM 2\n- Tặng Bộ ốp lưng lego + kính cường lực trị giá 220.000đ (Số lượng có hạn).\n\nTên sản phẩm: infinix note 40 pro 8gb/256gb - chính hãng\nMàu: Đen Nham Thạch, Vàng Kim Quang, Xám Nano, Xanh Khổng Tước\nGiá: Giá: Liên hệ\nThông số kỹ thuật: - Công nghệ màn hình: AMOLED\n- Độ phân giải: FHD+ 1080*2436, 108MP(S5KHM6SX03-FGX9, 1/1.67 inch SENSOR,, 6P lens, F1.75, OIS+AF)OIS+2MP+2MP, 32MP (GC32E1-WA1XA, 1/3.1’’sensor,, 5P lens, F2.2, FF)\n- Kích thước màn hình: 6.78’’\n- Vi xử lý: MediaTek Helio G99 Ultimate\n- Bộ nhớ trong: 256GB\n- RAM: 8GB\n- Mạng di động: 4G/3G/2G\n- Số khe SIM: DUAL NANO SIM\n- Dung lượng pin: 5000mAh(TYP)\nKhuyến mãi: - Giảm 20% tối đa 500k khi mở thẻ tín dụng TPBank EVO']",Điện thoại Infinix Hot 40 Pro có 2 khe SIM nano.,"[{'statement': 'Điện thoại Infinix Hot 40 Pro có 2 khe SIM nano.', 'reason': ['Trong thông số kỹ thuật của sản phẩm ""điện thoại infinix hot 40 pro"", có ghi rõ ""Số khe SIM: 2 nano SIM"".'], 'verdict': 1}]",0.0,59.2,2025-08-20 17:00:19
40,Điện thoại INOI Note 13s có hệ điều hành gì?,ANDROID 13,"['Tên sản phẩm: điện thoại inoi note 13s (8gb/256gb) - chính hãng\nMàu: Màu Vàng, Màu Xám\nGiá: 3,390,000 ₫\nThông số kỹ thuật: - Công nghệ màn hình: IPS LCD\n- Độ phân giải: 720x1600, Camera chính 13MP, Camera phụ 2MP, Camera trước 5MP\n- Kích thước màn hình: 6.95 inch\n- Hệ điều hành: Android 13\n- Vi xử lý: Unisoc T606\n- Bộ nhớ trong: 256GB\n- RAM: 8GB\n- Mạng di động: 2G, 3G, 4G\n- Số khe SIM: 2 Nano SIM\n- Dung lượng pin: 5000 mAh\nKhuyến mãi: - KM 1\n- Tặng phiếu mua hàng 300.000đ.\n\nTên sản phẩm: điện thoại inoi a72 (4gb/128gb) - chính hãng\nMàu: Màu Tím, Màu Xám\nGiá: 2,490,000 ₫\nThông số kỹ thuật: - Công nghệ màn hình: IPS LCD\n- Độ phân giải: 720x1600, Camera chính 13MP, Camera phụ 2MP, Camera trước 5MP\n- Kích thước màn hình: 6.5 inch\n- Hệ điều hành: Android 11\n- Vi xử lý: Unisoc T310\n- Bộ nhớ trong: 128GB\n- RAM: 4GB\n- Mạng di động: 2G, 3G, 4G\n- Số khe SIM: 2 Nano SIM\n- Dung lượng pin: 5000 mAh\nKhuyến mãi: - KM 1\n- Tặng phiếu mua hàng 200.000đ\n\nTên sản phẩm: điện thoại inoi a83 (6gb/128gb) - chính hãng\nMàu: Xanh Dương, Đen\nGiá: 1,990,000 ₫\nThông số kỹ thuật: - Công nghệ màn hình: IPS LCD\n- Độ phân giải: 720x1600, Camera chính 48MP, Camera phụ 2MP, Camera trước 13MP\n- Kích thước màn hình: 6.52 inch\n- Hệ điều hành: Android 12\n- Vi xử lý: Unisoc T606\n- Bộ nhớ trong: 128GB\n- RAM: 6GB\n- Mạng di động: 2G, 3G, 4G\n- Số khe SIM: 2 Nano SIM\n- Dung lượng pin: 4000 mAh\nKhuyến mãi: - Giảm 5% không giới hạn khuyến mãi qua Homepaylater\n- Giảm 50% tối đa 700k khi mở thẻ tín dụng Vpbank trên SenID\n- Giảm 20% tối đa 500k khi mở thẻ tín dụng TPBank EVO\n- Giảm 1% tối đa 100.000đ khi thanh toán qua Zalopay\n\nTên sản phẩm: điện thoại redmi note 13 (6gb/128gb) - chính hãng\nMàu: Xanh Lá, Đen, Màu Vàng\nGiá: 4,690,000 ₫\nThông số kỹ thuật: - Công nghệ màn hình: AMOLED 120Hz, Tỉ lệ tương phản 5.000.000:1, 100% DCI-P3, Màn hình Sunlight, Chứng nhận mức ánh sáng xanh thấp (Giải pháp phần cứng) của TÜV Rheinland | Chứng nhận thân thiện với đặc điểm sinh học của TÜV Rheinland | Chứng nhận không nhấp nháy của TÜV Rheinland | Chế độ đọc\n- Độ phân giải: 1080x2400, Camera chính 108MP f/1.75, Camera góc siêu rộng 8MP f/2.2, Camera Macro 2MP, Camera trước 16MP f/2.4\n- Kích thước màn hình: 6.67 inch\n- Hệ điều hành: MIUI 14 trên nền tảng Android 13\n- Vi xử lý: Qualcomm Snapdragon 685\n- Bộ nhớ trong: 128GB\n- RAM: 6GB\n- Mạng di động: 2G, 3G, 4G\n- Số khe SIM: 2 nano SIM\n- Dung lượng pin: 5000 mAh\nKhuyến mãi: - KM 1\n- Tặng Vipcare 1 đổi 1 ( nhập lại 400.000)']",Hệ điều hành là Android 13.,"[{'statement': 'Điện thoại INOI Note 13s có hệ điều hành Android 13.', 'reason': [""Trong phần thông số kỹ thuật của sản phẩm 'điện thoại inoi note 13s', ngữ cảnh có ghi rõ 'Hệ điều hành: Android 13'.""], 'verdict': 1}]",0.0,33.2,2025-08-20 17:00:19
41,Điện thoại infinix hot 40i có bộ vi xử lý nào?,Vi xử lý của điện thoại Infinix Hot 40i là Unisoc T606.,"['Tên sản phẩm: điện thoại infinix hot 40i (4+4gb/128gb) - chính hãng\nMàu: Xanh Dương, Đen, Màu Vàng, Xanh Lá\nGiá: 2,290,000 ₫\nThông số kỹ thuật: - Công nghệ màn hình: IPS LCD, 90Hz\n- Độ phân giải: 720x1612, Camera chính 50MP f/1.6, Camera phụ f/2.0, Camera trước 32MP f/2.2\n- Kích thước màn hình: 6.56 inch\n- Hệ điều hành: XOS 13 dựa trên Android 13\n- Vi xử lý: Unisoc T606\n- Bộ nhớ trong: 128GB\n- RAM: 4GB\n- Mạng di động: 2G, 3G, 4G\n- Số khe SIM: 2 nano SIM\n- Dung lượng pin: 5000 mAh\nKhuyến mãi: - KM 1\n- Tặng phiếu mua hàng 100.000đ.\n- KM 2\n- Tặng Bộ ốp lưng lego + kính cường lực trị giá 220.000đ (Số lượng có hạn).\n\nTên sản phẩm: điện thoại infinix hot 40i (8+8gb/256gb) - chính hãng\nMàu: Đen, Xanh Dương, Xanh Lá, Màu Vàng\nGiá: 3,090,000 ₫\nThông số kỹ thuật: - Công nghệ màn hình: IPS LCD, 90Hz\n- Độ phân giải: 720x1612, Camera chính 50MP f/1.6, Camera phụ f/2.0, Camera trước 32MP f/2.2\n- Kích thước màn hình: 6.56 inch\n- Hệ điều hành: XOS 13 dựa trên Android 13\n- Vi xử lý: Unisoc T606\n- Bộ nhớ trong: 256GB\n- RAM: 8GB\n- Mạng di động: 2G, 3G, 4G\n- Số khe SIM: 2 nano SIM\n- Dung lượng pin: 5000 mAh\nKhuyến mãi: - KM 1\n- Tặng phiếu mua hàng 200.000đ\n- KM 2\n- Tặng Bộ ốp lưng lego + kính cường lực trị giá 220.000đ (Số lượng có hạn).\n\nTên sản phẩm: điện thoại infinix hot 40 pro (8+8gb/256gb) - chính hãng\nMàu: Xanh Dương, Đen, Xanh Lá, Màu Vàng\nGiá: 4,090,000 ₫\nThông số kỹ thuật: - Công nghệ màn hình: IPS LCD, 120Hz\n- Độ phân giải: 1080x2460, Camera chính 108MP f/1.75, Camera macro 2MP f/2.4, Camera phụ f/2.0, Camera trước 32MP f/2.2\n- Kích thước màn hình: 6.78 inch\n- Hệ điều hành: XOS 13 dựa trên Android 13\n- Vi xử lý: MediaTek Helio G99\n- Bộ nhớ trong: 256GB\n- RAM: 8GB\n- Mạng di động: 2G, 3G, 4G\n- Số khe SIM: 2 nano SIM\n- Dung lượng pin: 5000 mAh\nKhuyến mãi: - KM 1\n- Tặng phiếu mua hàng 200.000đ\n- KM 2\n- Tặng Bộ quà Gaming trị giá 450.000đ (số lượng có hạn).\n\nTên sản phẩm: điện thoại infinix hot 30i (4+4gb/128gb) - chính hãng\nMàu: Màu Vàng, Xanh Dương, Trắng, Màu Đen\nGiá: 2,090,000 ₫\nThông số kỹ thuật: - Công nghệ màn hình: IPS LCD, 90Hz\n- Độ phân giải: HD+ (720 x 1612), Camera góc rộng 13 MP f/1.9 AF, Camera chiều sâu 0.08 MP, 8 MP, f/2.0\n- Kích thước màn hình: 6.56 inch\n- Hệ điều hành: XOS dựa trên Android 12\n- Vi xử lý: Unisoc T606\n- Bộ nhớ trong: 128GB\n- RAM: 4GB\n- Mạng di động: 2G, 3G, 4G\n- Số khe SIM: 2 nano SIM\n- Dung lượng pin: 5000 mAh\nKhuyến mãi: - Giảm 5% không giới hạn khuyến mãi qua Homepaylater\n- Giảm 50% tối đa 700k khi mở thẻ tín dụng Vpbank trên SenID\n- Giảm 20% tối đa 500k khi mở thẻ tín dụng TPBank EVO\n- Giảm 1% tối đa 100.000đ khi thanh toán qua Zalopay']",Bộ vi xử lý của điện thoại Infinix Hot 40i là Unisoc T606.,"[{'statement': 'Điện thoại Infinix Hot 40i sử dụng bộ vi xử lý Unisoc T606.', 'reason': [""Trong ngữ cảnh, cả hai phiên bản của 'điện thoại infinix hot 40i' đều được liệt kê với thông số 'Vi xử lý: Unisoc T606'.""], 'verdict': 1}]",0.0,16.07,2025-08-20 17:00:31
38,Điện thoại di động Masstel Izi T2 4G có những chương trình khuyến mãi nào?,"Điện thoại di động Masstel Izi T2 4G có các chương trình khuyến mãi như giảm 5% không giới hạn khuyến mãi qua Homepaylater, giảm 50% tối đa 700k khi mở thẻ tín dụng Vpbank trên SenID, giảm 20% tối đa 500k khi mở thẻ tín dụng TPBank EVO, giảm 1% tối đa 100.000đ khi thanh toán qua Zalopay.","['Tên sản phẩm: điện thoại di động masstel izi t2 4g - chính hãng\nMàu: Xanh, Màu Đen\nGiá: 480,000 ₫\nThông số kỹ thuật: - Công nghệ màn hình: QVGA, Màu màn hình: 16.7M\n- Độ phân giải: 240*320\n- Kích thước màn hình: 2.4 inch\n- Vi xử lý: T107 (UMS9117)\n- Bộ nhớ trong: ROM 128MB, Danh bạ lưu được 2000 số\n- RAM: 48MB\n- Mạng di động: GSM: 900/1800MHz, WCDMA: 900/2100 MHz, 4G-LTE: B1/ 3/ 7/ 8/ 20\n- Số khe SIM: 2 nano SIM\n- Dung lượng pin: 1800 mAh\nKhuyến mãi: - Giảm 5% không giới hạn khuyến mãi qua Homepaylater\n- Giảm 50% tối đa 700k khi mở thẻ tín dụng Vpbank trên SenID\n- Giảm 20% tối đa 500k khi mở thẻ tín dụng TPBank EVO\n- Giảm 1% tối đa 100.000đ khi thanh toán qua Zalopay\n\nTên sản phẩm: điện thoại di động masstel izi 12 4g - chính hãng\nMàu: Blue, Màu Đen, Black - Red\nGiá: 450,000 ₫\nThông số kỹ thuật: - Công nghệ màn hình: QQVGA, Màu màn hình: 262K\n- Độ phân giải: 128*160\n- Kích thước màn hình: 1.77 inch\n- Vi xử lý: ums9117\n- Bộ nhớ trong: 128MB\n- RAM: 48MB\n- Mạng di động:   inchGSM: 900/1800MHz  WCMA: 900/2100MHz, 4G-LTE: B1/3/7/ 8/20 inch\n- Số khe SIM: 2 nano SIM\n- Dung lượng pin: 1000 mAh\nKhuyến mãi: - Giảm 5% không giới hạn khuyến mãi qua Homepaylater\n- Giảm 50% tối đa 700k khi mở thẻ tín dụng Vpbank trên SenID\n- Giảm 20% tối đa 500k khi mở thẻ tín dụng TPBank EVO\n- Giảm 1% tối đa 100.000đ khi thanh toán qua Zalopay\n\nTên sản phẩm: điện thoại di động masstel izi 15 - chính hãng\nMàu: Màu Đen, Xanh, Đỏ Đen\nGiá: 450,000 ₫\nThông số kỹ thuật: - Công nghệ màn hình: QQVGA, Màu màn hình: 262K\n- Độ phân giải: 128*160\n- Kích thước màn hình: 1.77  inch\n- Vi xử lý: T107 (UMS9117)\n- Bộ nhớ trong: 128MB\n- Mạng di động: GSM 900/1800MHz, WCDMA: 900/2100 MHz, 4G-LTE: B1/ 3/ 7/ 8/20\n- Số khe SIM: 2 nano SIM\n- Dung lượng pin: 1000 mAh\nKhuyến mãi: - Giảm 5% không giới hạn khuyến mãi qua Homepaylater\n- Giảm 50% tối đa 700k khi mở thẻ tín dụng Vpbank trên SenID\n- Giảm 20% tối đa 500k khi mở thẻ tín dụng TPBank EVO\n- Giảm 1% tối đa 100.000đ khi thanh toán qua Zalopay\n\nTên sản phẩm: điện thoại di động masstel izi 30 - chính hãng\nMàu: Màu Vàng, Màu Đen\nGiá: 600,000 ₫\nThông số kỹ thuật: - Công nghệ màn hình: QVGA, Màu màn hình 16.7M\n- Độ phân giải: 240*320\n- Kích thước màn hình: 2.4 inch\n- Vi xử lý: T107 (UMS9117)\n- Bộ nhớ trong: 128MB\n- RAM: 48MB\n- Mạng di động: GSM: 900/1800MHz, WCDMA: 900/2100 MHz, 4G-LTE: B1/ 3/ 7/ 8/ 20\n- Số khe SIM: 2 nano SIM\n- Dung lượng pin: 1800 mAh\nKhuyến mãi: - Giảm 5% không giới hạn khuyến mãi qua Homepaylater\n- Giảm 50% tối đa 700k khi mở thẻ tín dụng Vpbank trên SenID\n- Giảm 20% tối đa 500k khi mở thẻ tín dụng TPBank EVO\n- Giảm 1% tối đa 100.000đ khi thanh toán qua Zalopay']","Chương trình khuyến mãi cho điện thoại Masstel Izi T2 4G gồm:

- Giảm 5% khi thanh toán qua Homepaylater  
- Giảm 50% tối đa 700k khi mở thẻ tín dụng Vpbank trên SenID  
- Giảm 20% tối đa 500k khi mở thẻ tín dụng TPBank EVO  
- Giảm 1% tối đa 100.000đ khi thanh toán qua Zalopay","[{'statement': 'Điện thoại Masstel Izi T2 4G được giảm 5% khi thanh toán qua Homepaylater.', 'reason': [""Trong ngữ cảnh, thông tin về sản phẩm 'điện thoại di động masstel izi t2 4g - chính hãng' có liệt kê khuyến mãi: 'Giảm 5% không giới hạn khuyến mãi qua Homepaylater'. Do đó, câu trả lời này là đúng.""], 'verdict': 1}, {'statement': 'Khách hàng được giảm 50% tối đa 700k khi mở thẻ tín dụng Vpbank trên SenID để mua điện thoại Masstel Izi T2 4G.', 'reason': [""Trong ngữ cảnh, thông tin về sản phẩm 'điện thoại di động masstel izi t2 4g - chính hãng' có liệt kê khuyến mãi: 'Giảm 50% tối đa 700k khi mở thẻ tín dụng Vpbank trên SenID'. Do đó, câu trả lời này là đúng.""], 'verdict': 1}, {'statement': 'Khách hàng được giảm 20% tối đa 500k khi mở thẻ tín dụng TPBank EVO để mua điện thoại Masstel Izi T2 4G.', 'reason': [""Trong ngữ cảnh, thông tin về sản phẩm 'điện thoại di động masstel izi t2 4g - chính hãng' có liệt kê khuyến mãi: 'Giảm 20% tối đa 500k khi mở thẻ tín dụng TPBank EVO'. Do đó, câu trả lời này là đúng.""], 'verdict': 1}, {'statement': 'Điện thoại Masstel Izi T2 4G được giảm 1% tối đa 100.000đ khi thanh toán qua Zalopay.', 'reason': [""Trong ngữ cảnh, thông tin về sản phẩm 'điện thoại di động masstel izi t2 4g - chính hãng' có liệt kê khuyến mãi: 'Giảm 1% tối đa 100.000đ khi thanh toán qua Zalopay'. Do đó, câu trả lời này là đúng.""], 'verdict': 1}]",0.0,61.18,2025-08-20 17:00:32
43,Điện thoại AI Samsung Galaxy S24 Ultra có bao nhiêu camera và độ phân giải của chúng như thế nào?,"Điện thoại Samsung Galaxy S24 Ultra có bốn camera với độ phân giải là 200.0 MP, 50.0 MP, 12.0 MP, và 10.0 MP.","['Tên sản phẩm: điện thoại ai - samsung galaxy s24 ultra - 12gb/256gb - chính hãng\nMàu: Màu Xám, Màu Đen, Màu Tím, Màu Vàng\nGiá: 29,990,000 ₫\nThông số kỹ thuật: - Công nghệ màn hình: Dynamic AMOLED 2X, Tần số quát 120Hz\n- Độ phân giải: 3120 x 1440 (Quad HD+), 16 triệu màu, 200.0 MP + 50.0 MP + 12.0 MP + 10.0 MP, (F1.7 , F3.4 , F2.2 , F2.4), 12.0 MP\n- Kích thước màn hình: 6.8 inch\n- Vi xử lý: Snapdragon 8 Gen 3\n- Bộ nhớ trong: 256GB\n- RAM: 12GB\n- Số khe SIM: Nano-SIM (4FF),Embedded-SIM\n- Dung lượng pin: 5000 mAh\nKhuyến mãi: - KM 1\n- Trả góp tới 06 tháng không lãi suất, trả trước 0 đồng với Samsung Finance+.\n- KM 2\n\nTên sản phẩm: điện thoại ai - samsung galaxy s24 ultra - 12gb/512gb - chính hãng\nMàu: Màu Xám, Màu Tím, Màu Vàng, Màu Đen\nGiá: 33,490,000 ₫\nThông số kỹ thuật: - Công nghệ màn hình: Dynamic AMOLED 2X, Tần số quát 120Hz\n- Độ phân giải: 3120 x 1440 (Quad HD+), 16 triệu màu, 200.0 MP + 50.0 MP + 12.0 MP + 10.0 MP, (F1.7 , F3.4 , F2.2 , F2.4), 12.0 MP\n- Kích thước màn hình: 6.8 inch\n- Vi xử lý: Snapdragon 8 Gen 3\n- Bộ nhớ trong: 512GB\n- RAM: 12GB\n- Số khe SIM: Nano-SIM (4FF),Embedded-SIM\n- Dung lượng pin: 5000 mAh\nKhuyến mãi: - KM 1\n- Trả góp tới 06 tháng không lãi suất, trả trước 0 đồng với Samsung Finance+.\n- KM 2\n- Giảm thêm 1.000.000đ cho khách hàng thân thiết (Chi tiết LH 1900 2091)\n\nTên sản phẩm: điện thoại ai - samsung galaxy s24 ultra - 12gb/1tb - chính hãng\nMàu: Màu Vàng, Màu Đen, Màu Tím, Màu Xám\nGiá: 42,490,000 ₫\nThông số kỹ thuật: - Công nghệ màn hình: Dynamic AMOLED 2X, Tần số quát 120Hz\n- Độ phân giải: 3120 x 1440 (Quad HD+), 16 triệu màu, 200.0 MP + 50.0 MP + 12.0 MP + 10.0 MP, (F1.7 , F3.4 , F2.2 , F2.4), 12.0 MP\n- Kích thước màn hình: 6.8 inch\n- Vi xử lý: Snapdragon 8 Gen 3\n- Bộ nhớ trong: 1TB\n- RAM: 12GB\n- Số khe SIM: Nano-SIM (4FF),Embedded-SIM\n- Dung lượng pin: 5000 mAh\nKhuyến mãi: - KM 1\n- Trả góp tới 06 tháng không lãi suất, trả trước 0 đồng với Samsung Finance+.\n- KM 2\n- Giảm thêm 1.000.000đ qua QR Code\n\nTên sản phẩm: điện thoại samsung galaxy s24 ultra - 12gb/256gb - chính hãng (bhđt)\nMàu: Màu Xám, Màu Đen, Màu Tím\nGiá: 24,990,000 ₫\nThông số kỹ thuật: - Công nghệ màn hình: Dynamic AMOLED 2X, Tần số quát 120Hz\n- Độ phân giải: 3120 x 1440 (Quad HD+), 16 triệu màu, 200.0 MP + 50.0 MP + 12.0 MP + 10.0 MP, (F1.7 , F3.4 , F2.2 , F2.4), 12.0 MP\n- Kích thước màn hình: 6.8 inch\n- Vi xử lý: Snapdragon 8 Gen 3\n- Bộ nhớ trong: 256GB\n- RAM: 12GB\n- Số khe SIM: Nano-SIM (4FF),Embedded-SIM\n- Dung lượng pin: 5000 mAh\nKhuyến mãi: - KM 1\n- Trả góp tới 06 tháng không lãi suất, trả trước 0 đồng với Samsung Finance+.']","Điện thoại AI Samsung Galaxy S24 Ultra trang bị 4 camera, độ phân giải lần lượt 200.0 MP, 50.0 MP, 12.0 MP và 10.0 MP.","[{'statement': 'Điện thoại AI Samsung Galaxy S24 Ultra trang bị 4 camera.', 'reason': [""Trong phần thông số kỹ thuật, bối cảnh liệt kê độ phân giải camera là '200.0 MP + 50.0 MP + 12.0 MP + 10.0 MP', cho thấy có 4 camera.""], 'verdict': 1}, {'statement': 'Một camera của điện thoại AI Samsung Galaxy S24 Ultra có độ phân giải 200.0 MP.', 'reason': [""Bối cảnh liệt kê độ phân giải camera là '200.0 MP + 50.0 MP + 12.0 MP + 10.0 MP'.""], 'verdict': 1}, {'statement': 'Một camera của điện thoại AI Samsung Galaxy S24 Ultra có độ phân giải 50.0 MP.', 'reason': [""Bối cảnh liệt kê độ phân giải camera là '200.0 MP + 50.0 MP + 12.0 MP + 10.0 MP'.""], 'verdict': 1}, {'statement': 'Một camera của điện thoại AI Samsung Galaxy S24 Ultra có độ phân giải 12.0 MP.', 'reason': [""Bối cảnh liệt kê độ phân giải camera là '200.0 MP + 50.0 MP + 12.0 MP + 10.0 MP', và cũng liệt kê một camera trước có độ phân giải '12.0 MP'.""], 'verdict': 1}, {'statement': 'Một camera của điện thoại AI Samsung Galaxy S24 Ultra có độ phân giải 10.0 MP.', 'reason': [""Bối cảnh liệt kê độ phân giải camera là '200.0 MP + 50.0 MP + 12.0 MP + 10.0 MP'.""], 'verdict': 1}]",0.0,21.89,2025-08-20 17:00:42
45,Điện thoại ai - Samsung Galaxy S24 Plus có dung lượng pin là bao nhiêu?,Điện thoại Samsung Galaxy S24 Plus có dung lượng pin 4900 mAh.,"['Tên sản phẩm: điện thoại ai - samsung galaxy s24 plus - 12gb/256gb - chính hãng\nMàu: Màu Xám, Màu Đen, Màu Vàng, Màu Tím\nGiá: 25,990,000 ₫\nThông số kỹ thuật: - Công nghệ màn hình: Dynamic AMOLED 2X\n- Độ phân giải: 3120 x 1440 (Quad HD+), 16 Triệu màu, 50.0 MP + 10.0 MP + 12.0 MP, (F1.8 , F2.4 , F2.2), 12.0 MP, (F2.2)\n- Kích thước màn hình: 6.7 inch\n- Vi xử lý: Exynos 2400 8 nhân\n- Bộ nhớ trong: 256GB\n- RAM: 12GB\n- Số khe SIM: Nano-SIM (4FF),Embedded-SIM\n- Dung lượng pin: 4900 mAh\nKhuyến mãi: - KM 1\n- Trả góp tới 06 tháng không lãi suất, trả trước 0 đồng với Samsung Finance+.\n- KM 2\n- Giảm thêm 1.000.000đ cho khách hàng thân thiết (Chi tiết LH 1900 2091)\n\nTên sản phẩm: điện thoại ai - samsung galaxy s24 plus - 12gb/512gb - chính hãng\nMàu: Màu Xám, Màu Vàng, Màu Đen, Màu Tím\nGiá: 29,490,000 ₫\nThông số kỹ thuật: - Công nghệ màn hình: Dynamic AMOLED 2X\n- Độ phân giải: 3120 x 1440 (Quad HD+), 16 Triệu màu, 50.0 MP + 10.0 MP + 12.0 MP, (F1.8 , F2.4 , F2.2), 12.0 MP, (F2.2)\n- Kích thước màn hình: 6.7 inch\n- Vi xử lý: Exynos 2400\n- Bộ nhớ trong: 512GB\n- RAM: 12GB\n- Số khe SIM: Nano-SIM (4FF),Embedded-SIM\n- Dung lượng pin: 4900 mAh\nKhuyến mãi: - KM 1\n- Trả góp tới 06 tháng không lãi suất, trả trước 0 đồng với Samsung Finance+.\n- KM 2\n- Giảm thêm 1.000.000đ cho khách hàng thân thiết (Chi tiết LH 1900 2091)\n\nTên sản phẩm: điện thoại samsung galaxy s23 plus - 8gb/256gb - chính hãng\nMàu: Không có thông tin\nGiá: Không có thông tin\nThông số kỹ thuật: - Độ phân giải: 2340 x 1080 (Màn hình phẳng FHD+), 50MP x 12MP x 10 MP, 12MP\n- Kích thước màn hình: 6.6  inch\n- Vi xử lý: Snapdragon® 8 Gen 2 Mobile Platform for Galaxy\n- Bộ nhớ trong: 256GB\n- RAM: 8GB\n- Mạng di động: Hỗ trợ 5G\n- Dung lượng pin: 4700 mAh\nKhuyến mãi: Không có khuyến mãi\n\nTên sản phẩm: điện thoại ai - samsung galaxy s24 ultra - 12gb/256gb - chính hãng\nMàu: Màu Xám, Màu Đen, Màu Tím, Màu Vàng\nGiá: 29,990,000 ₫\nThông số kỹ thuật: - Công nghệ màn hình: Dynamic AMOLED 2X, Tần số quát 120Hz\n- Độ phân giải: 3120 x 1440 (Quad HD+), 16 triệu màu, 200.0 MP + 50.0 MP + 12.0 MP + 10.0 MP, (F1.7 , F3.4 , F2.2 , F2.4), 12.0 MP\n- Kích thước màn hình: 6.8 inch\n- Vi xử lý: Snapdragon 8 Gen 3\n- Bộ nhớ trong: 256GB\n- RAM: 12GB\n- Số khe SIM: Nano-SIM (4FF),Embedded-SIM\n- Dung lượng pin: 5000 mAh\nKhuyến mãi: - KM 1\n- Trả góp tới 06 tháng không lãi suất, trả trước 0 đồng với Samsung Finance+.\n- KM 2']",Samsung Galaxy S24 Plus có dung lượng pin 4900 mAh.,"[{'statement': 'Điện thoại Samsung Galaxy S24 Plus có dung lượng pin 4900 mAh.', 'reason': [""Trong ngữ cảnh, thông số kỹ thuật của 'điện thoại ai - samsung galaxy s24 plus - 12gb/256gb - chính hãng' và 'điện thoại ai - samsung galaxy s24 plus - 12gb/512gb - chính hãng' đều ghi rõ 'Dung lượng pin: 4900 mAh'.""], 'verdict': 1}]",0.0,48.15,2025-08-20 17:01:21
44,Giá của điện thoại inoi a72 (4gb/128gb) là bao nhiêu?,"Giá của điện thoại inoi a72 (4gb/128gb) là 2,490,000 ₫","['Tên sản phẩm: điện thoại inoi a72 (4gb/128gb) - chính hãng\nMàu: Màu Tím, Màu Xám\nGiá: 2,490,000 ₫\nThông số kỹ thuật: - Công nghệ màn hình: IPS LCD\n- Độ phân giải: 720x1600, Camera chính 13MP, Camera phụ 2MP, Camera trước 5MP\n- Kích thước màn hình: 6.5 inch\n- Hệ điều hành: Android 11\n- Vi xử lý: Unisoc T310\n- Bộ nhớ trong: 128GB\n- RAM: 4GB\n- Mạng di động: 2G, 3G, 4G\n- Số khe SIM: 2 Nano SIM\n- Dung lượng pin: 5000 mAh\nKhuyến mãi: - KM 1\n- Tặng phiếu mua hàng 200.000đ\n\nTên sản phẩm: điện thoại inoi a83 (6gb/128gb) - chính hãng\nMàu: Xanh Dương, Đen\nGiá: 1,990,000 ₫\nThông số kỹ thuật: - Công nghệ màn hình: IPS LCD\n- Độ phân giải: 720x1600, Camera chính 48MP, Camera phụ 2MP, Camera trước 13MP\n- Kích thước màn hình: 6.52 inch\n- Hệ điều hành: Android 12\n- Vi xử lý: Unisoc T606\n- Bộ nhớ trong: 128GB\n- RAM: 6GB\n- Mạng di động: 2G, 3G, 4G\n- Số khe SIM: 2 Nano SIM\n- Dung lượng pin: 4000 mAh\nKhuyến mãi: - Giảm 5% không giới hạn khuyến mãi qua Homepaylater\n- Giảm 50% tối đa 700k khi mở thẻ tín dụng Vpbank trên SenID\n- Giảm 20% tối đa 500k khi mở thẻ tín dụng TPBank EVO\n- Giảm 1% tối đa 100.000đ khi thanh toán qua Zalopay\n\nTên sản phẩm: điện thoại zte blade a72 (3gb/128gb) - chính hãng\nMàu: Màu Xám, Xanh Dương\nGiá: 1,990,000 ₫\nThông số kỹ thuật: - Công nghệ màn hình: IPS LCD\n- Độ phân giải: 720x1600, Camera chính 13MP f/2.2, Camera chiều sâu 2MP, Camera Macro 2MP, 5MP\n- Kích thước màn hình: 6.745 inch\n- Hệ điều hành: Android 13\n- Vi xử lý: Unisoc T606\n- Bộ nhớ trong: 128GB\n- RAM: 3GB\n- Mạng di động: 2G, 3G, 4G\n- Số khe SIM: 2 nano SIM\n- Dung lượng pin: 5130 mAh\nKhuyến mãi: - KM 1\n- Tặng 100 điểm thành viên (Chi tiết liên hệ 1900.2091).\n\nTên sản phẩm: điện thoại inoi note 13s (8gb/256gb) - chính hãng\nMàu: Màu Vàng, Màu Xám\nGiá: 3,390,000 ₫\nThông số kỹ thuật: - Công nghệ màn hình: IPS LCD\n- Độ phân giải: 720x1600, Camera chính 13MP, Camera phụ 2MP, Camera trước 5MP\n- Kích thước màn hình: 6.95 inch\n- Hệ điều hành: Android 13\n- Vi xử lý: Unisoc T606\n- Bộ nhớ trong: 256GB\n- RAM: 8GB\n- Mạng di động: 2G, 3G, 4G\n- Số khe SIM: 2 Nano SIM\n- Dung lượng pin: 5000 mAh\nKhuyến mãi: - KM 1\n- Tặng phiếu mua hàng 300.000đ.']",Giá điện thoại inoi a72 (4GB/128GB) là 2.490.000 đồng.,"[{'statement': 'Giá điện thoại inoi a72 (4GB/128GB) là 2.490.000 đồng.', 'reason': [], 'verdict': 1}]",0.0,51.85,2025-08-20 17:01:24
46,Điện thoại inoi 288s có dung lượng pin bao nhiêu?,Điện thoại inoi 288s có dung lượng pin 1000 mAh.,"['Tên sản phẩm: điện thoại inoi 288s - chính hãng\nMàu: Bạc\nGiá: 1,190,000 ₫\nThông số kỹ thuật: - Công nghệ màn hình: LCD\n- Độ phân giải: QQVGA, 0.3MP\n- Kích thước màn hình: 2 inch\n- Mạng di động: 2G, 3G, 4G\n- Số khe SIM: 2 Nano SIM\n- Dung lượng pin: 1000 mAh\nKhuyến mãi: - Giảm 5% không giới hạn khuyến mãi qua Homepaylater\n- Giảm 50% tối đa 700k khi mở thẻ tín dụng Vpbank trên SenID\n- Giảm 20% tối đa 500k khi mở thẻ tín dụng TPBank EVO\n- Giảm 1% tối đa 100.000đ khi thanh toán qua Zalopay\n\nTên sản phẩm: điện thoại inoi a72 (4gb/128gb) - chính hãng\nMàu: Màu Tím, Màu Xám\nGiá: 2,490,000 ₫\nThông số kỹ thuật: - Công nghệ màn hình: IPS LCD\n- Độ phân giải: 720x1600, Camera chính 13MP, Camera phụ 2MP, Camera trước 5MP\n- Kích thước màn hình: 6.5 inch\n- Hệ điều hành: Android 11\n- Vi xử lý: Unisoc T310\n- Bộ nhớ trong: 128GB\n- RAM: 4GB\n- Mạng di động: 2G, 3G, 4G\n- Số khe SIM: 2 Nano SIM\n- Dung lượng pin: 5000 mAh\nKhuyến mãi: - KM 1\n- Tặng phiếu mua hàng 200.000đ\n\nTên sản phẩm: điện thoại inoi note 13s (8gb/256gb) - chính hãng\nMàu: Màu Vàng, Màu Xám\nGiá: 3,390,000 ₫\nThông số kỹ thuật: - Công nghệ màn hình: IPS LCD\n- Độ phân giải: 720x1600, Camera chính 13MP, Camera phụ 2MP, Camera trước 5MP\n- Kích thước màn hình: 6.95 inch\n- Hệ điều hành: Android 13\n- Vi xử lý: Unisoc T606\n- Bộ nhớ trong: 256GB\n- RAM: 8GB\n- Mạng di động: 2G, 3G, 4G\n- Số khe SIM: 2 Nano SIM\n- Dung lượng pin: 5000 mAh\nKhuyến mãi: - KM 1\n- Tặng phiếu mua hàng 300.000đ.\n\nTên sản phẩm: điện thoại nokia 230 - chính hãng\nMàu: Không có thông tin\nGiá: Không có thông tin\nThông số kỹ thuật: - Công nghệ màn hình: TFT LCD\n- Độ phân giải: QVGA (240 x 320 Pixels), 2 MP, 2 MP\n- Kích thước màn hình: 2.8 inch\n- Bộ nhớ trong: Không\n- RAM: Không\n- Mạng di động: Hỗ trợ 2G (không kết nối internet)\n- Số khe SIM: 2 SIM thường\n- Dung lượng pin: 1200 mAh\nKhuyến mãi: Không có khuyến mãi']",Dung lượng pin của điện thoại inoi 288s là 1000 mAh.,"[{'statement': 'Dung lượng pin của điện thoại inoi 288s là 1000 mAh.', 'reason': ['Trong phần thông số kỹ thuật của sản phẩm ""điện thoại inoi 288s - chính hãng"", có ghi rõ ""Dung lượng pin: 1000 mAh"".'], 'verdict': 1}]",0.0,50.04,2025-08-20 17:01:33
48,Điện thoại Poco X6 5G có được giảm giá trong chương trình khuyến mại nào không?,Điện thoại Poco X6 5G đang được giảm giá trong chương trình Flash sale với số lượng có hạn.,"['Tên sản phẩm: điện thoại poco x6 5g (8gb/256gb) - chính hãng\nMàu: Xanh Dương, Đen, Trắng\nGiá: 6,990,000 ₫\nThông số kỹ thuật: - Công nghệ màn hình: CrystalRes 1.5K Flow AMOLED DotDisplay, Tỷ lệ khung hình: 20: 9, Tỷ lệ tương phản: 5.000.000:1, Gam màu: 100% DCI-P3, Màn hình HDR chuyên nghiệp, Tốc độ làm mới: Lên đến 120Hz, Tốc độ lấy mẫu cảm ứng: 240Hz, Hỗ trợ chế độ ánh sáng mặt trời, Hỗ trợ chế độ chu kỳ, Hỗ trợ chế độ đọc\n- Độ phân giải: 1220x2712, Cảm biến góc rộng 64MP f/1.79, Cảm biến góc siêu rộng 8MP f/2.2, Cảm biến macro 2MP f/2.4, Camera trước 16MP f/2.45\n- Kích thước màn hình: 6.67 inch\n- Hệ điều hành: MIUI 14 cho POCO trên nền tảng Android\n- Vi xử lý: Snapdragon 7s Gen 2\n- Bộ nhớ trong: 256GB\n- RAM: 8GB\n- Mạng di động: 2G. 3G, 4G, 5G\n- Số khe SIM: 2 nano SIM\n- Dung lượng pin: 5100 mAh\nKhuyến mãi: - KM 1\n- Sản phẩm đang thuộc chương trình Flash sale (Số lượng có hạn)\n\nTên sản phẩm: điện thoại poco m4 pro 5g  (4gb/64gb) - chính hãng\nMàu: Màu Vàng, Màu Đen, Xanh\nGiá: 4,290,000 ₫\nThông số kỹ thuật: - Công nghệ màn hình: IPS LCD\n- Độ phân giải: Full HD+ (1080 x 2400 Pixels), Chính 50 MP & Phụ 8 MP, 16 MP\n- Hệ điều hành: Android 11\n- Vi xử lý: MediaTek Dimensity 810 5G 8 nhân\n- Bộ nhớ trong: 64 GB\n- RAM: 4GB\n- Mạng di động: Hỗ trợ 5G\n- Số khe SIM: 2 Nano SIM\n- Dung lượng pin: 5000 mAh\nKhuyến mãi: - Ưu đãi trả góp 0% qua Shinhan Finance hoặc Mirae Asset Finance\n- Giảm 5% không giới hạn khuyến mãi qua Homepaylater\n- Giảm thêm tới 700.000đ khi thanh toán qua Kredivo.\n- Giảm 50% tối đa 700k khi mở thẻ tín dụng Vpbank trên SenID\n- Giảm 20% tối đa 500k khi mở thẻ tín dụng TPBank EVO\n- Mở thẻ tín dụng VIB\n- Nhận Voucher 600.000đ\n- Giảm 1% tối đa 100.000đ khi thanh toán qua Zalopay\n\nTên sản phẩm: điện thoại xiaomi poco x3 6gb/128gb - chính hãng dgw\nMàu: Không có thông tin\nGiá: Không có thông tin\nThông số kỹ thuật: - Công nghệ màn hình: IPS LCD\n- Độ phân giải: Full HD+ (1080 x 2400 Pixels), Tần số quét 120Hz, Chính 64 MP & Phụ 13 MP, 2 MP, 2 MP, 20 MP\n- Kích thước màn hình: 6.67 inch\n- Hệ điều hành: Android 10\n- Vi xử lý: Snapdragon 732G 8 nhân\n- Bộ nhớ trong: 128 GB\n- RAM: 6GB\n- Mạng di động: Hỗ trợ 4G\n- Số khe SIM: 2 Nano SIM (SIM 1 chung khe thẻ nhớ)\n- Dung lượng pin: 5160 mAh\nKhuyến mãi: Không có khuyến mãi\n\nTên sản phẩm: điện thoại xiaomi poco x3 6gb/64gb - chính hãng dgw\nMàu: Không có thông tin\nGiá: Không có thông tin\nThông số kỹ thuật: - Công nghệ màn hình: IPS LCD\n- Độ phân giải: Full HD+ (1080 x 2400 Pixels), Tần số quét 120Hz, Chính 64 MP & Phụ 13 MP, 2 MP, 2 MP, 20 MP\n- Kích thước màn hình: 6.67 inch\n- Hệ điều hành: Android 10\n- Vi xử lý: Snapdragon 732G 8 nhân\n- Bộ nhớ trong: 64 GB\n- RAM: 6GB\n- Mạng di động: Hỗ trợ 4G\n- Số khe SIM: 2 Nano SIM (SIM 1 chung khe thẻ nhớ)\n- Dung lượng pin: 5160 mAh\nKhuyến mãi: Không có khuyến mãi']","Có, điện thoại Poco X6 5G đang được khuyến mãi Flash sale với số lượng có hạn.","[{'statement': 'Điện thoại Poco X6 5G đang được khuyến mãi Flash sale.', 'reason': [""Trong phần thông tin về sản phẩm 'điện thoại poco x6 5g', mục 'Khuyến mãi' có ghi rõ 'Sản phẩm đang thuộc chương trình Flash sale'.""], 'verdict': 1}, {'statement': 'Chương trình khuyến mãi Flash sale cho điện thoại Poco X6 5G có số lượng có hạn.', 'reason': [""Trong phần thông tin về sản phẩm 'điện thoại poco x6 5g', mục 'Khuyến mãi' có ghi rõ 'Sản phẩm đang thuộc chương trình Flash sale (Số lượng có hạn)'.""], 'verdict': 1}]",0.0,11.58,2025-08-20 17:01:36
47,Điện thoại ai - samsung galaxy s24 ultra có khuyến mãi gì không?,"Điện thoại AI - Samsung Galaxy S24 Ultra có khuyến mãi trả góp không lãi suất tới 06 tháng, trả trước 0 đồng với Samsung Finance+.","['Tên sản phẩm: điện thoại ai - samsung galaxy s24 ultra - 12gb/256gb - chính hãng\nMàu: Màu Xám, Màu Đen, Màu Tím, Màu Vàng\nGiá: 29,990,000 ₫\nThông số kỹ thuật: - Công nghệ màn hình: Dynamic AMOLED 2X, Tần số quát 120Hz\n- Độ phân giải: 3120 x 1440 (Quad HD+), 16 triệu màu, 200.0 MP + 50.0 MP + 12.0 MP + 10.0 MP, (F1.7 , F3.4 , F2.2 , F2.4), 12.0 MP\n- Kích thước màn hình: 6.8 inch\n- Vi xử lý: Snapdragon 8 Gen 3\n- Bộ nhớ trong: 256GB\n- RAM: 12GB\n- Số khe SIM: Nano-SIM (4FF),Embedded-SIM\n- Dung lượng pin: 5000 mAh\nKhuyến mãi: - KM 1\n- Trả góp tới 06 tháng không lãi suất, trả trước 0 đồng với Samsung Finance+.\n- KM 2\n\nTên sản phẩm: điện thoại ai - samsung galaxy s24 ultra - 12gb/512gb - chính hãng\nMàu: Màu Xám, Màu Tím, Màu Vàng, Màu Đen\nGiá: 33,490,000 ₫\nThông số kỹ thuật: - Công nghệ màn hình: Dynamic AMOLED 2X, Tần số quát 120Hz\n- Độ phân giải: 3120 x 1440 (Quad HD+), 16 triệu màu, 200.0 MP + 50.0 MP + 12.0 MP + 10.0 MP, (F1.7 , F3.4 , F2.2 , F2.4), 12.0 MP\n- Kích thước màn hình: 6.8 inch\n- Vi xử lý: Snapdragon 8 Gen 3\n- Bộ nhớ trong: 512GB\n- RAM: 12GB\n- Số khe SIM: Nano-SIM (4FF),Embedded-SIM\n- Dung lượng pin: 5000 mAh\nKhuyến mãi: - KM 1\n- Trả góp tới 06 tháng không lãi suất, trả trước 0 đồng với Samsung Finance+.\n- KM 2\n- Giảm thêm 1.000.000đ cho khách hàng thân thiết (Chi tiết LH 1900 2091)\n\nTên sản phẩm: điện thoại ai - samsung galaxy s24 ultra - 12gb/1tb - chính hãng\nMàu: Màu Vàng, Màu Đen, Màu Tím, Màu Xám\nGiá: 42,490,000 ₫\nThông số kỹ thuật: - Công nghệ màn hình: Dynamic AMOLED 2X, Tần số quát 120Hz\n- Độ phân giải: 3120 x 1440 (Quad HD+), 16 triệu màu, 200.0 MP + 50.0 MP + 12.0 MP + 10.0 MP, (F1.7 , F3.4 , F2.2 , F2.4), 12.0 MP\n- Kích thước màn hình: 6.8 inch\n- Vi xử lý: Snapdragon 8 Gen 3\n- Bộ nhớ trong: 1TB\n- RAM: 12GB\n- Số khe SIM: Nano-SIM (4FF),Embedded-SIM\n- Dung lượng pin: 5000 mAh\nKhuyến mãi: - KM 1\n- Trả góp tới 06 tháng không lãi suất, trả trước 0 đồng với Samsung Finance+.\n- KM 2\n- Giảm thêm 1.000.000đ qua QR Code\n\nTên sản phẩm: điện thoại samsung galaxy s24 ultra - 12gb/256gb - chính hãng (bhđt)\nMàu: Màu Xám, Màu Đen, Màu Tím\nGiá: 24,990,000 ₫\nThông số kỹ thuật: - Công nghệ màn hình: Dynamic AMOLED 2X, Tần số quát 120Hz\n- Độ phân giải: 3120 x 1440 (Quad HD+), 16 triệu màu, 200.0 MP + 50.0 MP + 12.0 MP + 10.0 MP, (F1.7 , F3.4 , F2.2 , F2.4), 12.0 MP\n- Kích thước màn hình: 6.8 inch\n- Vi xử lý: Snapdragon 8 Gen 3\n- Bộ nhớ trong: 256GB\n- RAM: 12GB\n- Số khe SIM: Nano-SIM (4FF),Embedded-SIM\n- Dung lượng pin: 5000 mAh\nKhuyến mãi: - KM 1\n- Trả góp tới 06 tháng không lãi suất, trả trước 0 đồng với Samsung Finance+.']","Có, Samsung Galaxy S24 Ultra có khuyến mãi:

- Trả góp tới 06 tháng không lãi suất, trả trước 0 đồng qua Samsung Finance+ (KM 1)
- Đối với phiên bản 12 GB/512 GB: giảm 1 000 000 đ cho khách hàng thân thiết (KM 2)
- Đối với phiên bản 12 GB/1 TB: giảm 1 000 000 đ qua QR Code (KM 2)","[{'statement': 'Samsung Galaxy S24 Ultra có khuyến mãi trả góp tới 06 tháng không lãi suất, trả trước 0 đồng qua Samsung Finance+.', 'reason': ['The context confirms that all versions of the Samsung Galaxy S24 Ultra have a promotion for 0% interest installment for up to 6 months with 0 dong down payment via Samsung Finance+.'], 'verdict': 1}, {'statement': 'Phiên bản Samsung Galaxy S24 Ultra 12 GB/512 GB được giảm 1.000.000 đồng cho khách hàng thân thiết.', 'reason': ['The context for the Samsung Galaxy S24 Ultra - 12gb/512gb version explicitly states: ""Giảm thêm 1.000.000đ cho khách hàng thân thiết"" (Additional discount of 1,000,000 VND for loyal customers).'], 'verdict': 1}, {'statement': 'Phiên bản Samsung Galaxy S24 Ultra 12 GB/1 TB được giảm 1.000.000 đồng qua QR Code.', 'reason': ['The context for the Samsung Galaxy S24 Ultra - 12gb/1tb version explicitly states: ""Giảm thêm 1.000.000đ qua QR Code"" (Additional discount of 1,000,000 VND via QR Code).'], 'verdict': 1}]",0.0,16.26,2025-08-20 17:01:39
49,Giá của điện thoại inoi a83 là bao nhiêu?,"Giá của điện thoại inoi a83 là 1,990,000 ₫.","['Tên sản phẩm: điện thoại inoi a83 (6gb/128gb) - chính hãng\nMàu: Xanh Dương, Đen\nGiá: 1,990,000 ₫\nThông số kỹ thuật: - Công nghệ màn hình: IPS LCD\n- Độ phân giải: 720x1600, Camera chính 48MP, Camera phụ 2MP, Camera trước 13MP\n- Kích thước màn hình: 6.52 inch\n- Hệ điều hành: Android 12\n- Vi xử lý: Unisoc T606\n- Bộ nhớ trong: 128GB\n- RAM: 6GB\n- Mạng di động: 2G, 3G, 4G\n- Số khe SIM: 2 Nano SIM\n- Dung lượng pin: 4000 mAh\nKhuyến mãi: - Giảm 5% không giới hạn khuyến mãi qua Homepaylater\n- Giảm 50% tối đa 700k khi mở thẻ tín dụng Vpbank trên SenID\n- Giảm 20% tối đa 500k khi mở thẻ tín dụng TPBank EVO\n- Giảm 1% tối đa 100.000đ khi thanh toán qua Zalopay\n\nTên sản phẩm: điện thoại inoi a72 (4gb/128gb) - chính hãng\nMàu: Màu Tím, Màu Xám\nGiá: 2,490,000 ₫\nThông số kỹ thuật: - Công nghệ màn hình: IPS LCD\n- Độ phân giải: 720x1600, Camera chính 13MP, Camera phụ 2MP, Camera trước 5MP\n- Kích thước màn hình: 6.5 inch\n- Hệ điều hành: Android 11\n- Vi xử lý: Unisoc T310\n- Bộ nhớ trong: 128GB\n- RAM: 4GB\n- Mạng di động: 2G, 3G, 4G\n- Số khe SIM: 2 Nano SIM\n- Dung lượng pin: 5000 mAh\nKhuyến mãi: - KM 1\n- Tặng phiếu mua hàng 200.000đ\n\nTên sản phẩm: điện thoại inoi 288s - chính hãng\nMàu: Bạc\nGiá: 1,190,000 ₫\nThông số kỹ thuật: - Công nghệ màn hình: LCD\n- Độ phân giải: QQVGA, 0.3MP\n- Kích thước màn hình: 2 inch\n- Mạng di động: 2G, 3G, 4G\n- Số khe SIM: 2 Nano SIM\n- Dung lượng pin: 1000 mAh\nKhuyến mãi: - Giảm 5% không giới hạn khuyến mãi qua Homepaylater\n- Giảm 50% tối đa 700k khi mở thẻ tín dụng Vpbank trên SenID\n- Giảm 20% tối đa 500k khi mở thẻ tín dụng TPBank EVO\n- Giảm 1% tối đa 100.000đ khi thanh toán qua Zalopay\n\nTên sản phẩm: điện thoại inoi note 13s (8gb/256gb) - chính hãng\nMàu: Màu Vàng, Màu Xám\nGiá: 3,390,000 ₫\nThông số kỹ thuật: - Công nghệ màn hình: IPS LCD\n- Độ phân giải: 720x1600, Camera chính 13MP, Camera phụ 2MP, Camera trước 5MP\n- Kích thước màn hình: 6.95 inch\n- Hệ điều hành: Android 13\n- Vi xử lý: Unisoc T606\n- Bộ nhớ trong: 256GB\n- RAM: 8GB\n- Mạng di động: 2G, 3G, 4G\n- Số khe SIM: 2 Nano SIM\n- Dung lượng pin: 5000 mAh\nKhuyến mãi: - KM 1\n- Tặng phiếu mua hàng 300.000đ.']",Giá của điện thoại inoi a83 là 1.990.000₫,"[{'statement': 'Giá của điện thoại inoi a83 là 1.990.000₫.', 'reason': [""The context lists the product 'điện thoại inoi a83' and its price is stated as '1,990,000 ₫'.""], 'verdict': 1}]",0.0,10.25,2025-08-20 17:01:45
42,Giá của điện thoại ai - samsung galaxy s24 là bao nhiêu?,"25,490,000 ₫","['Tên sản phẩm: điện thoại ai - samsung galaxy s24 - 8gb/512gb - chính hãng\nMàu: Màu Tím, Màu Xám, Màu Vàng, Màu Đen\nGiá: 25,490,000 ₫\nThông số kỹ thuật: - Công nghệ màn hình: Dynamic AMOLED 2X\n- Độ phân giải: 2340 x 1080 (FHD+), 16Triệu màu, 50.0 MP + 10.0 MP + 12.0 MP, (F1.8 , F2.4 , F2.2), 12.0 MP\n- Kích thước màn hình: 6.2 inch\n- Vi xử lý: Exynos 2400\n- Bộ nhớ trong: 512GB\n- RAM: 8GB\n- Số khe SIM: Nano-SIM (4FF),Embedded-SIM\n- Dung lượng pin: 4000 mAh\nKhuyến mãi: - KM 1\n- Trả góp tới 06 tháng không lãi suất, trả trước 0 đồng với Samsung Finance+.\n- KM 2\n- Giảm thêm 1.000.000đ cho khách hàng thân thiết (Chi tiết LH 1900 2091)\n\nTên sản phẩm: điện thoại ai - samsung galaxy s24 plus - 12gb/256gb - chính hãng\nMàu: Màu Xám, Màu Đen, Màu Vàng, Màu Tím\nGiá: 25,990,000 ₫\nThông số kỹ thuật: - Công nghệ màn hình: Dynamic AMOLED 2X\n- Độ phân giải: 3120 x 1440 (Quad HD+), 16 Triệu màu, 50.0 MP + 10.0 MP + 12.0 MP, (F1.8 , F2.4 , F2.2), 12.0 MP, (F2.2)\n- Kích thước màn hình: 6.7 inch\n- Vi xử lý: Exynos 2400 8 nhân\n- Bộ nhớ trong: 256GB\n- RAM: 12GB\n- Số khe SIM: Nano-SIM (4FF),Embedded-SIM\n- Dung lượng pin: 4900 mAh\nKhuyến mãi: - KM 1\n- Trả góp tới 06 tháng không lãi suất, trả trước 0 đồng với Samsung Finance+.\n- KM 2\n- Giảm thêm 1.000.000đ cho khách hàng thân thiết (Chi tiết LH 1900 2091)\n\nTên sản phẩm: điện thoại ai - samsung galaxy s24 plus - 12gb/512gb - chính hãng\nMàu: Màu Xám, Màu Vàng, Màu Đen, Màu Tím\nGiá: 29,490,000 ₫\nThông số kỹ thuật: - Công nghệ màn hình: Dynamic AMOLED 2X\n- Độ phân giải: 3120 x 1440 (Quad HD+), 16 Triệu màu, 50.0 MP + 10.0 MP + 12.0 MP, (F1.8 , F2.4 , F2.2), 12.0 MP, (F2.2)\n- Kích thước màn hình: 6.7 inch\n- Vi xử lý: Exynos 2400\n- Bộ nhớ trong: 512GB\n- RAM: 12GB\n- Số khe SIM: Nano-SIM (4FF),Embedded-SIM\n- Dung lượng pin: 4900 mAh\nKhuyến mãi: - KM 1\n- Trả góp tới 06 tháng không lãi suất, trả trước 0 đồng với Samsung Finance+.\n- KM 2\n- Giảm thêm 1.000.000đ cho khách hàng thân thiết (Chi tiết LH 1900 2091)\n\nTên sản phẩm: điện thoại samsung galaxy s24 - 8gb/256gb - chính hãng\nMàu: Màu Đen, Màu Vàng, Màu Xám, Màu Tím\nGiá: 21,990,000 ₫\nThông số kỹ thuật: - Công nghệ màn hình: Dynamic AMOLED 2X\n- Độ phân giải: 2340 x 1080 (FHD+), 16Triệu màu, 50.0 MP + 10.0 MP + 12.0 MP, (F1.8 , F2.4 , F2.2), 12.0 MP\n- Kích thước màn hình: 6.2 inch\n- Vi xử lý: Exynos 2400 8 nhân\n- Bộ nhớ trong: 256GB\n- RAM: 8GB\n- Số khe SIM: Nano-SIM (4FF),Embedded-SIM\n- Dung lượng pin: 4000 mAh\nKhuyến mãi: - KM 1\n- Trả góp tới 06 tháng không lãi suất, trả trước 0 đồng với Samsung Finance+.\n- KM 2\n- Giảm thêm 1.000.000đ cho khách hàng thân thiết (Chi tiết LH 1900 2091)']",Giá của điện thoại ai - samsung galaxy s24 là 25 490 000 ₫.,"[{'statement': 'Giá của điện thoại ai - samsung galaxy s24 là 25.490.000 ₫.', 'reason': [""Ngữ cảnh cung cấp giá cho sản phẩm 'điện thoại ai - samsung galaxy s24 - 8gb/512gb - chính hãng' là 25,490,000 ₫, điều này hỗ trợ cho câu trả lời.""], 'verdict': 1}]",0.0,90.32,2025-08-20 17:01:51
50,Điện thoại redmi note 13 pro+ 5g có những ưu đãi gì khi mua?,"Khi mua điện thoại Redmi Note 13 Pro+ 5G, khách hàng được hưởng nhiều ưu đãi như: trả góp 0% qua Shinhan Finance hoặc Mirae Asset Finance; giảm 5% không giới hạn khuyến mãi qua Homepaylater; giảm thêm tới 700.000đ khi thanh toán qua Kredivo; giảm 50% tối đa 700k khi mở thẻ tín dụng VPBank trên SenID; giảm 20% tối đa 500k khi mở thẻ tín dụng TPBank EVO; mở thẻ tín dụng VIB nhận voucher 600.000đ.","['Tên sản phẩm: điện thoại redmi note 13 pro+ 5g (8gb/256gb) - chính hãng\nMàu: Đen, Màu Tím, Trắng\nGiá: 9,490,000 ₫\nThông số kỹ thuật: - Công nghệ màn hình: CrystalRes AMOLED, Độ sâu màu: 12-bit, Tỷ lệ tương phản: 5.000.000:1, 100% DCI-P3, Hỗ trợ Dolby Vision, Hỗ trợ chế độ đọc, Giảm độ sáng PWM 1920Hz, 16.000 mức điều chỉnh độ sáng, HDR10+, Chứng nhận mức ánh sáng xanh thấp (Giải pháp phần cứng) của TÜV RheinlandChứng nhận thân thiện với đặc điểm sinh học của TÜV RheinlandChứng nhận không nhấp nháy của TÜV Rheinland\n- Độ phân giải: 1220x2712, Camera chính 200MP OIS f/1.65, Camera góc siêu rộng 8MP f/2.2, Camera cận cảnh 2MP f/2.4, Camera trước 16MP f/2.4\n- Kích thước màn hình: 6.67 inch\n- Hệ điều hành: MIUI 14 trên nền tảng Android 13\n- Vi xử lý: MediaTek Dimensity 7200 Ultra\n- Bộ nhớ trong: 256GB\n- RAM: 8GB\n- Mạng di động: 2G, 3G, 4G, 5G\n- Số khe SIM: 2 nano SIM\n- Dung lượng pin: 5000 mAh\nKhuyến mãi: - Ưu đãi trả góp 0% qua Shinhan Finance hoặc Mirae Asset Finance\n- Giảm 5% không giới hạn khuyến mãi qua Homepaylater\n- Giảm thêm tới 700.000đ khi thanh toán qua Kredivo.\n- Giảm 50% tối đa 700k khi mở thẻ tín dụng Vpbank trên SenID\n- Giảm 20% tối đa 500k khi mở thẻ tín dụng TPBank EVO\n- Mở thẻ tín dụng VIB\n- Nhận Voucher 600.000đ\n\nTên sản phẩm: điện thoại redmi note 13 pro (8gb/128gb) - chính hãng\nMàu: Màu Tím, Đen, Xanh Lá\nGiá: 6,890,000 ₫\nThông số kỹ thuật: - Công nghệ màn hình: AMOLED 120Hz, Tỉ lệ tương phản 5.000.000:1, Màn hình 10-bit màu, 100% DCI-P3, Màn hình Sunlight, Chứng nhận mức ánh sáng xanh thấp (Giải pháp phần cứng) của TÜV Rheinland | Chứng nhận thân thiện với đặc điểm sinh học của TÜV Rheinland | Chứng nhận không nhấp nháy của TÜV Rheinland | Chế độ đọc\n- Độ phân giải: 1080x2400, Camera chính 200MP f/1.65 OIS, Camera góc siêu rộng 8MP f/2.2, Camera Macro 2MP f/2.4, Camera trước 16MP f/2.4\n- Kích thước màn hình: 6.67 inch\n- Hệ điều hành: MIUI 14 trên nền tảng Android 13\n- Vi xử lý: MediaTek Helio G99 Ultra\n- Bộ nhớ trong: 128GB\n- RAM: 8GB\n- Mạng di động: 2G, 3G, 4G\n- Số khe SIM: 2 nano SIM\n- Dung lượng pin: 5000 mAh\nKhuyến mãi: - KM 1\n- Tặng Vipcare 1 đổi 1 ( nhập lại 600.000)\n\nTên sản phẩm: điện thoại redmi note 11 pro 5g (8gb/128gb) - chính hãng\nMàu: Màu Xám, Trắng, Xanh Dương\nGiá: 5,590,000 ₫\nThông số kỹ thuật: - Công nghệ màn hình: AMOLED\n- Độ phân giải: Full HD+ (1080 x 2400 Pixels), Chính 108 MP & Phụ 8 MP, 2 MP, 16 MP\n- Hệ điều hành: Android 11\n- Vi xử lý: Qualcomm Snapdragon 695 5G 8 nhân\n- Bộ nhớ trong: 128 GB\n- RAM: 8GB\n- Mạng di động: Hỗ trợ 5G\n- Số khe SIM: 2 Nano SIM (SIM 2 chung khe thẻ nhớ)\n- Dung lượng pin: 5000 mAh\nKhuyến mãi: - Ưu đãi trả góp 0% qua Shinhan Finance hoặc Mirae Asset Finance\n- Giảm 5% không giới hạn khuyến mãi qua Homepaylater\n- Giảm thêm tới 700.000đ khi thanh toán qua Kredivo.\n- Giảm 50% tối đa 700k khi mở thẻ tín dụng Vpbank trên SenID\n- Giảm 20% tối đa 500k khi mở thẻ tín dụng TPBank EVO\n- Mở thẻ tín dụng VIB\n- Nhận Voucher 600.000đ\n- Giảm 1% tối đa 100.000đ khi thanh toán qua Zalopay\n\nTên sản phẩm: điện thoại redmi note 12 pro 5g (8gb/256gb) - chính hãng\nMàu: Màu Đen, Xanh Dương, Trắng\nGiá: 7,290,000 ₫\nThông số kỹ thuật: - Công nghệ màn hình: Dot Display, AMOLED, Tần số quét màn hình lên đến 120Hz, Gam màu rộng DCI-P3, Hỗ trợ Dolby Vision®\n- Độ phân giải: 1080x2400, Camerca góc rộng 50MP cảm biến IMX766 OIS 50MP - f/1.88, Camera siêu rộng 8MP - f/2.2, FOV 119°, Camera Macro 2MP - f/2.4, 16MP - f/2.45\n- Kích thước màn hình: 6.67 inch\n- Hệ điều hành: MIUI 14 trên nền tảng Android 12\n- Vi xử lý: MediaTek Dimensity 1080\n- Bộ nhớ trong: 256GB\n- RAM: 8GB\n- Mạng di động: 2G, 3G, 4G, 5G\n- Số khe SIM: 2 nano SIM\n- Dung lượng pin: 5000 mAh\nKhuyến mãi: - Ưu đãi trả góp 0% qua Shinhan Finance hoặc Mirae Asset Finance\n- Giảm 5% không giới hạn khuyến mãi qua Homepaylater\n- Giảm thêm tới 700.000đ khi thanh toán qua Kredivo.\n- Giảm 50% tối đa 700k khi mở thẻ tín dụng Vpbank trên SenID\n- Giảm 20% tối đa 500k khi mở thẻ tín dụng TPBank EVO\n- Mở thẻ tín dụng VIB\n- Nhận Voucher 600.000đ\n- Giảm 1% tối đa 100.000đ khi thanh toán qua Zalopay']","Ưu đãi khi mua Redmi Note 13 Pro+ 5G:  
- Trả góp 0 % qua Shinhan Finance hoặc Mirae Asset Finance;  
- Giảm 5 % không giới hạn với Homepaylater;  
- Giảm thêm tới 700 000 đ khi thanh toán qua Kredivo;  
- Giảm 50 % tối đa 700 000 đ khi mở thẻ tín dụng Vpbank trên SenID;  
- Giảm 20 % tối đa 500 000 đ khi mở thẻ tín dụng TPBank EVO;  
- Mở thẻ tín dụng VIB;  
- Nhận voucher 600 000 đ.","[{'statement': 'Khi mua Redmi Note 13 Pro+ 5G, khách hàng có thể trả góp 0% qua Shinhan Finance hoặc Mirae Asset Finance.', 'reason': [""Trong phần 'Khuyến mãi' của sản phẩm 'điện thoại redmi note 13 pro+ 5g', văn bản cung cấp thông tin: 'Ưu đãi trả góp 0% qua Shinhan Finance hoặc Mirae Asset Finance'.""], 'verdict': 1}, {'statement': 'Khách hàng được giảm 5% không giới hạn với Homepaylater khi mua Redmi Note 13 Pro+ 5G.', 'reason': [""Trong phần 'Khuyến mãi' của sản phẩm 'điện thoại redmi note 13 pro+ 5g', văn bản cung cấp thông tin: 'Giảm 5% không giới hạn khuyến mãi qua Homepaylater'.""], 'verdict': 1}, {'statement': 'Khách hàng được giảm thêm tới 700.000đ khi thanh toán qua Kredivo để mua Redmi Note 13 Pro+ 5G.', 'reason': [""Trong phần 'Khuyến mãi' của sản phẩm 'điện thoại redmi note 13 pro+ 5g', văn bản cung cấp thông tin: 'Giảm thêm tới 700.000đ khi thanh toán qua Kredivo'.""], 'verdict': 1}, {'statement': 'Khách hàng được giảm 50% tối đa 700.000đ khi mở thẻ tín dụng Vpbank trên SenID để mua Redmi Note 13 Pro+ 5G.', 'reason': [""Trong phần 'Khuyến mãi' của sản phẩm 'điện thoại redmi note 13 pro+ 5g', văn bản cung cấp thông tin: 'Giảm 50% tối đa 700k khi mở thẻ tín dụng Vpbank trên SenID'.""], 'verdict': 1}, {'statement': 'Khách hàng được giảm 20% tối đa 500.000đ khi mở thẻ tín dụng TPBank EVO để mua Redmi Note 13 Pro+ 5G.', 'reason': [""Trong phần 'Khuyến mãi' của sản phẩm 'điện thoại redmi note 13 pro+ 5g', văn bản cung cấp thông tin: 'Giảm 20% tối đa 500k khi mở thẻ tín dụng TPBank EVO'.""], 'verdict': 1}, {'statement': 'Có ưu đãi khi mở thẻ tín dụng VIB để mua Redmi Note 13 Pro+ 5G.', 'reason': [""Trong phần 'Khuyến mãi' của sản phẩm 'điện thoại redmi note 13 pro+ 5g', văn bản cung cấp thông tin: 'Mở thẻ tín dụng VIB'.""], 'verdict': 1}, {'statement': 'Khi mua Redmi Note 13 Pro+ 5G, khách hàng nhận được voucher trị giá 600.000đ.', 'reason': [""Trong phần 'Khuyến mãi' của sản phẩm 'điện thoại redmi note 13 pro+ 5g', văn bản cung cấp thông tin: 'Nhận Voucher 600.000đ'.""], 'verdict': 1}]",0.0,39.8,2025-08-20 17:02:17
51,Điện thoại itel Magic X Pro có bao nhiêu khe SIM?,Điện thoại itel Magic X Pro có 2 khe SIM.,"['Tên sản phẩm: điện thoại itel magic x pro - 2 sim, 4g - chính hãng\nMàu: Đen, Xanh Dương\nGiá: 650,000 ₫\nThông số kỹ thuật: - Công nghệ màn hình: TN\n- Độ phân giải: QVGA (240×320), 0.3MP\n- Kích thước màn hình: 2.4 inch\n- Vi xử lý: USM9117\n- Bộ nhớ trong: 128 MB\n- RAM: 64MB\n- Mạng di động: 2G, 3G, 4G\n- Số khe SIM: 2 Micro SIM\n- Dung lượng pin: 2500 mAh\nKhuyến mãi: - Giảm 5% không giới hạn khuyến mãi qua Homepaylater\n- Giảm 50% tối đa 700k khi mở thẻ tín dụng Vpbank trên SenID\n- Giảm 20% tối đa 500k khi mở thẻ tín dụng TPBank EVO\n- Giảm 1% tối đa 100.000đ khi thanh toán qua Zalopay\n\nTên sản phẩm: điện thoại itel vision 1 pro (3gb/32gb) - chính hãng\nMàu: Không có thông tin\nGiá: Không có thông tin\nThông số kỹ thuật: - Công nghệ màn hình: IPS LCD\n- Độ phân giải: HD+ (720 x 1600 Pixels), Chính 8 MP & Phụ VGA, 5 MP\n- Kích thước màn hình: 6.52 inch\n- Hệ điều hành: Android 10 (Go Edition)\n- Vi xử lý: Spreadtrum SC9832E\n- Bộ nhớ trong: 32 GB\n- RAM: 3GB\n- Mạng di động: Hỗ trợ 4G\n- Số khe SIM: 2 Nano SIM, Hỗ trợ 4G\n- Dung lượng pin: 4000 mAh\nKhuyến mãi: Không có khuyến mãi\n\nTên sản phẩm: điện thoại itel it9010 - 2 sim, 4g - chính hãng\nMàu: Xanh Dương, Xanh Lá\nGiá: 420,000 ₫\nThông số kỹ thuật: - Công nghệ màn hình: LCD\n- Độ phân giải: QQVGA (128x160), 0.08 MP\n- Kích thước màn hình: 1.77 inch\n- Bộ nhớ trong: 128 MB\n- RAM: 48MB\n- Mạng di động: 2G, 3G, 4G\n- Số khe SIM: 2 Micro SIM\n- Dung lượng pin: 1000 mAh\nKhuyến mãi: - Giảm 5% không giới hạn khuyến mãi qua Homepaylater\n- Giảm 50% tối đa 700k khi mở thẻ tín dụng Vpbank trên SenID\n- Giảm 20% tối đa 500k khi mở thẻ tín dụng TPBank EVO\n- Giảm 1% tối đa 100.000đ khi thanh toán qua Zalopay\n\nTên sản phẩm: điện thoại nubia red magic 8 pro\nMàu: Không có thông tin\nGiá: Giá: Liên hệ\nThông số kỹ thuật: - Công nghệ màn hình: AMOLED\n- Độ phân giải: 1116 x 2480 pixels, Camera góc rộng: 50MP, f/1.8, 1/1.57 inch, 1.0µm, PDAF, Camera góc siêu rộng: 8MP, f/2.2, 120˚, 13mm, 1/4.0 inch, 1.12µm, Camera macro: 2 MP, f/2.4, Camera góc rộng: 16MP\n- Kích thước màn hình: 6.8 inch\n- Hệ điều hành: Android 13\n- Vi xử lý: Snapdragon 8 Gen 2 (4 nm)\n- Bộ nhớ trong: 128 GB\n- RAM: 8GB\n- Mạng di động: 5G\n- Số khe SIM: 2 SIM (Nano-SIM)\n- Dung lượng pin: 6000 mAh\nKhuyến mãi: - Giảm 5% không giới hạn khuyến mãi qua Homepaylater\n- Giảm 50% tối đa 700k khi mở thẻ tín dụng Vpbank trên SenID\n- Giảm 20% tối đa 500k khi mở thẻ tín dụng TPBank EVO']",2 khe Micro SIM.,"[{'statement': 'Điện thoại itel Magic X Pro có 2 khe Micro SIM.', 'reason': [""The context provides specifications for the 'điện thoại itel magic x pro' which includes the detail 'Số khe SIM: 2 Micro SIM'.""], 'verdict': 1}]",0.0,37.26,2025-08-20 17:02:17
54,Samsung Galaxy S23 Ultra có những lựa chọn màu sắc nào?,"Samsung Galaxy S23 Ultra có những lựa chọn màu sắc bao gồm Xanh, Màu Đen, Màu Tím, Kem.","['Tên sản phẩm: điện thoại samsung galaxy s23 ultra 8gb/256gb - chính hãng\nMàu: Xanh, Màu Đen, Màu Tím, Kem\nGiá: 23,990,000 ₫\nThông số kỹ thuật: - Độ phân giải: 3088 x 1440 (Edge Quad HD+), 200MP x 12MP x 10MP x 10MP, 12MP\n- Kích thước màn hình: 6.8 inch\n- Vi xử lý: Snapdragon® 8 Gen 2 Mobile Platform for Galaxy\n- Bộ nhớ trong: 256GB\n- RAM: 8GB\n- Mạng di động: Hỗ trợ 5G\n- Dung lượng pin: 5000 mAh\nKhuyến mãi: - KM 1\n- Trả góp tới 06 tháng không lãi suất, trả trước 0 đồng với Samsung Finance+.\n- KM 2\n- Giảm thêm 1.000.000đ cho KH thân thiết và Mua S23 Ultra 8GB/256GB tặng Samsung Galaxy Fit3 (R390) (SL có hạn, có thể kết thúc sớm)\n\nTên sản phẩm: điện thoại samsung galaxy s23 ultra 8gb/256gb - chính hãng (bhđt)\nMàu: Màu Đen, Kem, Xanh, Màu Tím\nGiá: 22,990,000 ₫\nThông số kỹ thuật: - Độ phân giải: 3088 x 1440 (Edge Quad HD+), 200MP x 12MP x 10MP x 10MP, 12MP\n- Kích thước màn hình: 6.8 inch\n- Vi xử lý: Snapdragon® 8 Gen 2 Mobile Platform for Galaxy\n- Bộ nhớ trong: 256GB\n- RAM: 8GB\n- Mạng di động: Hỗ trợ 5G\n- Dung lượng pin: 5000 mAh\nKhuyến mãi: - KM 1\n- Trả góp tới 06 tháng không lãi suất, trả trước 0 đồng với Samsung Finance+.\n\nTên sản phẩm: điện thoại samsung galaxy s23 ultra 12gb/512gb - chính hãng\nMàu: Màu Đen, Kem, Màu Tím, Xanh\nGiá: 26,490,000 ₫\nThông số kỹ thuật: - Độ phân giải: 3088 x 1440 (Edge Quad HD+), 200MP x 12MP x 10MP x 10MP, 12MP\n- Kích thước màn hình: 6.8 inch\n- Vi xử lý: Snapdragon® 8 Gen 2 Mobile Platform for Galaxy\n- Bộ nhớ trong: 512GB\n- RAM: 12GB\n- Mạng di động: Hỗ trợ 5G\n- Dung lượng pin: 5000 mAh\nKhuyến mãi: - KM 1\n- Trả góp tới 06 tháng không lãi suất, trả trước 0 đồng với Samsung Finance+.\n\nTên sản phẩm: điện thoại samsung galaxy s23 ultra 12gb/1tb - chính hãng\nMàu: Không có thông tin\nGiá: Không có thông tin\nThông số kỹ thuật: - Độ phân giải: 3088 x 1440 (Edge Quad HD+), 200MP x 12MP x 10MP x 10MP, 12MP\n- Kích thước màn hình: 6.8 inch\n- Vi xử lý: Snapdragon® 8 Gen 2 Mobile Platform for Galaxy\n- Bộ nhớ trong: 1TB\n- RAM: 12GB\n- Mạng di động: Hỗ trợ 5G\n- Dung lượng pin: 5000 mAh\nKhuyến mãi: Không có khuyến mãi']","Có màu Xanh, Màu Đen, Màu Tím, Kem.","[{'statement': 'Samsung Galaxy S23 Ultra có màu Xanh.', 'reason': [""The context lists 'Xanh' (Green) as an available color for multiple versions of the Samsung Galaxy S23 Ultra.""], 'verdict': 1}, {'statement': 'Samsung Galaxy S23 Ultra có màu Đen.', 'reason': [""The context lists 'Màu Đen' (Black) as an available color for multiple versions of the Samsung Galaxy S23 Ultra.""], 'verdict': 1}, {'statement': 'Samsung Galaxy S23 Ultra có màu Tím.', 'reason': [""The context lists 'Màu Tím' (Purple) as an available color for multiple versions of the Samsung Galaxy S23 Ultra.""], 'verdict': 1}, {'statement': 'Samsung Galaxy S23 Ultra có màu Kem.', 'reason': [""The context lists 'Kem' (Cream) as an available color for multiple versions of the Samsung Galaxy S23 Ultra.""], 'verdict': 1}]",0.0,14.88,2025-08-20 17:02:33
55,Điện thoại itel it9010 có hỗ trợ mạng di động nào?,"Điện thoại itel it9010 hỗ trợ mạng di động 2G, 3G, 4G.","['Tên sản phẩm: điện thoại itel it9010 - 2 sim, 4g - chính hãng\nMàu: Xanh Dương, Xanh Lá\nGiá: 420,000 ₫\nThông số kỹ thuật: - Công nghệ màn hình: LCD\n- Độ phân giải: QQVGA (128x160), 0.08 MP\n- Kích thước màn hình: 1.77 inch\n- Bộ nhớ trong: 128 MB\n- RAM: 48MB\n- Mạng di động: 2G, 3G, 4G\n- Số khe SIM: 2 Micro SIM\n- Dung lượng pin: 1000 mAh\nKhuyến mãi: - Giảm 5% không giới hạn khuyến mãi qua Homepaylater\n- Giảm 50% tối đa 700k khi mở thẻ tín dụng Vpbank trên SenID\n- Giảm 20% tối đa 500k khi mở thẻ tín dụng TPBank EVO\n- Giảm 1% tối đa 100.000đ khi thanh toán qua Zalopay\n\nTên sản phẩm: điện thoại itel 9210 4g - chính hãng\nMàu: Không có thông tin\nGiá: Không có thông tin\nThông số kỹ thuật: - Công nghệ màn hình: LCD\n- Độ phân giải: QVGA (240 x 320 Pixels), 0.3 MP\n- Kích thước màn hình: 2.4 inch\n- Hệ điều hành: Không có\n- Bộ nhớ trong: 128 MB\n- RAM: 64MB\n- Mạng di động: Hỗ trợ 4G\n- Số khe SIM: 2 Micro SIM\n- Dung lượng pin: 1900 mAh\nKhuyến mãi: Không có khuyến mãi\n\nTên sản phẩm: điện thoại itel magic x pro - 2 sim, 4g - chính hãng\nMàu: Đen, Xanh Dương\nGiá: 650,000 ₫\nThông số kỹ thuật: - Công nghệ màn hình: TN\n- Độ phân giải: QVGA (240×320), 0.3MP\n- Kích thước màn hình: 2.4 inch\n- Vi xử lý: USM9117\n- Bộ nhớ trong: 128 MB\n- RAM: 64MB\n- Mạng di động: 2G, 3G, 4G\n- Số khe SIM: 2 Micro SIM\n- Dung lượng pin: 2500 mAh\nKhuyến mãi: - Giảm 5% không giới hạn khuyến mãi qua Homepaylater\n- Giảm 50% tối đa 700k khi mở thẻ tín dụng Vpbank trên SenID\n- Giảm 20% tối đa 500k khi mở thẻ tín dụng TPBank EVO\n- Giảm 1% tối đa 100.000đ khi thanh toán qua Zalopay\n\nTên sản phẩm: điện thoại itel vision 1 pro (3gb/32gb) - chính hãng\nMàu: Không có thông tin\nGiá: Không có thông tin\nThông số kỹ thuật: - Công nghệ màn hình: IPS LCD\n- Độ phân giải: HD+ (720 x 1600 Pixels), Chính 8 MP & Phụ VGA, 5 MP\n- Kích thước màn hình: 6.52 inch\n- Hệ điều hành: Android 10 (Go Edition)\n- Vi xử lý: Spreadtrum SC9832E\n- Bộ nhớ trong: 32 GB\n- RAM: 3GB\n- Mạng di động: Hỗ trợ 4G\n- Số khe SIM: 2 Nano SIM, Hỗ trợ 4G\n- Dung lượng pin: 4000 mAh\nKhuyến mãi: Không có khuyến mãi']","Mạng di động 2G, 3G, 4G.","[{'statement': 'Điện thoại itel it9010 hỗ trợ mạng di động 2G.', 'reason': ['Trong phần thông số kỹ thuật của sản phẩm ""điện thoại itel it9010"", mục ""Mạng di động"" ghi rõ ""2G, 3G, 4G"".'], 'verdict': 1}, {'statement': 'Điện thoại itel it9010 hỗ trợ mạng di động 3G.', 'reason': ['Trong phần thông số kỹ thuật của sản phẩm ""điện thoại itel it9010"", mục ""Mạng di động"" ghi rõ ""2G, 3G, 4G"".'], 'verdict': 1}, {'statement': 'Điện thoại itel it9010 hỗ trợ mạng di động 4G.', 'reason': ['Trong phần thông số kỹ thuật của sản phẩm ""điện thoại itel it9010"", mục ""Mạng di động"" ghi rõ ""2G, 3G, 4G"".'], 'verdict': 1}]",0.0,17.07,2025-08-20 17:02:35
52,Màu sắc của điện thoại redmi note 13 là gì?,"Màu sắc của điện thoại redmi note 13 là Xanh Lá, Đen, Màu Vàng.","['Tên sản phẩm: điện thoại redmi note 13 (6gb/128gb) - chính hãng\nMàu: Xanh Lá, Đen, Màu Vàng\nGiá: 4,690,000 ₫\nThông số kỹ thuật: - Công nghệ màn hình: AMOLED 120Hz, Tỉ lệ tương phản 5.000.000:1, 100% DCI-P3, Màn hình Sunlight, Chứng nhận mức ánh sáng xanh thấp (Giải pháp phần cứng) của TÜV Rheinland | Chứng nhận thân thiện với đặc điểm sinh học của TÜV Rheinland | Chứng nhận không nhấp nháy của TÜV Rheinland | Chế độ đọc\n- Độ phân giải: 1080x2400, Camera chính 108MP f/1.75, Camera góc siêu rộng 8MP f/2.2, Camera Macro 2MP, Camera trước 16MP f/2.4\n- Kích thước màn hình: 6.67 inch\n- Hệ điều hành: MIUI 14 trên nền tảng Android 13\n- Vi xử lý: Qualcomm Snapdragon 685\n- Bộ nhớ trong: 128GB\n- RAM: 6GB\n- Mạng di động: 2G, 3G, 4G\n- Số khe SIM: 2 nano SIM\n- Dung lượng pin: 5000 mAh\nKhuyến mãi: - KM 1\n- Tặng Vipcare 1 đổi 1 ( nhập lại 400.000)\n\nTên sản phẩm: điện thoại redmi note 13 pro (8gb/128gb) - chính hãng\nMàu: Màu Tím, Đen, Xanh Lá\nGiá: 6,890,000 ₫\nThông số kỹ thuật: - Công nghệ màn hình: AMOLED 120Hz, Tỉ lệ tương phản 5.000.000:1, Màn hình 10-bit màu, 100% DCI-P3, Màn hình Sunlight, Chứng nhận mức ánh sáng xanh thấp (Giải pháp phần cứng) của TÜV Rheinland | Chứng nhận thân thiện với đặc điểm sinh học của TÜV Rheinland | Chứng nhận không nhấp nháy của TÜV Rheinland | Chế độ đọc\n- Độ phân giải: 1080x2400, Camera chính 200MP f/1.65 OIS, Camera góc siêu rộng 8MP f/2.2, Camera Macro 2MP f/2.4, Camera trước 16MP f/2.4\n- Kích thước màn hình: 6.67 inch\n- Hệ điều hành: MIUI 14 trên nền tảng Android 13\n- Vi xử lý: MediaTek Helio G99 Ultra\n- Bộ nhớ trong: 128GB\n- RAM: 8GB\n- Mạng di động: 2G, 3G, 4G\n- Số khe SIM: 2 nano SIM\n- Dung lượng pin: 5000 mAh\nKhuyến mãi: - KM 1\n- Tặng Vipcare 1 đổi 1 ( nhập lại 600.000)\n\nTên sản phẩm: điện thoại redmi 13c (6gb/128gb) - chính hãng\nMàu: Màu Xám, Xanh Dương, Xanh Lá\nGiá: 3,290,000 ₫\nThông số kỹ thuật: - Công nghệ màn hình: IPS LCD\n- Độ phân giải: HD+ (720 x 1600 Pixels), Chính 50 MP + Phụ 2 MP, 8 MP\n- Kích thước màn hình: 6.74 inch\n- Vi xử lý: MediaTek Helio G85 8 nhân\n- Bộ nhớ trong: 128GB\n- RAM: 6GB\n- Dung lượng pin: 5000 mAh\nKhuyến mãi: - KM 1\n- Tặng phiếu mua hàng 200.000đ\n\nTên sản phẩm: điện thoại redmi note 12 (8gb/128gb) - chính hãng\nMàu: Xanh Lá, Màu Vàng, Xanh Dương, Màu Đen\nGiá: 3,990,000 ₫\nThông số kỹ thuật: - Công nghệ màn hình: Dot Display - AMOLED, Tần số quét 120Hz, Gam màu chuẩn DCI-P3\n- Độ phân giải: 1080x2400, Camera Chính 50MP f/1.8, Camera Góc siêu rộng 8MP f/2.2, Góc Rộng 120°, Camera Cận cảnh 2MP f/2.4, 13MP f/2.45\n- Kích thước màn hình: 6.67 inch\n- Hệ điều hành: MIUI 14 Trên nền tảng Android 13\n- Vi xử lý: Qualcomm Snapdragon 685\n- Bộ nhớ trong: 128GB\n- RAM: 8GB\n- Mạng di động: 2G, 3G, 4G\n- Số khe SIM: 2 nano SIM\n- Dung lượng pin: 5000 mAh\nKhuyến mãi: - Ưu đãi trả góp 0% qua Shinhan Finance hoặc Mirae Asset Finance\n- Giảm 5% không giới hạn khuyến mãi qua Homepaylater\n- Giảm thêm tới 700.000đ khi thanh toán qua Kredivo.\n- Giảm 50% tối đa 700k khi mở thẻ tín dụng Vpbank trên SenID\n- Giảm 20% tối đa 500k khi mở thẻ tín dụng TPBank EVO\n- Mở thẻ tín dụng VIB\n- Nhận Voucher 600.000đ\n- Giảm 1% tối đa 100.000đ khi thanh toán qua Zalopay']","Màu sắc của điện thoại Redmi Note 13 là Xanh Lá, Đen, Màu Vàng.","[{'statement': 'Điện thoại Redmi Note 13 có màu Xanh Lá.', 'reason': [""Dựa vào thông tin sản phẩm 'điện thoại redmi note 13 (6gb/128gb) - chính hãng', context có đề cập màu sắc là 'Xanh Lá'.""], 'verdict': 1}, {'statement': 'Điện thoại Redmi Note 13 có màu Đen.', 'reason': [""Dựa vào thông tin sản phẩm 'điện thoại redmi note 13 (6gb/128gb) - chính hãng', context có đề cập màu sắc là 'Đen'.""], 'verdict': 1}, {'statement': 'Điện thoại Redmi Note 13 có màu Vàng.', 'reason': [""Dựa vào thông tin sản phẩm 'điện thoại redmi note 13 (6gb/128gb) - chính hãng', context có đề cập màu sắc là 'Màu Vàng'.""], 'verdict': 1}]",0.0,55.58,2025-08-20 17:02:41
57,Dung lượng RAM của điện thoại samsung galaxy s24 là bao nhiêu?,Dung lượng RAM của điện thoại Samsung Galaxy S24 là 8GB.,"['Tên sản phẩm: điện thoại samsung galaxy s24 - 8gb/256gb - chính hãng\nMàu: Màu Đen, Màu Vàng, Màu Xám, Màu Tím\nGiá: 21,990,000 ₫\nThông số kỹ thuật: - Công nghệ màn hình: Dynamic AMOLED 2X\n- Độ phân giải: 2340 x 1080 (FHD+), 16Triệu màu, 50.0 MP + 10.0 MP + 12.0 MP, (F1.8 , F2.4 , F2.2), 12.0 MP\n- Kích thước màn hình: 6.2 inch\n- Vi xử lý: Exynos 2400 8 nhân\n- Bộ nhớ trong: 256GB\n- RAM: 8GB\n- Số khe SIM: Nano-SIM (4FF),Embedded-SIM\n- Dung lượng pin: 4000 mAh\nKhuyến mãi: - KM 1\n- Trả góp tới 06 tháng không lãi suất, trả trước 0 đồng với Samsung Finance+.\n- KM 2\n- Giảm thêm 1.000.000đ cho khách hàng thân thiết (Chi tiết LH 1900 2091)\n\nTên sản phẩm: điện thoại samsung galaxy s24 ultra - 12gb/256gb - chính hãng (bhđt)\nMàu: Màu Xám, Màu Đen, Màu Tím\nGiá: 24,990,000 ₫\nThông số kỹ thuật: - Công nghệ màn hình: Dynamic AMOLED 2X, Tần số quát 120Hz\n- Độ phân giải: 3120 x 1440 (Quad HD+), 16 triệu màu, 200.0 MP + 50.0 MP + 12.0 MP + 10.0 MP, (F1.7 , F3.4 , F2.2 , F2.4), 12.0 MP\n- Kích thước màn hình: 6.8 inch\n- Vi xử lý: Snapdragon 8 Gen 3\n- Bộ nhớ trong: 256GB\n- RAM: 12GB\n- Số khe SIM: Nano-SIM (4FF),Embedded-SIM\n- Dung lượng pin: 5000 mAh\nKhuyến mãi: - KM 1\n- Trả góp tới 06 tháng không lãi suất, trả trước 0 đồng với Samsung Finance+.\n\nTên sản phẩm: điện thoại ai - samsung galaxy s24 - 8gb/512gb - chính hãng\nMàu: Màu Tím, Màu Xám, Màu Vàng, Màu Đen\nGiá: 25,490,000 ₫\nThông số kỹ thuật: - Công nghệ màn hình: Dynamic AMOLED 2X\n- Độ phân giải: 2340 x 1080 (FHD+), 16Triệu màu, 50.0 MP + 10.0 MP + 12.0 MP, (F1.8 , F2.4 , F2.2), 12.0 MP\n- Kích thước màn hình: 6.2 inch\n- Vi xử lý: Exynos 2400\n- Bộ nhớ trong: 512GB\n- RAM: 8GB\n- Số khe SIM: Nano-SIM (4FF),Embedded-SIM\n- Dung lượng pin: 4000 mAh\nKhuyến mãi: - KM 1\n- Trả góp tới 06 tháng không lãi suất, trả trước 0 đồng với Samsung Finance+.\n- KM 2\n- Giảm thêm 1.000.000đ cho khách hàng thân thiết (Chi tiết LH 1900 2091)\n\nTên sản phẩm: điện thoại ai - samsung galaxy s24 plus - 12gb/256gb - chính hãng\nMàu: Màu Xám, Màu Đen, Màu Vàng, Màu Tím\nGiá: 25,990,000 ₫\nThông số kỹ thuật: - Công nghệ màn hình: Dynamic AMOLED 2X\n- Độ phân giải: 3120 x 1440 (Quad HD+), 16 Triệu màu, 50.0 MP + 10.0 MP + 12.0 MP, (F1.8 , F2.4 , F2.2), 12.0 MP, (F2.2)\n- Kích thước màn hình: 6.7 inch\n- Vi xử lý: Exynos 2400 8 nhân\n- Bộ nhớ trong: 256GB\n- RAM: 12GB\n- Số khe SIM: Nano-SIM (4FF),Embedded-SIM\n- Dung lượng pin: 4900 mAh\nKhuyến mãi: - KM 1\n- Trả góp tới 06 tháng không lãi suất, trả trước 0 đồng với Samsung Finance+.\n- KM 2\n- Giảm thêm 1.000.000đ cho khách hàng thân thiết (Chi tiết LH 1900 2091)']",Dung lượng RAM của điện thoại Samsung Galaxy S24 là 8GB.,"[{'statement': 'Dung lượng RAM của điện thoại Samsung Galaxy S24 là 8GB.', 'reason': [""The context lists two versions of the Samsung Galaxy S24 phone: 'điện thoại samsung galaxy s24 - 8gb/256gb - chính hãng' and 'điện thoại ai - samsung galaxy s24 - 8gb/512gb - chính hãng'. Both of these versions are explicitly stated to have 8GB of RAM.""], 'verdict': 1}]",0.0,39.47,2025-08-20 17:03:15
53,Samsung Galaxy S24 Ultra có bao nhiêu màu sắc để lựa chọn?,"Samsung Galaxy S24 Ultra có bốn màu sắc để lựa chọn: Màu Xám, Màu Đen, Màu Tím, Màu Vàng.","['Tên sản phẩm: điện thoại samsung galaxy s24 ultra - 12gb/256gb - chính hãng (bhđt)\nMàu: Màu Xám, Màu Đen, Màu Tím\nGiá: 24,990,000 ₫\nThông số kỹ thuật: - Công nghệ màn hình: Dynamic AMOLED 2X, Tần số quát 120Hz\n- Độ phân giải: 3120 x 1440 (Quad HD+), 16 triệu màu, 200.0 MP + 50.0 MP + 12.0 MP + 10.0 MP, (F1.7 , F3.4 , F2.2 , F2.4), 12.0 MP\n- Kích thước màn hình: 6.8 inch\n- Vi xử lý: Snapdragon 8 Gen 3\n- Bộ nhớ trong: 256GB\n- RAM: 12GB\n- Số khe SIM: Nano-SIM (4FF),Embedded-SIM\n- Dung lượng pin: 5000 mAh\nKhuyến mãi: - KM 1\n- Trả góp tới 06 tháng không lãi suất, trả trước 0 đồng với Samsung Finance+.\n\nTên sản phẩm: điện thoại ai - samsung galaxy s24 ultra - 12gb/256gb - chính hãng\nMàu: Màu Xám, Màu Đen, Màu Tím, Màu Vàng\nGiá: 29,990,000 ₫\nThông số kỹ thuật: - Công nghệ màn hình: Dynamic AMOLED 2X, Tần số quát 120Hz\n- Độ phân giải: 3120 x 1440 (Quad HD+), 16 triệu màu, 200.0 MP + 50.0 MP + 12.0 MP + 10.0 MP, (F1.7 , F3.4 , F2.2 , F2.4), 12.0 MP\n- Kích thước màn hình: 6.8 inch\n- Vi xử lý: Snapdragon 8 Gen 3\n- Bộ nhớ trong: 256GB\n- RAM: 12GB\n- Số khe SIM: Nano-SIM (4FF),Embedded-SIM\n- Dung lượng pin: 5000 mAh\nKhuyến mãi: - KM 1\n- Trả góp tới 06 tháng không lãi suất, trả trước 0 đồng với Samsung Finance+.\n- KM 2\n\nTên sản phẩm: điện thoại ai - samsung galaxy s24 ultra - 12gb/512gb - chính hãng\nMàu: Màu Xám, Màu Tím, Màu Vàng, Màu Đen\nGiá: 33,490,000 ₫\nThông số kỹ thuật: - Công nghệ màn hình: Dynamic AMOLED 2X, Tần số quát 120Hz\n- Độ phân giải: 3120 x 1440 (Quad HD+), 16 triệu màu, 200.0 MP + 50.0 MP + 12.0 MP + 10.0 MP, (F1.7 , F3.4 , F2.2 , F2.4), 12.0 MP\n- Kích thước màn hình: 6.8 inch\n- Vi xử lý: Snapdragon 8 Gen 3\n- Bộ nhớ trong: 512GB\n- RAM: 12GB\n- Số khe SIM: Nano-SIM (4FF),Embedded-SIM\n- Dung lượng pin: 5000 mAh\nKhuyến mãi: - KM 1\n- Trả góp tới 06 tháng không lãi suất, trả trước 0 đồng với Samsung Finance+.\n- KM 2\n- Giảm thêm 1.000.000đ cho khách hàng thân thiết (Chi tiết LH 1900 2091)\n\nTên sản phẩm: điện thoại ai - samsung galaxy s24 ultra - 12gb/1tb - chính hãng\nMàu: Màu Vàng, Màu Đen, Màu Tím, Màu Xám\nGiá: 42,490,000 ₫\nThông số kỹ thuật: - Công nghệ màn hình: Dynamic AMOLED 2X, Tần số quát 120Hz\n- Độ phân giải: 3120 x 1440 (Quad HD+), 16 triệu màu, 200.0 MP + 50.0 MP + 12.0 MP + 10.0 MP, (F1.7 , F3.4 , F2.2 , F2.4), 12.0 MP\n- Kích thước màn hình: 6.8 inch\n- Vi xử lý: Snapdragon 8 Gen 3\n- Bộ nhớ trong: 1TB\n- RAM: 12GB\n- Số khe SIM: Nano-SIM (4FF),Embedded-SIM\n- Dung lượng pin: 5000 mAh\nKhuyến mãi: - KM 1\n- Trả góp tới 06 tháng không lãi suất, trả trước 0 đồng với Samsung Finance+.\n- KM 2\n- Giảm thêm 1.000.000đ qua QR Code']","Có 4 màu sắc: Xám, Đen, Tím, Vàng.","[{'statement': 'Samsung Galaxy S24 Ultra có 4 màu sắc.', 'reason': ['The context lists four available colors for the Samsung Galaxy S24 Ultra across its different storage variants: Grey, Black, Purple, and Yellow.'], 'verdict': 1}, {'statement': 'Một trong những màu sắc của Samsung Galaxy S24 Ultra là màu Xám.', 'reason': ['The context confirms that ""Màu Xám"" (Grey) is an available color for the Samsung Galaxy S24 Ultra.'], 'verdict': 1}, {'statement': 'Một trong những màu sắc của Samsung Galaxy S24 Ultra là màu Đen.', 'reason': ['The context confirms that ""Màu Đen"" (Black) is an available color for the Samsung Galaxy S24 Ultra.'], 'verdict': 1}, {'statement': 'Một trong những màu sắc của Samsung Galaxy S24 Ultra là màu Tím.', 'reason': ['The context confirms that ""Màu Tím"" (Purple) is an available color for the Samsung Galaxy S24 Ultra.'], 'verdict': 1}, {'statement': 'Một trong những màu sắc của Samsung Galaxy S24 Ultra là màu Vàng.', 'reason': ['The context confirms that ""Màu Vàng"" (Yellow) is an available color for the Samsung Galaxy S24 Ultra.'], 'verdict': 1}]",0.0,89.71,2025-08-20 17:03:21
58,Điện thoại Tecno Spark 20 có những tùy chọn màu sắc nào?,"Điện thoại Tecno Spark 20 có các tùy chọn màu sắc là Trắng, Xanh Dương, Đen.","['Tên sản phẩm: điện thoại tecno spark 20 (8+8gb/128gb) - chính hãng\nMàu: Trắng, Xanh Dương, Đen\nGiá: 2,990,000 ₫\nThông số kỹ thuật: - Công nghệ màn hình: IPS LCD 90Hz\n- Độ phân giải: HD+ (720x1612), Camera chính 50MP f/1.6, Camera phụ 0.08MP, Camera trước 32MP\n- Kích thước màn hình: 6.6 inch\n- Hệ điều hành: HIOS 13 trên nền tảng Android 13\n- Vi xử lý: MediaTek Helio G85\n- Bộ nhớ trong: 128GB\n- RAM: 8GB\n- Mạng di động: 2G, 3G, 4G\n- Số khe SIM: 2 nano SIM\n- Dung lượng pin: 5000 mAh\nKhuyến mãi: - Giảm 5% không giới hạn khuyến mãi qua Homepaylater\n- Giảm 50% tối đa 700k khi mở thẻ tín dụng Vpbank trên SenID\n- Giảm 20% tối đa 500k khi mở thẻ tín dụng TPBank EVO\n- Mở thẻ tín dụng VIB\n- Nhận Voucher 600.000đ\n- Giảm 1% tối đa 100.000đ khi thanh toán qua Zalopay\n\nTên sản phẩm: điện thoại tecno spark 20c (4+4gb/128gb) - chính hãng\nMàu: Trắng, Đen, Xanh Lá\nGiá: 2,450,000 ₫\nThông số kỹ thuật: - Công nghệ màn hình: IPS LCD 90Hz\n- Độ phân giải: HD+ (720x1612), Camera chính 50MP, Camera phụ 0.08MP, Camera trước 8MP\n- Kích thước màn hình: 6.6 inch\n- Hệ điều hành: Android 13 (Go edition)\n- Vi xử lý: MediaTek Helio G36\n- Bộ nhớ trong: 128GB\n- RAM: 4GB\n- Mạng di động: 2G, 3G, 4G\n- Số khe SIM: 2 nano SIM\n- Dung lượng pin: 5000 mAh\nKhuyến mãi: - Giảm 5% không giới hạn khuyến mãi qua Homepaylater\n- Giảm 50% tối đa 700k khi mở thẻ tín dụng Vpbank trên SenID\n- Giảm 20% tối đa 500k khi mở thẻ tín dụng TPBank EVO\n- Giảm 1% tối đa 100.000đ khi thanh toán qua Zalopay\n\nTên sản phẩm: điện thoại tecno spark 20 pro + (8+8gb/256gb) - chính hãng\nMàu: Đen, Trắng, Vàng\nGiá: 4,890,000 ₫\nThông số kỹ thuật: - Công nghệ màn hình: AMOLED 120Hz\n- Độ phân giải: 1080x2436, Camera chính 108MP f/1.8, Camera macro 2MP, Camera phụ VGA, Camera trước 32MP\n- Kích thước màn hình: 6.78 inch\n- Hệ điều hành: HIOS 14 trên nền tảng Android 14\n- Vi xử lý: MediaTek Helio G99 Ultimate\n- Bộ nhớ trong: 256GB\n- RAM: 8GB\n- Mạng di động: 2G, 3G, 4G\n- Số khe SIM: 2 nano SIM\n- Dung lượng pin: 5000 mAh\nKhuyến mãi: - Ưu đãi trả góp 0% qua Shinhan Finance hoặc Mirae Asset Finance\n- Giảm 5% không giới hạn khuyến mãi qua Homepaylater\n- Giảm thêm tới 700.000đ khi thanh toán qua Kredivo.\n- Giảm 50% tối đa 700k khi mở thẻ tín dụng Vpbank trên SenID\n- Giảm 20% tối đa 500k khi mở thẻ tín dụng TPBank EVO\n- Giảm 1% tối đa 100.000đ khi thanh toán qua Zalopay\n\nTên sản phẩm: điện thoại tecno camon 20 (8+8gb/256gb) - chính hãng\nMàu: Xanh Dương, Màu Đen, Trắng\nGiá: 3,690,000 ₫\nThông số kỹ thuật: - Công nghệ màn hình: AMOLED\n- Độ phân giải: FHD+ (1080 x 2400), Cảm biến chính 64 MP f/1.7 PDAF, Cảm biến chiều sâu 2 MP f/2.4, Cảm biến QVGA, 32 MP f/2.5\n- Kích thước màn hình: 6.67 inch\n- Hệ điều hành: HIOS 13 dựa trên Android 13\n- Vi xử lý: MediaTek Helio G85\n- Bộ nhớ trong: 256GB\n- RAM: 8GB\n- Mạng di động: 2G, 3G, 4G\n- Số khe SIM: 2 nano SIM\n- Dung lượng pin: 5000 mAh\nKhuyến mãi: - Ưu đãi trả góp 0% qua Shinhan Finance hoặc Mirae Asset Finance\n- Giảm 5% không giới hạn khuyến mãi qua Homepaylater\n- Giảm thêm tới 700.000đ khi thanh toán qua Kredivo.\n- Giảm 50% tối đa 700k khi mở thẻ tín dụng Vpbank trên SenID\n- Giảm 20% tối đa 500k khi mở thẻ tín dụng TPBank EVO\n- Mở thẻ tín dụng VIB\n- Nhận Voucher 600.000đ\n- Giảm 1% tối đa 100.000đ khi thanh toán qua Zalopay']","Trắng, Xanh Dương, Đen","[{'statement': 'Điện thoại Tecno Spark 20 có tùy chọn màu trắng.', 'reason': [""Thông tin trong ngữ cảnh cho biết sản phẩm 'điện thoại tecno spark 20 (8+8gb/128gb) - chính hãng' có các màu: Trắng, Xanh Dương, Đen.""], 'verdict': 1}, {'statement': 'Điện thoại Tecno Spark 20 có tùy chọn màu xanh dương.', 'reason': [""Thông tin trong ngữ cảnh cho biết sản phẩm 'điện thoại tecno spark 20 (8+8gb/128gb) - chính hãng' có các màu: Trắng, Xanh Dương, Đen.""], 'verdict': 1}, {'statement': 'Điện thoại Tecno Spark 20 có tùy chọn màu đen.', 'reason': [""Thông tin trong ngữ cảnh cho biết sản phẩm 'điện thoại tecno spark 20 (8+8gb/128gb) - chính hãng' có các màu: Trắng, Xanh Dương, Đen.""], 'verdict': 1}]",0.0,39.64,2025-08-20 17:03:22
56,Dung lượng pin của điện thoại samsung galaxy s23 fe 5g 8gb/128gb là bao nhiêu?,Dung lượng pin của điện thoại Samsung Galaxy S23 FE 5G 8GB/128GB là 4500 mAh.,"['Tên sản phẩm: điện thoại samsung galaxy s23 fe 5g 8gb/128gb - chính hãng\nMàu: Màu Xám, Màu Tím\nGiá: 12,890,000 ₫\nThông số kỹ thuật: - Công nghệ màn hình: Dynamic AMOLED 2X, Tần số làm tươi màn hình: 120 Hz\n- Độ phân giải: 1080 x 2340 (FHD+), Góc rộng: 50MP, Góc siêu rộng: 12MP, Zoom quang 3X: 8MP, 10MP (F2.4)\n- Kích thước màn hình: 6.4 inch\n- Hệ điều hành: Android\n- Vi xử lý: Exynos 2200\n- Bộ nhớ trong: 128GB\n- RAM: 8GB\n- Mạng di động: Có hỗ trợ 5G\n- Số khe SIM: SIM Kép (SIM 1 + SIM 2 or Embedded SIM)\n- Dung lượng pin: 4500 mAh\nKhuyến mãi: - KM 1\n- Trả góp tới 06 tháng không lãi suất, trả trước 0 đồng với Samsung Finance+.\n- KM 2\n- Giảm thêm 1.100.000đ\n\nTên sản phẩm: điện thoại samsung galaxy s23 - 8gb/128gb - chính hãng\nMàu: Không có thông tin\nGiá: Không có thông tin\nThông số kỹ thuật: - Độ phân giải: 2340 x 1080 (Màn hình phẳng FHD+), 50MP x 12MP x10MP, 12MP\n- Kích thước màn hình: 6.1  inch\n- Vi xử lý: Snapdragon® 8 Gen 2 Mobile Platform for Galaxy\n- Bộ nhớ trong: 128GB\n- RAM: 8GB\n- Mạng di động: Hỗ trợ 5G\n- Dung lượng pin: 3900 mAh\nKhuyến mãi: Không có khuyến mãi\n\nTên sản phẩm: điện thoại samsung galaxy s23 fe 5g 8gb/256gb - chính hãng\nMàu: Màu Xám, Màu Tím\nGiá: 14,890,000 ₫\nThông số kỹ thuật: - Công nghệ màn hình: Dynamic AMOLED 2X, Tần số làm tươi màn hình: 120 Hz\n- Độ phân giải: 1080 x 2340 (FHD+), Góc rộng: 50MP, Góc siêu rộng: 12MP, Zoom quang 3X: 8MP, 10MP (F2.4)\n- Kích thước màn hình: 6.4 inch\n- Hệ điều hành: Android\n- Vi xử lý: Exynos 2200\n- Bộ nhớ trong: 256GB\n- RAM: 8GB\n- Mạng di động: Có hỗ trợ 5G\n- Số khe SIM: SIM Kép (SIM 1 + SIM 2 or Embedded SIM)\n- Dung lượng pin: 4500 mAh\nKhuyến mãi: - KM 1\n- Trả góp tới 06 tháng không lãi suất, trả trước 0 đồng với Samsung Finance+.\n- KM 2\n- Giảm thêm 1.900.000đ\n\nTên sản phẩm: điện thoại samsung galaxy s21 fe (5g) - 8gb/128gb - chính hãng\nMàu: Không có thông tin\nGiá: Không có thông tin\nThông số kỹ thuật: - Công nghệ màn hình: Dynamic AMOLED 2X\n- Độ phân giải: Full HD+ (1080 x 2340 Pixels), Chính 12 MP & Phụ 12 MP, 8 MP, 32 MP\n- Kích thước màn hình: 6.4 inch\n- Vi xử lý: Exynos 2100 8 nhân\n- RAM: 8GB\n- Dung lượng pin: 4520 mAh\nKhuyến mãi: Không có khuyến mãi']",Dung lượng pin của điện thoại Samsung Galaxy S23 FE 5G 8GB/128GB là 4500 mAh.,"[{'statement': 'Dung lượng pin của điện thoại Samsung Galaxy S23 FE 5G 8GB/128GB là 4500 mAh.', 'reason': [""Trong phần thông tin về sản phẩm 'điện thoại samsung galaxy s23 fe 5g 8gb/128gb - chính hãng', có mục 'Dung lượng pin: 4500 mAh'.""], 'verdict': 1}]",0.0,50.59,2025-08-20 17:03:24
59,Điện thoại AI - Samsung Galaxy S24 Plus có bao nhiêu màu sắc có sẵn?,"Điện thoại AI - Samsung Galaxy S24 Plus có 4 màu sắc có sẵn: Màu Xám, Màu Đen, Màu Vàng, Màu Tím.","['Tên sản phẩm: điện thoại ai - samsung galaxy s24 plus - 12gb/256gb - chính hãng\nMàu: Màu Xám, Màu Đen, Màu Vàng, Màu Tím\nGiá: 25,990,000 ₫\nThông số kỹ thuật: - Công nghệ màn hình: Dynamic AMOLED 2X\n- Độ phân giải: 3120 x 1440 (Quad HD+), 16 Triệu màu, 50.0 MP + 10.0 MP + 12.0 MP, (F1.8 , F2.4 , F2.2), 12.0 MP, (F2.2)\n- Kích thước màn hình: 6.7 inch\n- Vi xử lý: Exynos 2400 8 nhân\n- Bộ nhớ trong: 256GB\n- RAM: 12GB\n- Số khe SIM: Nano-SIM (4FF),Embedded-SIM\n- Dung lượng pin: 4900 mAh\nKhuyến mãi: - KM 1\n- Trả góp tới 06 tháng không lãi suất, trả trước 0 đồng với Samsung Finance+.\n- KM 2\n- Giảm thêm 1.000.000đ cho khách hàng thân thiết (Chi tiết LH 1900 2091)\n\nTên sản phẩm: điện thoại ai - samsung galaxy s24 plus - 12gb/512gb - chính hãng\nMàu: Màu Xám, Màu Vàng, Màu Đen, Màu Tím\nGiá: 29,490,000 ₫\nThông số kỹ thuật: - Công nghệ màn hình: Dynamic AMOLED 2X\n- Độ phân giải: 3120 x 1440 (Quad HD+), 16 Triệu màu, 50.0 MP + 10.0 MP + 12.0 MP, (F1.8 , F2.4 , F2.2), 12.0 MP, (F2.2)\n- Kích thước màn hình: 6.7 inch\n- Vi xử lý: Exynos 2400\n- Bộ nhớ trong: 512GB\n- RAM: 12GB\n- Số khe SIM: Nano-SIM (4FF),Embedded-SIM\n- Dung lượng pin: 4900 mAh\nKhuyến mãi: - KM 1\n- Trả góp tới 06 tháng không lãi suất, trả trước 0 đồng với Samsung Finance+.\n- KM 2\n- Giảm thêm 1.000.000đ cho khách hàng thân thiết (Chi tiết LH 1900 2091)\n\nTên sản phẩm: điện thoại ai - samsung galaxy s24 - 8gb/512gb - chính hãng\nMàu: Màu Tím, Màu Xám, Màu Vàng, Màu Đen\nGiá: 25,490,000 ₫\nThông số kỹ thuật: - Công nghệ màn hình: Dynamic AMOLED 2X\n- Độ phân giải: 2340 x 1080 (FHD+), 16Triệu màu, 50.0 MP + 10.0 MP + 12.0 MP, (F1.8 , F2.4 , F2.2), 12.0 MP\n- Kích thước màn hình: 6.2 inch\n- Vi xử lý: Exynos 2400\n- Bộ nhớ trong: 512GB\n- RAM: 8GB\n- Số khe SIM: Nano-SIM (4FF),Embedded-SIM\n- Dung lượng pin: 4000 mAh\nKhuyến mãi: - KM 1\n- Trả góp tới 06 tháng không lãi suất, trả trước 0 đồng với Samsung Finance+.\n- KM 2\n- Giảm thêm 1.000.000đ cho khách hàng thân thiết (Chi tiết LH 1900 2091)\n\nTên sản phẩm: điện thoại ai - samsung galaxy s24 ultra - 12gb/256gb - chính hãng\nMàu: Màu Xám, Màu Đen, Màu Tím, Màu Vàng\nGiá: 29,990,000 ₫\nThông số kỹ thuật: - Công nghệ màn hình: Dynamic AMOLED 2X, Tần số quát 120Hz\n- Độ phân giải: 3120 x 1440 (Quad HD+), 16 triệu màu, 200.0 MP + 50.0 MP + 12.0 MP + 10.0 MP, (F1.7 , F3.4 , F2.2 , F2.4), 12.0 MP\n- Kích thước màn hình: 6.8 inch\n- Vi xử lý: Snapdragon 8 Gen 3\n- Bộ nhớ trong: 256GB\n- RAM: 12GB\n- Số khe SIM: Nano-SIM (4FF),Embedded-SIM\n- Dung lượng pin: 5000 mAh\nKhuyến mãi: - KM 1\n- Trả góp tới 06 tháng không lãi suất, trả trước 0 đồng với Samsung Finance+.\n- KM 2']",Có 4 màu sắc.,"[{'statement': 'Điện thoại Samsung Galaxy S24 Plus có 4 màu sắc.', 'reason': ['Ngữ cảnh cung cấp thông tin cho hai phiên bản của Samsung Galaxy S24 Plus, và cả hai đều có 4 màu: Màu Xám, Màu Đen, Màu Vàng, Màu Tím.'], 'verdict': 1}]",0.0,19.16,2025-08-20 17:03:36
61,Điện thoại ZTE Blade V50 Design có bao nhiêu màu sắc khác nhau?,"Điện thoại ZTE Blade V50 Design có ba màu sắc khác nhau: Màu Tím, Xanh Lá, Đen.","['Tên sản phẩm: điện thoại zte blade v50 design (8gb/128gb) - chính hãng\nMàu: Màu Tím, Xanh Lá, Đen\nGiá: 2,790,000 ₫\nThông số kỹ thuật: - Công nghệ màn hình: IPS LCD, 90Hz\n- Độ phân giải: FHD+ (1080x2408), Camera chính 50MP, Camera chiều sâu 2MP, Camera Macro 2MP, 8MP\n- Kích thước màn hình: 6.6 inch\n- Hệ điều hành: Android 13\n- Vi xử lý: Unisoc T606\n- Bộ nhớ trong: 128GB\n- RAM: 8GB\n- Mạng di động: 2G, 3G, 4G\n- Số khe SIM: 2 nano SIM\n- Dung lượng pin: 5000 mAh\nKhuyến mãi: - KM 1\n- Tặng 200 điểm thành viên (Chi tiết liên hệ 1900.2091).\n\nTên sản phẩm: điện thoại zte blade v50 design (8gb/256gb) - chính hãng\nMàu: Đen, Xanh Lá, Màu Tím\nGiá: 3,090,000 ₫\nThông số kỹ thuật: - Công nghệ màn hình: IPS LCD, 90Hz\n- Độ phân giải: FHD+ (1080x2408), Camera chính 50MP, Camera chiều sâu 2MP, Camera Macro 2MP, 8MP\n- Kích thước màn hình: 6.6 inch\n- Hệ điều hành: Android 13\n- Vi xử lý: Unisoc T606\n- Bộ nhớ trong: 256GB\n- RAM: 8GB\n- Mạng di động: 2G, 3G, 4G\n- Số khe SIM: 2 nano SIM\n- Dung lượng pin: 5000 mAh\nKhuyến mãi: - KM 1\n- Tặng 200 điểm thành viên (Chi tiết liên hệ 1900.2091).\n\nTên sản phẩm: điện thoại zte blade a54 (4+4gb/128gb) - chính hãng\nMàu: Xanh Dương, Màu Tím, Màu Xám\nGiá: 2,290,000 ₫\nThông số kỹ thuật: - Công nghệ màn hình: IPS LCD\n- Độ phân giải: 720x1612, Camera chính 13MP, Camera phụ VGA, Camera trước 5MP\n- Kích thước màn hình: 6.6 inch\n- Hệ điều hành: Android 13\n- Vi xử lý: Unisoc SC9863A\n- Bộ nhớ trong: 128GB\n- RAM: 4GB\n- Mạng di động: 2G, 3G, 4G\n- Số khe SIM: 2 nano SIM\n- Dung lượng pin: 5000 mAh\nKhuyến mãi: - Giảm 5% không giới hạn khuyến mãi qua Homepaylater\n- Giảm 50% tối đa 700k khi mở thẻ tín dụng Vpbank trên SenID\n- Giảm 20% tối đa 500k khi mở thẻ tín dụng TPBank EVO\n- Giảm 1% tối đa 100.000đ khi thanh toán qua Zalopay\n\nTên sản phẩm: điện thoại zte blade a72 (3gb/128gb) - chính hãng\nMàu: Màu Xám, Xanh Dương\nGiá: 1,990,000 ₫\nThông số kỹ thuật: - Công nghệ màn hình: IPS LCD\n- Độ phân giải: 720x1600, Camera chính 13MP f/2.2, Camera chiều sâu 2MP, Camera Macro 2MP, 5MP\n- Kích thước màn hình: 6.745 inch\n- Hệ điều hành: Android 13\n- Vi xử lý: Unisoc T606\n- Bộ nhớ trong: 128GB\n- RAM: 3GB\n- Mạng di động: 2G, 3G, 4G\n- Số khe SIM: 2 nano SIM\n- Dung lượng pin: 5130 mAh\nKhuyến mãi: - KM 1\n- Tặng 100 điểm thành viên (Chi tiết liên hệ 1900.2091).']",Điện thoại ZTE Blade V50 Design có 3 màu sắc khác nhau.,"[{'statement': 'Điện thoại ZTE Blade V50 Design có 3 màu sắc khác nhau.', 'reason': ['Ngữ cảnh cung cấp thông tin cho hai phiên bản của điện thoại ZTE Blade V50 Design và cả hai đều có 3 màu: Màu Tím, Xanh Lá, Đen.'], 'verdict': 1}]",0.0,25.19,2025-08-20 17:03:48
60,Đặc điểm nổi bật của màn hình trên điện thoại di động tcl 40 nxtpaper 8gb/256gb là gì?,"Màn hình của điện thoại TCL 40 NxtPaper có kích thước 6.78 inch, độ phân giải 2460x1080 pixels đặc biệt là công nghệ màn hình với tần số 90Hz cùng thiết kế đục lỗ (nốt ruồi) giúp hiển thị mượt mà.","['Tên sản phẩm: điện thoại di động tcl 40 nxtpaper 8gb/256gb - chính hãng\nMàu: Trắng\nGiá: 3,990,000 ₫\nThông số kỹ thuật: - Công nghệ màn hình: Tần số 90Hz, Đục lỗ (Nốt ruồi)\n- Độ phân giải: 2460x1080 pixels, Camera chính: 50MP, ƒ/1.8, PDAF, 1/2,76”, 0,64μm, Camera góc siêu rộng: 5MP, f/2.2 2MP, f/2.4, 1/5”, 1.75μm, 32MP, f/2.0\n- Kích thước màn hình: 6.78  inch\n- Vi xử lý: Mediatek Helio G88 (MT6769)\n- Bộ nhớ trong: 256GB\n- RAM: 8GB\n- Dung lượng pin: 5010 mAh\nKhuyến mãi: - KM 1\n- Tặng phiếu mua hàng 300.000đ.\n\nTên sản phẩm: điện thoại tcl 40 se (6gb/256gb) - chính hãng\nMàu: Màu Tím, Màu Xám\nGiá: 2,990,000 ₫\nThông số kỹ thuật: - Công nghệ màn hình: IPS LCD, 90Hz\n- Độ phân giải: HD+ (720 x 1600), Camera chính 50MP f/1.8, Camera chiều sâu 2MP f/2.4, Camera macro 2MP f/2.4, 8MP f/2.0\n- Kích thước màn hình: 6.75 inch\n- Hệ điều hành: Android 13\n- Vi xử lý: MediaTek Helio G37\n- Bộ nhớ trong: 256GB\n- RAM: 6GB\n- Mạng di động: 2G, 3G, 4G\n- Số khe SIM: 2 nano SIM\n- Dung lượng pin: 5010 mAh\nKhuyến mãi: - Giảm 5% không giới hạn khuyến mãi qua Homepaylater\n- Giảm 50% tối đa 700k khi mở thẻ tín dụng Vpbank trên SenID\n- Giảm 20% tối đa 500k khi mở thẻ tín dụng TPBank EVO\n- Mở thẻ tín dụng VIB\n- Nhận Voucher 600.000đ\n- Giảm 1% tối đa 100.000đ khi thanh toán qua Zalopay\n\nTên sản phẩm: điện thoại tcl 408 (4gb/128gb) - chính hãng\nMàu: Màu Xám, Xanh Dương\nGiá: 2,190,000 ₫\nThông số kỹ thuật: - Công nghệ màn hình: IPS LCD\n- Độ phân giải: HD+ (720 x 1612), Camera chính 50MP f/1.8, Camera chiều sâu 2MP f/2.4, 8MP f/2.0\n- Kích thước màn hình: 6.6 inch\n- Hệ điều hành: Android 12\n- Vi xử lý: MediaTek MT6762\n- Bộ nhớ trong: 128GB\n- RAM: 4GB\n- Mạng di động: 2G, 3G, 4G\n- Số khe SIM: 2 nano SIM\n- Dung lượng pin: 5000 mAh\nKhuyến mãi: - Giảm 5% không giới hạn khuyến mãi qua Homepaylater\n- Giảm 50% tối đa 700k khi mở thẻ tín dụng Vpbank trên SenID\n- Giảm 20% tối đa 500k khi mở thẻ tín dụng TPBank EVO\n- Giảm 1% tối đa 100.000đ khi thanh toán qua Zalopay\n\nTên sản phẩm: điện thoại tcl 40 se (4gb/128gb) - chính hãng\nMàu: Màu Tím, Màu Xám\nGiá: 2,690,000 ₫\nThông số kỹ thuật: - Công nghệ màn hình: IPS LCD, 90Hz\n- Độ phân giải: HD+ (720 x 1600), Camera chính 50MP f/1.8, Camera chiều sâu 2MP f/2.4, Camera macro 2MP f/2.4, 8MP f/2.0\n- Kích thước màn hình: 6.75 inch\n- Hệ điều hành: Android 13\n- Vi xử lý: MediaTek Helio G37\n- Bộ nhớ trong: 128GB\n- RAM: 4GB\n- Mạng di động: 2G, 3G, 4G\n- Số khe SIM: 2 nano SIM\n- Dung lượng pin: 5010 mAh\nKhuyến mãi: - Giảm 5% không giới hạn khuyến mãi qua Homepaylater\n- Giảm 50% tối đa 700k khi mở thẻ tín dụng Vpbank trên SenID\n- Giảm 20% tối đa 500k khi mở thẻ tín dụng TPBank EVO\n- Giảm 1% tối đa 100.000đ khi thanh toán qua Zalopay']","Màn hình TCL 40 Nxtpaper 8 GB/256 GB có công nghệ notch, tần số 90 Hz, độ phân giải 2460×1080 pixels và kích thước 6,78 inch.","[{'statement': 'Màn hình TCL 40 Nxtpaper 8 GB/256 GB có công nghệ notch.', 'reason': ['Ngữ cảnh cho biết điện thoại di động tcl 40 nxtpaper 8gb/256gb có công nghệ màn hình ""Đục lỗ (Nốt ruồi)"", đây là một loại notch.'], 'verdict': 1}, {'statement': 'Màn hình TCL 40 Nxtpaper 8 GB/256 GB có tần số 90 Hz.', 'reason': ['Ngữ cảnh xác nhận rằng điện thoại di động tcl 40 nxtpaper 8gb/256gb có công nghệ màn hình là ""Tần số 90Hz"".'], 'verdict': 1}, {'statement': 'Màn hình TCL 40 Nxtpaper 8 GB/256 GB có độ phân giải 2460×1080 pixels.', 'reason': ['Ngữ cảnh nêu rõ rằng độ phân giải của điện thoại di động tcl 40 nxtpaper 8gb/256gb là ""2460x1080 pixels"".'], 'verdict': 1}, {'statement': 'Màn hình TCL 40 Nxtpaper 8 GB/256 GB có kích thước 6,78 inch.', 'reason': ['Ngữ cảnh cung cấp thông tin kích thước màn hình của điện thoại di động tcl 40 nxtpaper 8gb/256gb là ""6.78 inch"".'], 'verdict': 1}]",0.0,61.07,2025-08-20 17:04:23
62,Điện thoại itel s23 có những màu sắc nào?,"Điện thoại itel s23 có màu Đen, Trắng.","['Tên sản phẩm: điện thoại itel s23 (8gb/256gb) - chính hãng\nMàu: Đen, Trắng\nGiá: 2,690,000 ₫\nThông số kỹ thuật: - Công nghệ màn hình: IPS LCD, 90Hz\n- Độ phân giải: HD+ (720x1612), Camera chính 50 MP f/1.6 AF, Camera phụ 0.08 MP, 8 MP\n- Kích thước màn hình: 6.56 inch\n- Hệ điều hành: Android 12\n- Vi xử lý: Unisoc T606\n- Bộ nhớ trong: 256GB\n- RAM: 8GB\n- Mạng di động: 2G, 3G, 4G\n- Số khe SIM: 2 nano SIM\n- Dung lượng pin: 5000 mAh\nKhuyến mãi: - Giảm 5% không giới hạn khuyến mãi qua Homepaylater\n- Giảm 50% tối đa 700k khi mở thẻ tín dụng Vpbank trên SenID\n- Giảm 20% tối đa 500k khi mở thẻ tín dụng TPBank EVO\n- Giảm 1% tối đa 100.000đ khi thanh toán qua Zalopay\n\nTên sản phẩm: điện thoại itel s23 (8gb/128gb) - chính hãng\nMàu: Đen, Trắng\nGiá: 2,490,000 ₫\nThông số kỹ thuật: - Công nghệ màn hình: IPS LCD, 90Hz\n- Độ phân giải: HD+ (720x1612), Camera chính 50 MP f/1.6 AF, Camera phụ 0.08 MP, 8 MP\n- Kích thước màn hình: 6.56 inch\n- Hệ điều hành: Android 12\n- Vi xử lý: Unisoc T606\n- Bộ nhớ trong: 128GB\n- RAM: 8GB\n- Mạng di động: 2G, 3G, 4G\n- Số khe SIM: 2 nano SIM\n- Dung lượng pin: 5000 mAh\nKhuyến mãi: - KM 1\n- Sản phẩm đang thuộc chương trình Flash sale (Số lượng có hạn)\n\nTên sản phẩm: điện thoại itel magic x pro - 2 sim, 4g - chính hãng\nMàu: Đen, Xanh Dương\nGiá: 650,000 ₫\nThông số kỹ thuật: - Công nghệ màn hình: TN\n- Độ phân giải: QVGA (240×320), 0.3MP\n- Kích thước màn hình: 2.4 inch\n- Vi xử lý: USM9117\n- Bộ nhớ trong: 128 MB\n- RAM: 64MB\n- Mạng di động: 2G, 3G, 4G\n- Số khe SIM: 2 Micro SIM\n- Dung lượng pin: 2500 mAh\nKhuyến mãi: - Giảm 5% không giới hạn khuyến mãi qua Homepaylater\n- Giảm 50% tối đa 700k khi mở thẻ tín dụng Vpbank trên SenID\n- Giảm 20% tối đa 500k khi mở thẻ tín dụng TPBank EVO\n- Giảm 1% tối đa 100.000đ khi thanh toán qua Zalopay\n\nTên sản phẩm: điện thoại itel it9010 - 2 sim, 4g - chính hãng\nMàu: Xanh Dương, Xanh Lá\nGiá: 420,000 ₫\nThông số kỹ thuật: - Công nghệ màn hình: LCD\n- Độ phân giải: QQVGA (128x160), 0.08 MP\n- Kích thước màn hình: 1.77 inch\n- Bộ nhớ trong: 128 MB\n- RAM: 48MB\n- Mạng di động: 2G, 3G, 4G\n- Số khe SIM: 2 Micro SIM\n- Dung lượng pin: 1000 mAh\nKhuyến mãi: - Giảm 5% không giới hạn khuyến mãi qua Homepaylater\n- Giảm 50% tối đa 700k khi mở thẻ tín dụng Vpbank trên SenID\n- Giảm 20% tối đa 500k khi mở thẻ tín dụng TPBank EVO\n- Giảm 1% tối đa 100.000đ khi thanh toán qua Zalopay']",Màu sắc có sẵn: Đen hoặc Trắng.,"[{'statement': 'Điện thoại itel s23 có màu Đen.', 'reason': [""Trong ngữ cảnh, cả hai phiên bản của 'điện thoại itel s23' (256GB và 128GB) đều được liệt kê có 'Màu: Đen, Trắng'.""], 'verdict': 1}, {'statement': 'Điện thoại itel s23 có màu Trắng.', 'reason': [""Trong ngữ cảnh, cả hai phiên bản của 'điện thoại itel s23' (256GB và 128GB) đều được liệt kê có 'Màu: Đen, Trắng'.""], 'verdict': 1}]",0.0,60.08,2025-08-20 17:04:26
64,Giá của điện thoại zte blade v50 design là bao nhiêu?,"Giá của điện thoại zte blade v50 design (8GB/256GB) là 3,090,000 ₫.","['Tên sản phẩm: điện thoại zte blade v50 design (8gb/256gb) - chính hãng\nMàu: Đen, Xanh Lá, Màu Tím\nGiá: 3,090,000 ₫\nThông số kỹ thuật: - Công nghệ màn hình: IPS LCD, 90Hz\n- Độ phân giải: FHD+ (1080x2408), Camera chính 50MP, Camera chiều sâu 2MP, Camera Macro 2MP, 8MP\n- Kích thước màn hình: 6.6 inch\n- Hệ điều hành: Android 13\n- Vi xử lý: Unisoc T606\n- Bộ nhớ trong: 256GB\n- RAM: 8GB\n- Mạng di động: 2G, 3G, 4G\n- Số khe SIM: 2 nano SIM\n- Dung lượng pin: 5000 mAh\nKhuyến mãi: - KM 1\n- Tặng 200 điểm thành viên (Chi tiết liên hệ 1900.2091).\n\nTên sản phẩm: điện thoại zte blade v50 design (8gb/128gb) - chính hãng\nMàu: Màu Tím, Xanh Lá, Đen\nGiá: 2,790,000 ₫\nThông số kỹ thuật: - Công nghệ màn hình: IPS LCD, 90Hz\n- Độ phân giải: FHD+ (1080x2408), Camera chính 50MP, Camera chiều sâu 2MP, Camera Macro 2MP, 8MP\n- Kích thước màn hình: 6.6 inch\n- Hệ điều hành: Android 13\n- Vi xử lý: Unisoc T606\n- Bộ nhớ trong: 128GB\n- RAM: 8GB\n- Mạng di động: 2G, 3G, 4G\n- Số khe SIM: 2 nano SIM\n- Dung lượng pin: 5000 mAh\nKhuyến mãi: - KM 1\n- Tặng 200 điểm thành viên (Chi tiết liên hệ 1900.2091).\n\nTên sản phẩm: điện thoại zte blade a54 (4+4gb/128gb) - chính hãng\nMàu: Xanh Dương, Màu Tím, Màu Xám\nGiá: 2,290,000 ₫\nThông số kỹ thuật: - Công nghệ màn hình: IPS LCD\n- Độ phân giải: 720x1612, Camera chính 13MP, Camera phụ VGA, Camera trước 5MP\n- Kích thước màn hình: 6.6 inch\n- Hệ điều hành: Android 13\n- Vi xử lý: Unisoc SC9863A\n- Bộ nhớ trong: 128GB\n- RAM: 4GB\n- Mạng di động: 2G, 3G, 4G\n- Số khe SIM: 2 nano SIM\n- Dung lượng pin: 5000 mAh\nKhuyến mãi: - Giảm 5% không giới hạn khuyến mãi qua Homepaylater\n- Giảm 50% tối đa 700k khi mở thẻ tín dụng Vpbank trên SenID\n- Giảm 20% tối đa 500k khi mở thẻ tín dụng TPBank EVO\n- Giảm 1% tối đa 100.000đ khi thanh toán qua Zalopay\n\nTên sản phẩm: điện thoại zte blade a72 (3gb/128gb) - chính hãng\nMàu: Màu Xám, Xanh Dương\nGiá: 1,990,000 ₫\nThông số kỹ thuật: - Công nghệ màn hình: IPS LCD\n- Độ phân giải: 720x1600, Camera chính 13MP f/2.2, Camera chiều sâu 2MP, Camera Macro 2MP, 5MP\n- Kích thước màn hình: 6.745 inch\n- Hệ điều hành: Android 13\n- Vi xử lý: Unisoc T606\n- Bộ nhớ trong: 128GB\n- RAM: 3GB\n- Mạng di động: 2G, 3G, 4G\n- Số khe SIM: 2 nano SIM\n- Dung lượng pin: 5130 mAh\nKhuyến mãi: - KM 1\n- Tặng 100 điểm thành viên (Chi tiết liên hệ 1900.2091).']","Giá điện thoại ZTE Blade V50 Design là 3,090,000₫ (đối với 8GB/256GB) hoặc 2,790,000₫ (đối với 8GB/128GB).","[{'statement': 'Giá điện thoại ZTE Blade V50 Design phiên bản 8GB/256GB là 3,090,000₫.', 'reason': [""The context confirms the price for 'điện thoại zte blade v50 design (8gb/256gb)' is 3,090,000 ₫.""], 'verdict': 1}, {'statement': 'Giá điện thoại ZTE Blade V50 Design phiên bản 8GB/128GB là 2,790,000₫.', 'reason': [""The context confirms the price for 'điện thoại zte blade v50 design (8gb/128gb)' is 2,790,000 ₫.""], 'verdict': 1}]",0.0,38.67,2025-08-20 17:04:28
63,Màu sắc nào có sẵn cho điện thoại itel S23 (8GB/128GB)?,Màu sắc có sẵn cho điện thoại itel S23 (8GB/128GB) là Đen và Trắng.,"['Tên sản phẩm: điện thoại itel s23 (8gb/128gb) - chính hãng\nMàu: Đen, Trắng\nGiá: 2,490,000 ₫\nThông số kỹ thuật: - Công nghệ màn hình: IPS LCD, 90Hz\n- Độ phân giải: HD+ (720x1612), Camera chính 50 MP f/1.6 AF, Camera phụ 0.08 MP, 8 MP\n- Kích thước màn hình: 6.56 inch\n- Hệ điều hành: Android 12\n- Vi xử lý: Unisoc T606\n- Bộ nhớ trong: 128GB\n- RAM: 8GB\n- Mạng di động: 2G, 3G, 4G\n- Số khe SIM: 2 nano SIM\n- Dung lượng pin: 5000 mAh\nKhuyến mãi: - KM 1\n- Sản phẩm đang thuộc chương trình Flash sale (Số lượng có hạn)\n\nTên sản phẩm: điện thoại itel s23 (8gb/256gb) - chính hãng\nMàu: Đen, Trắng\nGiá: 2,690,000 ₫\nThông số kỹ thuật: - Công nghệ màn hình: IPS LCD, 90Hz\n- Độ phân giải: HD+ (720x1612), Camera chính 50 MP f/1.6 AF, Camera phụ 0.08 MP, 8 MP\n- Kích thước màn hình: 6.56 inch\n- Hệ điều hành: Android 12\n- Vi xử lý: Unisoc T606\n- Bộ nhớ trong: 256GB\n- RAM: 8GB\n- Mạng di động: 2G, 3G, 4G\n- Số khe SIM: 2 nano SIM\n- Dung lượng pin: 5000 mAh\nKhuyến mãi: - Giảm 5% không giới hạn khuyến mãi qua Homepaylater\n- Giảm 50% tối đa 700k khi mở thẻ tín dụng Vpbank trên SenID\n- Giảm 20% tối đa 500k khi mở thẻ tín dụng TPBank EVO\n- Giảm 1% tối đa 100.000đ khi thanh toán qua Zalopay\n\nTên sản phẩm: điện thoại samsung galaxy s23 - 8gb/128gb - chính hãng\nMàu: Không có thông tin\nGiá: Không có thông tin\nThông số kỹ thuật: - Độ phân giải: 2340 x 1080 (Màn hình phẳng FHD+), 50MP x 12MP x10MP, 12MP\n- Kích thước màn hình: 6.1  inch\n- Vi xử lý: Snapdragon® 8 Gen 2 Mobile Platform for Galaxy\n- Bộ nhớ trong: 128GB\n- RAM: 8GB\n- Mạng di động: Hỗ trợ 5G\n- Dung lượng pin: 3900 mAh\nKhuyến mãi: Không có khuyến mãi\n\nTên sản phẩm: điện thoại samsung galaxy a23 4gb/128gb - chính hãng\nMàu: Không có thông tin\nGiá: Không có thông tin\nThông số kỹ thuật: - Công nghệ màn hình: PLS TFT LCD\n- Độ phân giải: Full HD+ (1080 x 2408 Pixels), Chính 50 MP & Phụ 5 MP, 2 MP, 2 MP, 8 MP\n- Hệ điều hành: Android 12\n- Vi xử lý: Qualcomm Qualcomm Snapdragon 680\n- Bộ nhớ trong: 128 GB\n- RAM: 4GB\n- Mạng di động: Hỗ trợ 4G\n- Số khe SIM: 2 Nano SIM\n- Dung lượng pin: 5000 mAh\nKhuyến mãi: Không có khuyến mãi']","Đen, Trắng.","[{'statement': 'Điện thoại itel S23 (8GB/128GB) có sẵn màu Đen.', 'reason': [""Thông tin tham khảo cho sản phẩm 'điện thoại itel s23 (8gb/128gb)' liệt kê 'Đen' là một trong các màu có sẵn.""], 'verdict': 1}, {'statement': 'Điện thoại itel S23 (8GB/128GB) có sẵn màu Trắng.', 'reason': [""Thông tin tham khảo cho sản phẩm 'điện thoại itel s23 (8gb/128gb)' liệt kê 'Trắng' là một trong các màu có sẵn.""], 'verdict': 1}]",0.0,60.6,2025-08-20 17:04:37
65,Dung lượng RAM của điện thoại realme c51 3gb/64gb là bao nhiêu?,Dung lượng RAM của điện thoại realme c51 3gb/64gb là 3GB.,"['Tên sản phẩm: điện thoại realme c51 3gb/64gb - chính hãng\nMàu: Màu Đen, Xanh\nGiá: 2,790,000 ₫\nThông số kỹ thuật: - Công nghệ màn hình: Tần số quét 90Hz\n- Độ phân giải: HD, 50M+QVGA, 5MP\n- Kích thước màn hình: 6.74 inch\n- Bộ nhớ trong: 64GB\n- RAM: 3GB\n- Dung lượng pin: 5000 mAh\nKhuyến mãi: - KM 1\n- Tặng Bộ quà Hoàng Hà (Chi tiết liên hệ 1900.2091)\n\nTên sản phẩm: realme c51 4gb/128gb- chính hãng\nMàu: Xanh, Màu Đen\nGiá: 3,290,000 ₫\nThông số kỹ thuật: - Công nghệ màn hình: Tần số quét 90Hz\n- Độ phân giải: HD, 50M+QVGA, 5MP\n- Kích thước màn hình: 6.74 inch\n- Hệ điều hành: T612\n- Bộ nhớ trong: 128GB\n- RAM: 4GB\n- Dung lượng pin: 5000 mAh\nKhuyến mãi: - KM 1\n- Tặng Bộ quà Hoàng Hà (Chi tiết liên hệ 1900.2091)\n\nTên sản phẩm: điện thoại realme c51 6gb/256gb - chính hãng\nMàu: Xanh, Màu Đen\nGiá: 3,890,000 ₫\nThông số kỹ thuật: - Công nghệ màn hình: Tần số quét 90Hz\n- Độ phân giải: HD, 50M+QVGA, 5MP\n- Kích thước màn hình: 6.74 inch\n- Bộ nhớ trong: 256GB\n- RAM: 6GB\n- Dung lượng pin: 5000 mAh\nKhuyến mãi: - Ưu đãi trả góp 0% qua Shinhan Finance hoặc Mirae Asset Finance\n- Giảm 5% không giới hạn khuyến mãi qua Homepaylater\n- Giảm thêm tới 700.000đ khi thanh toán qua Kredivo.\n- Giảm 50% tối đa 700k khi mở thẻ tín dụng Vpbank trên SenID\n- Giảm 20% tối đa 500k khi mở thẻ tín dụng TPBank EVO\n- Mở thẻ tín dụng VIB\n- Nhận Voucher 600.000đ\n- Giảm 1% tối đa 100.000đ khi thanh toán qua Zalopay\n\nTên sản phẩm: điện thoại realme c53 - 8gb/256gb- chính hãng\nMàu: Màu Đen, Màu Vàng\nGiá: 3,990,000 ₫\nThông số kỹ thuật: - Công nghệ màn hình: IPS LCD\n- Độ phân giải: HD 720*1600, Chính 50MP + 0.08MP, Chính 8MP\n- Kích thước màn hình: 6.74 inch\n- Hệ điều hành: Android 13, realme UI T Edition\n- Vi xử lý: UNISOC T612\n- Bộ nhớ trong: 256GB\n- RAM: 8GB + 8GB\n- Mạng di động: Không hỗ trợ 5G\n- Số khe SIM: 2 nano SIM + 1 khe thẻ nhớ\n- Dung lượng pin: 5000 mAh\nKhuyến mãi: - KM 1\n- Tặng phiếu mua hàng 200.000 khi thu cũ lên đời']",RAM của điện thoại realme c51 3gb/64gb là 3GB.,"[{'statement': 'Điện thoại realme c51 3gb/64gb có RAM là 3GB.', 'reason': [""Ngữ cảnh cung cấp thông tin về sản phẩm 'điện thoại realme c51 3gb/64gb - chính hãng' và trong phần thông số kỹ thuật có ghi rõ 'RAM: 3GB'.""], 'verdict': 1}]",0.0,14.32,2025-08-20 17:04:39
67,Độ phân giải màn hình của điện thoại tecno spark 20c là gì?,Độ phân giải của điện thoại Tecno Spark 20c là HD+ (720x1612).,"['Tên sản phẩm: điện thoại tecno spark 20c (4+4gb/128gb) - chính hãng\nMàu: Trắng, Đen, Xanh Lá\nGiá: 2,450,000 ₫\nThông số kỹ thuật: - Công nghệ màn hình: IPS LCD 90Hz\n- Độ phân giải: HD+ (720x1612), Camera chính 50MP, Camera phụ 0.08MP, Camera trước 8MP\n- Kích thước màn hình: 6.6 inch\n- Hệ điều hành: Android 13 (Go edition)\n- Vi xử lý: MediaTek Helio G36\n- Bộ nhớ trong: 128GB\n- RAM: 4GB\n- Mạng di động: 2G, 3G, 4G\n- Số khe SIM: 2 nano SIM\n- Dung lượng pin: 5000 mAh\nKhuyến mãi: - Giảm 5% không giới hạn khuyến mãi qua Homepaylater\n- Giảm 50% tối đa 700k khi mở thẻ tín dụng Vpbank trên SenID\n- Giảm 20% tối đa 500k khi mở thẻ tín dụng TPBank EVO\n- Giảm 1% tối đa 100.000đ khi thanh toán qua Zalopay\n\nTên sản phẩm: điện thoại tecno spark 20 (8+8gb/128gb) - chính hãng\nMàu: Trắng, Xanh Dương, Đen\nGiá: 2,990,000 ₫\nThông số kỹ thuật: - Công nghệ màn hình: IPS LCD 90Hz\n- Độ phân giải: HD+ (720x1612), Camera chính 50MP f/1.6, Camera phụ 0.08MP, Camera trước 32MP\n- Kích thước màn hình: 6.6 inch\n- Hệ điều hành: HIOS 13 trên nền tảng Android 13\n- Vi xử lý: MediaTek Helio G85\n- Bộ nhớ trong: 128GB\n- RAM: 8GB\n- Mạng di động: 2G, 3G, 4G\n- Số khe SIM: 2 nano SIM\n- Dung lượng pin: 5000 mAh\nKhuyến mãi: - Giảm 5% không giới hạn khuyến mãi qua Homepaylater\n- Giảm 50% tối đa 700k khi mở thẻ tín dụng Vpbank trên SenID\n- Giảm 20% tối đa 500k khi mở thẻ tín dụng TPBank EVO\n- Mở thẻ tín dụng VIB\n- Nhận Voucher 600.000đ\n- Giảm 1% tối đa 100.000đ khi thanh toán qua Zalopay\n\nTên sản phẩm: điện thoại tecno spark 20 pro + (8+8gb/256gb) - chính hãng\nMàu: Đen, Trắng, Vàng\nGiá: 4,890,000 ₫\nThông số kỹ thuật: - Công nghệ màn hình: AMOLED 120Hz\n- Độ phân giải: 1080x2436, Camera chính 108MP f/1.8, Camera macro 2MP, Camera phụ VGA, Camera trước 32MP\n- Kích thước màn hình: 6.78 inch\n- Hệ điều hành: HIOS 14 trên nền tảng Android 14\n- Vi xử lý: MediaTek Helio G99 Ultimate\n- Bộ nhớ trong: 256GB\n- RAM: 8GB\n- Mạng di động: 2G, 3G, 4G\n- Số khe SIM: 2 nano SIM\n- Dung lượng pin: 5000 mAh\nKhuyến mãi: - Ưu đãi trả góp 0% qua Shinhan Finance hoặc Mirae Asset Finance\n- Giảm 5% không giới hạn khuyến mãi qua Homepaylater\n- Giảm thêm tới 700.000đ khi thanh toán qua Kredivo.\n- Giảm 50% tối đa 700k khi mở thẻ tín dụng Vpbank trên SenID\n- Giảm 20% tối đa 500k khi mở thẻ tín dụng TPBank EVO\n- Giảm 1% tối đa 100.000đ khi thanh toán qua Zalopay\n\nTên sản phẩm: điện thoại tecno camon 20 (8+8gb/256gb) - chính hãng\nMàu: Xanh Dương, Màu Đen, Trắng\nGiá: 3,690,000 ₫\nThông số kỹ thuật: - Công nghệ màn hình: AMOLED\n- Độ phân giải: FHD+ (1080 x 2400), Cảm biến chính 64 MP f/1.7 PDAF, Cảm biến chiều sâu 2 MP f/2.4, Cảm biến QVGA, 32 MP f/2.5\n- Kích thước màn hình: 6.67 inch\n- Hệ điều hành: HIOS 13 dựa trên Android 13\n- Vi xử lý: MediaTek Helio G85\n- Bộ nhớ trong: 256GB\n- RAM: 8GB\n- Mạng di động: 2G, 3G, 4G\n- Số khe SIM: 2 nano SIM\n- Dung lượng pin: 5000 mAh\nKhuyến mãi: - Ưu đãi trả góp 0% qua Shinhan Finance hoặc Mirae Asset Finance\n- Giảm 5% không giới hạn khuyến mãi qua Homepaylater\n- Giảm thêm tới 700.000đ khi thanh toán qua Kredivo.\n- Giảm 50% tối đa 700k khi mở thẻ tín dụng Vpbank trên SenID\n- Giảm 20% tối đa 500k khi mở thẻ tín dụng TPBank EVO\n- Mở thẻ tín dụng VIB\n- Nhận Voucher 600.000đ\n- Giảm 1% tối đa 100.000đ khi thanh toán qua Zalopay']",HD+ (720x1612),"[{'statement': 'Độ phân giải màn hình của điện thoại tecno spark 20c là HD+ (720x1612).', 'reason': [""Trong ngữ cảnh, thông số kỹ thuật của 'điện thoại tecno spark 20c' được liệt kê và có mục 'Độ phân giải: HD+ (720x1612)'.""], 'verdict': 1}]",0.0,14.09,2025-08-20 17:04:43
69,Dung lượng pin của samsung galaxy a25 5g là bao nhiêu?,Dung lượng pin của Samsung Galaxy A25 5G là 5000 mAh.,"['Tên sản phẩm: samsung galaxy a25 5g - 6gb/128gb - chính hãng\nMàu: Xanh, Màu Vàng, Màu Đen\nGiá: 6,590,000 ₫\nThông số kỹ thuật: - Công nghệ màn hình: Super AMOLED\n- Độ phân giải: Full HD+ (1080 x 2340 Pixels), Camera Chính: 50 MP., Camera Phụ: 8 MP x 2 MP, 13 MP\n- Kích thước màn hình: 6.5 inch\n- Hệ điều hành: Android 14\n- Vi xử lý: Exynos 1280 8 nhân\n- Bộ nhớ trong: 128GB\n- RAM: 6GB\n- Mạng di động: Hỗ trợ 5G\n- Số khe SIM: 2 Nano SIM\n- Dung lượng pin: 5000 mAh\nKhuyến mãi: - KM 1\n- Giảm thêm 500.000đ\n\nTên sản phẩm: samsung galaxy a23 5g - chính hãng\nMàu: Không có thông tin\nGiá: Không có thông tin\nThông số kỹ thuật: - Công nghệ màn hình: PLS LCD\n- Độ phân giải: 1080 x 2408 pixels, 50.0 MP x 5.0 MP x 2.0 MP x 2.0 MP, 8.0 MP\n- Kích thước màn hình: 6.6 inch\n- Hệ điều hành: Android 12\n- Vi xử lý: SnapDragon 695 5G\n- Bộ nhớ trong: 128 GB\n- RAM: 4GB\n- Mạng di động: Hỗ trợ 5G\n- Số khe SIM: SIM Kép\n- Dung lượng pin: 5000 mAh\nKhuyến mãi: Không có khuyến mãi\n\nTên sản phẩm: điện thoại samsung galaxy a54 5g 8gb/256gb - chính hãng\nMàu: Không có thông tin\nGiá: Không có thông tin\nThông số kỹ thuật: - Công nghệ màn hình: Super AMOLED\n- Độ phân giải: FHD+, 120Hz, 19.5:9, 12MP F2.2 (Siêu Rộng), 50MP F1.8 OIS (Rộng), 5MP F2.4 (Cận cảnh), 32MP F2.2\n- Kích thước màn hình: 6.4 inch\n- Vi xử lý: Exynos 1380\n- Bộ nhớ trong: 256GB\n- RAM: 8GB\n- Mạng di động: 5G\n- Dung lượng pin: 5000 mAh\nKhuyến mãi: Không có khuyến mãi\n\nTên sản phẩm: samsung galaxy a53 5g - chính hãng\nMàu: Không có thông tin\nGiá: Không có thông tin\nThông số kỹ thuật: - Công nghệ màn hình: Super AMOLED\n- Độ phân giải: Full HD+ (1080 x 2400 Pixels), Chính 64 MP & Phụ 12 MP, 5 MP, 5 MP, 32 MP\n- Hệ điều hành: Android 12\n- Vi xử lý: Exynos 1280 8 nhân\n- Bộ nhớ trong: 128 GB\n- RAM: 8GB\n- Mạng di động: Hỗ trợ 5G\n- Số khe SIM: 2 Nano SIM (SIM 2 chung khe thẻ nhớ)\n- Dung lượng pin: 5000 mAh\nKhuyến mãi: Không có khuyến mãi']",Dung lượng pin của Samsung Galaxy A25 5G là 5000 mAh.,"[{'statement': 'Dung lượng pin của Samsung Galaxy A25 5G là 5000 mAh.', 'reason': [""The context provides specifications for the 'samsung galaxy a25 5g' and lists 'Dung lượng pin: 5000 mAh'.""], 'verdict': 1}]",0.0,40.76,2025-08-20 17:05:20
68,Dung lượng RAM của samsung galaxy a15 là bao nhiêu?,Dung lượng RAM của Samsung Galaxy A15 là 8GB.,"['Tên sản phẩm: samsung galaxy a15 - 8gb/128gb - chính hãng\nMàu: Xanh, Màu Vàng, Màu Đen\nGiá: 4,490,000 ₫\nThông số kỹ thuật: - Công nghệ màn hình: Super AMOLED, 19.5:9, 90Hz\n- Độ phân giải: FHD+ (1080x2400), Chính: 50MP, F1.8 / AF, Phụ: 5MP, F2.2 x 2MP, F2.4, 13MP, F2.0\n- Kích thước màn hình: 6.5 inch\n- Hệ điều hành: One UI 6.0\n- Vi xử lý: MediaTek Helio G99, 6nm\n- Bộ nhớ trong: 128 GB\n- RAM: 8GB\n- Mạng di động: 4G\n- Số khe SIM: 2 Nano SIM\n- Dung lượng pin: 5000 mAh\nKhuyến mãi: - KM 1\n- Giảm thêm 300.000đ\n\nTên sản phẩm: điện thoại samsung galaxy a55 - 8gb/128gb - chính hãng\nMàu: Màu Đen, Xanh, Màu Tím\nGiá: 9,690,000 ₫\nThông số kỹ thuật: - Công nghệ màn hình: Super AMOLED, 120Hz\n- Độ phân giải: 1080 x 2400 (FHD+), 50+12+5MP, 32 MP\n- Kích thước màn hình: 6.6 inch\n- Hệ điều hành: Android 14\n- Vi xử lý: Exynos 1480\n- Bộ nhớ trong: 128GB\n- RAM: 8GB\n- Mạng di động: Hỗ trợ 5G\n- Số khe SIM: 1 SIM + 1 khe phụ (SIM/thẻ nhớ) hoặc eSim\n- Dung lượng pin: 5000 mAh\nKhuyến mãi: - KM 1\n- Tặng gói bảo hành HCare (Chi tiết liên hệ 1900.2091)\n\nTên sản phẩm: điện thoại samsung galaxy a14 5g 4gb/128gb - chính hãng\nMàu: Không có thông tin\nGiá: Không có thông tin\nThông số kỹ thuật: - Công nghệ màn hình: Infinity-V Display , Màn hình 90Hz\n- Độ phân giải: FHD+, 50MP x 2MP x 2MP, 13MP\n- Kích thước màn hình: 6.6 inch\n- Vi xử lý: Mediatek 700, Octa-core\n- Bộ nhớ trong: 128GB\n- RAM: 4GB\n- Dung lượng pin: 5000 mAh\nKhuyến mãi: Không có khuyến mãi\n\nTên sản phẩm: samsung galaxy a25 5g - 6gb/128gb - chính hãng\nMàu: Xanh, Màu Vàng, Màu Đen\nGiá: 6,590,000 ₫\nThông số kỹ thuật: - Công nghệ màn hình: Super AMOLED\n- Độ phân giải: Full HD+ (1080 x 2340 Pixels), Camera Chính: 50 MP., Camera Phụ: 8 MP x 2 MP, 13 MP\n- Kích thước màn hình: 6.5 inch\n- Hệ điều hành: Android 14\n- Vi xử lý: Exynos 1280 8 nhân\n- Bộ nhớ trong: 128GB\n- RAM: 6GB\n- Mạng di động: Hỗ trợ 5G\n- Số khe SIM: 2 Nano SIM\n- Dung lượng pin: 5000 mAh\nKhuyến mãi: - KM 1\n- Giảm thêm 500.000đ']",Dung lượng RAM của Samsung Galaxy A15 là 8GB.,"[{'statement': 'Dung lượng RAM của Samsung Galaxy A15 là 8GB.', 'reason': [""Văn bản tham khảo cung cấp thông tin cho sản phẩm 'samsung galaxy a15 - 8gb/128gb - chính hãng' và trong phần thông số kỹ thuật có ghi rõ 'RAM: 8GB'.""], 'verdict': 1}]",0.0,42.65,2025-08-20 17:05:21
70,Oppo A18 có dung lượng pin bao nhiêu?,Oppo A18 có dung lượng pin 5000 mAh.,"['Tên sản phẩm: điện thoại oppo a18 4gb/128gb - chính hãng\nMàu: Xanh, Màu Đen\nGiá: 3,690,000 ₫\nThông số kỹ thuật: - Công nghệ màn hình: IPS LCD\n- Độ phân giải: HD+ (720 x 1612 Pixels), Chính 8 MP & Phụ 2 MP, 5 MP\n- Kích thước màn hình: 6.56 inch\n- Hệ điều hành: Android 13\n- Vi xử lý: MediaTek Helio G85 8 nhân\n- Bộ nhớ trong: 128 GB\n- RAM: 4GB\n- Mạng di động: Hỗ trợ 4G\n- Số khe SIM: 2 Nano SIM\n- Dung lượng pin: 5000 mAh\nKhuyến mãi: - KM 1\n- Tặng phiếu mua hàng 200.000đ\n\nTên sản phẩm: oppo a17 4gb/64gb pin 5000mah - chính hãng\nMàu: Màu Đen, Xanh\nGiá: 3,590,000 ₫\nThông số kỹ thuật: - Công nghệ màn hình: IPS LCD\n- Độ phân giải: HD+ (720 x 1612 Pixels), Chính 50 MP & Phụ 0.3 MP, 5 MP\n- Hệ điều hành: Android 12\n- Vi xử lý: MediaTek Helio G35 8 nhân\n- RAM: 4GB\n- Mạng di động: Hỗ trợ 4G\n- Số khe SIM: 2 Nano SIM\n- Dung lượng pin: 5000 mAh\nKhuyến mãi: - Trả góp 0% với Home Credit.\n- Ưu đãi trả góp 0% qua Shinhan Finance hoặc Mirae Asset Finance\n- Giảm 5% không giới hạn khuyến mãi qua Homepaylater\n- Giảm thêm tới 700.000đ khi thanh toán qua Kredivo.\n- Giảm 50% tối đa 700k khi mở thẻ tín dụng Vpbank trên SenID\n- Giảm 20% tối đa 500k khi mở thẻ tín dụng TPBank EVO\n- Mở thẻ tín dụng VIB\n- Nhận Voucher 600.000đ\n- Giảm 1% tối đa 100.000đ khi thanh toán qua Zalopay\n\nTên sản phẩm: điện thoại oppo a58 (6gb/128gb) - chính hãng\nMàu: Xanh, Màu Đen\nGiá: 4,590,000 ₫\nThông số kỹ thuật: - Công nghệ màn hình: Màn hình đục lỗ | LCD\n- Độ phân giải: 1080 x 2400 (FHD+), 50 MP (chính) + 2 MP (Xóa phông), F/1.8 + F/2.4, 8 MP\n- Kích thước màn hình: 6.72  inch\n- Hệ điều hành: ColorOS 13.1, nền tảng Android 13\n- Vi xử lý: Helio G85, tối đa 2.0GHz\n- Bộ nhớ trong: 128GB\n- RAM: 6GB\n- Mạng di động: 4G\n- Số khe SIM: Dual nano-SIM + 1 thẻ nhớ\n- Dung lượng pin: 5000 mAh\nKhuyến mãi: - KM 1\n- Tặng phiếu mua hàng 200.000đ\n\nTên sản phẩm: điện thoại oppo a17k (3gb/64gb) - chính hãng\nMàu: Màu Vàng, Xanh\nGiá: 2,690,000 ₫\nThông số kỹ thuật: - Công nghệ màn hình: LCD\n- Độ phân giải: 720 x 1612 (HD+), 8 MP, 5 MP\n- Kích thước màn hình: 6.56  inch\n- Hệ điều hành: ColorOS 12.1.1, nền tảng Android 12\n- Vi xử lý: Helio G35, tối đa 2.3GHz\n- Bộ nhớ trong: 64GB\n- RAM: 3GB\n- Mạng di động: 2G, 3G, 4G\n- Số khe SIM: Dual nano-SIM\n- Dung lượng pin: 5000 mAh\nKhuyến mãi: - Trả góp 0% với Home Credit.\n- Giảm 5% không giới hạn khuyến mãi qua Homepaylater\n- Giảm 50% tối đa 700k khi mở thẻ tín dụng Vpbank trên SenID\n- Giảm 20% tối đa 500k khi mở thẻ tín dụng TPBank EVO\n- Giảm 1% tối đa 100.000đ khi thanh toán qua Zalopay']",Dung lượng pin của Oppo A18 là 5000 mAh.,"[{'statement': 'Dung lượng pin của Oppo A18 là 5000 mAh.', 'reason': [""Trong thông tin về sản phẩm 'điện thoại oppo a18 4gb/128gb - chính hãng', mục 'Thông số kỹ thuật' có ghi rõ 'Dung lượng pin: 5000 mAh'.""], 'verdict': 1}]",0.0,37.51,2025-08-20 17:05:21
66,Các chương trình khuyến mãi nào áp dụng cho điện thoại Tecno Spark Go 2024?,"Các chương trình khuyến mãi áp dụng cho điện thoại Tecno Spark Go 2024 bao gồm: giảm 5% không giới hạn khuyến mãi qua Homepaylater, giảm 50% tối đa 700k khi mở thẻ tín dụng Vpbank trên SenID, giảm 20% tối đa 500k khi mở thẻ tín dụng TPBank EVO, giảm 1% tối đa 100.000đ khi thanh toán qua Zalopay.","['Tên sản phẩm: điện thoại tecno spark go 2024 (4+4gb/64gb) - chính hãng\nMàu: Trắng, Màu Vàng, Đen, Xanh Lá\nGiá: 1,990,000 ₫\nThông số kỹ thuật: - Công nghệ màn hình: IPS LCD, 90Hz\n- Độ phân giải: HD+ (720x1612), Camera chính 13MP f/1.9, Camera phụ 0.08MP, Camera trước 8MP\n- Kích thước màn hình: 6.6 inch\n- Hệ điều hành: Android 13 (Go edition)\n- Vi xử lý: Unisoc T606\n- Bộ nhớ trong: 64GB\n- RAM: 4GB\n- Mạng di động: 2G, 3G, 4G\n- Số khe SIM: 2 nano SIM\n- Dung lượng pin: 5000 mAh\nKhuyến mãi: - Giảm 5% không giới hạn khuyến mãi qua Homepaylater\n- Giảm 50% tối đa 700k khi mở thẻ tín dụng Vpbank trên SenID\n- Giảm 20% tối đa 500k khi mở thẻ tín dụng TPBank EVO\n- Giảm 1% tối đa 100.000đ khi thanh toán qua Zalopay\n\nTên sản phẩm: điện thoại tecno spark go 2023 (4gb/64gb) - chính hãng\nMàu: Không có thông tin\nGiá: Không có thông tin\nThông số kỹ thuật: - Độ phân giải: HD+, Camera Sau 13MP AI với Đèn flash Kép, Camera Trước 5MP với Đèn flash\n- Kích thước màn hình: 6.6 inch\n- Hệ điều hành: Android 12\n- Bộ nhớ trong: 64GB\n- RAM: 4GB\n- Dung lượng pin: 5000 mAh\nKhuyến mãi: Không có khuyến mãi\n\nTên sản phẩm: điện thoại tecno spark 20c (4+4gb/128gb) - chính hãng\nMàu: Trắng, Đen, Xanh Lá\nGiá: 2,450,000 ₫\nThông số kỹ thuật: - Công nghệ màn hình: IPS LCD 90Hz\n- Độ phân giải: HD+ (720x1612), Camera chính 50MP, Camera phụ 0.08MP, Camera trước 8MP\n- Kích thước màn hình: 6.6 inch\n- Hệ điều hành: Android 13 (Go edition)\n- Vi xử lý: MediaTek Helio G36\n- Bộ nhớ trong: 128GB\n- RAM: 4GB\n- Mạng di động: 2G, 3G, 4G\n- Số khe SIM: 2 nano SIM\n- Dung lượng pin: 5000 mAh\nKhuyến mãi: - Giảm 5% không giới hạn khuyến mãi qua Homepaylater\n- Giảm 50% tối đa 700k khi mở thẻ tín dụng Vpbank trên SenID\n- Giảm 20% tối đa 500k khi mở thẻ tín dụng TPBank EVO\n- Giảm 1% tối đa 100.000đ khi thanh toán qua Zalopay\n\nTên sản phẩm: điện thoại tecno spark 10 (8gb/128gb) - chính hãng\nMàu: Xanh Dương, Màu Đen\nGiá: 2,750,000 ₫\nThông số kỹ thuật: - Công nghệ màn hình: IPS LCD 90Hz\n- Độ phân giải: HD+ (720 x 1612), Cảm biến chính 50MP, Cảm biến chiều sâu 0.08MP, 8MP\n- Kích thước màn hình: 6.6 inch\n- Hệ điều hành: HIOS 12 trên nền tảng Android 13\n- Vi xử lý: MediaTek Helio G37\n- Bộ nhớ trong: 128GB\n- RAM: 8GB\n- Mạng di động: 2G, 3G, 4G\n- Số khe SIM: 2 nano SIM\n- Dung lượng pin: 5000 mAh\nKhuyến mãi: - Giảm 5% không giới hạn khuyến mãi qua Homepaylater\n- Giảm 50% tối đa 700k khi mở thẻ tín dụng Vpbank trên SenID\n- Giảm 20% tối đa 500k khi mở thẻ tín dụng TPBank EVO\n- Giảm 1% tối đa 100.000đ khi thanh toán qua Zalopay']",Giảm 5% không giới hạn khuyến mãi qua Homepaylater; Giảm 50% tối đa 700k khi mở thẻ tín dụng Vpbank trên SenID; Giảm 20% tối đa 500k khi mở thẻ tín dụng TPBank EVO; Giảm 1% tối đa 100.000đ khi thanh toán qua Zalopay.,"[{'statement': 'Khi mua điện thoại Tecno Spark Go 2024, khách hàng được giảm 5% không giới hạn khuyến mãi qua Homepaylater.', 'reason': [""Thông tin này được xác nhận trong mục 'Khuyến mãi' của sản phẩm 'điện thoại tecno spark go 2024 (4+4gb/64gb) - chính hãng'.""], 'verdict': 1}, {'statement': 'Khi mua điện thoại Tecno Spark Go 2024, khách hàng được giảm 50% tối đa 700.000đ khi mở thẻ tín dụng Vpbank trên SenID.', 'reason': [""Thông tin này được xác nhận trong mục 'Khuyến mãi' của sản phẩm 'điện thoại tecno spark go 2024 (4+4gb/64gb) - chính hãng'.""], 'verdict': 1}, {'statement': 'Khi mua điện thoại Tecno Spark Go 2024, khách hàng được giảm 20% tối đa 500.000đ khi mở thẻ tín dụng TPBank EVO.', 'reason': [""Thông tin này được xác nhận trong mục 'Khuyến mãi' của sản phẩm 'điện thoại tecno spark go 2024 (4+4gb/64gb) - chính hãng'.""], 'verdict': 1}, {'statement': 'Khi mua điện thoại Tecno Spark Go 2024, khách hàng được giảm 1% tối đa 100.000đ khi thanh toán qua Zalopay.', 'reason': [""Thông tin này được xác nhận trong mục 'Khuyến mãi' của sản phẩm 'điện thoại tecno spark go 2024 (4+4gb/64gb) - chính hãng'.""], 'verdict': 1}]",0.0,55.0,2025-08-20 17:05:22
72,Dung lượng pin của điện thoại samsung galaxy s23 là bao nhiêu?,Dung lượng pin của điện thoại Samsung Galaxy S23 là 3900 mAh.,"['Tên sản phẩm: điện thoại samsung galaxy s23 - 8gb/128gb - chính hãng\nMàu: Không có thông tin\nGiá: Không có thông tin\nThông số kỹ thuật: - Độ phân giải: 2340 x 1080 (Màn hình phẳng FHD+), 50MP x 12MP x10MP, 12MP\n- Kích thước màn hình: 6.1  inch\n- Vi xử lý: Snapdragon® 8 Gen 2 Mobile Platform for Galaxy\n- Bộ nhớ trong: 128GB\n- RAM: 8GB\n- Mạng di động: Hỗ trợ 5G\n- Dung lượng pin: 3900 mAh\nKhuyến mãi: Không có khuyến mãi\n\nTên sản phẩm: điện thoại samsung galaxy s23 - 8gb/256gb - chính hãng\nMàu: Không có thông tin\nGiá: Không có thông tin\nThông số kỹ thuật: - Độ phân giải: 2340 x 1080 (Màn hình phẳng FHD+), 50MP x 12MP x10MP, 12MP\n- Kích thước màn hình: 6.1  inch\n- Vi xử lý: Snapdragon® 8 Gen 2 Mobile Platform for Galaxy\n- Bộ nhớ trong: 256GB\n- RAM: 8GB\n- Mạng di động: Hỗ trợ 5G\n- Dung lượng pin: 3900 mAh\nKhuyến mãi: Không có khuyến mãi\n\nTên sản phẩm: điện thoại samsung galaxy s23 ultra 8gb/256gb - chính hãng\nMàu: Xanh, Màu Đen, Màu Tím, Kem\nGiá: 23,990,000 ₫\nThông số kỹ thuật: - Độ phân giải: 3088 x 1440 (Edge Quad HD+), 200MP x 12MP x 10MP x 10MP, 12MP\n- Kích thước màn hình: 6.8 inch\n- Vi xử lý: Snapdragon® 8 Gen 2 Mobile Platform for Galaxy\n- Bộ nhớ trong: 256GB\n- RAM: 8GB\n- Mạng di động: Hỗ trợ 5G\n- Dung lượng pin: 5000 mAh\nKhuyến mãi: - KM 1\n- Trả góp tới 06 tháng không lãi suất, trả trước 0 đồng với Samsung Finance+.\n- KM 2\n- Giảm thêm 1.000.000đ cho KH thân thiết và Mua S23 Ultra 8GB/256GB tặng Samsung Galaxy Fit3 (R390) (SL có hạn, có thể kết thúc sớm)\n\nTên sản phẩm: điện thoại samsung galaxy s23 ultra 8gb/256gb - chính hãng (bhđt)\nMàu: Màu Đen, Kem, Xanh, Màu Tím\nGiá: 22,990,000 ₫\nThông số kỹ thuật: - Độ phân giải: 3088 x 1440 (Edge Quad HD+), 200MP x 12MP x 10MP x 10MP, 12MP\n- Kích thước màn hình: 6.8 inch\n- Vi xử lý: Snapdragon® 8 Gen 2 Mobile Platform for Galaxy\n- Bộ nhớ trong: 256GB\n- RAM: 8GB\n- Mạng di động: Hỗ trợ 5G\n- Dung lượng pin: 5000 mAh\nKhuyến mãi: - KM 1\n- Trả góp tới 06 tháng không lãi suất, trả trước 0 đồng với Samsung Finance+.']",Dung lượng pin của điện thoại Samsung Galaxy S23 là 3900 mAh.,"[{'statement': 'Dung lượng pin của điện thoại Samsung Galaxy S23 là 3900 mAh.', 'reason': [""Trong context, thông tin về sản phẩm 'điện thoại samsung galaxy s23 - 8gb/128gb - chính hãng' và 'điện thoại samsung galaxy s23 - 8gb/256gb - chính hãng' đều ghi rõ 'Dung lượng pin: 3900 mAh'.""], 'verdict': 1}]",0.0,9.87,2025-08-20 17:05:32
74,Honor X5 Plus có bao nhiêu RAM?,Honor X5 Plus có RAM là 4GB.,"['Tên sản phẩm: điện thoại di động honor x5 plus 4gb/64gb- chính hãng\nMàu: Màu Đen, Xanh\nGiá: 2,290,000 ₫\nThông số kỹ thuật: - Công nghệ màn hình: TFT LCD, 90Hz, Màn hình giọt nước\n- Độ phân giải: 720 × 1612, Camera 50 MP (f/1.8), Camera chân dung 2MP (f/2.4), 5 MP (f/2.2)\n- Kích thước màn hình: 6.56  inch\n- Hệ điều hành: MagicOS 7.1（Dựa trên Android 13）\n- Vi xử lý: MediaTek Helio G36\n- Bộ nhớ trong: 64GB\n- RAM: 4GB\n- Mạng di động: 4G (LTE TDD/LTE FDD), 3G (WCDMA), 2G (GSM)\n- Dung lượng pin: 5200 mAh\nKhuyến mãi: - KM 1\n- Tặng phiếu mua hàng 300.000đ.\n\nTên sản phẩm: điện thoại honor x6a - 4gb/128gb - chính hãng\nMàu: Bạc Ánh Sao, Đen Huyền Bí\nGiá: 2,690,000 ₫\nThông số kỹ thuật: - Công nghệ màn hình: TFT LCD, 16.7 triệu màu, Tỉ lệ khung màn hình: 20.15:9, Tần số: 90Hz\n- Độ phân giải: 720 × 1612, Camera 50 MP (f/1.8), Camera chân dung 2MP (f/2.4), Camera Macro 2MP (f/2.4), Camera 5 MP (Khẩu độ: f/2.2)\n- Kích thước màn hình: 6.56  inch\n- Hệ điều hành: MagicOS 7.1（Dựa trên Android 13）\n- Vi xử lý: MediaTek Helio G36\n- Bộ nhớ trong: 128GB\n- RAM: 4GB\n- Mạng di động: 4G\n- Dung lượng pin: 5200 mAh\nKhuyến mãi: - KM 1\n- Sản phẩm đang thuộc chương trình Flash sale (Số lượng có hạn)\n\nTên sản phẩm: honor x9a 5g (8gb/256gb) - chính hãng\nMàu: Màu Đen, Xanh Lá, Bạc\nGiá: 6,290,000 ₫\nThông số kỹ thuật: - Công nghệ màn hình: AMOLED\n- Độ phân giải: FHD+ (1080 x 2400), Cảm biến chính 64MP f/1.8, Cảm biến góc siêu rộng 5MP f/2.2, Cảm biến macro 2MP f/2.4, 16MP f/2.45\n- Kích thước màn hình: 6.67 inch\n- Hệ điều hành: Magic UI 6.1 (trên nền tảng Android 12)\n- Vi xử lý: Qualcomm Qualcomm Snapdragon 695\n- Bộ nhớ trong: 256GB\n- RAM: 8GB\n- Mạng di động: 2G, 3G, 4G, 5G\n- Số khe SIM: 2 nano SIM\n- Dung lượng pin: 5100 mAh\nKhuyến mãi: - KM 1\n- Sản phẩm đang thuộc chương trình Flash sale (Số lượng có hạn)\n\nTên sản phẩm: điện thoại honor x7b - 8gb/256gb - chính hãng\nMàu: Bạc, Màu Đen\nGiá: 4,990,000 ₫\nThông số kỹ thuật: - Công nghệ màn hình: LCD, 90Hz\n- Độ phân giải: 2412 x 1080px, Camera chính 108MP (f1.75) + Camera siêu rộng & chiều sâu 5MP (f2.2) + Camera cận cảnh 2MP (f2.4), Hỗ trợ lên đến 12000*9000 pixel, 8MP\n- Kích thước màn hình: 6.8 inch\n- Hệ điều hành: MagicOS 7.2 (nền tảng Android 13）\n- Vi xử lý: Qualcomm Snapdragon 680\n- Bộ nhớ trong: 256GB\n- RAM: 8GB\n- Mạng di động:   inch4G (LTE TDD/LTE FDD), 3G (WCDMA), 2G (GSM), *Các chức năng khả dụng trên mạng trực tiếp tùy thuộc vào tình hình triển khai mạng của nhà cung cấp dịch vụ và các dịch vụ liên quan. inch\n- Dung lượng pin: 6000 mAh\nKhuyến mãi: - KM 1\n- Tặng Bộ quà Hoàng Hà (Chi tiết liên hệ 1900.2091)']",4GB,"[{'statement': 'Honor X5 Plus có 4GB RAM.', 'reason': ['Trong phần thông số kỹ thuật của sản phẩm ""điện thoại di động honor x5 plus 4gb/64gb- chính hãng"", mục RAM ghi rõ là 4GB.'], 'verdict': 1}]",0.0,19.77,2025-08-20 17:05:42
73,Honor 90 5G có những khuyến mãi nào khi mua hàng?,"Honor 90 5G áp dụng chương trình trả góp 0% qua Shinhan Finance hoặc Mirae Asset Finance, giảm 5% không giới hạn khuyến mãi qua Homepaylater, giảm thêm tới 700.000đ khi thanh toán qua Kredivo, giảm 50% tối đa 700k khi mở thẻ tín dụng Vpbank trên SenID, giảm 20% tối đa 500k khi mở thẻ tín dụng TPBank EVO, mở thẻ tín dụng VIB - Nhận Voucher 600.000đ.","['Tên sản phẩm: honor 90 5g (12gb/256gb) - chính hãng\nMàu: Blue, Green\nGiá: 8,990,000 ₫\nThông số kỹ thuật: - Công nghệ màn hình: AMOLED\n- Độ phân giải: (2664 × 1200) Pixels, 1.07 tỷ màu, 200MP Ultra-Clear Camera (f/1.9)+12MP Ultra Wide and Macro Camera (f/2.2)+2MP Depth Camera (f/2.4), 50MP Camera(f/2.4)\n- Kích thước màn hình: 6.7  inch\n- Hệ điều hành: MagicOS 7.1 (Based on Android 13)\n- Vi xử lý: Qualcomm Snapdragon 7 Gen 1\n- Bộ nhớ trong: 256GB\n- RAM: 12G\n- Mạng di động: 5G\n- Dung lượng pin: 4900 mAh\nKhuyến mãi: - Ưu đãi trả góp 0% qua Shinhan Finance hoặc Mirae Asset Finance\n- Giảm 5% không giới hạn khuyến mãi qua Homepaylater\n- Giảm thêm tới 700.000đ khi thanh toán qua Kredivo.\n- Giảm 50% tối đa 700k khi mở thẻ tín dụng Vpbank trên SenID\n- Giảm 20% tối đa 500k khi mở thẻ tín dụng TPBank EVO\n- Mở thẻ tín dụng VIB\n- Nhận Voucher 600.000đ\n\nTên sản phẩm: honor 90 lite 5g (8gb/256gb) - chính hãng\nMàu: Màu Đen, Xanh\nGiá: 5,390,000 ₫\nThông số kỹ thuật: - Công nghệ màn hình: LTPS LCD\n- Độ phân giải: 2388x1080, 100MP Main Camera(f/1.9)+5MP Ultra Wide&Depth Camera(f/2.2)+2MP Macro Camera(f/2.4), 16MP  (f/2.45)\n- Kích thước màn hình: 6.7 inch\n- Hệ điều hành: MagicOS 7.1(based on Android 13)\n- Vi xử lý: MediaTek Dimensity 6020\n- RAM: 8GB\n- Mạng di động: 5G\n- Số khe SIM: Nano Card\n- Dung lượng pin: 4500 mAh\nKhuyến mãi: - KM 1\n- Sản phẩm đang thuộc chương trình Flash sale (Số lượng có hạn)\n\nTên sản phẩm: honor x9a 5g (8gb/256gb) - chính hãng\nMàu: Màu Đen, Xanh Lá, Bạc\nGiá: 6,290,000 ₫\nThông số kỹ thuật: - Công nghệ màn hình: AMOLED\n- Độ phân giải: FHD+ (1080 x 2400), Cảm biến chính 64MP f/1.8, Cảm biến góc siêu rộng 5MP f/2.2, Cảm biến macro 2MP f/2.4, 16MP f/2.45\n- Kích thước màn hình: 6.67 inch\n- Hệ điều hành: Magic UI 6.1 (trên nền tảng Android 12)\n- Vi xử lý: Qualcomm Qualcomm Snapdragon 695\n- Bộ nhớ trong: 256GB\n- RAM: 8GB\n- Mạng di động: 2G, 3G, 4G, 5G\n- Số khe SIM: 2 nano SIM\n- Dung lượng pin: 5100 mAh\nKhuyến mãi: - KM 1\n- Sản phẩm đang thuộc chương trình Flash sale (Số lượng có hạn)\n\nTên sản phẩm: điện thoại di động honor x5 plus 4gb/64gb- chính hãng\nMàu: Màu Đen, Xanh\nGiá: 2,290,000 ₫\nThông số kỹ thuật: - Công nghệ màn hình: TFT LCD, 90Hz, Màn hình giọt nước\n- Độ phân giải: 720 × 1612, Camera 50 MP (f/1.8), Camera chân dung 2MP (f/2.4), 5 MP (f/2.2)\n- Kích thước màn hình: 6.56  inch\n- Hệ điều hành: MagicOS 7.1（Dựa trên Android 13）\n- Vi xử lý: MediaTek Helio G36\n- Bộ nhớ trong: 64GB\n- RAM: 4GB\n- Mạng di động: 4G (LTE TDD/LTE FDD), 3G (WCDMA), 2G (GSM)\n- Dung lượng pin: 5200 mAh\nKhuyến mãi: - KM 1\n- Tặng phiếu mua hàng 300.000đ.']","Ưu đãi trả góp 0% qua Shinhan Finance hoặc Mirae Asset Finance, giảm 5% không giới hạn khuyến mãi qua Homepaylater, giảm thêm tới 700.000đ khi thanh toán qua Kredivo, giảm 50% tối đa 700k khi mở thẻ tín dụng Vpbank trên SenID, giảm 20% tối đa 500k khi mở thẻ tín dụng TPBank EVO, mở thẻ tín dụng VIB, nhận Voucher 600.000đ.","[{'statement': 'Khi mua Honor 90 5G, khách hàng có thể hưởng ưu đãi trả góp 0% qua Shinhan Finance hoặc Mirae Asset Finance.', 'reason': [""The context confirms that for the Honor 90 5G, there is a promotion for '0% installment plan through Shinhan Finance or Mirae Asset Finance'.""], 'verdict': 1}, {'statement': 'Khách hàng mua Honor 90 5G được giảm 5% không giới hạn khuyến mãi qua Homepaylater.', 'reason': [""The context explicitly lists 'Unlimited 5% discount via Homepaylater' as a promotion for the Honor 90 5G.""], 'verdict': 1}, {'statement': 'Khách hàng mua Honor 90 5G được giảm thêm tới 700.000đ khi thanh toán qua Kredivo.', 'reason': [""The context confirms that for the Honor 90 5G, there is a promotion for 'Additional discount up to 700,000đ when paying via Kredivo'.""], 'verdict': 1}, {'statement': 'Khi mở thẻ tín dụng Vpbank trên SenID để mua Honor 90 5G, khách hàng được giảm 50% tối đa 700.000đ.', 'reason': [""The context lists '50% discount up to 700k when opening a Vpbank credit card on SenID' as a promotion for the Honor 90 5G.""], 'verdict': 1}, {'statement': 'Khi mở thẻ tín dụng TPBank EVO để mua Honor 90 5G, khách hàng được giảm 20% tối đa 500.000đ.', 'reason': [""The context lists '20% discount up to 500k when opening a TPBank EVO credit card' as a promotion for the Honor 90 5G.""], 'verdict': 1}, {'statement': 'Khách hàng mua Honor 90 5G sẽ nhận được Voucher 600.000đ khi mở thẻ tín dụng VIB.', 'reason': [""The context lists 'Open a VIB credit card' and 'Receive a 600,000đ voucher' as two separate promotions for the Honor 90 5G. It does not state that one is conditional on the other.""], 'verdict': 0}]",0.17,51.73,2025-08-20 17:06:14
71,Điện thoại Infinix Note 30 5G có dung lượng lưu trữ bao nhiêu?,Điện thoại Infinix Note 30 5G có dung lượng lưu trữ 256GB.,"['Tên sản phẩm: điện thoại infinix note 30 5g (8gb/256gb) - chính hãng\nMàu: Không có thông tin\nGiá: Không có thông tin\nThông số kỹ thuật: - Công nghệ màn hình: IPS LCD, 120Hz\n- Độ phân giải: FHD+ (1080 x 2460), Camera chính 108MP f/1.75, Camera phụ 2MP f/2.4 + QVGA f/2.4, 16MP, f/2.0\n- Kích thước màn hình: 6.78 inch\n- Hệ điều hành: Android 13\n- Vi xử lý: MediaTek Dimensity 6080\n- Bộ nhớ trong: 256GB\n- RAM: 8GB\n- Mạng di động: 2G, 3G, 4G, 5G\n- Số khe SIM: 2 nano SIM\n- Dung lượng pin: 5000 mAh\nKhuyến mãi: Không có khuyến mãi\n\nTên sản phẩm: điện thoại infinix note 30 (8+8gb/256gb) - chính hãng\nMàu: Cam, Màu Đen, Xanh Dương\nGiá: 3,590,000 ₫\nThông số kỹ thuật: - Công nghệ màn hình: IPS LCD, 120Hz\n- Độ phân giải: FHD+ (1080 x 2460), Camera chính 64MP f/1.69 1/2 inch AF + 2MP + AI Camera, 16MP, f/2.0\n- Kích thước màn hình: 6.78 inch\n- Hệ điều hành: Android 13\n- Vi xử lý: MediaTek Helio G99\n- Bộ nhớ trong: 256GB\n- RAM: 8GB\n- Mạng di động: 2G, 3G, 4G\n- Số khe SIM: 2 nano SIM\n- Dung lượng pin: 5000 mAh\nKhuyến mãi: - KM 1\n- Sản phẩm đang thuộc chương trình Flash sale (Số lượng có hạn)\n\nTên sản phẩm: điện thoại infinix hot 30i (8+8gb/128gb) - chính hãng\nMàu: Trắng, Màu Vàng, Xanh Dương, Màu Đen\nGiá: 2,290,000 ₫\nThông số kỹ thuật: - Công nghệ màn hình: IPS LCD, 90Hz\n- Độ phân giải: HD+ (720 x 1612), Camera góc rộng 13 MP f/1.9 AF, Camera chiều sâu 0.08 MP, 8 MP, f/2.0\n- Kích thước màn hình: 6.56 inch\n- Hệ điều hành: XOS dựa trên Android 12\n- Vi xử lý: Unisoc T606\n- Bộ nhớ trong: 128GB\n- RAM: 8GB\n- Mạng di động: 2G, 3G, 4G\n- Số khe SIM: 2 nano SIM\n- Dung lượng pin: 5000 mAh\nKhuyến mãi: - Giảm 5% không giới hạn khuyến mãi qua Homepaylater\n- Giảm 50% tối đa 700k khi mở thẻ tín dụng Vpbank trên SenID\n- Giảm 20% tối đa 500k khi mở thẻ tín dụng TPBank EVO\n- Giảm 1% tối đa 100.000đ khi thanh toán qua Zalopay\n\nTên sản phẩm: điện thoại infinix hot 30i (4+4gb/128gb) - chính hãng\nMàu: Màu Vàng, Xanh Dương, Trắng, Màu Đen\nGiá: 2,090,000 ₫\nThông số kỹ thuật: - Công nghệ màn hình: IPS LCD, 90Hz\n- Độ phân giải: HD+ (720 x 1612), Camera góc rộng 13 MP f/1.9 AF, Camera chiều sâu 0.08 MP, 8 MP, f/2.0\n- Kích thước màn hình: 6.56 inch\n- Hệ điều hành: XOS dựa trên Android 12\n- Vi xử lý: Unisoc T606\n- Bộ nhớ trong: 128GB\n- RAM: 4GB\n- Mạng di động: 2G, 3G, 4G\n- Số khe SIM: 2 nano SIM\n- Dung lượng pin: 5000 mAh\nKhuyến mãi: - Giảm 5% không giới hạn khuyến mãi qua Homepaylater\n- Giảm 50% tối đa 700k khi mở thẻ tín dụng Vpbank trên SenID\n- Giảm 20% tối đa 500k khi mở thẻ tín dụng TPBank EVO\n- Giảm 1% tối đa 100.000đ khi thanh toán qua Zalopay']",Điện thoại Infinix Note 30 5G có dung lượng lưu trữ 256 GB.,"[{'statement': 'Điện thoại Infinix Note 30 5G có dung lượng lưu trữ 256 GB.', 'reason': [""Ngữ cảnh cung cấp thông tin về sản phẩm 'điện thoại infinix note 30 5g (8gb/256gb) - chính hãng' và ghi rõ thông số kỹ thuật 'Bộ nhớ trong: 256GB'.""], 'verdict': 1}]",0.0,59.39,2025-08-20 17:06:21
75,Giá của honor 90 lite 5g (8gb/256gb) là bao nhiêu?,"Giá của honor 90 lite 5g (8gb/256gb) là 5,390,000 ₫.","['Tên sản phẩm: honor 90 lite 5g (8gb/256gb) - chính hãng\nMàu: Màu Đen, Xanh\nGiá: 5,390,000 ₫\nThông số kỹ thuật: - Công nghệ màn hình: LTPS LCD\n- Độ phân giải: 2388x1080, 100MP Main Camera(f/1.9)+5MP Ultra Wide&Depth Camera(f/2.2)+2MP Macro Camera(f/2.4), 16MP  (f/2.45)\n- Kích thước màn hình: 6.7 inch\n- Hệ điều hành: MagicOS 7.1(based on Android 13)\n- Vi xử lý: MediaTek Dimensity 6020\n- RAM: 8GB\n- Mạng di động: 5G\n- Số khe SIM: Nano Card\n- Dung lượng pin: 4500 mAh\nKhuyến mãi: - KM 1\n- Sản phẩm đang thuộc chương trình Flash sale (Số lượng có hạn)\n\nTên sản phẩm: honor 90 5g (12gb/256gb) - chính hãng\nMàu: Blue, Green\nGiá: 8,990,000 ₫\nThông số kỹ thuật: - Công nghệ màn hình: AMOLED\n- Độ phân giải: (2664 × 1200) Pixels, 1.07 tỷ màu, 200MP Ultra-Clear Camera (f/1.9)+12MP Ultra Wide and Macro Camera (f/2.2)+2MP Depth Camera (f/2.4), 50MP Camera(f/2.4)\n- Kích thước màn hình: 6.7  inch\n- Hệ điều hành: MagicOS 7.1 (Based on Android 13)\n- Vi xử lý: Qualcomm Snapdragon 7 Gen 1\n- Bộ nhớ trong: 256GB\n- RAM: 12G\n- Mạng di động: 5G\n- Dung lượng pin: 4900 mAh\nKhuyến mãi: - Ưu đãi trả góp 0% qua Shinhan Finance hoặc Mirae Asset Finance\n- Giảm 5% không giới hạn khuyến mãi qua Homepaylater\n- Giảm thêm tới 700.000đ khi thanh toán qua Kredivo.\n- Giảm 50% tối đa 700k khi mở thẻ tín dụng Vpbank trên SenID\n- Giảm 20% tối đa 500k khi mở thẻ tín dụng TPBank EVO\n- Mở thẻ tín dụng VIB\n- Nhận Voucher 600.000đ\n\nTên sản phẩm: honor x9a 5g (8gb/256gb) - chính hãng\nMàu: Màu Đen, Xanh Lá, Bạc\nGiá: 6,290,000 ₫\nThông số kỹ thuật: - Công nghệ màn hình: AMOLED\n- Độ phân giải: FHD+ (1080 x 2400), Cảm biến chính 64MP f/1.8, Cảm biến góc siêu rộng 5MP f/2.2, Cảm biến macro 2MP f/2.4, 16MP f/2.45\n- Kích thước màn hình: 6.67 inch\n- Hệ điều hành: Magic UI 6.1 (trên nền tảng Android 12)\n- Vi xử lý: Qualcomm Qualcomm Snapdragon 695\n- Bộ nhớ trong: 256GB\n- RAM: 8GB\n- Mạng di động: 2G, 3G, 4G, 5G\n- Số khe SIM: 2 nano SIM\n- Dung lượng pin: 5100 mAh\nKhuyến mãi: - KM 1\n- Sản phẩm đang thuộc chương trình Flash sale (Số lượng có hạn)\n\nTên sản phẩm: xiaomi 13 lite (8gb/256gb) - chính hãng\nMàu: Màu Đen, Xanh\nGiá: 8,890,000 ₫\nThông số kỹ thuật: - Công nghệ màn hình: AMOLED 120Hz\n- Độ phân giải: FHD+, Camera góc rộng 50MP, Camera góc siêu rộng 8MP, Camera cận cảnh 2MP, Camera kép: Camera góc siêu rộng 32MP + Cảm biến độ sâu 8MP\n- Kích thước màn hình: 6.55 inch\n- Hệ điều hành: MIUI 14, Android 12\n- Vi xử lý: Qualcomm Qualcomm Snapdragon 7 Gen 1\n- Bộ nhớ trong: 256GB\n- RAM: 8GB\n- Dung lượng pin: 4500 mAh\nKhuyến mãi: - Ưu đãi trả góp 0% qua Shinhan Finance hoặc Mirae Asset Finance\n- Giảm 5% không giới hạn khuyến mãi qua Homepaylater\n- Giảm thêm tới 700.000đ khi thanh toán qua Kredivo.\n- Giảm 50% tối đa 700k khi mở thẻ tín dụng Vpbank trên SenID\n- Giảm 20% tối đa 500k khi mở thẻ tín dụng TPBank EVO\n- Mở thẻ tín dụng VIB\n- Nhận Voucher 600.000đ\n- Giảm 1% tối đa 100.000đ khi thanh toán qua Zalopay']","Giá của honor 90 lite 5g (8gb/256gb) là 5,390,000 ₫.","[{'statement': 'Giá của honor 90 lite 5g (8gb/256gb) là 5,390,000 ₫.', 'reason': [""Trong ngữ cảnh được cung cấp, có một sản phẩm được liệt kê là 'Tên sản phẩm: honor 90 lite 5g (8gb/256gb) - chính hãng' với 'Giá: 5,390,000 ₫'.""], 'verdict': 1}]",0.0,48.21,2025-08-20 17:06:21
77,Dung lượng pin của điện thoại nubia neo 5g là bao nhiêu?,Dung lượng pin của điện thoại nubia neo 5g là 4500 mAh.,"['Tên sản phẩm: điện thoại nubia neo 5g 8gb/256gb - chính hãng\nMàu: Màu Vàng, Màu Đen\nGiá: 4,290,000 ₫\nThông số kỹ thuật: - Công nghệ màn hình: ISP LCD, 120Hz\n- Độ phân giải: Full HD+ (1080 x 2408 pixels), 50 MP (góc rộng), 2 MP, 8 MP\n- Kích thước màn hình: 6.6  inch\n- Vi xử lý: Unisoc T820\n- Bộ nhớ trong: 256GB, UFS 2.2\n- RAM: 8GB\n- Số khe SIM: 2 SIM, Nano SIM\n- Dung lượng pin: 4500 mAh\nKhuyến mãi: - KM 1\n- Sản phẩm đang thuộc chương trình Flash sale (Số lượng có hạn)\n\nTên sản phẩm: nubia neo 2 8gb+12gb/256gb - chính hãng\nMàu: Màu Vàng, Bạc, Màu Đen\nGiá: 4,990,000 ₫\nThông số kỹ thuật: - Công nghệ màn hình: FHD+\n- Độ phân giải: 2400*1080px, Camera chính 50MP, F1.8, AF, Ống kính độ sâu 2MP, 16MP\n- Kích thước màn hình: 6.72 inch\n- Hệ điều hành: Android 13\n- Vi xử lý: Unisoc T820\n- Bộ nhớ trong: 256GB\n- RAM: 8GB + 12GB(Ảo)\n- Dung lượng pin: 5200mAh/6000mAh (typical value)\nKhuyến mãi: - KM 1\n- Tặng Tai nghe không dây Havit TW960\n- Chính Hãng trị giá 490.000\n\nTên sản phẩm: điện thoại nokia 5.4 - chính hãng\nMàu: Không có thông tin\nGiá: Không có thông tin\nThông số kỹ thuật: - Công nghệ màn hình: IPS LCD\n- Độ phân giải: HD+ (720 x 1560 Pixels), Chính 48 MP & Phụ 5 MP, 2 MP, 2 MP, 16 MP\n- Hệ điều hành: Android 10\n- Vi xử lý: Snapdragon 662 8 nhân\n- Bộ nhớ trong: 128 GB\n- RAM: 4GB\n- Mạng di động: Hỗ trợ 4G\n- Số khe SIM: 2 Nano SIM\n- Dung lượng pin: 4000 mAh\nKhuyến mãi: Không có khuyến mãi\n\nTên sản phẩm: điện thoại xiaomi redmi note 10 5g - chính hãng\nMàu: Không có thông tin\nGiá: Không có thông tin\nThông số kỹ thuật: - Công nghệ màn hình: IPS LCD\n- Độ phân giải: Full HD+ (1080 x 2400 Pixels), Chính 48 MP & Phụ 2 MP, 2 MP, 8 MP\n- Hệ điều hành: Android 11\n- Vi xử lý: MediaTek Dimensity 700 8 nhân\n- Bộ nhớ trong: 128 GB\n- RAM: 4GB\n- Mạng di động: Hỗ trợ 5G\n- Số khe SIM: 2 Nano SIM\n- Dung lượng pin: 5000 mAh\nKhuyến mãi: Không có khuyến mãi']",Dung lượng pin của điện thoại nubia neo 5g là 4500 mAh.,"[{'statement': 'Dung lượng pin của điện thoại nubia neo 5g là 4500 mAh.', 'reason': [""Trong phần thông số kỹ thuật của sản phẩm 'điện thoại nubia neo 5g 8gb/256gb - chính hãng', có ghi rõ 'Dung lượng pin: 4500 mAh'.""], 'verdict': 1}]",0.0,12.33,2025-08-20 17:06:28
76,Điện thoại vivo v29e có những tùy chọn màu sắc nào?,"Điện thoại vivo v29e có các tùy chọn màu sắc là Đen đại ngàn, Xanh sông băng.","['Tên sản phẩm: điện thoại vivo v29e - 5g - chính hãng\nMàu: Đen đại ngàn, Xanh sông băng\nGiá: 7,990,000 ₫\nThông số kỹ thuật: - Công nghệ màn hình: AMOLED, 120 Hz\n- Độ phân giải: 2400x1080 (FHD+), 64MP (f/1.79) + 8MP (f/2.2), 50MP (f/2.0)\n- Kích thước màn hình: 6.67 inch\n- Hệ điều hành: Funtouch OS 13\n- Vi xử lý: Qualcomm Snapdragon 695\n- Bộ nhớ trong: 256GB\n- RAM: 8GB\n- Mạng di động: 5G\n- Số khe SIM: 2 nano SIM\n- Dung lượng pin: 4800 mAh, 4700 mAh\nKhuyến mãi: - KM 1\n- Sản phẩm đang thuộc chương trình Flash sale (Số lượng có hạn)\n\nTên sản phẩm: điện thoại vivo v27e - chính hãng\nMàu: Màu Đen, Màu Tím\nGiá: 7,490,000 ₫\nThông số kỹ thuật: - Công nghệ màn hình: AMOLED 120Hz\n- Độ phân giải: 2400 × 1080 (FHD+), Camera Siêu Cảm Biến OIS 64MP f/1.79 x Chân Dung Bokeh 2MP f/2.4 + Siêu Cận 2MP f/2.4, 32MP f/2.0\n- Kích thước màn hình: 6.62’’\n- Hệ điều hành: Funtouch OS 13\n- Vi xử lý: MediaTek Helio G99\n- Bộ nhớ trong: 256GB\n- RAM: 8GB\n- Số khe SIM: 1 nano SIM + 1 nano SIM / 1 micro SD\n- Dung lượng pin: 4600 mAh\nKhuyến mãi: - Ưu đãi trả góp 0% qua Shinhan Finance hoặc Mirae Asset Finance\n- Giảm 5% không giới hạn khuyến mãi qua Homepaylater\n- Giảm thêm tới 700.000đ khi thanh toán qua Kredivo.\n- Giảm 50% tối đa 700k khi mở thẻ tín dụng Vpbank trên SenID\n- Giảm 20% tối đa 500k khi mở thẻ tín dụng TPBank EVO\n- Mở thẻ tín dụng VIB\n- Nhận Voucher 600.000đ\n- Giảm 1% tối đa 100.000đ khi thanh toán qua Zalopay\n\nTên sản phẩm: vivo v25e 4g 8gb/128gb - chính hãng\nMàu: Màu Đen, Màu Vàng\nGiá: 6,090,000 ₫\nThông số kỹ thuật: - Công nghệ màn hình: AMOLED\n- Độ phân giải: 1080 x 2040 Pixel, 64MP x 2MP x 2MP, 32MP\n- Kích thước màn hình: 6.44  inch\n- Hệ điều hành: Android 12\n- Bộ nhớ trong: 128 GB\n- RAM: 8GB\n- Số khe SIM: 2 Nano SIM\n- Dung lượng pin: 4500 mAh\nKhuyến mãi: - Ưu đãi trả góp 0% qua Shinhan Finance hoặc Mirae Asset Finance\n- Giảm 5% không giới hạn khuyến mãi qua Homepaylater\n- Giảm thêm tới 700.000đ khi thanh toán qua Kredivo.\n- Giảm 50% tối đa 700k khi mở thẻ tín dụng Vpbank trên SenID\n- Giảm 20% tối đa 500k khi mở thẻ tín dụng TPBank EVO\n- Mở thẻ tín dụng VIB\n- Nhận Voucher 600.000đ\n- Giảm 1% tối đa 100.000đ khi thanh toán qua Zalopay\n\nTên sản phẩm: vivo v25 5g 8gb/128gb - chính hãng\nMàu: Màu Vàng, Màu Đen\nGiá: 7,990,000 ₫\nThông số kỹ thuật: - Công nghệ màn hình: AMOLED\n- Độ phân giải: 1080 x 2040 Pixel, 64MP x 8MP x 2MP, 50MP\n- Kích thước màn hình: 6.44  inch\n- Hệ điều hành: Android 12\n- Vi xử lý: MediaTek Dimensity 900\n- Bộ nhớ trong: 128 GB\n- RAM: 8GB\n- Số khe SIM: 2 Nano SIM\n- Dung lượng pin: 4500 mAh\nKhuyến mãi: - Ưu đãi trả góp 0% qua Shinhan Finance hoặc Mirae Asset Finance\n- Giảm 5% không giới hạn khuyến mãi qua Homepaylater\n- Giảm thêm tới 700.000đ khi thanh toán qua Kredivo.\n- Giảm 50% tối đa 700k khi mở thẻ tín dụng Vpbank trên SenID\n- Giảm 20% tối đa 500k khi mở thẻ tín dụng TPBank EVO\n- Mở thẻ tín dụng VIB\n- Nhận Voucher 600.000đ\n- Giảm 1% tối đa 100.000đ khi thanh toán qua Zalopay']","Màu Đen đại ngàn, Xanh sông băng","[{'statement': 'Điện thoại vivo v29e có tùy chọn màu sắc Đen đại ngàn.', 'reason': [""Thông tin trong ngữ cảnh xác nhận rằng sản phẩm 'điện thoại vivo v29e - 5g - chính hãng' có màu 'Đen đại ngàn'.""], 'verdict': 1}, {'statement': 'Điện thoại vivo v29e có tùy chọn màu sắc Xanh sông băng.', 'reason': [""Thông tin trong ngữ cảnh xác nhận rằng sản phẩm 'điện thoại vivo v29e - 5g - chính hãng' có màu 'Xanh sông băng'.""], 'verdict': 1}]",0.0,49.63,2025-08-20 17:06:33
79,Điện thoại HTC Wildfire E3 Lite có chương trình khuyến mãi gì không?,Điện thoại HTC Wildfire E3 Lite đang có chương trình khuyến mãi Flash sale với số lượng có hạn.,"['Tên sản phẩm: điện thoại htc wildfire e3 lite (4gb/64gb) - chính hãng\nMàu: Xanh Dương, Màu Ghi\nGiá: 1,690,000 ₫\nThông số kỹ thuật: - Công nghệ màn hình: IPS LCD\n- Độ phân giải: HD+ (720 x 1600), Camera chính 13MP f/2.2, Camera phụ 2MP, 5MP f/2.0\n- Kích thước màn hình: 6.517 inch\n- Hệ điều hành: Android 12\n- Vi xử lý: Spreadtrum SC9863\n- Bộ nhớ trong: 64GB\n- RAM: 4GB\n- Mạng di động: 2G, 3G, 4G\n- Số khe SIM: 2 nano SIM\n- Dung lượng pin: 5000 mAh\nKhuyến mãi: - KM 1\n- Sản phẩm đang thuộc chương trình Flash sale (Số lượng có hạn)\n\nTên sản phẩm: điện thoại redmi a3 (4gb/128gb) - chính hãng\nMàu: Xanh Dương, Màu Đen\nGiá: 2,990,000 ₫\nThông số kỹ thuật: - Công nghệ màn hình: IPS LCD 90Hz\n- Độ phân giải: 720x1650, Camera chính 8MP f/2.0, Camera phụ trợ QVGA, 5MP f/2.2\n- Kích thước màn hình: 6.71 inch\n- Hệ điều hành: Android 14\n- Vi xử lý: MediaTek Helio G36\n- Bộ nhớ trong: 128GB\n- RAM: 4GB\n- Mạng di động: 2G, 3G, 4G\n- Số khe SIM: 2 nano SIM\n- Dung lượng pin: 5000 mAh\nKhuyến mãi: - Giảm 5% không giới hạn khuyến mãi qua Homepaylater\n- Giảm 50% tối đa 700k khi mở thẻ tín dụng Vpbank trên SenID\n- Giảm 20% tối đa 500k khi mở thẻ tín dụng TPBank EVO\n- Giảm 1% tối đa 100.000đ khi thanh toán qua Zalopay\n\nTên sản phẩm: honor 90 lite 5g (8gb/256gb) - chính hãng\nMàu: Màu Đen, Xanh\nGiá: 5,390,000 ₫\nThông số kỹ thuật: - Công nghệ màn hình: LTPS LCD\n- Độ phân giải: 2388x1080, 100MP Main Camera(f/1.9)+5MP Ultra Wide&Depth Camera(f/2.2)+2MP Macro Camera(f/2.4), 16MP  (f/2.45)\n- Kích thước màn hình: 6.7 inch\n- Hệ điều hành: MagicOS 7.1(based on Android 13)\n- Vi xử lý: MediaTek Dimensity 6020\n- RAM: 8GB\n- Mạng di động: 5G\n- Số khe SIM: Nano Card\n- Dung lượng pin: 4500 mAh\nKhuyến mãi: - KM 1\n- Sản phẩm đang thuộc chương trình Flash sale (Số lượng có hạn)\n\nTên sản phẩm: điện thoại honor 10 lite - 3gb/32gb - chính hãng\nMàu: Không có thông tin\nGiá: Không có thông tin\nThông số kỹ thuật: - Công nghệ màn hình: IPS LCD\n- Độ phân giải: Full HD+ (1080 x 2340 Pixels), Chính 13 MP & Phụ 2 MP, 24 MP\n- Kích thước màn hình: 6.21 inch\n- Bộ nhớ trong: 64 GB\n- RAM: 4GB\n- Mạng di động: Hỗ trợ 4G\n- Số khe SIM: 2 Nano SIM (SIM 2 chung khe thẻ nhớ)\n- Dung lượng pin: 3400 mAh\nKhuyến mãi: Không có khuyến mãi']","Có, chương trình KM 1, sản phẩm đang thuộc chương trình Flash sale (số lượng có hạn).","[{'statement': 'Điện thoại HTC Wildfire E3 Lite có chương trình khuyến mãi 1.', 'reason': [""Thông tin trong ngữ cảnh cho sản phẩm 'điện thoại htc wildfire e3 lite' có mục 'Khuyến mãi: - KM 1'.""], 'verdict': 1}, {'statement': 'Sản phẩm điện thoại HTC Wildfire E3 Lite đang thuộc chương trình Flash sale.', 'reason': [""Thông tin trong ngữ cảnh cho sản phẩm 'điện thoại htc wildfire e3 lite' có mục 'Khuyến mãi' ghi rõ 'Sản phẩm đang thuộc chương trình Flash sale (Số lượng có hạn)'.""], 'verdict': 1}, {'statement': 'Chương trình Flash sale cho điện thoại HTC Wildfire E3 Lite có số lượng giới hạn.', 'reason': [""Thông tin trong ngữ cảnh cho sản phẩm 'điện thoại htc wildfire e3 lite' có mục 'Khuyến mãi' ghi rõ 'Sản phẩm đang thuộc chương trình Flash sale (Số lượng có hạn)', cho thấy số lượng là có giới hạn.""], 'verdict': 1}]",0.0,20.53,2025-08-20 17:06:43
81,Các tùy chọn màu sắc của điện thoại iPhone 15 Pro (1TB) là gì?,"Các tùy chọn màu sắc của iPhone 15 Pro (1TB) là Titan Xanh, Titan Đen, Titan Tự Nhiên, Titan Trắng.","['Tên sản phẩm: điện thoại iphone 15 pro (1tb) - chính hãng vn/a\nMàu: Titan Xanh, Titan Đen, Titan Tự Nhiên, Titan Trắng\nGiá: 38,490,000 ₫\nThông số kỹ thuật: - Công nghệ màn hình: Màn hình Super Retina XDR, Tấm nền OLED, Dynamic Island, Công nghệ ProMotion với tốc độ làm mới thích ứng lên đến 120Hz, Màn hình Luôn Bật, Màn hình HDR, Tỷ lệ tương phản 2.000.000:1 , Màn hình True Tone, Màn hình có dải màu rộng (P3), Haptic Touch\n- Độ phân giải: 1179 x 2556, Chính: 48MP, khẩu độ ƒ/1.78, Ultra Wide: 12MP, khẩu độ ƒ/2.2, Telephoto: 12MP, khẩu độ ƒ/2.8, Camera trước TrueDepth 12MP, khẩu độ ƒ/1.9\n- Kích thước màn hình: 6.1 inch\n- Hệ điều hành: iOS 17\n- Vi xử lý: A17 Pro\n- Bộ nhớ trong: 1TB\n- RAM: 8GB\n- Mạng di động: 2G, 3G, 4G, 5G\n- Số khe SIM: SIM kép (nano SIM và eSIM), Hỗ trợ hai eSIM\nKhuyến mãi: - KM 1\n- Giảm thêm 100.000đ khi khách hàng thanh toán bằng hình thức chuyển khoản ngân hàng khi mua iPhone 15 Series.\n- KM 2\n- Ưu đãi trả góp 0% qua thẻ tín dụng\n\nTên sản phẩm: điện thoại iphone 15 pro max (1tb) - chính hãng vn/a\nMàu: Titan Tự Nhiên, Titan Xanh, Titan Trắng, Titan Đen\nGiá: 41,990,000 ₫\nThông số kỹ thuật: - Công nghệ màn hình: Màn hình Super Retina XDR, Tấm nền OLED, Dynamic Island, Công nghệ ProMotion với tốc độ làm mới thích ứng lên đến 120Hz, Màn hình Luôn Bật, Màn hình HDR, Tỷ lệ tương phản 2.000.000:1 , Màn hình True Tone, Màn hình có dải màu rộng (P3), Haptic Touch\n- Độ phân giải: 1290 x 2796, Chính: 48MP, khẩu độ ƒ/1.78, Ultra Wide: 12MP, khẩu độ ƒ/2.2, Telephoto: 12MP, khẩu độ ƒ/2.8, Camera trước TrueDepth 12MP, khẩu độ ƒ/1.9\n- Kích thước màn hình: 6.7 inch\n- Hệ điều hành: iOS 17\n- Vi xử lý: A17 Pro\n- Bộ nhớ trong: 1TB\n- RAM: 8GB\n- Mạng di động: 2G, 3G, 4G, 5G\n- Số khe SIM: SIM kép (nano SIM và eSIM), Hỗ trợ hai eSIM\nKhuyến mãi: - KM 1\n- Giảm thêm 100.000đ khi khách hàng thanh toán bằng hình thức chuyển khoản ngân hàng khi mua iPhone 15 Series.\n- KM 2\n- Ưu đãi trả góp 0% qua thẻ tín dụng\n\nTên sản phẩm: điện thoại iphone 15 pro (512gb) - chính hãng vn/a\nMàu: Titan Xanh, Titan Tự Nhiên, Titan Trắng, Titan Đen\nGiá: 33,890,000 ₫\nThông số kỹ thuật: - Công nghệ màn hình: Màn hình Super Retina XDR, Tấm nền OLED, Dynamic Island, Công nghệ ProMotion với tốc độ làm mới thích ứng lên đến 120Hz, Màn hình Luôn Bật, Màn hình HDR, Tỷ lệ tương phản 2.000.000:1 , Màn hình True Tone, Màn hình có dải màu rộng (P3), Haptic Touch\n- Độ phân giải: 1179 x 2556, Chính: 48MP, khẩu độ ƒ/1.78, Ultra Wide: 12MP, khẩu độ ƒ/2.2, Telephoto: 12MP, khẩu độ ƒ/2.8, Camera trước TrueDepth 12MP, khẩu độ ƒ/1.9\n- Kích thước màn hình: 6.1 inch\n- Hệ điều hành: iOS 17\n- Vi xử lý: A17 Pro\n- Bộ nhớ trong: 512GB\n- RAM: 8GB\n- Mạng di động: 2G, 3G, 4G, 5G\n- Số khe SIM: SIM kép (nano SIM và eSIM), Hỗ trợ hai eSIM\nKhuyến mãi: - KM 1\n- Giảm thêm 100.000đ khi khách hàng thanh toán bằng hình thức chuyển khoản ngân hàng khi mua iPhone 15 Series.\n- KM 2\n- Ưu đãi trả góp 0% qua thẻ tín dụng\n\nTên sản phẩm: điện thoại iphone 15 pro (256gb) - chính hãng vn/a\nMàu: Titan Tự Nhiên, Titan Trắng, Titan Xanh, Titan Đen\nGiá: 27,490,000 ₫\nThông số kỹ thuật: - Công nghệ màn hình: Màn hình Super Retina XDR, Tấm nền OLED, Dynamic Island, Công nghệ ProMotion với tốc độ làm mới thích ứng lên đến 120Hz, Màn hình Luôn Bật, Màn hình HDR, Tỷ lệ tương phản 2.000.000:1 , Màn hình True Tone, Màn hình có dải màu rộng (P3), Haptic Touch\n- Độ phân giải: 1179 x 2556, Chính: 48MP, khẩu độ ƒ/1.78, Ultra Wide: 12MP, khẩu độ ƒ/2.2, Telephoto: 12MP, khẩu độ ƒ/2.8, Camera trước TrueDepth 12MP, khẩu độ ƒ/1.9\n- Kích thước màn hình: 6.1 inch\n- Hệ điều hành: iOS 17\n- Vi xử lý: A17 Pro\n- Bộ nhớ trong: 256GB\n- RAM: 8GB\n- Mạng di động: 2G, 3G, 4G, 5G\n- Số khe SIM: SIM kép (nano SIM và eSIM), Hỗ trợ hai eSIM\nKhuyến mãi: - KM 1\n- Giảm thêm 100.000đ khi khách hàng thanh toán bằng hình thức chuyển khoản ngân hàng khi mua iPhone 15 Series.\n- KM 2\n- Ưu đãi trả góp 0% qua thẻ tín dụng']","Titan Xanh, Titan Đen, Titan Tự Nhiên, Titan Trắng.","[{'statement': 'Điện thoại iPhone 15 Pro (1TB) có tùy chọn màu Titan Xanh.', 'reason': [""Ngữ cảnh cung cấp thông tin về 'điện thoại iphone 15 pro (1tb)' và liệt kê 'Titan Xanh' là một trong các tùy chọn màu sắc.""], 'verdict': 1}, {'statement': 'Điện thoại iPhone 15 Pro (1TB) có tùy chọn màu Titan Đen.', 'reason': [""Ngữ cảnh cung cấp thông tin về 'điện thoại iphone 15 pro (1tb)' và liệt kê 'Titan Đen' là một trong các tùy chọn màu sắc.""], 'verdict': 1}, {'statement': 'Điện thoại iPhone 15 Pro (1TB) có tùy chọn màu Titan Tự Nhiên.', 'reason': [""Ngữ cảnh cung cấp thông tin về 'điện thoại iphone 15 pro (1tb)' và liệt kê 'Titan Tự Nhiên' là một trong các tùy chọn màu sắc.""], 'verdict': 1}, {'statement': 'Điện thoại iPhone 15 Pro (1TB) có tùy chọn màu Titan Trắng.', 'reason': [""Ngữ cảnh cung cấp thông tin về 'điện thoại iphone 15 pro (1tb)' và liệt kê 'Titan Trắng' là một trong các tùy chọn màu sắc.""], 'verdict': 1}]",0.0,41.99,2025-08-20 17:07:16
78,Điện thoại Redmi 13C có bộ nhớ trong bao nhiêu?,Điện thoại Redmi 13C có bộ nhớ trong 128GB.,"['Tên sản phẩm: điện thoại redmi 13c (6gb/128gb) - chính hãng\nMàu: Màu Xám, Xanh Dương, Xanh Lá\nGiá: 3,290,000 ₫\nThông số kỹ thuật: - Công nghệ màn hình: IPS LCD\n- Độ phân giải: HD+ (720 x 1600 Pixels), Chính 50 MP + Phụ 2 MP, 8 MP\n- Kích thước màn hình: 6.74 inch\n- Vi xử lý: MediaTek Helio G85 8 nhân\n- Bộ nhớ trong: 128GB\n- RAM: 6GB\n- Dung lượng pin: 5000 mAh\nKhuyến mãi: - KM 1\n- Tặng phiếu mua hàng 200.000đ\n\nTên sản phẩm: điện thoại redmi note 13 (6gb/128gb) - chính hãng\nMàu: Xanh Lá, Đen, Màu Vàng\nGiá: 4,690,000 ₫\nThông số kỹ thuật: - Công nghệ màn hình: AMOLED 120Hz, Tỉ lệ tương phản 5.000.000:1, 100% DCI-P3, Màn hình Sunlight, Chứng nhận mức ánh sáng xanh thấp (Giải pháp phần cứng) của TÜV Rheinland | Chứng nhận thân thiện với đặc điểm sinh học của TÜV Rheinland | Chứng nhận không nhấp nháy của TÜV Rheinland | Chế độ đọc\n- Độ phân giải: 1080x2400, Camera chính 108MP f/1.75, Camera góc siêu rộng 8MP f/2.2, Camera Macro 2MP, Camera trước 16MP f/2.4\n- Kích thước màn hình: 6.67 inch\n- Hệ điều hành: MIUI 14 trên nền tảng Android 13\n- Vi xử lý: Qualcomm Snapdragon 685\n- Bộ nhớ trong: 128GB\n- RAM: 6GB\n- Mạng di động: 2G, 3G, 4G\n- Số khe SIM: 2 nano SIM\n- Dung lượng pin: 5000 mAh\nKhuyến mãi: - KM 1\n- Tặng Vipcare 1 đổi 1 ( nhập lại 400.000)\n\nTên sản phẩm: điện thoại xiaomi redmi 10c 4gb/128gb chính hãng\nMàu: Không có thông tin\nGiá: Không có thông tin\nThông số kỹ thuật: - Công nghệ màn hình: IPS LCD\n- Độ phân giải: HD+ (720 x 1600 Pixels), • 50MP main camera, - f/1.8, - 4-in-1 pixel binning, • 2MP depth camera, - f/2.4, 5MP front camera, - f/2.2\n- Kích thước màn hình: 6.71 inch\n- Hệ điều hành: Android 11\n- Vi xử lý: Qualcomm Snapdragon 680\n- Bộ nhớ trong: 128 GB\n- RAM: 4GB\n- Số khe SIM: 2 Nano SIM\n- Dung lượng pin: 5000 mAh\nKhuyến mãi: Không có khuyến mãi\n\nTên sản phẩm: điện thoại xiaomi redmi 12 8gb/128gb\nMàu: Bạc, Màu Đen, Xanh Dương\nGiá: 3,490,000 ₫\nThông số kỹ thuật: - Độ phân giải: Full HD, 2460 × 1080, 396ppi, Camera chính 50MP, - Khẩu độ f/1.8, Camera selfie 8MP, - f/2.1\n- Cổng kết nối: Type-C\n- Trọng lượng: 198.5g\n- Công nghệ màn hình: FHD+ LCD\n- Kích thước màn hình: 6.79 inch\n- Hệ điều hành: MIUI 14 trên nền Android 13\n- Vi xử lý: MediaTek Helio G88\n- Bộ nhớ trong: 128GB\n- RAM: 8GB\n- Số khe SIM: SIM1 + Khe kết hợp (SIM hoặc thẻ microSD)\n- Dung lượng pin: 5,000mAh (typ)4\nKhuyến mãi: - Ưu đãi trả góp 0% qua Shinhan Finance hoặc Mirae Asset Finance\n- Giảm 5% không giới hạn khuyến mãi qua Homepaylater\n- Giảm thêm tới 700.000đ khi thanh toán qua Kredivo.\n- Giảm 50% tối đa 700k khi mở thẻ tín dụng Vpbank trên SenID\n- Giảm 20% tối đa 500k khi mở thẻ tín dụng TPBank EVO\n- Mở thẻ tín dụng VIB\n- Nhận Voucher 600.000đ\n- Giảm 1% tối đa 100.000đ khi thanh toán qua Zalopay']",Bộ nhớ trong của điện thoại Redmi 13C là 128GB.,"[{'statement': 'Điện thoại Redmi 13C có bộ nhớ trong là 128GB.', 'reason': [""Trong phần thông số kỹ thuật của sản phẩm 'điện thoại redmi 13c', ngữ cảnh có ghi rõ 'Bộ nhớ trong: 128GB'.""], 'verdict': 1}]",0.0,56.44,2025-08-20 17:07:18
80,Điện thoại vivo y17s 4gb/128gb có giá bao nhiêu?,"Điện thoại vivo y17s 4gb/128gb có giá 3,990,000 ₫.","['Tên sản phẩm: điện thoại vivo y17s 4gb/128gb - chính hãng\nMàu: Xanh, Màu Tím\nGiá: 3,990,000 ₫\nThông số kỹ thuật: - Công nghệ màn hình: LCD, 60Hz\n- Độ phân giải: 1612x720, f/1.8 (50 MP) +  f/2.4 (2 MP), 8 MP (f/2.0)\n- Kích thước màn hình: 6.56 inch\n- Hệ điều hành: Funtouch OS 13\n- Vi xử lý: MediaTek Helio G85\n- Bộ nhớ trong: 128GB, Loại ROM: eMMC 5.1\n- RAM: 4GB\n- Mạng di động: 4G\n- Số khe SIM: 2 nano SIMs + 1 micro SD\n- Dung lượng pin: 5000 mAh\nKhuyến mãi: - KM 1\n- Tặng phiếu mua hàng 200.000đ\n\nTên sản phẩm: vivo y16 4gb/128gb - chính hãng\nMàu: Màu Vàng, Màu Đen\nGiá: 3,450,000 ₫\nThông số kỹ thuật: - Công nghệ màn hình: IPS LCD\n- Độ phân giải: HD+ (720 x 1600 Pixels), Chính 13 MP & Phụ 2 MP, 5 MP\n- Hệ điều hành: Android 12\n- Vi xử lý: MediaTek Helio P35 8 nhân\n- Bộ nhớ trong: 128 GB\n- RAM: 4GB\n- Mạng di động: Hỗ trợ 4G\n- Số khe SIM: 2 Nano SIM\n- Dung lượng pin: 5000 mAh\nKhuyến mãi: - Ưu đãi trả góp 0% qua Shinhan Finance hoặc Mirae Asset Finance\n- Giảm 5% không giới hạn khuyến mãi qua Homepaylater\n- Giảm thêm tới 700.000đ khi thanh toán qua Kredivo.\n- Giảm 50% tối đa 700k khi mở thẻ tín dụng Vpbank trên SenID\n- Giảm 20% tối đa 500k khi mở thẻ tín dụng TPBank EVO\n- Mở thẻ tín dụng VIB\n- Nhận Voucher 600.000đ\n- Giảm 1% tối đa 100.000đ khi thanh toán qua Zalopay\n\nTên sản phẩm: vivo y18s 6/128gb- chính hãng\nMàu: Xanh, Nâu\nGiá: 3,890,000 ₫\nThông số kỹ thuật: - Công nghệ màn hình: IPS LCD\n- Độ phân giải: HD+ (720 x 1612 Pixels), Chính 50 MP & Phụ 0.08 MP, 8 MP\n- Kích thước màn hình: 6.56 inch\n- Hệ điều hành: Funtouch OS 14\n- Vi xử lý: Helio G85\n- Bộ nhớ trong: 128 GB\n- RAM: 6 GB\n- Mạng di động: Hỗ trợ 4G\n- Số khe SIM: 2 Nano SIM\n- Dung lượng pin: 5000 mAh\nKhuyến mãi: - Ưu đãi tặng Sim Mobifone Hera & Key bản quyền Office 365 A3 khi mua điện thoại tại Hoàng Hà Mobile (SL có hạn)\n\nTên sản phẩm: vivo y22s 8gb/128gb - chính hãng\nMàu: Xanh Đen, Xanh Vàng\nGiá: 4,630,000 ₫\nThông số kỹ thuật: - Công nghệ màn hình: IPS LCD\n- Độ phân giải: HD+ (720 x 1612 Pixels), Chính 50 MP & Phụ 2 MP, 8 MP\n- Hệ điều hành: Android 12\n- Vi xử lý: Qualcomm Qualcomm Snapdragon 680\n- Bộ nhớ trong: 128 GB\n- RAM: 8GB\n- Mạng di động: Hỗ trợ 4G\n- Số khe SIM: 2 Nano SIM\n- Dung lượng pin: 5000 mAh\nKhuyến mãi: - Ưu đãi trả góp 0% qua Shinhan Finance hoặc Mirae Asset Finance\n- Giảm 5% không giới hạn khuyến mãi qua Homepaylater\n- Giảm thêm tới 700.000đ khi thanh toán qua Kredivo.\n- Giảm 50% tối đa 700k khi mở thẻ tín dụng Vpbank trên SenID\n- Giảm 20% tối đa 500k khi mở thẻ tín dụng TPBank EVO\n- Mở thẻ tín dụng VIB\n- Nhận Voucher 600.000đ\n- Giảm 1% tối đa 100.000đ khi thanh toán qua Zalopay']",3 990 000 ₫,"[{'statement': 'Điện thoại vivo y17s 4gb/128gb có giá 3.990.000₫.', 'reason': [""The context explicitly states that the price of the 'điện thoại vivo y17s 4gb/128gb' is 3,990,000 ₫.""], 'verdict': 1}]",0.0,59.32,2025-08-20 17:07:28
84,Điện thoại iPhone 15 Pro (512GB) sử dụng hệ điều hành nào?,iOS 17,"['Tên sản phẩm: điện thoại iphone 15 pro (512gb) - chính hãng vn/a\nMàu: Titan Xanh, Titan Tự Nhiên, Titan Trắng, Titan Đen\nGiá: 33,890,000 ₫\nThông số kỹ thuật: - Công nghệ màn hình: Màn hình Super Retina XDR, Tấm nền OLED, Dynamic Island, Công nghệ ProMotion với tốc độ làm mới thích ứng lên đến 120Hz, Màn hình Luôn Bật, Màn hình HDR, Tỷ lệ tương phản 2.000.000:1 , Màn hình True Tone, Màn hình có dải màu rộng (P3), Haptic Touch\n- Độ phân giải: 1179 x 2556, Chính: 48MP, khẩu độ ƒ/1.78, Ultra Wide: 12MP, khẩu độ ƒ/2.2, Telephoto: 12MP, khẩu độ ƒ/2.8, Camera trước TrueDepth 12MP, khẩu độ ƒ/1.9\n- Kích thước màn hình: 6.1 inch\n- Hệ điều hành: iOS 17\n- Vi xử lý: A17 Pro\n- Bộ nhớ trong: 512GB\n- RAM: 8GB\n- Mạng di động: 2G, 3G, 4G, 5G\n- Số khe SIM: SIM kép (nano SIM và eSIM), Hỗ trợ hai eSIM\nKhuyến mãi: - KM 1\n- Giảm thêm 100.000đ khi khách hàng thanh toán bằng hình thức chuyển khoản ngân hàng khi mua iPhone 15 Series.\n- KM 2\n- Ưu đãi trả góp 0% qua thẻ tín dụng\n\nTên sản phẩm: điện thoại iphone 15 pro (256gb) - chính hãng vn/a\nMàu: Titan Tự Nhiên, Titan Trắng, Titan Xanh, Titan Đen\nGiá: 27,490,000 ₫\nThông số kỹ thuật: - Công nghệ màn hình: Màn hình Super Retina XDR, Tấm nền OLED, Dynamic Island, Công nghệ ProMotion với tốc độ làm mới thích ứng lên đến 120Hz, Màn hình Luôn Bật, Màn hình HDR, Tỷ lệ tương phản 2.000.000:1 , Màn hình True Tone, Màn hình có dải màu rộng (P3), Haptic Touch\n- Độ phân giải: 1179 x 2556, Chính: 48MP, khẩu độ ƒ/1.78, Ultra Wide: 12MP, khẩu độ ƒ/2.2, Telephoto: 12MP, khẩu độ ƒ/2.8, Camera trước TrueDepth 12MP, khẩu độ ƒ/1.9\n- Kích thước màn hình: 6.1 inch\n- Hệ điều hành: iOS 17\n- Vi xử lý: A17 Pro\n- Bộ nhớ trong: 256GB\n- RAM: 8GB\n- Mạng di động: 2G, 3G, 4G, 5G\n- Số khe SIM: SIM kép (nano SIM và eSIM), Hỗ trợ hai eSIM\nKhuyến mãi: - KM 1\n- Giảm thêm 100.000đ khi khách hàng thanh toán bằng hình thức chuyển khoản ngân hàng khi mua iPhone 15 Series.\n- KM 2\n- Ưu đãi trả góp 0% qua thẻ tín dụng\n\nTên sản phẩm: điện thoại iphone 15 pro max (512gb) - chính hãng vn/a\nMàu: Titan Đen, Titan Tự Nhiên, Titan Xanh, Titan Trắng\nGiá: 34,990,000 ₫\nThông số kỹ thuật: - Công nghệ màn hình: Màn hình Super Retina XDR, Tấm nền OLED, Dynamic Island, Công nghệ ProMotion với tốc độ làm mới thích ứng lên đến 120Hz, Màn hình Luôn Bật, Màn hình HDR, Tỷ lệ tương phản 2.000.000:1 , Màn hình True Tone, Màn hình có dải màu rộng (P3), Haptic Touch\n- Độ phân giải: 1290 x 2796, Chính: 48MP, khẩu độ ƒ/1.78, Ultra Wide: 12MP, khẩu độ ƒ/2.2, Telephoto: 12MP, khẩu độ ƒ/2.8, Camera trước TrueDepth 12MP, khẩu độ ƒ/1.9\n- Kích thước màn hình: 6.7 inch\n- Hệ điều hành: iOS 17\n- Vi xử lý: A17 Pro\n- Bộ nhớ trong: 512GB\n- RAM: 8GB\n- Mạng di động: 2G, 3G, 4G, 5G\n- Số khe SIM: SIM kép (nano SIM và eSIM), Hỗ trợ hai eSIM\nKhuyến mãi: - KM 1\n- Giảm thêm 100.000đ khi khách hàng thanh toán bằng hình thức chuyển khoản ngân hàng khi mua iPhone 15 Series.\n- KM 2\n- Ưu đãi trả góp 0% qua thẻ tín dụng\n\nTên sản phẩm: điện thoại iphone 15 pro (128gb) - chính hãng vn/a\nMàu: Titan Xanh, Titan Tự Nhiên, Titan Trắng, Titan Đen\nGiá: 24,690,000 ₫\nThông số kỹ thuật: - Công nghệ màn hình: Màn hình Super Retina XDR, Tấm nền OLED, Dynamic Island, Công nghệ ProMotion với tốc độ làm mới thích ứng lên đến 120Hz, Màn hình Luôn Bật, Màn hình HDR, Tỷ lệ tương phản 2.000.000:1 , Màn hình True Tone, Màn hình có dải màu rộng (P3), Haptic Touch\n- Độ phân giải: 1179 x 2556, Chính: 48MP, khẩu độ ƒ/1.78, Ultra Wide: 12MP, khẩu độ ƒ/2.2, Telephoto: 12MP, khẩu độ ƒ/2.8, Camera trước TrueDepth 12MP, khẩu độ ƒ/1.9\n- Kích thước màn hình: 6.1 inch\n- Hệ điều hành: iOS 17\n- Vi xử lý: A17 Pro\n- Bộ nhớ trong: 128GB\n- RAM: 8GB\n- Mạng di động: 2G, 3G, 4G, 5G\n- Số khe SIM: SIM kép (nano SIM và eSIM), Hỗ trợ hai eSIM\nKhuyến mãi: - KM 1\n- Giảm thêm 100.000đ khi khách hàng thanh toán bằng hình thức chuyển khoản ngân hàng khi mua iPhone 15 Series.\n- KM 2\n- Ưu đãi trả góp 0% qua thẻ tín dụng']",Hệ điều hành iOS 17.,"[{'statement': 'Điện thoại iPhone 15 Pro (512GB) sử dụng hệ điều hành iOS 17.', 'reason': [""Trong ngữ cảnh, thông tin về sản phẩm 'điện thoại iphone 15 pro (512gb)' có ghi rõ 'Hệ điều hành: iOS 17'.""], 'verdict': 1}]",0.0,12.72,2025-08-20 17:07:32
83,Điện thoại iPhone 15 Plus có dung lượng lưu trữ bao nhiêu?,Điện thoại iPhone 15 Plus có dung lượng lưu trữ 256GB.,"['Tên sản phẩm: điện thoại iphone 15 plus (256gb) - chính hãng vn/a\nMàu: Hồng, Xanh Lá, Màu Đen, Màu Vàng, Xanh Dương\nGiá: 24,390,000 ₫\nThông số kỹ thuật: - Công nghệ màn hình: Màn hình Super Retina XDR, Tấm nền OLED, Dynamic Island, Màn hình HDR, Tỷ lệ tương phản 2.000.000:1 , Màn hình có dải màu rộng (P3), Haptic Touch\n- Độ phân giải: 1290 x 2796, Chính: 48MP, khẩu độ ƒ/1.6, Ultra Wide: 12MP, khẩu độ ƒ/2.4, Camera trước TrueDepth 12MP, khẩu độ ƒ/1.9\n- Kích thước màn hình: 6.7 inch\n- Hệ điều hành: iOS 17\n- Vi xử lý: A16 Bionic\n- Bộ nhớ trong: 256GB\n- RAM: 6GB\n- Mạng di động: 2G, 3G, 4G, 5G\n- Số khe SIM: SIM kép (nano-SIM và eSIM), Hỗ trợ hai eSIM\nKhuyến mãi: - KM 1\n- Giảm thêm 100.000đ khi khách hàng thanh toán bằng hình thức chuyển khoản ngân hàng khi mua iPhone 15 Series.\n- KM 2\n- Ưu đãi trả góp 0% qua thẻ tín dụng\n\nTên sản phẩm: điện thoại iphone 15 plus (512gb) - chính hãng vn/a\nMàu: Màu Đen, Màu Vàng, Xanh Lá, Hồng, Xanh Dương\nGiá: 30,890,000 ₫\nThông số kỹ thuật: - Công nghệ màn hình: Màn hình Super Retina XDR, Tấm nền OLED, Dynamic Island, Màn hình HDR, Tỷ lệ tương phản 2.000.000:1 , Màn hình có dải màu rộng (P3), Haptic Touch\n- Độ phân giải: 1290 x 2796, Chính: 48MP, khẩu độ ƒ/1.6, Ultra Wide: 12MP, khẩu độ ƒ/2.4, Camera trước TrueDepth 12MP, khẩu độ ƒ/1.9\n- Kích thước màn hình: 6.7 inch\n- Hệ điều hành: iOS 17\n- Vi xử lý: A16 Bionic\n- Bộ nhớ trong: 512GB\n- RAM: 6GB\n- Mạng di động: 2G, 3G, 4G, 5G\n- Số khe SIM: SIM kép (nano-SIM và eSIM), Hỗ trợ hai eSIM\nKhuyến mãi: - KM 1\n- Giảm thêm 100.000đ khi khách hàng thanh toán bằng hình thức chuyển khoản ngân hàng khi mua iPhone 15 Series.\n- KM 2\n- Ưu đãi trả góp 0% qua thẻ tín dụng\n\nTên sản phẩm: điện thoại iphone 15 plus (128gb) - chính hãng vn/a\nMàu: Hồng, Xanh Lá, Xanh Dương, Màu Vàng, Màu Đen\nGiá: 21,890,000 ₫\nThông số kỹ thuật: - Công nghệ màn hình: Màn hình Super Retina XDR, Tấm nền OLED, Dynamic Island, Màn hình HDR, Tỷ lệ tương phản 2.000.000:1 , Màn hình có dải màu rộng (P3), Haptic Touch\n- Độ phân giải: 1290 x 2796, Chính: 48MP, khẩu độ ƒ/1.6, Ultra Wide: 12MP, khẩu độ ƒ/2.4, Camera trước TrueDepth 12MP, khẩu độ ƒ/1.9\n- Kích thước màn hình: 6.7 inch\n- Hệ điều hành: iOS 17\n- Vi xử lý: A16 Bionic\n- Bộ nhớ trong: 128GB\n- RAM: 6GB\n- Mạng di động: 2G, 3G, 4G, 5G\n- Số khe SIM: SIM kép (nano-SIM và eSIM), Hỗ trợ hai eSIM\nKhuyến mãi: - KM 1\n- Giảm thêm 100.000đ khi khách hàng thanh toán bằng hình thức chuyển khoản ngân hàng khi mua iPhone 15 Series.\n- KM 2\n- Ưu đãi trả góp 0% qua thẻ tín dụng\n\nTên sản phẩm: điện thoại iphone 15 (512gb) - chính hãng vn/a\nMàu: Xanh Lá, Màu Vàng, Màu Đen, Hồng, Xanh Dương\nGiá: 27,990,000 ₫\nThông số kỹ thuật: - Công nghệ màn hình: Màn hình Super Retina XDR, Tấm nền OLED, Dynamic Island, Màn hình HDR, Tỷ lệ tương phản 2.000.000:1 , Màn hình có dải màu rộng (P3), Haptic Touch\n- Độ phân giải: 1179 x 2556, Chính: 48MP, khẩu độ ƒ/1.6, Ultra Wide: 12MP, khẩu độ ƒ/2.4, Camera trước TrueDepth 12MP, khẩu độ ƒ/1.9\n- Kích thước màn hình: 6.1 inch\n- Hệ điều hành: iOS 17\n- Vi xử lý: A16 Bionic\n- Bộ nhớ trong: 512GB\n- RAM: 6GB\n- Mạng di động: 2G, 3G, 4G, 5G\n- Số khe SIM: SIM kép (nano-SIM và eSIM), Hỗ trợ hai eSIM\nKhuyến mãi: - KM 1\n- Giảm thêm 100.000đ khi khách hàng thanh toán bằng hình thức chuyển khoản ngân hàng khi mua iPhone 15 Series.\n- KM 2\n- Ưu đãi trả góp 0% qua thẻ tín dụng']","Điện thoại iPhone 15 Plus có bộ nhớ trong 128 GB, 256 GB hoặc 512 GB tùy chọn.","[{'statement': 'Điện thoại iPhone 15 Plus có tùy chọn bộ nhớ trong 128 GB.', 'reason': [""Thông tin trong ngữ cảnh xác nhận có sản phẩm 'điện thoại iphone 15 plus (128gb)' với 'Bộ nhớ trong: 128GB'.""], 'verdict': 1}, {'statement': 'Điện thoại iPhone 15 Plus có tùy chọn bộ nhớ trong 256 GB.', 'reason': [""Thông tin trong ngữ cảnh xác nhận có sản phẩm 'điện thoại iphone 15 plus (256gb)' với 'Bộ nhớ trong: 256GB'.""], 'verdict': 1}, {'statement': 'Điện thoại iPhone 15 Plus có tùy chọn bộ nhớ trong 512 GB.', 'reason': [""Thông tin trong ngữ cảnh xác nhận có sản phẩm 'điện thoại iphone 15 plus (512gb)' với 'Bộ nhớ trong: 512GB'.""], 'verdict': 1}]",0.0,16.51,2025-08-20 17:07:33
85,Các màu sắc nào có sẵn cho điện thoại iPhone 15 (256GB)?,"Điện thoại iPhone 15 (256GB) có sẵn các màu: Xanh Dương, Màu Vàng, Màu Đen, Xanh Lá, Hồng.","['Tên sản phẩm: điện thoại iphone 15 (256gb) - chính hãng vn/a\nMàu: Xanh Dương, Màu Vàng, Màu Đen, Xanh Lá, Hồng\nGiá: 22,290,000 ₫\nThông số kỹ thuật: - Công nghệ màn hình: Màn hình Super Retina XDR, Tấm nền OLED, Dynamic Island, Màn hình HDR, Tỷ lệ tương phản 2.000.000:1 , Màn hình có dải màu rộng (P3), Haptic Touch\n- Độ phân giải: 1179 x 2556, Chính: 48MP, khẩu độ ƒ/1.6, Ultra Wide: 12MP, khẩu độ ƒ/2.4, Camera trước TrueDepth 12MP, khẩu độ ƒ/1.9\n- Kích thước màn hình: 6.1 inch\n- Hệ điều hành: iOS 17\n- Vi xử lý: A16 Bionic\n- Bộ nhớ trong: 256GB\n- RAM: 6GB\n- Mạng di động: 2G, 3G, 4G, 5G\n- Số khe SIM: SIM kép (nano-SIM và eSIM), Hỗ trợ hai eSIM\nKhuyến mãi: - KM 1\n- Giảm thêm 100.000đ khi khách hàng thanh toán bằng hình thức chuyển khoản ngân hàng khi mua iPhone 15 Series.\n- KM 2\n- Ưu đãi trả góp 0% qua thẻ tín dụng\n\nTên sản phẩm: điện thoại iphone 15 (512gb) - chính hãng vn/a\nMàu: Xanh Lá, Màu Vàng, Màu Đen, Hồng, Xanh Dương\nGiá: 27,990,000 ₫\nThông số kỹ thuật: - Công nghệ màn hình: Màn hình Super Retina XDR, Tấm nền OLED, Dynamic Island, Màn hình HDR, Tỷ lệ tương phản 2.000.000:1 , Màn hình có dải màu rộng (P3), Haptic Touch\n- Độ phân giải: 1179 x 2556, Chính: 48MP, khẩu độ ƒ/1.6, Ultra Wide: 12MP, khẩu độ ƒ/2.4, Camera trước TrueDepth 12MP, khẩu độ ƒ/1.9\n- Kích thước màn hình: 6.1 inch\n- Hệ điều hành: iOS 17\n- Vi xử lý: A16 Bionic\n- Bộ nhớ trong: 512GB\n- RAM: 6GB\n- Mạng di động: 2G, 3G, 4G, 5G\n- Số khe SIM: SIM kép (nano-SIM và eSIM), Hỗ trợ hai eSIM\nKhuyến mãi: - KM 1\n- Giảm thêm 100.000đ khi khách hàng thanh toán bằng hình thức chuyển khoản ngân hàng khi mua iPhone 15 Series.\n- KM 2\n- Ưu đãi trả góp 0% qua thẻ tín dụng\n\nTên sản phẩm: điện thoại iphone 15 (128gb) - chính hãng vn/a\nMàu: Xanh Lá, Xanh Dương, Màu Đen, Hồng, Màu Vàng\nGiá: 18,790,000 ₫\nThông số kỹ thuật: - Công nghệ màn hình: Màn hình Super Retina XDR, Tấm nền OLED, Dynamic Island, Màn hình HDR, Tỷ lệ tương phản 2.000.000:1 , Màn hình có dải màu rộng (P3), Haptic Touch\n- Độ phân giải: 1179 x 2556, Chính: 48MP, khẩu độ ƒ/1.6, Ultra Wide: 12MP, khẩu độ ƒ/2.4, Camera trước TrueDepth 12MP, khẩu độ ƒ/1.9\n- Kích thước màn hình: 6.1 inch\n- Hệ điều hành: iOS 17\n- Vi xử lý: A16 Bionic\n- Bộ nhớ trong: 128GB\n- RAM: 6GB\n- Mạng di động: 2G, 3G, 4G, 5G\n- Số khe SIM: SIM kép (nano-SIM và eSIM), Hỗ trợ hai eSIM\nKhuyến mãi: - KM 1\n- Giảm thêm 100.000đ khi khách hàng thanh toán bằng hình thức chuyển khoản ngân hàng khi mua iPhone 15 Series.\n- KM 2\n- Ưu đãi trả góp 0% qua thẻ tín dụng\n\nTên sản phẩm: điện thoại iphone 15 plus (256gb) - chính hãng vn/a\nMàu: Hồng, Xanh Lá, Màu Đen, Màu Vàng, Xanh Dương\nGiá: 24,390,000 ₫\nThông số kỹ thuật: - Công nghệ màn hình: Màn hình Super Retina XDR, Tấm nền OLED, Dynamic Island, Màn hình HDR, Tỷ lệ tương phản 2.000.000:1 , Màn hình có dải màu rộng (P3), Haptic Touch\n- Độ phân giải: 1290 x 2796, Chính: 48MP, khẩu độ ƒ/1.6, Ultra Wide: 12MP, khẩu độ ƒ/2.4, Camera trước TrueDepth 12MP, khẩu độ ƒ/1.9\n- Kích thước màn hình: 6.7 inch\n- Hệ điều hành: iOS 17\n- Vi xử lý: A16 Bionic\n- Bộ nhớ trong: 256GB\n- RAM: 6GB\n- Mạng di động: 2G, 3G, 4G, 5G\n- Số khe SIM: SIM kép (nano-SIM và eSIM), Hỗ trợ hai eSIM\nKhuyến mãi: - KM 1\n- Giảm thêm 100.000đ khi khách hàng thanh toán bằng hình thức chuyển khoản ngân hàng khi mua iPhone 15 Series.\n- KM 2\n- Ưu đãi trả góp 0% qua thẻ tín dụng']","Xanh Dương, Màu Vàng, Màu Đen, Xanh Lá, Hồng","[{'statement': 'Điện thoại iPhone 15 (256GB) có sẵn màu Xanh Dương.', 'reason': ['Thông tin trong ngữ cảnh xác nhận rằng điện thoại iPhone 15 (256GB) có sẵn màu Xanh Dương.'], 'verdict': 1}, {'statement': 'Điện thoại iPhone 15 (256GB) có sẵn màu Vàng.', 'reason': ['Thông tin trong ngữ cảnh xác nhận rằng điện thoại iPhone 15 (256GB) có sẵn màu Vàng.'], 'verdict': 1}, {'statement': 'Điện thoại iPhone 15 (256GB) có sẵn màu Đen.', 'reason': ['Thông tin trong ngữ cảnh xác nhận rằng điện thoại iPhone 15 (256GB) có sẵn màu Đen.'], 'verdict': 1}, {'statement': 'Điện thoại iPhone 15 (256GB) có sẵn màu Xanh Lá.', 'reason': ['Thông tin trong ngữ cảnh xác nhận rằng điện thoại iPhone 15 (256GB) có sẵn màu Xanh Lá.'], 'verdict': 1}, {'statement': 'Điện thoại iPhone 15 (256GB) có sẵn màu Hồng.', 'reason': ['Thông tin trong ngữ cảnh xác nhận rằng điện thoại iPhone 15 (256GB) có sẵn màu Hồng.'], 'verdict': 1}]",0.0,50.05,2025-08-20 17:08:19
82,Điện thoại iPhone 15 Plus (256GB) có những màu sắc nào?,"Điện thoại iPhone 15 Plus (256GB) có các màu Hồng, Xanh Lá, Màu Đen, Màu Vàng, Xanh Dương.","['Tên sản phẩm: điện thoại iphone 15 plus (256gb) - chính hãng vn/a\nMàu: Hồng, Xanh Lá, Màu Đen, Màu Vàng, Xanh Dương\nGiá: 24,390,000 ₫\nThông số kỹ thuật: - Công nghệ màn hình: Màn hình Super Retina XDR, Tấm nền OLED, Dynamic Island, Màn hình HDR, Tỷ lệ tương phản 2.000.000:1 , Màn hình có dải màu rộng (P3), Haptic Touch\n- Độ phân giải: 1290 x 2796, Chính: 48MP, khẩu độ ƒ/1.6, Ultra Wide: 12MP, khẩu độ ƒ/2.4, Camera trước TrueDepth 12MP, khẩu độ ƒ/1.9\n- Kích thước màn hình: 6.7 inch\n- Hệ điều hành: iOS 17\n- Vi xử lý: A16 Bionic\n- Bộ nhớ trong: 256GB\n- RAM: 6GB\n- Mạng di động: 2G, 3G, 4G, 5G\n- Số khe SIM: SIM kép (nano-SIM và eSIM), Hỗ trợ hai eSIM\nKhuyến mãi: - KM 1\n- Giảm thêm 100.000đ khi khách hàng thanh toán bằng hình thức chuyển khoản ngân hàng khi mua iPhone 15 Series.\n- KM 2\n- Ưu đãi trả góp 0% qua thẻ tín dụng\n\nTên sản phẩm: điện thoại iphone 15 plus (512gb) - chính hãng vn/a\nMàu: Màu Đen, Màu Vàng, Xanh Lá, Hồng, Xanh Dương\nGiá: 30,890,000 ₫\nThông số kỹ thuật: - Công nghệ màn hình: Màn hình Super Retina XDR, Tấm nền OLED, Dynamic Island, Màn hình HDR, Tỷ lệ tương phản 2.000.000:1 , Màn hình có dải màu rộng (P3), Haptic Touch\n- Độ phân giải: 1290 x 2796, Chính: 48MP, khẩu độ ƒ/1.6, Ultra Wide: 12MP, khẩu độ ƒ/2.4, Camera trước TrueDepth 12MP, khẩu độ ƒ/1.9\n- Kích thước màn hình: 6.7 inch\n- Hệ điều hành: iOS 17\n- Vi xử lý: A16 Bionic\n- Bộ nhớ trong: 512GB\n- RAM: 6GB\n- Mạng di động: 2G, 3G, 4G, 5G\n- Số khe SIM: SIM kép (nano-SIM và eSIM), Hỗ trợ hai eSIM\nKhuyến mãi: - KM 1\n- Giảm thêm 100.000đ khi khách hàng thanh toán bằng hình thức chuyển khoản ngân hàng khi mua iPhone 15 Series.\n- KM 2\n- Ưu đãi trả góp 0% qua thẻ tín dụng\n\nTên sản phẩm: điện thoại iphone 15 plus (128gb) - chính hãng vn/a\nMàu: Hồng, Xanh Lá, Xanh Dương, Màu Vàng, Màu Đen\nGiá: 21,890,000 ₫\nThông số kỹ thuật: - Công nghệ màn hình: Màn hình Super Retina XDR, Tấm nền OLED, Dynamic Island, Màn hình HDR, Tỷ lệ tương phản 2.000.000:1 , Màn hình có dải màu rộng (P3), Haptic Touch\n- Độ phân giải: 1290 x 2796, Chính: 48MP, khẩu độ ƒ/1.6, Ultra Wide: 12MP, khẩu độ ƒ/2.4, Camera trước TrueDepth 12MP, khẩu độ ƒ/1.9\n- Kích thước màn hình: 6.7 inch\n- Hệ điều hành: iOS 17\n- Vi xử lý: A16 Bionic\n- Bộ nhớ trong: 128GB\n- RAM: 6GB\n- Mạng di động: 2G, 3G, 4G, 5G\n- Số khe SIM: SIM kép (nano-SIM và eSIM), Hỗ trợ hai eSIM\nKhuyến mãi: - KM 1\n- Giảm thêm 100.000đ khi khách hàng thanh toán bằng hình thức chuyển khoản ngân hàng khi mua iPhone 15 Series.\n- KM 2\n- Ưu đãi trả góp 0% qua thẻ tín dụng\n\nTên sản phẩm: điện thoại iphone 15 (256gb) - chính hãng vn/a\nMàu: Xanh Dương, Màu Vàng, Màu Đen, Xanh Lá, Hồng\nGiá: 22,290,000 ₫\nThông số kỹ thuật: - Công nghệ màn hình: Màn hình Super Retina XDR, Tấm nền OLED, Dynamic Island, Màn hình HDR, Tỷ lệ tương phản 2.000.000:1 , Màn hình có dải màu rộng (P3), Haptic Touch\n- Độ phân giải: 1179 x 2556, Chính: 48MP, khẩu độ ƒ/1.6, Ultra Wide: 12MP, khẩu độ ƒ/2.4, Camera trước TrueDepth 12MP, khẩu độ ƒ/1.9\n- Kích thước màn hình: 6.1 inch\n- Hệ điều hành: iOS 17\n- Vi xử lý: A16 Bionic\n- Bộ nhớ trong: 256GB\n- RAM: 6GB\n- Mạng di động: 2G, 3G, 4G, 5G\n- Số khe SIM: SIM kép (nano-SIM và eSIM), Hỗ trợ hai eSIM\nKhuyến mãi: - KM 1\n- Giảm thêm 100.000đ khi khách hàng thanh toán bằng hình thức chuyển khoản ngân hàng khi mua iPhone 15 Series.\n- KM 2\n- Ưu đãi trả góp 0% qua thẻ tín dụng']","Hồng, Xanh Lá, Màu Đen, Màu Vàng, Xanh Dương","[{'statement': 'Điện thoại iPhone 15 Plus (256GB) có màu hồng.', 'reason': [""Trong ngữ cảnh, sản phẩm 'điện thoại iphone 15 plus (256gb)' được liệt kê có màu 'Hồng'.""], 'verdict': 1}, {'statement': 'Điện thoại iPhone 15 Plus (256GB) có màu xanh lá.', 'reason': [""Trong ngữ cảnh, sản phẩm 'điện thoại iphone 15 plus (256gb)' được liệt kê có màu 'Xanh Lá'.""], 'verdict': 1}, {'statement': 'Điện thoại iPhone 15 Plus (256GB) có màu đen.', 'reason': [""Trong ngữ cảnh, sản phẩm 'điện thoại iphone 15 plus (256gb)' được liệt kê có màu 'Màu Đen'.""], 'verdict': 1}, {'statement': 'Điện thoại iPhone 15 Plus (256GB) có màu vàng.', 'reason': [""Trong ngữ cảnh, sản phẩm 'điện thoại iphone 15 plus (256gb)' được liệt kê có màu 'Màu Vàng'.""], 'verdict': 1}, {'statement': 'Điện thoại iPhone 15 Plus (256GB) có màu xanh dương.', 'reason': [""Trong ngữ cảnh, sản phẩm 'điện thoại iphone 15 plus (256gb)' được liệt kê có màu 'Xanh Dương'.""], 'verdict': 1}]",0.0,96.37,2025-08-20 17:08:20
87,iPhone 15 (512GB) có những tùy chọn màu sắc nào?,"iPhone 15 (512GB) có các tùy chọn màu sắc: Xanh Lá, Màu Vàng, Màu Đen, Hồng, Xanh Dương.","['Tên sản phẩm: điện thoại iphone 15 (512gb) - chính hãng vn/a\nMàu: Xanh Lá, Màu Vàng, Màu Đen, Hồng, Xanh Dương\nGiá: 27,990,000 ₫\nThông số kỹ thuật: - Công nghệ màn hình: Màn hình Super Retina XDR, Tấm nền OLED, Dynamic Island, Màn hình HDR, Tỷ lệ tương phản 2.000.000:1 , Màn hình có dải màu rộng (P3), Haptic Touch\n- Độ phân giải: 1179 x 2556, Chính: 48MP, khẩu độ ƒ/1.6, Ultra Wide: 12MP, khẩu độ ƒ/2.4, Camera trước TrueDepth 12MP, khẩu độ ƒ/1.9\n- Kích thước màn hình: 6.1 inch\n- Hệ điều hành: iOS 17\n- Vi xử lý: A16 Bionic\n- Bộ nhớ trong: 512GB\n- RAM: 6GB\n- Mạng di động: 2G, 3G, 4G, 5G\n- Số khe SIM: SIM kép (nano-SIM và eSIM), Hỗ trợ hai eSIM\nKhuyến mãi: - KM 1\n- Giảm thêm 100.000đ khi khách hàng thanh toán bằng hình thức chuyển khoản ngân hàng khi mua iPhone 15 Series.\n- KM 2\n- Ưu đãi trả góp 0% qua thẻ tín dụng\n\nTên sản phẩm: điện thoại iphone 15 (256gb) - chính hãng vn/a\nMàu: Xanh Dương, Màu Vàng, Màu Đen, Xanh Lá, Hồng\nGiá: 22,290,000 ₫\nThông số kỹ thuật: - Công nghệ màn hình: Màn hình Super Retina XDR, Tấm nền OLED, Dynamic Island, Màn hình HDR, Tỷ lệ tương phản 2.000.000:1 , Màn hình có dải màu rộng (P3), Haptic Touch\n- Độ phân giải: 1179 x 2556, Chính: 48MP, khẩu độ ƒ/1.6, Ultra Wide: 12MP, khẩu độ ƒ/2.4, Camera trước TrueDepth 12MP, khẩu độ ƒ/1.9\n- Kích thước màn hình: 6.1 inch\n- Hệ điều hành: iOS 17\n- Vi xử lý: A16 Bionic\n- Bộ nhớ trong: 256GB\n- RAM: 6GB\n- Mạng di động: 2G, 3G, 4G, 5G\n- Số khe SIM: SIM kép (nano-SIM và eSIM), Hỗ trợ hai eSIM\nKhuyến mãi: - KM 1\n- Giảm thêm 100.000đ khi khách hàng thanh toán bằng hình thức chuyển khoản ngân hàng khi mua iPhone 15 Series.\n- KM 2\n- Ưu đãi trả góp 0% qua thẻ tín dụng\n\nTên sản phẩm: điện thoại iphone 15 pro (512gb) - chính hãng vn/a\nMàu: Titan Xanh, Titan Tự Nhiên, Titan Trắng, Titan Đen\nGiá: 33,890,000 ₫\nThông số kỹ thuật: - Công nghệ màn hình: Màn hình Super Retina XDR, Tấm nền OLED, Dynamic Island, Công nghệ ProMotion với tốc độ làm mới thích ứng lên đến 120Hz, Màn hình Luôn Bật, Màn hình HDR, Tỷ lệ tương phản 2.000.000:1 , Màn hình True Tone, Màn hình có dải màu rộng (P3), Haptic Touch\n- Độ phân giải: 1179 x 2556, Chính: 48MP, khẩu độ ƒ/1.78, Ultra Wide: 12MP, khẩu độ ƒ/2.2, Telephoto: 12MP, khẩu độ ƒ/2.8, Camera trước TrueDepth 12MP, khẩu độ ƒ/1.9\n- Kích thước màn hình: 6.1 inch\n- Hệ điều hành: iOS 17\n- Vi xử lý: A17 Pro\n- Bộ nhớ trong: 512GB\n- RAM: 8GB\n- Mạng di động: 2G, 3G, 4G, 5G\n- Số khe SIM: SIM kép (nano SIM và eSIM), Hỗ trợ hai eSIM\nKhuyến mãi: - KM 1\n- Giảm thêm 100.000đ khi khách hàng thanh toán bằng hình thức chuyển khoản ngân hàng khi mua iPhone 15 Series.\n- KM 2\n- Ưu đãi trả góp 0% qua thẻ tín dụng\n\nTên sản phẩm: điện thoại iphone 15 (128gb) - chính hãng vn/a\nMàu: Xanh Lá, Xanh Dương, Màu Đen, Hồng, Màu Vàng\nGiá: 18,790,000 ₫\nThông số kỹ thuật: - Công nghệ màn hình: Màn hình Super Retina XDR, Tấm nền OLED, Dynamic Island, Màn hình HDR, Tỷ lệ tương phản 2.000.000:1 , Màn hình có dải màu rộng (P3), Haptic Touch\n- Độ phân giải: 1179 x 2556, Chính: 48MP, khẩu độ ƒ/1.6, Ultra Wide: 12MP, khẩu độ ƒ/2.4, Camera trước TrueDepth 12MP, khẩu độ ƒ/1.9\n- Kích thước màn hình: 6.1 inch\n- Hệ điều hành: iOS 17\n- Vi xử lý: A16 Bionic\n- Bộ nhớ trong: 128GB\n- RAM: 6GB\n- Mạng di động: 2G, 3G, 4G, 5G\n- Số khe SIM: SIM kép (nano-SIM và eSIM), Hỗ trợ hai eSIM\nKhuyến mãi: - KM 1\n- Giảm thêm 100.000đ khi khách hàng thanh toán bằng hình thức chuyển khoản ngân hàng khi mua iPhone 15 Series.\n- KM 2\n- Ưu đãi trả góp 0% qua thẻ tín dụng']","Xanh Lá, Màu Vàng, Màu Đen, Hồng, Xanh Dương","[{'statement': 'iPhone 15 (512GB) có tùy chọn màu Xanh Lá.', 'reason': [""Trong ngữ cảnh, sản phẩm 'điện thoại iphone 15 (512gb)' được liệt kê với các màu 'Xanh Lá, Màu Vàng, Màu Đen, Hồng, Xanh Dương'.""], 'verdict': 1}, {'statement': 'iPhone 15 (512GB) có tùy chọn màu Vàng.', 'reason': [""Ngữ cảnh cung cấp thông tin về 'điện thoại iphone 15 (512gb)' và liệt kê 'Màu Vàng' là một trong các tùy chọn màu sắc.""], 'verdict': 1}, {'statement': 'iPhone 15 (512GB) có tùy chọn màu Đen.', 'reason': [""Ngữ cảnh xác nhận rằng 'điện thoại iphone 15 (512gb)' có tùy chọn 'Màu Đen'.""], 'verdict': 1}, {'statement': 'iPhone 15 (512GB) có tùy chọn màu Hồng.', 'reason': [""Ngữ cảnh liệt kê 'Hồng' là một trong những màu có sẵn cho 'điện thoại iphone 15 (512gb)'.""], 'verdict': 1}, {'statement': 'iPhone 15 (512GB) có tùy chọn màu Xanh Dương.', 'reason': [""Ngữ cảnh cho biết 'điện thoại iphone 15 (512gb)' có các tùy chọn màu sắc bao gồm 'Xanh Dương'.""], 'verdict': 1}]",0.0,58.82,2025-08-20 17:08:33
86,Điện thoại iPhone 15 Pro có dung lượng bộ nhớ trong là bao nhiêu?,Điện thoại iPhone 15 Pro có dung lượng bộ nhớ trong là 1TB.,"['Tên sản phẩm: điện thoại iphone 15 pro (1tb) - chính hãng vn/a\nMàu: Titan Xanh, Titan Đen, Titan Tự Nhiên, Titan Trắng\nGiá: 38,490,000 ₫\nThông số kỹ thuật: - Công nghệ màn hình: Màn hình Super Retina XDR, Tấm nền OLED, Dynamic Island, Công nghệ ProMotion với tốc độ làm mới thích ứng lên đến 120Hz, Màn hình Luôn Bật, Màn hình HDR, Tỷ lệ tương phản 2.000.000:1 , Màn hình True Tone, Màn hình có dải màu rộng (P3), Haptic Touch\n- Độ phân giải: 1179 x 2556, Chính: 48MP, khẩu độ ƒ/1.78, Ultra Wide: 12MP, khẩu độ ƒ/2.2, Telephoto: 12MP, khẩu độ ƒ/2.8, Camera trước TrueDepth 12MP, khẩu độ ƒ/1.9\n- Kích thước màn hình: 6.1 inch\n- Hệ điều hành: iOS 17\n- Vi xử lý: A17 Pro\n- Bộ nhớ trong: 1TB\n- RAM: 8GB\n- Mạng di động: 2G, 3G, 4G, 5G\n- Số khe SIM: SIM kép (nano SIM và eSIM), Hỗ trợ hai eSIM\nKhuyến mãi: - KM 1\n- Giảm thêm 100.000đ khi khách hàng thanh toán bằng hình thức chuyển khoản ngân hàng khi mua iPhone 15 Series.\n- KM 2\n- Ưu đãi trả góp 0% qua thẻ tín dụng\n\nTên sản phẩm: điện thoại iphone 15 pro (512gb) - chính hãng vn/a\nMàu: Titan Xanh, Titan Tự Nhiên, Titan Trắng, Titan Đen\nGiá: 33,890,000 ₫\nThông số kỹ thuật: - Công nghệ màn hình: Màn hình Super Retina XDR, Tấm nền OLED, Dynamic Island, Công nghệ ProMotion với tốc độ làm mới thích ứng lên đến 120Hz, Màn hình Luôn Bật, Màn hình HDR, Tỷ lệ tương phản 2.000.000:1 , Màn hình True Tone, Màn hình có dải màu rộng (P3), Haptic Touch\n- Độ phân giải: 1179 x 2556, Chính: 48MP, khẩu độ ƒ/1.78, Ultra Wide: 12MP, khẩu độ ƒ/2.2, Telephoto: 12MP, khẩu độ ƒ/2.8, Camera trước TrueDepth 12MP, khẩu độ ƒ/1.9\n- Kích thước màn hình: 6.1 inch\n- Hệ điều hành: iOS 17\n- Vi xử lý: A17 Pro\n- Bộ nhớ trong: 512GB\n- RAM: 8GB\n- Mạng di động: 2G, 3G, 4G, 5G\n- Số khe SIM: SIM kép (nano SIM và eSIM), Hỗ trợ hai eSIM\nKhuyến mãi: - KM 1\n- Giảm thêm 100.000đ khi khách hàng thanh toán bằng hình thức chuyển khoản ngân hàng khi mua iPhone 15 Series.\n- KM 2\n- Ưu đãi trả góp 0% qua thẻ tín dụng\n\nTên sản phẩm: điện thoại iphone 15 pro (256gb) - chính hãng vn/a\nMàu: Titan Tự Nhiên, Titan Trắng, Titan Xanh, Titan Đen\nGiá: 27,490,000 ₫\nThông số kỹ thuật: - Công nghệ màn hình: Màn hình Super Retina XDR, Tấm nền OLED, Dynamic Island, Công nghệ ProMotion với tốc độ làm mới thích ứng lên đến 120Hz, Màn hình Luôn Bật, Màn hình HDR, Tỷ lệ tương phản 2.000.000:1 , Màn hình True Tone, Màn hình có dải màu rộng (P3), Haptic Touch\n- Độ phân giải: 1179 x 2556, Chính: 48MP, khẩu độ ƒ/1.78, Ultra Wide: 12MP, khẩu độ ƒ/2.2, Telephoto: 12MP, khẩu độ ƒ/2.8, Camera trước TrueDepth 12MP, khẩu độ ƒ/1.9\n- Kích thước màn hình: 6.1 inch\n- Hệ điều hành: iOS 17\n- Vi xử lý: A17 Pro\n- Bộ nhớ trong: 256GB\n- RAM: 8GB\n- Mạng di động: 2G, 3G, 4G, 5G\n- Số khe SIM: SIM kép (nano SIM và eSIM), Hỗ trợ hai eSIM\nKhuyến mãi: - KM 1\n- Giảm thêm 100.000đ khi khách hàng thanh toán bằng hình thức chuyển khoản ngân hàng khi mua iPhone 15 Series.\n- KM 2\n- Ưu đãi trả góp 0% qua thẻ tín dụng\n\nTên sản phẩm: điện thoại iphone 15 pro (128gb) - chính hãng vn/a\nMàu: Titan Xanh, Titan Tự Nhiên, Titan Trắng, Titan Đen\nGiá: 24,690,000 ₫\nThông số kỹ thuật: - Công nghệ màn hình: Màn hình Super Retina XDR, Tấm nền OLED, Dynamic Island, Công nghệ ProMotion với tốc độ làm mới thích ứng lên đến 120Hz, Màn hình Luôn Bật, Màn hình HDR, Tỷ lệ tương phản 2.000.000:1 , Màn hình True Tone, Màn hình có dải màu rộng (P3), Haptic Touch\n- Độ phân giải: 1179 x 2556, Chính: 48MP, khẩu độ ƒ/1.78, Ultra Wide: 12MP, khẩu độ ƒ/2.2, Telephoto: 12MP, khẩu độ ƒ/2.8, Camera trước TrueDepth 12MP, khẩu độ ƒ/1.9\n- Kích thước màn hình: 6.1 inch\n- Hệ điều hành: iOS 17\n- Vi xử lý: A17 Pro\n- Bộ nhớ trong: 128GB\n- RAM: 8GB\n- Mạng di động: 2G, 3G, 4G, 5G\n- Số khe SIM: SIM kép (nano SIM và eSIM), Hỗ trợ hai eSIM\nKhuyến mãi: - KM 1\n- Giảm thêm 100.000đ khi khách hàng thanh toán bằng hình thức chuyển khoản ngân hàng khi mua iPhone 15 Series.\n- KM 2\n- Ưu đãi trả góp 0% qua thẻ tín dụng']","Bộ nhớ trong của iPhone 15 Pro có thể là 1 TB, 512 GB, 256 GB hoặc 128 GB tùy phiên bản.","[{'statement': 'Điện thoại iPhone 15 Pro có phiên bản bộ nhớ trong 1 TB.', 'reason': ['Ngữ cảnh cung cấp thông tin về sản phẩm ""điện thoại iphone 15 pro (1tb)"" với thông số kỹ thuật ""Bộ nhớ trong: 1TB"".'], 'verdict': 1}, {'statement': 'Điện thoại iPhone 15 Pro có phiên bản bộ nhớ trong 512 GB.', 'reason': ['Ngữ cảnh cung cấp thông tin về sản phẩm ""điện thoại iphone 15 pro (512gb)"" với thông số kỹ thuật ""Bộ nhớ trong: 512GB"".'], 'verdict': 1}, {'statement': 'Điện thoại iPhone 15 Pro có phiên bản bộ nhớ trong 256 GB.', 'reason': ['Ngữ cảnh cung cấp thông tin về sản phẩm ""điện thoại iphone 15 pro (256gb)"" với thông số kỹ thuật ""Bộ nhớ trong: 256GB"".'], 'verdict': 1}, {'statement': 'Điện thoại iPhone 15 Pro có phiên bản bộ nhớ trong 128 GB.', 'reason': ['Ngữ cảnh cung cấp thông tin về sản phẩm ""điện thoại iphone 15 pro (128gb)"" với thông số kỹ thuật ""Bộ nhớ trong: 128GB"".'], 'verdict': 1}]",0.0,61.47,2025-08-20 17:08:34
89,Chương trình khuyến mãi nào có khi mua điện thoại OPPO Find N3?,"Khi mua điện thoại OPPO Find N3, khách hàng sẽ nhận được các chương trình khuyến mãi sau: Thu cũ đổi mới lên đời OPPO Find N3 series giúp tiết kiệm tới 20 triệu đồng, trả góp 0% với Home Credit, hoặc qua Shinhan Finance hoặc Mirae Asset Finance, giảm 5% không giới hạn khuyến mãi qua Homepaylater, giảm thêm tới 700.000đ khi thanh toán qua Kredivo, giảm 50% tối đa 700k khi mở thẻ tín dụng Vpbank trên SenID, giảm 20% tối đa 500k khi mở thẻ tín dụng TPBank EVO, mở thẻ tín dụng VIB nhận Voucher 600.000đ.","['Tên sản phẩm: điện thoại oppo find n3 (16gb/512gb) - chính hãng\nMàu: Màu Vàng, Màu Đen\nGiá: 38,590,000 ₫\nThông số kỹ thuật: - Kích thước màn hình: 6.3″ & 7.8″\n- Độ phân giải: 48MP Wide (1/1.4’’ Sensor size OIS, F1.6), 64MP Tele (1/2’’ Sensor size 3x optical zoom OIS, F2.2), 48MP Ultra Wide (1/2’’ Sensor size F1.6)\n- Bộ nhớ trong: 512GB\n- RAM: 16GB\n- Dung lượng pin: 4805 mAh\nKhuyến mãi: - Thu cũ đổi mới lên đời OPPO Find N3 series: Tiết kiệm lên tới 20 triệu đồng\n- Trả góp 0% với Home Credit.\n- Ưu đãi trả góp 0% qua Shinhan Finance hoặc Mirae Asset Finance\n- Giảm 5% không giới hạn khuyến mãi qua Homepaylater\n- Giảm thêm tới 700.000đ khi thanh toán qua Kredivo.\n- Giảm 50% tối đa 700k khi mở thẻ tín dụng Vpbank trên SenID\n- Giảm 20% tối đa 500k khi mở thẻ tín dụng TPBank EVO\n- Mở thẻ tín dụng VIB\n- Nhận Voucher 600.000đ\n\nTên sản phẩm: điện thoại oppo find n3 flip (12gb/256gb) - chính hãng\nMàu: Màu Đen, Màu Vàng\nGiá: 19,990,000 ₫\nThông số kỹ thuật: - Công nghệ màn hình: Màn hình trong: AMOLED, 1-120Hz LTPO, HDR10+, Màn hình ngoài: AMOLED, 60Hz\n- Độ phân giải: Màn hình bên trong: 1080 x 2520, 403 PPI, Màn hình ngoài: 382 x 720, 250 PPI, Camera chính: 50MP IMX890 ƒ/1.8, FOV 84°, tiêu cự 24mm, OIS, Camera Tele: 32MP IMX709 ƒ/2.0, FOV 49°, tiêu cự 47mm, OIS, Camera góc siêu rộng: 48MP IMX581, ƒ/2.2, FOV 114°, tiêu cự 14mm, 32MP ƒ/2.4, FOV 90°, tiêu cự 21 mm\n- Kích thước màn hình: 6.80 inch, 3.26 inch\n- Hệ điều hành: ColorOS 13 trên nền tảng Android 13\n- Vi xử lý: MediaTek Dimensity 9200\n- Bộ nhớ trong: 256GB\n- RAM: 12GB\n- Mạng di động: 2G, 3G, 4G, 5G\n- Số khe SIM: 2 nano-SIM\n- Dung lượng pin: 4300 mAh\nKhuyến mãi: - Thu cũ đổi mới lên đời OPPO Find N3 series: Tiết kiệm lên tới 20 triệu đồng\n- Trả góp 0% với Home Credit.\n- Ưu đãi trả góp 0% qua Shinhan Finance hoặc Mirae Asset Finance\n- Giảm 5% không giới hạn khuyến mãi qua Homepaylater\n- Giảm thêm tới 700.000đ khi thanh toán qua Kredivo.\n- Giảm 50% tối đa 700k khi mở thẻ tín dụng Vpbank trên SenID\n- Giảm 20% tối đa 500k khi mở thẻ tín dụng TPBank EVO\n- Mở thẻ tín dụng VIB\n- Nhận Voucher 600.000đ\n\nTên sản phẩm: điện thoại oppo find n2 flip - chính hãng\nMàu: Màu Đen, Tím Đam Mê\nGiá: 16,990,000 ₫\nThông số kỹ thuật: - Công nghệ màn hình: AMOLED\n- Độ phân giải: Chính: FHD+ (2520 x 1080 Pixels) & Phụ: (720 x 382 Pixels), Chính 50 MP & Phụ 2 MP, 32 MP\n- Kích thước màn hình: 6.8 inch\n- Hệ điều hành: Android 13\n- Vi xử lý: MediaTek Dimensity 9000 8 nhân\n- Bộ nhớ trong: 256GB\n- RAM: 8GB\n- Mạng di động: Hỗ trợ 5G\n- Số khe SIM: 2 SIM (Nano-SIM)\n- Dung lượng pin: 4300 mAh\nKhuyến mãi: - Thu cũ đổi mới lên đời OPPO Find N3 series: Tiết kiệm lên tới 20 triệu đồng\n- Trả góp 0% với Home Credit.\n- Ưu đãi trả góp 0% qua Shinhan Finance hoặc Mirae Asset Finance\n- Giảm 5% không giới hạn khuyến mãi qua Homepaylater\n- Giảm thêm tới 700.000đ khi thanh toán qua Kredivo.\n- Giảm 50% tối đa 700k khi mở thẻ tín dụng Vpbank trên SenID\n- Giảm 20% tối đa 500k khi mở thẻ tín dụng TPBank EVO\n- Mở thẻ tín dụng VIB\n- Nhận Voucher 600.000đ\n\nTên sản phẩm: oppo find x2 - chính hãng\nMàu: Không có thông tin\nGiá: Không có thông tin\nThông số kỹ thuật: - Công nghệ màn hình: AMOLED\n- Độ phân giải: 2K+ (1440 x 3168 Pixels), Chính 48 MP & Phụ 13 MP, 12 MP, 32 MP\n- Kích thước màn hình: 6.78 inch\n- Bộ nhớ trong: 256 GB\n- RAM: 12GB\n- Mạng di động: Hỗ trợ 5G\n- Số khe SIM: 2 Nano SIM\n- Dung lượng pin: 4200 mAh\nKhuyến mãi: Không có khuyến mãi']","- Thu cũ đổi mới lên đời OPPO Find N3 series: Tiết kiệm lên tới 20 triệu đồng  
- Trả góp 0 % với Home Credit  
- Ưu đãi trả góp 0 % qua Shinhan Finance hoặc Mirae Asset Finance  
- Giảm 5 % không giới hạn khuyến mãi qua Homepaylater  
- Giảm thêm tới 700.000 đ khi thanh toán qua Kredivo  
- Giảm 50 % tối đa 700k khi mở thẻ tín dụng Vpbank trên SenID  
- Giảm 20 % tối đa 500k khi mở thẻ tín dụng TPBank EVO  
- Mở thẻ tín dụng VIB  
- Nhận Voucher 600.000 đ","[{'statement': 'Khách hàng tham gia chương trình thu cũ đổi mới lên đời OPPO Find N3 series có thể tiết kiệm lên tới 20 triệu đồng.', 'reason': [""The context for OPPO Find N3 explicitly mentions a promotion: 'Thu cũ đổi mới lên đời OPPO Find N3 series: Tiết kiệm lên tới 20 triệu đồng'.""], 'verdict': 1}, {'statement': 'Có chương trình trả góp 0% với Home Credit khi mua điện thoại OPPO Find N3.', 'reason': [""The context lists 'Trả góp 0% với Home Credit' as a promotion for the OPPO Find N3.""], 'verdict': 1}, {'statement': 'Khách hàng mua OPPO Find N3 có thể nhận ưu đãi trả góp 0% qua Shinhan Finance hoặc Mirae Asset Finance.', 'reason': [""The context confirms this promotion for the OPPO Find N3: 'Ưu đãi trả góp 0% qua Shinhan Finance hoặc Mirae Asset Finance'.""], 'verdict': 1}, {'statement': 'Khách hàng được giảm 5% không giới hạn khi thanh toán qua Homepaylater để mua OPPO Find N3.', 'reason': [""The context lists 'Giảm 5% không giới hạn khuyến mãi qua Homepaylater' as a promotion for the OPPO Find N3.""], 'verdict': 1}, {'statement': 'Khi thanh toán qua Kredivo để mua OPPO Find N3, khách hàng được giảm thêm tới 700.000 đồng.', 'reason': [""The context mentions a promotion for the OPPO Find N3: 'Giảm thêm tới 700.000đ khi thanh toán qua Kredivo'.""], 'verdict': 1}, {'statement': 'Khách hàng được giảm 50% tối đa 700.000 đồng khi mở thẻ tín dụng Vpbank trên SenID để mua OPPO Find N3.', 'reason': [""The context confirms this promotion for the OPPO Find N3: 'Giảm 50% tối đa 700k khi mở thẻ tín dụng Vpbank trên SenID'.""], 'verdict': 1}, {'statement': 'Khi mở thẻ tín dụng TPBank EVO để mua OPPO Find N3, khách hàng được giảm 20% tối đa 500.000 đồng.', 'reason': [""The context lists this promotion for the OPPO Find N3: 'Giảm 20% tối đa 500k khi mở thẻ tín dụng TPBank EVO'.""], 'verdict': 1}, {'statement': 'Có chương trình khuyến mãi liên quan đến việc mở thẻ tín dụng VIB khi mua OPPO Find N3.', 'reason': [""The context lists 'Mở thẻ tín dụng VIB' as a promotion for the OPPO Find N3.""], 'verdict': 1}, {'statement': 'Khách hàng sẽ nhận được một voucher trị giá 600.000 đồng khi mua OPPO Find N3.', 'reason': [""The context confirms this promotion for the OPPO Find N3: 'Nhận Voucher 600.000đ'.""], 'verdict': 1}]",0.0,29.92,2025-08-20 17:08:51
88,Điện thoại xiaomi 13t (12gb/256gb) hỗ trợ công nghệ màn hình nào?,"Điện thoại Xiaomi 13T (12GB/256GB) hỗ trợ công nghệ màn hình AMOLED với tần số quét 144Hz, tần số lấy mẫu cảm ứng 480Hz, màn hình Pro HDR, Dolby Vision, HDR10+ và HDR10.","['Tên sản phẩm: điện thoại xiaomi 13t (12gb/256gb) - chính hãng\nMàu: Xanh Dương, Xanh Lá, Màu Đen\nGiá: 10,990,000 ₫\nThông số kỹ thuật: - Công nghệ màn hình: AMOLED, Tần số quét lên tới 144Hz, Tần số lấy mẫu cảm ứng lên tới 480Hz, Màn hình Pro HDR｜Dolby Vision ｜HDR10+ ｜HDR10, Độ phủ màu: DCI-P3 ｜68 tỉ màu ｜True Display, Màn hình chuẩn màu: JNCD≈ 0.39, Delta E≈ 0.39*\n- Độ phân giải: 1220 x 2712, Camera chính Leica: Sony IMX707 50MP f/1.9 OIS, Camera telephoto Leica: 50MP f/1.9, Camera góc siêu rộng Leica: 12MP f/2.2, 20MP f/2.2\n- Kích thước màn hình: 6.67 inch\n- Hệ điều hành: MIUI 14 trên nền tảng Android 13\n- Vi xử lý: MediaTek Dimensity 8200-Ultra\n- Bộ nhớ trong: 256GB\n- RAM: 12GB\n- Mạng di động: 2G, 3G, 4G, 5G\n- Số khe SIM: 2 nano SIM\n- Dung lượng pin: 5000 mAh\nKhuyến mãi: - Ưu đãi trả góp 0% qua Shinhan Finance hoặc Mirae Asset Finance\n- Giảm 5% không giới hạn khuyến mãi qua Homepaylater\n- Giảm thêm tới 700.000đ khi thanh toán qua Kredivo.\n- Giảm 50% tối đa 700k khi mở thẻ tín dụng Vpbank trên SenID\n- Giảm 20% tối đa 500k khi mở thẻ tín dụng TPBank EVO\n- Mở thẻ tín dụng VIB\n- Nhận Voucher 600.000đ\n\nTên sản phẩm: xiaomi 13 (8gb/256gb) - chính hãng\nMàu: Không có thông tin\nGiá: Không có thông tin\nThông số kỹ thuật: - Công nghệ màn hình: AMOLED 120Hz, AdaptiveSync, Tốc độ lấy mẫu cảm ứng: lên đến 240Hz, Màn hình Pro HDR, Công nghệ Dolby Vision®, HDR10+, Gam màu: DCI-P3, Màn hình TrueColor: JNCD≈ 0,32, Delta E≈ 0,36, Cảm biến ánh sáng xung quanh 360°\n- Độ phân giải: Full HD+ (1080 x 2400), Camera chính Leica: 50MP f/1,8 HyperOIS, Camera tele Leica: 10MP f/2,0 OIS., Camera góc siêu rộng Leica: 12MP f/2,2., 32MP f/2,0 FOV 89,6°, Ống kính 5P\n- Kích thước màn hình: 6.36 inch\n- Hệ điều hành: MIUI 14, Android 13\n- Vi xử lý: Qualcomm Snapdragon 8 Gen 2\n- Bộ nhớ trong: 256GB\n- RAM: 8GB\n- Mạng di động: 5G: Hỗ trợ NSA + SA, 5G: n1/n3/n5/n7/n8/n20/n28/n38/n40/n41/n66/n71/n75/n77/n78, 4G: LTE FDD: B1/2/3/4/5/7/8/12/13/17/18/19/20/25/26/28/32/66, 4G: LTE TDD: B38/39/40/41/42/48, 3G: WCDMA: B1/2/4/5/6/8/19, 2G: GSM: 850 900 1800 1900 MHz, Hỗ trợ MIMO 4x4\n- Số khe SIM: 2SIM, NanoSIM\n- Dung lượng pin: 4500 mAh\nKhuyến mãi: Không có khuyến mãi\n\nTên sản phẩm: điện thoại xiaomi 12 - chính hãng\nMàu: Không có thông tin\nGiá: Không có thông tin\nThông số kỹ thuật: - Công nghệ màn hình: AMOLED, 1 tỷ màu, HDR10+, 120Hz, tỷ lệ 20:9, 6.28  inch, Full HD+ (1080 x 2400 pixels), Corning Gorilla Glass Victus, Cảm biến vân tay trong màn hình, Cảm ứng điện dung đa điểm\n- Độ phân giải: 1080 x 2400 pixels, 50 MP, f/1.9, 26mm (góc rộng), PDAF, OIS, 13 MP, f/2.4, 12mm, 123˚ (góc siêu rộng), 5 MP, 50mm (telephoto macro), AF, Quay phim: 8K@24fps (HDR10), 4K@30fps (HDR10+), 1080p@30/120/240/960fps, 720p@1920fps, gyro-EIS, 32 MP, 26mm (góc rộng), Quay phim: 1080p@30/60fps, 720p@120fps\n- Kích thước màn hình: 6.28  inch\n- Vi xử lý: Qualcomm SM8450 Snapdragon 8 Gen 1 (4 nm), 8 nhân (1x3.00 GHz & 3x2.50 GHz & 4x1.80 GHz), GPU: Adreno 730\n- Bộ nhớ trong: 256GB\n- RAM: 8GB\n- Mạng di động: 5G\n- Số khe SIM: 2 SIM, Nano SIM\n- Dung lượng pin: Li-Po 4500 mAh, Power Delivery 3.0, Quick Charge 4+\nKhuyến mãi: Không có khuyến mãi\n\nTên sản phẩm: điện thoại xiaomi 12t (8gb/128gb) - chính hãng\nMàu: Không có thông tin\nGiá: Không có thông tin\nThông số kỹ thuật: - Công nghệ màn hình: AMOLED DotDisplay\n- Độ phân giải: 1220x2712, Ba camera 108MP+8MP+2MP, 20MP\n- Kích thước màn hình: 6.67 inch\n- Hệ điều hành: MIUI 13, Android 12\n- Vi xử lý: Dimensity 8100-Ultra\n- Bộ nhớ trong: 128GB\n- RAM: 8GB\n- Mạng di động: Hỗ trợ 5G\n- Số khe SIM: 2 nano SIM\n- Dung lượng pin: 5000 mAh\nKhuyến mãi: Không có khuyến mãi']","Công nghệ màn hình của Xiaomi 13T (12GB/256GB) là AMOLED, tần số quét lên tới 144 Hz, tần số lấy mẫu cảm ứng lên tới 480 Hz, hỗ trợ Màn hình Pro HDR, Dolby Vision, HDR10+, HDR10, độ phủ màu DCI‑P3, 68 tỷ màu, True Display, cùng chỉ số JNCD ≈ 0.39 và Delta E ≈ 0.39*","[{'statement': 'Công nghệ màn hình của Xiaomi 13T (12GB/256GB) là AMOLED.', 'reason': ['Trong văn bản nguồn có đề cập đến sản phẩm ""điện thoại xiaomi 13t (12gb/256gb) - chính hãng"" có thông số kỹ thuật là ""Công nghệ màn hình: AMOLED""'], 'verdict': 1}, {'statement': 'Màn hình của Xiaomi 13T (12GB/256GB) có tần số quét lên tới 144 Hz.', 'reason': ['Thông tin này được xác nhận trong văn bản nguồn về sản phẩm ""điện thoại xiaomi 13t (12gb/256gb) - chính hãng"", cụ thể là ""Tần số quét lên tới 144Hz"".'], 'verdict': 1}, {'statement': 'Màn hình của Xiaomi 13T (12GB/256GB) có tần số lấy mẫu cảm ứng lên tới 480 Hz.', 'reason': ['Văn bản nguồn cung cấp thông tin rằng sản phẩm ""điện thoại xiaomi 13t (12gb/256gb) - chính hãng"" có ""Tần số lấy mẫu cảm ứng lên tới 480Hz"".'], 'verdict': 1}, {'statement': 'Màn hình của Xiaomi 13T (12GB/256GB) hỗ trợ Màn hình Pro HDR.', 'reason': ['Văn bản nguồn xác nhận rằng màn hình của ""điện thoại xiaomi 13t (12gb/256gb) - chính hãng"" hỗ trợ ""Màn hình Pro HDR"".'], 'verdict': 1}, {'statement': 'Màn hình của Xiaomi 13T (12GB/256GB) hỗ trợ Dolby Vision.', 'reason': ['Văn bản nguồn xác nhận rằng màn hình của ""điện thoại xiaomi 13t (12gb/256gb) - chính hãng"" hỗ trợ ""Dolby Vision"".'], 'verdict': 1}, {'statement': 'Màn hình của Xiaomi 13T (12GB/256GB) hỗ trợ HDR10+.', 'reason': ['Văn bản nguồn xác nhận rằng màn hình của ""điện thoại xiaomi 13t (12gb/256gb) - chính hãng"" hỗ trợ ""HDR10+"".'], 'verdict': 1}, {'statement': 'Màn hình của Xiaomi 13T (12GB/256GB) hỗ trợ HDR10.', 'reason': ['Văn bản nguồn xác nhận rằng màn hình của ""điện thoại xiaomi 13t (12gb/256gb) - chính hãng"" hỗ trợ ""HDR10"".'], 'verdict': 1}, {'statement': 'Màn hình của Xiaomi 13T (12GB/256GB) có độ phủ màu DCI-P3.', 'reason': ['Trong văn bản nguồn có đề cập đến sản phẩm ""điện thoại xiaomi 13t (12gb/256gb) - chính hãng"" có ""Độ phủ màu: DCI-P3"".'], 'verdict': 1}, {'statement': 'Màn hình của Xiaomi 13T (12GB/256GB) hiển thị 68 tỷ màu.', 'reason': ['Trong văn bản nguồn có đề cập đến sản phẩm ""điện thoại xiaomi 13t (12gb/256gb) - chính hãng"" có thông số ""68 tỉ màu"".'], 'verdict': 1}, {'statement': 'Màn hình của Xiaomi 13T (12GB/256GB) hỗ trợ True Display.', 'reason': ['Văn bản nguồn xác nhận rằng màn hình của ""điện thoại xiaomi 13t (12gb/256gb) - chính hãng"" hỗ trợ ""True Display"".'], 'verdict': 1}, {'statement': 'Màn hình của Xiaomi 13T (12GB/256GB) có chỉ số JNCD ≈ 0.39.', 'reason': ['Văn bản nguồn xác nhận rằng màn hình của ""điện thoại xiaomi 13t (12gb/256gb) - chính hãng"" có ""Màn hình chuẩn màu: JNCD≈ 0.39"".'], 'verdict': 1}, {'statement': 'Màn hình của Xiaomi 13T (12GB/256GB) có chỉ số Delta E ≈ 0.39.', 'reason': ['Văn bản nguồn xác nhận rằng màn hình của ""điện thoại xiaomi 13t (12gb/256gb) - chính hãng"" có ""Delta E≈ 0.39*"".'], 'verdict': 1}]",0.0,36.27,2025-08-20 17:08:56
90,Giá của điện thoại samsung galaxy a05s là bao nhiêu?,"Giá của điện thoại Samsung Galaxy A05s là 3,590,000 ₫.","['Tên sản phẩm: điện thoại samsung galaxy a05s - 4gb/128gb - chính hãng\nMàu: Xanh, Màu Đen, Bạc\nGiá: 3,590,000 ₫\nThông số kỹ thuật: - Công nghệ màn hình: PLS LCD, 90Hz\n- Độ phân giải: FHD+ (2400 x 1080), 50MP (F1.8) AF, 2MP (F2.4), 2MP (F2.4), 13MP (F2.0)\n- Kích thước màn hình: 6.7 inch\n- Hệ điều hành: One UI 5.1\n- Vi xử lý: Qualcomm Snapdragon 680\n- Bộ nhớ trong: 128GB\n- RAM: 4GB\n- Dung lượng pin: 5000 mAh\nKhuyến mãi: - KM 1\n- Giảm thêm 300.000đ\n\nTên sản phẩm: samsung galaxy a05s - 6gb/128gb (bhđt)\nMàu: Màu Đen, Xanh, Bạc\nGiá: 3,490,000 ₫\nThông số kỹ thuật: - Công nghệ màn hình: PLS LCD, 90Hz\n- Độ phân giải: FHD+ (2400 x 1080), 50MP (F1.8) AF, 2MP (F2.4), 2MP (F2.4), 13MP (F2.0)\n- Kích thước màn hình: 6.7 inch\n- Hệ điều hành: One UI 5.1\n- Vi xử lý: Qualcomm Snapdragon 680\n- Bộ nhớ trong: 128GB\n- RAM: 6GB\n- Dung lượng pin: 5000 mAh\nKhuyến mãi: - Ưu đãi trả góp 0% qua Shinhan Finance hoặc Mirae Asset Finance\n- Giảm 5% không giới hạn khuyến mãi qua Homepaylater\n- Giảm thêm tới 700.000đ khi thanh toán qua Kredivo.\n- Giảm 50% tối đa 700k khi mở thẻ tín dụng Vpbank trên SenID\n- Giảm 20% tối đa 500k khi mở thẻ tín dụng TPBank EVO\n- Mở thẻ tín dụng VIB\n- Nhận Voucher 600.000đ\n- Giảm 1% tối đa 100.000đ khi thanh toán qua Zalopay\n\nTên sản phẩm: điện thoại samsung galaxy a05 - 4gb/128gb - chính hãng\nMàu: Màu Đen, Xanh, Bạc\nGiá: 3,090,000 ₫\nThông số kỹ thuật: - Công nghệ màn hình: PLS LCD, 60Hz, Infinity-U, ty lệ 20:9\n- Độ phân giải: HD+ (1600 x 720), 50MP (F1.8) AF, 2MP (F2.4), 8MP (F2.2)\n- Kích thước màn hình: 6.7 inch\n- Hệ điều hành: One UI 5.1\n- Vi xử lý: MediaTek Helio G85\n- Bộ nhớ trong: 128GB\n- RAM: 4GB\n- Dung lượng pin: 5000 mAh\nKhuyến mãi: - KM 1\n- Tặng phiếu mua hàng 400.000đ\n\nTên sản phẩm: điện thoại samsung galaxy a02s 4gb/64gb - chính hãng\nMàu: Không có thông tin\nGiá: Không có thông tin\nThông số kỹ thuật: - Công nghệ màn hình: PLS TFT LCD\n- Độ phân giải: HD+ (720 x 1600 Pixels), Chính 13 MP & Phụ 2 MP, 2 MP, 5 MP\n- Kích thước màn hình: 6.5 inch\n- Hệ điều hành: Android 10\n- Vi xử lý: Snapdragon 450 8 nhân\n- Bộ nhớ trong: 64 GB\n- RAM: 4GB\n- Mạng di động: Hỗ trợ 4G\n- Số khe SIM: 2 Nano SIM\n- Dung lượng pin: 5000 mAh\nKhuyến mãi: Không có khuyến mãi']","Giá của điện thoại Samsung Galaxy A05s là 3 590 000 ₫ cho phiên bản 4GB/128GB, hoặc 3 490 000 ₫ cho phiên bản 6GB/128GB.","[{'statement': 'Giá của điện thoại Samsung Galaxy A05s phiên bản 4GB/128GB là 3.590.000₫.', 'reason': [""Ngữ cảnh cung cấp thông tin cho sản phẩm 'điện thoại samsung galaxy a05s - 4gb/128gb - chính hãng' có giá là '3,590,000 ₫'.""], 'verdict': 1}, {'statement': 'Giá của điện thoại Samsung Galaxy A05s phiên bản 6GB/128GB là 3.490.000₫.', 'reason': [""Ngữ cảnh cung cấp thông tin cho sản phẩm 'samsung galaxy a05s - 6gb/128gb (bhđt)' có giá là '3,490,000 ₫'.""], 'verdict': 1}]",0.0,37.95,2025-08-20 17:09:12
91,Những màu sắc nào mà điện thoại iphone 15 pro (128gb) có?,"Titan Xanh, Titan Tự Nhiên, Titan Trắng, Titan Đen","['Tên sản phẩm: điện thoại iphone 15 pro (128gb) - chính hãng vn/a\nMàu: Titan Xanh, Titan Tự Nhiên, Titan Trắng, Titan Đen\nGiá: 24,690,000 ₫\nThông số kỹ thuật: - Công nghệ màn hình: Màn hình Super Retina XDR, Tấm nền OLED, Dynamic Island, Công nghệ ProMotion với tốc độ làm mới thích ứng lên đến 120Hz, Màn hình Luôn Bật, Màn hình HDR, Tỷ lệ tương phản 2.000.000:1 , Màn hình True Tone, Màn hình có dải màu rộng (P3), Haptic Touch\n- Độ phân giải: 1179 x 2556, Chính: 48MP, khẩu độ ƒ/1.78, Ultra Wide: 12MP, khẩu độ ƒ/2.2, Telephoto: 12MP, khẩu độ ƒ/2.8, Camera trước TrueDepth 12MP, khẩu độ ƒ/1.9\n- Kích thước màn hình: 6.1 inch\n- Hệ điều hành: iOS 17\n- Vi xử lý: A17 Pro\n- Bộ nhớ trong: 128GB\n- RAM: 8GB\n- Mạng di động: 2G, 3G, 4G, 5G\n- Số khe SIM: SIM kép (nano SIM và eSIM), Hỗ trợ hai eSIM\nKhuyến mãi: - KM 1\n- Giảm thêm 100.000đ khi khách hàng thanh toán bằng hình thức chuyển khoản ngân hàng khi mua iPhone 15 Series.\n- KM 2\n- Ưu đãi trả góp 0% qua thẻ tín dụng\n\nTên sản phẩm: điện thoại iphone 15 (128gb) - chính hãng vn/a\nMàu: Xanh Lá, Xanh Dương, Màu Đen, Hồng, Màu Vàng\nGiá: 18,790,000 ₫\nThông số kỹ thuật: - Công nghệ màn hình: Màn hình Super Retina XDR, Tấm nền OLED, Dynamic Island, Màn hình HDR, Tỷ lệ tương phản 2.000.000:1 , Màn hình có dải màu rộng (P3), Haptic Touch\n- Độ phân giải: 1179 x 2556, Chính: 48MP, khẩu độ ƒ/1.6, Ultra Wide: 12MP, khẩu độ ƒ/2.4, Camera trước TrueDepth 12MP, khẩu độ ƒ/1.9\n- Kích thước màn hình: 6.1 inch\n- Hệ điều hành: iOS 17\n- Vi xử lý: A16 Bionic\n- Bộ nhớ trong: 128GB\n- RAM: 6GB\n- Mạng di động: 2G, 3G, 4G, 5G\n- Số khe SIM: SIM kép (nano-SIM và eSIM), Hỗ trợ hai eSIM\nKhuyến mãi: - KM 1\n- Giảm thêm 100.000đ khi khách hàng thanh toán bằng hình thức chuyển khoản ngân hàng khi mua iPhone 15 Series.\n- KM 2\n- Ưu đãi trả góp 0% qua thẻ tín dụng\n\nTên sản phẩm: điện thoại iphone 15 pro (256gb) - chính hãng vn/a\nMàu: Titan Tự Nhiên, Titan Trắng, Titan Xanh, Titan Đen\nGiá: 27,490,000 ₫\nThông số kỹ thuật: - Công nghệ màn hình: Màn hình Super Retina XDR, Tấm nền OLED, Dynamic Island, Công nghệ ProMotion với tốc độ làm mới thích ứng lên đến 120Hz, Màn hình Luôn Bật, Màn hình HDR, Tỷ lệ tương phản 2.000.000:1 , Màn hình True Tone, Màn hình có dải màu rộng (P3), Haptic Touch\n- Độ phân giải: 1179 x 2556, Chính: 48MP, khẩu độ ƒ/1.78, Ultra Wide: 12MP, khẩu độ ƒ/2.2, Telephoto: 12MP, khẩu độ ƒ/2.8, Camera trước TrueDepth 12MP, khẩu độ ƒ/1.9\n- Kích thước màn hình: 6.1 inch\n- Hệ điều hành: iOS 17\n- Vi xử lý: A17 Pro\n- Bộ nhớ trong: 256GB\n- RAM: 8GB\n- Mạng di động: 2G, 3G, 4G, 5G\n- Số khe SIM: SIM kép (nano SIM và eSIM), Hỗ trợ hai eSIM\nKhuyến mãi: - KM 1\n- Giảm thêm 100.000đ khi khách hàng thanh toán bằng hình thức chuyển khoản ngân hàng khi mua iPhone 15 Series.\n- KM 2\n- Ưu đãi trả góp 0% qua thẻ tín dụng\n\nTên sản phẩm: điện thoại iphone 15 pro (512gb) - chính hãng vn/a\nMàu: Titan Xanh, Titan Tự Nhiên, Titan Trắng, Titan Đen\nGiá: 33,890,000 ₫\nThông số kỹ thuật: - Công nghệ màn hình: Màn hình Super Retina XDR, Tấm nền OLED, Dynamic Island, Công nghệ ProMotion với tốc độ làm mới thích ứng lên đến 120Hz, Màn hình Luôn Bật, Màn hình HDR, Tỷ lệ tương phản 2.000.000:1 , Màn hình True Tone, Màn hình có dải màu rộng (P3), Haptic Touch\n- Độ phân giải: 1179 x 2556, Chính: 48MP, khẩu độ ƒ/1.78, Ultra Wide: 12MP, khẩu độ ƒ/2.2, Telephoto: 12MP, khẩu độ ƒ/2.8, Camera trước TrueDepth 12MP, khẩu độ ƒ/1.9\n- Kích thước màn hình: 6.1 inch\n- Hệ điều hành: iOS 17\n- Vi xử lý: A17 Pro\n- Bộ nhớ trong: 512GB\n- RAM: 8GB\n- Mạng di động: 2G, 3G, 4G, 5G\n- Số khe SIM: SIM kép (nano SIM và eSIM), Hỗ trợ hai eSIM\nKhuyến mãi: - KM 1\n- Giảm thêm 100.000đ khi khách hàng thanh toán bằng hình thức chuyển khoản ngân hàng khi mua iPhone 15 Series.\n- KM 2\n- Ưu đãi trả góp 0% qua thẻ tín dụng']","Titan Xanh, Titan Tự Nhiên, Titan Trắng, Titan Đen","[{'statement': 'Điện thoại iphone 15 pro (128gb) có màu Titan Xanh.', 'reason': [""Trong ngữ cảnh được cung cấp, dưới tên sản phẩm 'điện thoại iphone 15 pro (128gb) - chính hãng vn/a', các màu được liệt kê là 'Titan Xanh, Titan Tự Nhiên, Titan Trắng, Titan Đen'.""], 'verdict': 1}, {'statement': 'Điện thoại iphone 15 pro (128gb) có màu Titan Tự Nhiên.', 'reason': [""Trong ngữ cảnh được cung cấp, dưới tên sản phẩm 'điện thoại iphone 15 pro (128gb) - chính hãng vn/a', các màu được liệt kê là 'Titan Xanh, Titan Tự Nhiên, Titan Trắng, Titan Đen'.""], 'verdict': 1}, {'statement': 'Điện thoại iphone 15 pro (128gb) có màu Titan Trắng.', 'reason': [""Trong ngữ cảnh được cung cấp, dưới tên sản phẩm 'điện thoại iphone 15 pro (128gb) - chính hãng vn/a', các màu được liệt kê là 'Titan Xanh, Titan Tự Nhiên, Titan Trắng, Titan Đen'.""], 'verdict': 1}, {'statement': 'Điện thoại iphone 15 pro (128gb) có màu Titan Đen.', 'reason': [""Trong ngữ cảnh được cung cấp, dưới tên sản phẩm 'điện thoại iphone 15 pro (128gb) - chính hãng vn/a', các màu được liệt kê là 'Titan Xanh, Titan Tự Nhiên, Titan Trắng, Titan Đen'.""], 'verdict': 1}]",0.0,42.64,2025-08-20 17:09:18
93,Giá của điện thoại iphone 15 pro max (1tb) là bao nhiêu?,"Giá của điện thoại iPhone 15 Pro Max (1TB) - Chính hãng VN/A là 41,990,000 ₫.","['Tên sản phẩm: điện thoại iphone 15 pro max (1tb) - chính hãng vn/a\nMàu: Titan Tự Nhiên, Titan Xanh, Titan Trắng, Titan Đen\nGiá: 41,990,000 ₫\nThông số kỹ thuật: - Công nghệ màn hình: Màn hình Super Retina XDR, Tấm nền OLED, Dynamic Island, Công nghệ ProMotion với tốc độ làm mới thích ứng lên đến 120Hz, Màn hình Luôn Bật, Màn hình HDR, Tỷ lệ tương phản 2.000.000:1 , Màn hình True Tone, Màn hình có dải màu rộng (P3), Haptic Touch\n- Độ phân giải: 1290 x 2796, Chính: 48MP, khẩu độ ƒ/1.78, Ultra Wide: 12MP, khẩu độ ƒ/2.2, Telephoto: 12MP, khẩu độ ƒ/2.8, Camera trước TrueDepth 12MP, khẩu độ ƒ/1.9\n- Kích thước màn hình: 6.7 inch\n- Hệ điều hành: iOS 17\n- Vi xử lý: A17 Pro\n- Bộ nhớ trong: 1TB\n- RAM: 8GB\n- Mạng di động: 2G, 3G, 4G, 5G\n- Số khe SIM: SIM kép (nano SIM và eSIM), Hỗ trợ hai eSIM\nKhuyến mãi: - KM 1\n- Giảm thêm 100.000đ khi khách hàng thanh toán bằng hình thức chuyển khoản ngân hàng khi mua iPhone 15 Series.\n- KM 2\n- Ưu đãi trả góp 0% qua thẻ tín dụng\n\nTên sản phẩm: điện thoại iphone 15 pro (1tb) - chính hãng vn/a\nMàu: Titan Xanh, Titan Đen, Titan Tự Nhiên, Titan Trắng\nGiá: 38,490,000 ₫\nThông số kỹ thuật: - Công nghệ màn hình: Màn hình Super Retina XDR, Tấm nền OLED, Dynamic Island, Công nghệ ProMotion với tốc độ làm mới thích ứng lên đến 120Hz, Màn hình Luôn Bật, Màn hình HDR, Tỷ lệ tương phản 2.000.000:1 , Màn hình True Tone, Màn hình có dải màu rộng (P3), Haptic Touch\n- Độ phân giải: 1179 x 2556, Chính: 48MP, khẩu độ ƒ/1.78, Ultra Wide: 12MP, khẩu độ ƒ/2.2, Telephoto: 12MP, khẩu độ ƒ/2.8, Camera trước TrueDepth 12MP, khẩu độ ƒ/1.9\n- Kích thước màn hình: 6.1 inch\n- Hệ điều hành: iOS 17\n- Vi xử lý: A17 Pro\n- Bộ nhớ trong: 1TB\n- RAM: 8GB\n- Mạng di động: 2G, 3G, 4G, 5G\n- Số khe SIM: SIM kép (nano SIM và eSIM), Hỗ trợ hai eSIM\nKhuyến mãi: - KM 1\n- Giảm thêm 100.000đ khi khách hàng thanh toán bằng hình thức chuyển khoản ngân hàng khi mua iPhone 15 Series.\n- KM 2\n- Ưu đãi trả góp 0% qua thẻ tín dụng\n\nTên sản phẩm: điện thoại iphone 15 pro max (256gb) - chính hãng vn/a\nMàu: Titan Xanh, Titan Đen, Titan Tự Nhiên, Titan Trắng\nGiá: 28,990,000 ₫\nThông số kỹ thuật: - Công nghệ màn hình: Màn hình Super Retina XDR, Tấm nền OLED, Dynamic Island, Công nghệ ProMotion với tốc độ làm mới thích ứng lên đến 120Hz, Màn hình Luôn Bật, Màn hình HDR, Tỷ lệ tương phản 2.000.000:1 , Màn hình True Tone, Màn hình có dải màu rộng (P3), Haptic Touch\n- Độ phân giải: 1290 x 2796, Chính: 48MP, khẩu độ ƒ/1.78, Ultra Wide: 12MP, khẩu độ ƒ/2.2, Telephoto: 12MP, khẩu độ ƒ/2.8, Camera trước TrueDepth 12MP, khẩu độ ƒ/1.9\n- Kích thước màn hình: 6.7 inch\n- Hệ điều hành: iOS 17\n- Vi xử lý: A17 Pro\n- Bộ nhớ trong: 256GB\n- RAM: 8GB\n- Mạng di động: 2G, 3G, 4G, 5G\n- Số khe SIM: SIM kép (nano SIM và eSIM), Hỗ trợ hai eSIM\nKhuyến mãi: - KM 1\n- Giảm thêm 100.000đ khi khách hàng thanh toán bằng hình thức chuyển khoản ngân hàng khi mua iPhone 15 Series.\n- KM 2\n- Ưu đãi trả góp 0% qua thẻ tín dụng\n\nTên sản phẩm: điện thoại iphone 15 pro max (512gb) - chính hãng vn/a\nMàu: Titan Đen, Titan Tự Nhiên, Titan Xanh, Titan Trắng\nGiá: 34,990,000 ₫\nThông số kỹ thuật: - Công nghệ màn hình: Màn hình Super Retina XDR, Tấm nền OLED, Dynamic Island, Công nghệ ProMotion với tốc độ làm mới thích ứng lên đến 120Hz, Màn hình Luôn Bật, Màn hình HDR, Tỷ lệ tương phản 2.000.000:1 , Màn hình True Tone, Màn hình có dải màu rộng (P3), Haptic Touch\n- Độ phân giải: 1290 x 2796, Chính: 48MP, khẩu độ ƒ/1.78, Ultra Wide: 12MP, khẩu độ ƒ/2.2, Telephoto: 12MP, khẩu độ ƒ/2.8, Camera trước TrueDepth 12MP, khẩu độ ƒ/1.9\n- Kích thước màn hình: 6.7 inch\n- Hệ điều hành: iOS 17\n- Vi xử lý: A17 Pro\n- Bộ nhớ trong: 512GB\n- RAM: 8GB\n- Mạng di động: 2G, 3G, 4G, 5G\n- Số khe SIM: SIM kép (nano SIM và eSIM), Hỗ trợ hai eSIM\nKhuyến mãi: - KM 1\n- Giảm thêm 100.000đ khi khách hàng thanh toán bằng hình thức chuyển khoản ngân hàng khi mua iPhone 15 Series.\n- KM 2\n- Ưu đãi trả góp 0% qua thẻ tín dụng']",Giá của điện thoại iPhone 15 Pro Max (1 TB) là 41 990 000 ₫.,"[{'statement': 'Giá của điện thoại iPhone 15 Pro Max (1 TB) là 41 990 000 ₫.', 'reason': [""The context lists 'Tên sản phẩm: điện thoại iphone 15 pro max (1tb) - chính hãng vn/a' with 'Giá: 41,990,000 ₫'. This directly supports the statement.""], 'verdict': 1}]",0.0,24.79,2025-08-20 17:09:22
92,Giá của điện thoại iphone 15 pro max (256gb) là bao nhiêu?,"Giá của điện thoại iPhone 15 Pro Max (256GB) là 28,990,000 ₫.","['Tên sản phẩm: điện thoại iphone 15 pro max (256gb) - chính hãng vn/a\nMàu: Titan Xanh, Titan Đen, Titan Tự Nhiên, Titan Trắng\nGiá: 28,990,000 ₫\nThông số kỹ thuật: - Công nghệ màn hình: Màn hình Super Retina XDR, Tấm nền OLED, Dynamic Island, Công nghệ ProMotion với tốc độ làm mới thích ứng lên đến 120Hz, Màn hình Luôn Bật, Màn hình HDR, Tỷ lệ tương phản 2.000.000:1 , Màn hình True Tone, Màn hình có dải màu rộng (P3), Haptic Touch\n- Độ phân giải: 1290 x 2796, Chính: 48MP, khẩu độ ƒ/1.78, Ultra Wide: 12MP, khẩu độ ƒ/2.2, Telephoto: 12MP, khẩu độ ƒ/2.8, Camera trước TrueDepth 12MP, khẩu độ ƒ/1.9\n- Kích thước màn hình: 6.7 inch\n- Hệ điều hành: iOS 17\n- Vi xử lý: A17 Pro\n- Bộ nhớ trong: 256GB\n- RAM: 8GB\n- Mạng di động: 2G, 3G, 4G, 5G\n- Số khe SIM: SIM kép (nano SIM và eSIM), Hỗ trợ hai eSIM\nKhuyến mãi: - KM 1\n- Giảm thêm 100.000đ khi khách hàng thanh toán bằng hình thức chuyển khoản ngân hàng khi mua iPhone 15 Series.\n- KM 2\n- Ưu đãi trả góp 0% qua thẻ tín dụng\n\nTên sản phẩm: điện thoại iphone 15 pro max (512gb) - chính hãng vn/a\nMàu: Titan Đen, Titan Tự Nhiên, Titan Xanh, Titan Trắng\nGiá: 34,990,000 ₫\nThông số kỹ thuật: - Công nghệ màn hình: Màn hình Super Retina XDR, Tấm nền OLED, Dynamic Island, Công nghệ ProMotion với tốc độ làm mới thích ứng lên đến 120Hz, Màn hình Luôn Bật, Màn hình HDR, Tỷ lệ tương phản 2.000.000:1 , Màn hình True Tone, Màn hình có dải màu rộng (P3), Haptic Touch\n- Độ phân giải: 1290 x 2796, Chính: 48MP, khẩu độ ƒ/1.78, Ultra Wide: 12MP, khẩu độ ƒ/2.2, Telephoto: 12MP, khẩu độ ƒ/2.8, Camera trước TrueDepth 12MP, khẩu độ ƒ/1.9\n- Kích thước màn hình: 6.7 inch\n- Hệ điều hành: iOS 17\n- Vi xử lý: A17 Pro\n- Bộ nhớ trong: 512GB\n- RAM: 8GB\n- Mạng di động: 2G, 3G, 4G, 5G\n- Số khe SIM: SIM kép (nano SIM và eSIM), Hỗ trợ hai eSIM\nKhuyến mãi: - KM 1\n- Giảm thêm 100.000đ khi khách hàng thanh toán bằng hình thức chuyển khoản ngân hàng khi mua iPhone 15 Series.\n- KM 2\n- Ưu đãi trả góp 0% qua thẻ tín dụng\n\nTên sản phẩm: điện thoại iphone 15 pro max (1tb) - chính hãng vn/a\nMàu: Titan Tự Nhiên, Titan Xanh, Titan Trắng, Titan Đen\nGiá: 41,990,000 ₫\nThông số kỹ thuật: - Công nghệ màn hình: Màn hình Super Retina XDR, Tấm nền OLED, Dynamic Island, Công nghệ ProMotion với tốc độ làm mới thích ứng lên đến 120Hz, Màn hình Luôn Bật, Màn hình HDR, Tỷ lệ tương phản 2.000.000:1 , Màn hình True Tone, Màn hình có dải màu rộng (P3), Haptic Touch\n- Độ phân giải: 1290 x 2796, Chính: 48MP, khẩu độ ƒ/1.78, Ultra Wide: 12MP, khẩu độ ƒ/2.2, Telephoto: 12MP, khẩu độ ƒ/2.8, Camera trước TrueDepth 12MP, khẩu độ ƒ/1.9\n- Kích thước màn hình: 6.7 inch\n- Hệ điều hành: iOS 17\n- Vi xử lý: A17 Pro\n- Bộ nhớ trong: 1TB\n- RAM: 8GB\n- Mạng di động: 2G, 3G, 4G, 5G\n- Số khe SIM: SIM kép (nano SIM và eSIM), Hỗ trợ hai eSIM\nKhuyến mãi: - KM 1\n- Giảm thêm 100.000đ khi khách hàng thanh toán bằng hình thức chuyển khoản ngân hàng khi mua iPhone 15 Series.\n- KM 2\n- Ưu đãi trả góp 0% qua thẻ tín dụng\n\nTên sản phẩm: điện thoại iphone 15 pro (256gb) - chính hãng vn/a\nMàu: Titan Tự Nhiên, Titan Trắng, Titan Xanh, Titan Đen\nGiá: 27,490,000 ₫\nThông số kỹ thuật: - Công nghệ màn hình: Màn hình Super Retina XDR, Tấm nền OLED, Dynamic Island, Công nghệ ProMotion với tốc độ làm mới thích ứng lên đến 120Hz, Màn hình Luôn Bật, Màn hình HDR, Tỷ lệ tương phản 2.000.000:1 , Màn hình True Tone, Màn hình có dải màu rộng (P3), Haptic Touch\n- Độ phân giải: 1179 x 2556, Chính: 48MP, khẩu độ ƒ/1.78, Ultra Wide: 12MP, khẩu độ ƒ/2.2, Telephoto: 12MP, khẩu độ ƒ/2.8, Camera trước TrueDepth 12MP, khẩu độ ƒ/1.9\n- Kích thước màn hình: 6.1 inch\n- Hệ điều hành: iOS 17\n- Vi xử lý: A17 Pro\n- Bộ nhớ trong: 256GB\n- RAM: 8GB\n- Mạng di động: 2G, 3G, 4G, 5G\n- Số khe SIM: SIM kép (nano SIM và eSIM), Hỗ trợ hai eSIM\nKhuyến mãi: - KM 1\n- Giảm thêm 100.000đ khi khách hàng thanh toán bằng hình thức chuyển khoản ngân hàng khi mua iPhone 15 Series.\n- KM 2\n- Ưu đãi trả góp 0% qua thẻ tín dụng']","Giá của điện thoại iPhone 15 Pro Max (256GB) là 28,990,000 ₫.","[{'statement': 'Giá của điện thoại iPhone 15 Pro Max (256GB) là 28,990,000 ₫.', 'reason': [""Trong ngữ cảnh, giá của sản phẩm 'điện thoại iphone 15 pro max (256gb)' được liệt kê là 28,990,000 ₫.""], 'verdict': 1}]",0.0,32.95,2025-08-20 17:09:25
94,Điện thoại Iphone 15 Pro Max (512GB) có những màu nào?,"Điện thoại iPhone 15 Pro Max (512GB) có các màu Titan Đen, Titan Tự Nhiên, Titan Xanh, Titan Trắng.","['Tên sản phẩm: điện thoại iphone 15 pro max (512gb) - chính hãng vn/a\nMàu: Titan Đen, Titan Tự Nhiên, Titan Xanh, Titan Trắng\nGiá: 34,990,000 ₫\nThông số kỹ thuật: - Công nghệ màn hình: Màn hình Super Retina XDR, Tấm nền OLED, Dynamic Island, Công nghệ ProMotion với tốc độ làm mới thích ứng lên đến 120Hz, Màn hình Luôn Bật, Màn hình HDR, Tỷ lệ tương phản 2.000.000:1 , Màn hình True Tone, Màn hình có dải màu rộng (P3), Haptic Touch\n- Độ phân giải: 1290 x 2796, Chính: 48MP, khẩu độ ƒ/1.78, Ultra Wide: 12MP, khẩu độ ƒ/2.2, Telephoto: 12MP, khẩu độ ƒ/2.8, Camera trước TrueDepth 12MP, khẩu độ ƒ/1.9\n- Kích thước màn hình: 6.7 inch\n- Hệ điều hành: iOS 17\n- Vi xử lý: A17 Pro\n- Bộ nhớ trong: 512GB\n- RAM: 8GB\n- Mạng di động: 2G, 3G, 4G, 5G\n- Số khe SIM: SIM kép (nano SIM và eSIM), Hỗ trợ hai eSIM\nKhuyến mãi: - KM 1\n- Giảm thêm 100.000đ khi khách hàng thanh toán bằng hình thức chuyển khoản ngân hàng khi mua iPhone 15 Series.\n- KM 2\n- Ưu đãi trả góp 0% qua thẻ tín dụng\n\nTên sản phẩm: điện thoại iphone 15 pro max (256gb) - chính hãng vn/a\nMàu: Titan Xanh, Titan Đen, Titan Tự Nhiên, Titan Trắng\nGiá: 28,990,000 ₫\nThông số kỹ thuật: - Công nghệ màn hình: Màn hình Super Retina XDR, Tấm nền OLED, Dynamic Island, Công nghệ ProMotion với tốc độ làm mới thích ứng lên đến 120Hz, Màn hình Luôn Bật, Màn hình HDR, Tỷ lệ tương phản 2.000.000:1 , Màn hình True Tone, Màn hình có dải màu rộng (P3), Haptic Touch\n- Độ phân giải: 1290 x 2796, Chính: 48MP, khẩu độ ƒ/1.78, Ultra Wide: 12MP, khẩu độ ƒ/2.2, Telephoto: 12MP, khẩu độ ƒ/2.8, Camera trước TrueDepth 12MP, khẩu độ ƒ/1.9\n- Kích thước màn hình: 6.7 inch\n- Hệ điều hành: iOS 17\n- Vi xử lý: A17 Pro\n- Bộ nhớ trong: 256GB\n- RAM: 8GB\n- Mạng di động: 2G, 3G, 4G, 5G\n- Số khe SIM: SIM kép (nano SIM và eSIM), Hỗ trợ hai eSIM\nKhuyến mãi: - KM 1\n- Giảm thêm 100.000đ khi khách hàng thanh toán bằng hình thức chuyển khoản ngân hàng khi mua iPhone 15 Series.\n- KM 2\n- Ưu đãi trả góp 0% qua thẻ tín dụng\n\nTên sản phẩm: điện thoại iphone 15 pro (512gb) - chính hãng vn/a\nMàu: Titan Xanh, Titan Tự Nhiên, Titan Trắng, Titan Đen\nGiá: 33,890,000 ₫\nThông số kỹ thuật: - Công nghệ màn hình: Màn hình Super Retina XDR, Tấm nền OLED, Dynamic Island, Công nghệ ProMotion với tốc độ làm mới thích ứng lên đến 120Hz, Màn hình Luôn Bật, Màn hình HDR, Tỷ lệ tương phản 2.000.000:1 , Màn hình True Tone, Màn hình có dải màu rộng (P3), Haptic Touch\n- Độ phân giải: 1179 x 2556, Chính: 48MP, khẩu độ ƒ/1.78, Ultra Wide: 12MP, khẩu độ ƒ/2.2, Telephoto: 12MP, khẩu độ ƒ/2.8, Camera trước TrueDepth 12MP, khẩu độ ƒ/1.9\n- Kích thước màn hình: 6.1 inch\n- Hệ điều hành: iOS 17\n- Vi xử lý: A17 Pro\n- Bộ nhớ trong: 512GB\n- RAM: 8GB\n- Mạng di động: 2G, 3G, 4G, 5G\n- Số khe SIM: SIM kép (nano SIM và eSIM), Hỗ trợ hai eSIM\nKhuyến mãi: - KM 1\n- Giảm thêm 100.000đ khi khách hàng thanh toán bằng hình thức chuyển khoản ngân hàng khi mua iPhone 15 Series.\n- KM 2\n- Ưu đãi trả góp 0% qua thẻ tín dụng\n\nTên sản phẩm: điện thoại iphone 15 pro max (1tb) - chính hãng vn/a\nMàu: Titan Tự Nhiên, Titan Xanh, Titan Trắng, Titan Đen\nGiá: 41,990,000 ₫\nThông số kỹ thuật: - Công nghệ màn hình: Màn hình Super Retina XDR, Tấm nền OLED, Dynamic Island, Công nghệ ProMotion với tốc độ làm mới thích ứng lên đến 120Hz, Màn hình Luôn Bật, Màn hình HDR, Tỷ lệ tương phản 2.000.000:1 , Màn hình True Tone, Màn hình có dải màu rộng (P3), Haptic Touch\n- Độ phân giải: 1290 x 2796, Chính: 48MP, khẩu độ ƒ/1.78, Ultra Wide: 12MP, khẩu độ ƒ/2.2, Telephoto: 12MP, khẩu độ ƒ/2.8, Camera trước TrueDepth 12MP, khẩu độ ƒ/1.9\n- Kích thước màn hình: 6.7 inch\n- Hệ điều hành: iOS 17\n- Vi xử lý: A17 Pro\n- Bộ nhớ trong: 1TB\n- RAM: 8GB\n- Mạng di động: 2G, 3G, 4G, 5G\n- Số khe SIM: SIM kép (nano SIM và eSIM), Hỗ trợ hai eSIM\nKhuyến mãi: - KM 1\n- Giảm thêm 100.000đ khi khách hàng thanh toán bằng hình thức chuyển khoản ngân hàng khi mua iPhone 15 Series.\n- KM 2\n- Ưu đãi trả góp 0% qua thẻ tín dụng']","Titan Đen, Titan Tự Nhiên, Titan Xanh, Titan Trắng","[{'statement': 'Điện thoại Iphone 15 Pro Max (512GB) có màu Titan Đen.', 'reason': [""Thông tin trong ngữ cảnh cho biết sản phẩm 'điện thoại iphone 15 pro max (512gb)' có các màu: Titan Đen, Titan Tự Nhiên, Titan Xanh, Titan Trắng.""], 'verdict': 1}, {'statement': 'Điện thoại Iphone 15 Pro Max (512GB) có màu Titan Tự Nhiên.', 'reason': [""Thông tin trong ngữ cảnh cho biết sản phẩm 'điện thoại iphone 15 pro max (512gb)' có các màu: Titan Đen, Titan Tự Nhiên, Titan Xanh, Titan Trắng.""], 'verdict': 1}, {'statement': 'Điện thoại Iphone 15 Pro Max (512GB) có màu Titan Xanh.', 'reason': [""Thông tin trong ngữ cảnh cho biết sản phẩm 'điện thoại iphone 15 pro max (512gb)' có các màu: Titan Đen, Titan Tự Nhiên, Titan Xanh, Titan Trắng.""], 'verdict': 1}, {'statement': 'Điện thoại Iphone 15 Pro Max (512GB) có màu Titan Trắng.', 'reason': [""Thông tin trong ngữ cảnh cho biết sản phẩm 'điện thoại iphone 15 pro max (512gb)' có các màu: Titan Đen, Titan Tự Nhiên, Titan Xanh, Titan Trắng.""], 'verdict': 1}]",0.0,18.55,2025-08-20 17:09:32
96,iPhone 15 Plus (128GB) có những ưu đãi khuyến mãi nào?,iPhone 15 Plus (128GB) có ưu đãi giảm thêm 100.000đ khi thanh toán bằng chuyển khoản ngân hàng.,"['Tên sản phẩm: điện thoại iphone 15 plus (128gb) - chính hãng vn/a\nMàu: Hồng, Xanh Lá, Xanh Dương, Màu Vàng, Màu Đen\nGiá: 21,890,000 ₫\nThông số kỹ thuật: - Công nghệ màn hình: Màn hình Super Retina XDR, Tấm nền OLED, Dynamic Island, Màn hình HDR, Tỷ lệ tương phản 2.000.000:1 , Màn hình có dải màu rộng (P3), Haptic Touch\n- Độ phân giải: 1290 x 2796, Chính: 48MP, khẩu độ ƒ/1.6, Ultra Wide: 12MP, khẩu độ ƒ/2.4, Camera trước TrueDepth 12MP, khẩu độ ƒ/1.9\n- Kích thước màn hình: 6.7 inch\n- Hệ điều hành: iOS 17\n- Vi xử lý: A16 Bionic\n- Bộ nhớ trong: 128GB\n- RAM: 6GB\n- Mạng di động: 2G, 3G, 4G, 5G\n- Số khe SIM: SIM kép (nano-SIM và eSIM), Hỗ trợ hai eSIM\nKhuyến mãi: - KM 1\n- Giảm thêm 100.000đ khi khách hàng thanh toán bằng hình thức chuyển khoản ngân hàng khi mua iPhone 15 Series.\n- KM 2\n- Ưu đãi trả góp 0% qua thẻ tín dụng\n\nTên sản phẩm: điện thoại iphone 15 plus (256gb) - chính hãng vn/a\nMàu: Hồng, Xanh Lá, Màu Đen, Màu Vàng, Xanh Dương\nGiá: 24,390,000 ₫\nThông số kỹ thuật: - Công nghệ màn hình: Màn hình Super Retina XDR, Tấm nền OLED, Dynamic Island, Màn hình HDR, Tỷ lệ tương phản 2.000.000:1 , Màn hình có dải màu rộng (P3), Haptic Touch\n- Độ phân giải: 1290 x 2796, Chính: 48MP, khẩu độ ƒ/1.6, Ultra Wide: 12MP, khẩu độ ƒ/2.4, Camera trước TrueDepth 12MP, khẩu độ ƒ/1.9\n- Kích thước màn hình: 6.7 inch\n- Hệ điều hành: iOS 17\n- Vi xử lý: A16 Bionic\n- Bộ nhớ trong: 256GB\n- RAM: 6GB\n- Mạng di động: 2G, 3G, 4G, 5G\n- Số khe SIM: SIM kép (nano-SIM và eSIM), Hỗ trợ hai eSIM\nKhuyến mãi: - KM 1\n- Giảm thêm 100.000đ khi khách hàng thanh toán bằng hình thức chuyển khoản ngân hàng khi mua iPhone 15 Series.\n- KM 2\n- Ưu đãi trả góp 0% qua thẻ tín dụng\n\nTên sản phẩm: điện thoại iphone 15 plus (512gb) - chính hãng vn/a\nMàu: Màu Đen, Màu Vàng, Xanh Lá, Hồng, Xanh Dương\nGiá: 30,890,000 ₫\nThông số kỹ thuật: - Công nghệ màn hình: Màn hình Super Retina XDR, Tấm nền OLED, Dynamic Island, Màn hình HDR, Tỷ lệ tương phản 2.000.000:1 , Màn hình có dải màu rộng (P3), Haptic Touch\n- Độ phân giải: 1290 x 2796, Chính: 48MP, khẩu độ ƒ/1.6, Ultra Wide: 12MP, khẩu độ ƒ/2.4, Camera trước TrueDepth 12MP, khẩu độ ƒ/1.9\n- Kích thước màn hình: 6.7 inch\n- Hệ điều hành: iOS 17\n- Vi xử lý: A16 Bionic\n- Bộ nhớ trong: 512GB\n- RAM: 6GB\n- Mạng di động: 2G, 3G, 4G, 5G\n- Số khe SIM: SIM kép (nano-SIM và eSIM), Hỗ trợ hai eSIM\nKhuyến mãi: - KM 1\n- Giảm thêm 100.000đ khi khách hàng thanh toán bằng hình thức chuyển khoản ngân hàng khi mua iPhone 15 Series.\n- KM 2\n- Ưu đãi trả góp 0% qua thẻ tín dụng\n\nTên sản phẩm: điện thoại iphone 15 (128gb) - chính hãng vn/a\nMàu: Xanh Lá, Xanh Dương, Màu Đen, Hồng, Màu Vàng\nGiá: 18,790,000 ₫\nThông số kỹ thuật: - Công nghệ màn hình: Màn hình Super Retina XDR, Tấm nền OLED, Dynamic Island, Màn hình HDR, Tỷ lệ tương phản 2.000.000:1 , Màn hình có dải màu rộng (P3), Haptic Touch\n- Độ phân giải: 1179 x 2556, Chính: 48MP, khẩu độ ƒ/1.6, Ultra Wide: 12MP, khẩu độ ƒ/2.4, Camera trước TrueDepth 12MP, khẩu độ ƒ/1.9\n- Kích thước màn hình: 6.1 inch\n- Hệ điều hành: iOS 17\n- Vi xử lý: A16 Bionic\n- Bộ nhớ trong: 128GB\n- RAM: 6GB\n- Mạng di động: 2G, 3G, 4G, 5G\n- Số khe SIM: SIM kép (nano-SIM và eSIM), Hỗ trợ hai eSIM\nKhuyến mãi: - KM 1\n- Giảm thêm 100.000đ khi khách hàng thanh toán bằng hình thức chuyển khoản ngân hàng khi mua iPhone 15 Series.\n- KM 2\n- Ưu đãi trả góp 0% qua thẻ tín dụng']","KM 1: Giảm thêm 100.000 đ khi thanh toán bằng chuyển khoản ngân hàng khi mua iPhone 15 Series.  
KM 2: Ưu đãi trả góp 0 % qua thẻ tín dụng.","[{'statement': 'Khi mua iPhone 15 Series, khách hàng được giảm thêm 100.000 đ nếu thanh toán bằng chuyển khoản ngân hàng.', 'reason': [""The context for the 'điện thoại iphone 15 plus (128gb)' product explicitly lists this promotion: 'Giảm thêm 100.000đ khi khách hàng thanh toán bằng hình thức chuyển khoản ngân hàng khi mua iPhone 15 Series.'""], 'verdict': 1}, {'statement': 'Sản phẩm iPhone 15 Plus (128GB) có ưu đãi trả góp 0% qua thẻ tín dụng.', 'reason': [""The context for the 'điện thoại iphone 15 plus (128gb)' product explicitly lists this promotion: 'Ưu đãi trả góp 0% qua thẻ tín dụng'.""], 'verdict': 1}]",0.0,31.36,2025-08-20 17:09:54
97,Điện thoại samsung galaxy m34 5g có dung lượng pin là bao nhiêu?,Dung lượng pin của điện thoại Samsung Galaxy M34 5G là 6000 mAh.,"['Tên sản phẩm: điện thoại samsung galaxy m34 5g 8gb/128gb - chính hãng\nMàu: Xanh Nhạt, Xanh đậm\nGiá: 6,990,000 ₫\nThông số kỹ thuật: - Công nghệ màn hình: Infinity U, Super AMOLED\n- Độ phân giải: FHD+ (1080x2400), 19.5.9, 120Hz, 8MP (F2.2), 50MP (F2.2), 2MP (F2.4), 13MP (F2.2)\n- Kích thước màn hình: 6.5 inch\n- Vi xử lý: Exynos 1280 5nm, 8 nhân, 2.4GH2\n- Bộ nhớ trong: 128GB\n- RAM: 8GB\n- Dung lượng pin: 6000 mAh\nKhuyến mãi: - KM 1\n- Sản phẩm đang thuộc chương trình Flash sale (Số lượng có hạn)\n\nTên sản phẩm: điện thoại samsung galaxy a34 5g 8gb/128gb - chính hãng\nMàu: Không có thông tin\nGiá: Không có thông tin\nThông số kỹ thuật: - Công nghệ màn hình: Super AMOLED , 120Hz ,19.5:9\n- Độ phân giải: FHD+, 8MP F2.2 (Siêu Rộng), 48MP F1.8 OIS (Rộng), 5MP F2.4 (Cận cảnh), 13MP F2.2\n- Kích thước màn hình: 6.6 inch\n- Vi xử lý: Dimensity 1080 – 5nm, (Octa Core 2 x 2.6GHz + 6 x 2.0GHz)\n- Bộ nhớ trong: 128GB\n- RAM: 8GB\n- Mạng di động: 5G\n- Dung lượng pin: 5000 mAh\nKhuyến mãi: Không có khuyến mãi\n\nTên sản phẩm: điện thoại samsung galaxy a34 5g 8gb/256gb - chính hãng\nMàu: Màu Đen, Bạc, Xanh\nGiá: 5,990,000 ₫\nThông số kỹ thuật: - Công nghệ màn hình: Super AMOLED , 120Hz ,19.5:9\n- Độ phân giải: FHD+, 8MP F2.2 (Siêu Rộng), 48MP F1.8 OIS (Rộng), 5MP F2.4 (Cận cảnh), 13MP F2.2\n- Kích thước màn hình: 6.6 inch\n- Vi xử lý: MediaTek Dimensity 1080\n- Bộ nhớ trong: 256GB\n- RAM: 8GB\n- Mạng di động: 5G\n- Dung lượng pin: 5000 mAh\nKhuyến mãi: - Ưu đãi trả góp 0% qua Shinhan Finance hoặc Mirae Asset Finance\n- Giảm 5% không giới hạn khuyến mãi qua Homepaylater\n- Giảm thêm tới 700.000đ khi thanh toán qua Kredivo.\n- Giảm 50% tối đa 700k khi mở thẻ tín dụng Vpbank trên SenID\n- Giảm 20% tối đa 500k khi mở thẻ tín dụng TPBank EVO\n- Mở thẻ tín dụng VIB\n- Nhận Voucher 600.000đ\n- Giảm 1% tối đa 100.000đ khi thanh toán qua Zalopay\n\nTên sản phẩm: điện thoại samsung galaxy a33 5g - chính hãng\nMàu: Không có thông tin\nGiá: Không có thông tin\nThông số kỹ thuật: - Công nghệ màn hình: Super AMOLED\n- Độ phân giải: Full HD+ (1080 x 2400 Pixels), Chính 48 MP & Phụ 8 MP, 5 MP, 2 MP, 13 MP\n- Kích thước màn hình: 6.4 inch\n- Hệ điều hành: Android 12\n- Vi xử lý: Exynos 1280 8 nhân\n- Bộ nhớ trong: 128 GB\n- RAM: 6GB\n- Mạng di động: Hỗ trợ 5G\n- Số khe SIM: 2 Nano SIM (SIM 2 chung khe thẻ nhớ)\n- Dung lượng pin: 5000 mAh, 25 W, Sạc pin nhanh\nKhuyến mãi: Không có khuyến mãi']",Dung lượng pin của điện thoại Samsung Galaxy M34 5G là 6000 mAh.,"[{'statement': 'Dung lượng pin của điện thoại Samsung Galaxy M34 5G là 6000 mAh.', 'reason': [""Trong phần thông số kỹ thuật của sản phẩm 'điện thoại samsung galaxy m34 5g 8gb/128gb - chính hãng', context có ghi rõ 'Dung lượng pin: 6000 mAh'.""], 'verdict': 1}]",0.0,50.71,2025-08-20 17:10:17
99,Điện thoại Samsung Galaxy A05 có dung lượng bộ nhớ trong là bao nhiêu?,Điện thoại Samsung Galaxy A05 có dung lượng bộ nhớ trong là 128GB.,"['Tên sản phẩm: điện thoại samsung galaxy a05 - 4gb/128gb - chính hãng\nMàu: Màu Đen, Xanh, Bạc\nGiá: 3,090,000 ₫\nThông số kỹ thuật: - Công nghệ màn hình: PLS LCD, 60Hz, Infinity-U, ty lệ 20:9\n- Độ phân giải: HD+ (1600 x 720), 50MP (F1.8) AF, 2MP (F2.4), 8MP (F2.2)\n- Kích thước màn hình: 6.7 inch\n- Hệ điều hành: One UI 5.1\n- Vi xử lý: MediaTek Helio G85\n- Bộ nhớ trong: 128GB\n- RAM: 4GB\n- Dung lượng pin: 5000 mAh\nKhuyến mãi: - KM 1\n- Tặng phiếu mua hàng 400.000đ\n\nTên sản phẩm: điện thoại samsung galaxy a05s - 4gb/128gb - chính hãng\nMàu: Xanh, Màu Đen, Bạc\nGiá: 3,590,000 ₫\nThông số kỹ thuật: - Công nghệ màn hình: PLS LCD, 90Hz\n- Độ phân giải: FHD+ (2400 x 1080), 50MP (F1.8) AF, 2MP (F2.4), 2MP (F2.4), 13MP (F2.0)\n- Kích thước màn hình: 6.7 inch\n- Hệ điều hành: One UI 5.1\n- Vi xử lý: Qualcomm Snapdragon 680\n- Bộ nhớ trong: 128GB\n- RAM: 4GB\n- Dung lượng pin: 5000 mAh\nKhuyến mãi: - KM 1\n- Giảm thêm 300.000đ\n\nTên sản phẩm: samsung galaxy a05s - 6gb/128gb (bhđt)\nMàu: Màu Đen, Xanh, Bạc\nGiá: 3,490,000 ₫\nThông số kỹ thuật: - Công nghệ màn hình: PLS LCD, 90Hz\n- Độ phân giải: FHD+ (2400 x 1080), 50MP (F1.8) AF, 2MP (F2.4), 2MP (F2.4), 13MP (F2.0)\n- Kích thước màn hình: 6.7 inch\n- Hệ điều hành: One UI 5.1\n- Vi xử lý: Qualcomm Snapdragon 680\n- Bộ nhớ trong: 128GB\n- RAM: 6GB\n- Dung lượng pin: 5000 mAh\nKhuyến mãi: - Ưu đãi trả góp 0% qua Shinhan Finance hoặc Mirae Asset Finance\n- Giảm 5% không giới hạn khuyến mãi qua Homepaylater\n- Giảm thêm tới 700.000đ khi thanh toán qua Kredivo.\n- Giảm 50% tối đa 700k khi mở thẻ tín dụng Vpbank trên SenID\n- Giảm 20% tối đa 500k khi mở thẻ tín dụng TPBank EVO\n- Mở thẻ tín dụng VIB\n- Nhận Voucher 600.000đ\n- Giảm 1% tối đa 100.000đ khi thanh toán qua Zalopay\n\nTên sản phẩm: điện thoại samsung galaxy a55 - 8gb/128gb - chính hãng\nMàu: Màu Đen, Xanh, Màu Tím\nGiá: 9,690,000 ₫\nThông số kỹ thuật: - Công nghệ màn hình: Super AMOLED, 120Hz\n- Độ phân giải: 1080 x 2400 (FHD+), 50+12+5MP, 32 MP\n- Kích thước màn hình: 6.6 inch\n- Hệ điều hành: Android 14\n- Vi xử lý: Exynos 1480\n- Bộ nhớ trong: 128GB\n- RAM: 8GB\n- Mạng di động: Hỗ trợ 5G\n- Số khe SIM: 1 SIM + 1 khe phụ (SIM/thẻ nhớ) hoặc eSim\n- Dung lượng pin: 5000 mAh\nKhuyến mãi: - KM 1\n- Tặng gói bảo hành HCare (Chi tiết liên hệ 1900.2091)']",Điện thoại Samsung Galaxy A05 có bộ nhớ trong 128GB.,"[{'statement': 'Điện thoại Samsung Galaxy A05 có bộ nhớ trong 128GB.', 'reason': [""Ngữ cảnh cung cấp thông tin về sản phẩm 'điện thoại samsung galaxy a05 - 4gb/128gb - chính hãng' và ghi rõ thông số 'Bộ nhớ trong: 128GB'.""], 'verdict': 1}]",0.0,27.98,2025-08-20 17:10:23
100,Giá của điện thoại tcl 40 se (4gb/128gb) là bao nhiêu?,"Giá của điện thoại TCL 40 SE (4GB/128GB) là 2,690,000 ₫.","['Tên sản phẩm: điện thoại tcl 40 se (4gb/128gb) - chính hãng\nMàu: Màu Tím, Màu Xám\nGiá: 2,690,000 ₫\nThông số kỹ thuật: - Công nghệ màn hình: IPS LCD, 90Hz\n- Độ phân giải: HD+ (720 x 1600), Camera chính 50MP f/1.8, Camera chiều sâu 2MP f/2.4, Camera macro 2MP f/2.4, 8MP f/2.0\n- Kích thước màn hình: 6.75 inch\n- Hệ điều hành: Android 13\n- Vi xử lý: MediaTek Helio G37\n- Bộ nhớ trong: 128GB\n- RAM: 4GB\n- Mạng di động: 2G, 3G, 4G\n- Số khe SIM: 2 nano SIM\n- Dung lượng pin: 5010 mAh\nKhuyến mãi: - Giảm 5% không giới hạn khuyến mãi qua Homepaylater\n- Giảm 50% tối đa 700k khi mở thẻ tín dụng Vpbank trên SenID\n- Giảm 20% tối đa 500k khi mở thẻ tín dụng TPBank EVO\n- Giảm 1% tối đa 100.000đ khi thanh toán qua Zalopay\n\nTên sản phẩm: điện thoại tcl 40 se (6gb/256gb) - chính hãng\nMàu: Màu Tím, Màu Xám\nGiá: 2,990,000 ₫\nThông số kỹ thuật: - Công nghệ màn hình: IPS LCD, 90Hz\n- Độ phân giải: HD+ (720 x 1600), Camera chính 50MP f/1.8, Camera chiều sâu 2MP f/2.4, Camera macro 2MP f/2.4, 8MP f/2.0\n- Kích thước màn hình: 6.75 inch\n- Hệ điều hành: Android 13\n- Vi xử lý: MediaTek Helio G37\n- Bộ nhớ trong: 256GB\n- RAM: 6GB\n- Mạng di động: 2G, 3G, 4G\n- Số khe SIM: 2 nano SIM\n- Dung lượng pin: 5010 mAh\nKhuyến mãi: - Giảm 5% không giới hạn khuyến mãi qua Homepaylater\n- Giảm 50% tối đa 700k khi mở thẻ tín dụng Vpbank trên SenID\n- Giảm 20% tối đa 500k khi mở thẻ tín dụng TPBank EVO\n- Mở thẻ tín dụng VIB\n- Nhận Voucher 600.000đ\n- Giảm 1% tối đa 100.000đ khi thanh toán qua Zalopay\n\nTên sản phẩm: điện thoại tcl 408 (4gb/128gb) - chính hãng\nMàu: Màu Xám, Xanh Dương\nGiá: 2,190,000 ₫\nThông số kỹ thuật: - Công nghệ màn hình: IPS LCD\n- Độ phân giải: HD+ (720 x 1612), Camera chính 50MP f/1.8, Camera chiều sâu 2MP f/2.4, 8MP f/2.0\n- Kích thước màn hình: 6.6 inch\n- Hệ điều hành: Android 12\n- Vi xử lý: MediaTek MT6762\n- Bộ nhớ trong: 128GB\n- RAM: 4GB\n- Mạng di động: 2G, 3G, 4G\n- Số khe SIM: 2 nano SIM\n- Dung lượng pin: 5000 mAh\nKhuyến mãi: - Giảm 5% không giới hạn khuyến mãi qua Homepaylater\n- Giảm 50% tối đa 700k khi mở thẻ tín dụng Vpbank trên SenID\n- Giảm 20% tối đa 500k khi mở thẻ tín dụng TPBank EVO\n- Giảm 1% tối đa 100.000đ khi thanh toán qua Zalopay\n\nTên sản phẩm: điện thoại tcl 408 (4gb/64gb) - chính hãng\nMàu: Xanh Dương, Màu Xám\nGiá: 2,090,000 ₫\nThông số kỹ thuật: - Công nghệ màn hình: IPS LCD\n- Độ phân giải: HD+ (720 x 1612), Camera chính 50MP f/1.8, Camera chiều sâu 2MP f/2.4, 8MP f/2.0\n- Kích thước màn hình: 6.6 inch\n- Hệ điều hành: Android 12\n- Vi xử lý: MediaTek MT6762\n- Bộ nhớ trong: 64GB\n- RAM: 4GB\n- Mạng di động: 2G, 3G, 4G\n- Số khe SIM: 2 nano SIM\n- Dung lượng pin: 5000 mAh\nKhuyến mãi: - Giảm 5% không giới hạn khuyến mãi qua Homepaylater\n- Giảm 50% tối đa 700k khi mở thẻ tín dụng Vpbank trên SenID\n- Giảm 20% tối đa 500k khi mở thẻ tín dụng TPBank EVO\n- Giảm 1% tối đa 100.000đ khi thanh toán qua Zalopay']","Giá của điện thoại tcl 40 se (4gb/128gb) là 2,690,000 ₫.","[{'statement': 'Giá của điện thoại tcl 40 se (4gb/128gb) là 2,690,000 ₫.', 'reason': [""Thông tin trong ngữ cảnh xác nhận rằng 'Tên sản phẩm: điện thoại tcl 40 se (4gb/128gb) - chính hãng' có 'Giá: 2,690,000 ₫'.""], 'verdict': 1}]",0.0,12.06,2025-08-20 17:10:30
98,Honor X6a có bao nhiêu màu sắc khác nhau để lựa chọn?,Honor X6a có 2 màu sắc khác nhau để lựa chọn là Bạc Ánh Sao và Đen Huyền Bí.,"['Tên sản phẩm: điện thoại honor x6a - 4gb/128gb - chính hãng\nMàu: Bạc Ánh Sao, Đen Huyền Bí\nGiá: 2,690,000 ₫\nThông số kỹ thuật: - Công nghệ màn hình: TFT LCD, 16.7 triệu màu, Tỉ lệ khung màn hình: 20.15:9, Tần số: 90Hz\n- Độ phân giải: 720 × 1612, Camera 50 MP (f/1.8), Camera chân dung 2MP (f/2.4), Camera Macro 2MP (f/2.4), Camera 5 MP (Khẩu độ: f/2.2)\n- Kích thước màn hình: 6.56  inch\n- Hệ điều hành: MagicOS 7.1（Dựa trên Android 13）\n- Vi xử lý: MediaTek Helio G36\n- Bộ nhớ trong: 128GB\n- RAM: 4GB\n- Mạng di động: 4G\n- Dung lượng pin: 5200 mAh\nKhuyến mãi: - KM 1\n- Sản phẩm đang thuộc chương trình Flash sale (Số lượng có hạn)\n\nTên sản phẩm: điện thoại di động honor x5 plus 4gb/64gb- chính hãng\nMàu: Màu Đen, Xanh\nGiá: 2,290,000 ₫\nThông số kỹ thuật: - Công nghệ màn hình: TFT LCD, 90Hz, Màn hình giọt nước\n- Độ phân giải: 720 × 1612, Camera 50 MP (f/1.8), Camera chân dung 2MP (f/2.4), 5 MP (f/2.2)\n- Kích thước màn hình: 6.56  inch\n- Hệ điều hành: MagicOS 7.1（Dựa trên Android 13）\n- Vi xử lý: MediaTek Helio G36\n- Bộ nhớ trong: 64GB\n- RAM: 4GB\n- Mạng di động: 4G (LTE TDD/LTE FDD), 3G (WCDMA), 2G (GSM)\n- Dung lượng pin: 5200 mAh\nKhuyến mãi: - KM 1\n- Tặng phiếu mua hàng 300.000đ.\n\nTên sản phẩm: honor x9a 5g (8gb/256gb) - chính hãng\nMàu: Màu Đen, Xanh Lá, Bạc\nGiá: 6,290,000 ₫\nThông số kỹ thuật: - Công nghệ màn hình: AMOLED\n- Độ phân giải: FHD+ (1080 x 2400), Cảm biến chính 64MP f/1.8, Cảm biến góc siêu rộng 5MP f/2.2, Cảm biến macro 2MP f/2.4, 16MP f/2.45\n- Kích thước màn hình: 6.67 inch\n- Hệ điều hành: Magic UI 6.1 (trên nền tảng Android 12)\n- Vi xử lý: Qualcomm Qualcomm Snapdragon 695\n- Bộ nhớ trong: 256GB\n- RAM: 8GB\n- Mạng di động: 2G, 3G, 4G, 5G\n- Số khe SIM: 2 nano SIM\n- Dung lượng pin: 5100 mAh\nKhuyến mãi: - KM 1\n- Sản phẩm đang thuộc chương trình Flash sale (Số lượng có hạn)\n\nTên sản phẩm: điện thoại honor x7b - 8gb/256gb - chính hãng\nMàu: Bạc, Màu Đen\nGiá: 4,990,000 ₫\nThông số kỹ thuật: - Công nghệ màn hình: LCD, 90Hz\n- Độ phân giải: 2412 x 1080px, Camera chính 108MP (f1.75) + Camera siêu rộng & chiều sâu 5MP (f2.2) + Camera cận cảnh 2MP (f2.4), Hỗ trợ lên đến 12000*9000 pixel, 8MP\n- Kích thước màn hình: 6.8 inch\n- Hệ điều hành: MagicOS 7.2 (nền tảng Android 13）\n- Vi xử lý: Qualcomm Snapdragon 680\n- Bộ nhớ trong: 256GB\n- RAM: 8GB\n- Mạng di động:   inch4G (LTE TDD/LTE FDD), 3G (WCDMA), 2G (GSM), *Các chức năng khả dụng trên mạng trực tiếp tùy thuộc vào tình hình triển khai mạng của nhà cung cấp dịch vụ và các dịch vụ liên quan. inch\n- Dung lượng pin: 6000 mAh\nKhuyến mãi: - KM 1\n- Tặng Bộ quà Hoàng Hà (Chi tiết liên hệ 1900.2091)']","Có hai màu sắc: Bạc Ánh Sao, Đen Huyền Bí.","[{'statement': 'Điện thoại Honor X6a có màu Bạc Ánh Sao.', 'reason': [""Ngữ cảnh cung cấp thông tin về sản phẩm 'điện thoại honor x6a' và liệt kê các màu sắc có sẵn, trong đó có 'Bạc Ánh Sao'.""], 'verdict': 1}, {'statement': 'Điện thoại Honor X6a có màu Đen Huyền Bí.', 'reason': [""Ngữ cảnh cung cấp thông tin về sản phẩm 'điện thoại honor x6a' và liệt kê các màu sắc có sẵn, trong đó có 'Đen Huyền Bí'.""], 'verdict': 1}]",0.0,58.98,2025-08-20 17:10:32
101,Màn hình của điện thoại oppo reno10 5g có kích thước bao nhiêu?,Màn hình của điện thoại OPPO Reno10 5G có kích thước 6.7 inch.,"['Tên sản phẩm: điện thoại oppo reno10 5g (8gb/256gb) - chính hãng\nMàu: Xanh Dương, Màu Xám\nGiá: 8,990,000 ₫\nThông số kỹ thuật: - Công nghệ màn hình: 3D AMOLED, Tỉ lệ màn hình: 93.0%, Chế độ sống động: 100% DCI-P3, Chế độ bình thường: 100% sRGB, Màn hình 1.07 tỷ màu (10 bit)\n- Độ phân giải: FHD+ (1080 x 2412), Camera chính: 64MP; f/1.7; FOV 81°; ống kinh 6P; hỗ trợ AF; sử dụng động cơ vòng lặp mở., Telephoto: 32MP; f/2.0; FOV 49°; ống kính 6P; hỗ trợ AF; sử dụng động cơ vòng lặp mở., Góc mở rộng: 8MP; f/2.2; FOV 112°; ống kính 5P, cố định tiêu cự., Hỗ trợ 2x zoom quang học hybrid và 20x zoom kỹ thuật số., 32MP; f/2.4; FOV 89°; ống kính 5P lens, không hỗ trợ AF hay OIS\n- Kích thước màn hình: 6.7 inch\n- Hệ điều hành: ColorOS 13.1 trên nền tảng Android 13\n- Vi xử lý: MediaTek Dimensity 7050\n- Bộ nhớ trong: 256GB\n- RAM: 8GB\n- Mạng di động: 2G, 3G, 4G, 5G\n- Số khe SIM: 2 nano SIM\n- Dung lượng pin: 5000 mAh\nKhuyến mãi: - Thu cũ đổi mới lên đời OPPO Find N3 series: Tiết kiệm lên tới 20 triệu đồng\n- Trả góp 0% với Home Credit.\n- Ưu đãi trả góp 0% qua Shinhan Finance hoặc Mirae Asset Finance\n- Giảm 5% không giới hạn khuyến mãi qua Homepaylater\n- Giảm thêm tới 700.000đ khi thanh toán qua Kredivo.\n- Giảm 50% tối đa 700k khi mở thẻ tín dụng Vpbank trên SenID\n- Giảm 20% tối đa 500k khi mở thẻ tín dụng TPBank EVO\n- Mở thẻ tín dụng VIB\n- Nhận Voucher 600.000đ\n- Giảm 1% tối đa 100.000đ khi thanh toán qua Zalopay\n\nTên sản phẩm: điện thoại oppo reno10 5g (8gb/128gb) - chính hãng\nMàu: Xanh Dương\nGiá: 7,890,000 ₫\nThông số kỹ thuật: - Công nghệ màn hình: 3D AMOLED, Tỉ lệ màn hình: 93.0%, Chế độ sống động: 100% DCI-P3, Chế độ bình thường: 100% sRGB, Màn hình 1.07 tỷ màu (10 bit)\n- Độ phân giải: FHD+ (1080 x 2412), Camera chính: 64MP; f/1.7; FOV 81°; ống kinh 6P; hỗ trợ AF; sử dụng động cơ vòng lặp mở., Telephoto: 32MP; f/2.0; FOV 49°; ống kính 6P; hỗ trợ AF; sử dụng động cơ vòng lặp mở., Góc mở rộng: 8MP; f/2.2; FOV 112°; ống kính 5P, cố định tiêu cự., Hỗ trợ 2x zoom quang học hybrid và 20x zoom kỹ thuật số., 32MP; f/2.4; FOV 89°; ống kính 5P lens, không hỗ trợ AF hay OIS\n- Kích thước màn hình: 6.7 inch\n- Hệ điều hành: ColorOS 13.1 trên nền tảng Android 13\n- Vi xử lý: MediaTek Dimensity 7050\n- Bộ nhớ trong: 128GB\n- RAM: 8GB\n- Mạng di động: 2G, 3G, 4G, 5G\n- Số khe SIM: 2 nano SIM\n- Dung lượng pin: 5000 mAh\nKhuyến mãi: - Thu cũ đổi mới lên đời OPPO Find N3 series: Tiết kiệm lên tới 20 triệu đồng\n- Trả góp 0% với Home Credit.\n- Ưu đãi trả góp 0% qua Shinhan Finance hoặc Mirae Asset Finance\n- Giảm 5% không giới hạn khuyến mãi qua Homepaylater\n- Giảm thêm tới 700.000đ khi thanh toán qua Kredivo.\n- Giảm 50% tối đa 700k khi mở thẻ tín dụng Vpbank trên SenID\n- Giảm 20% tối đa 500k khi mở thẻ tín dụng TPBank EVO\n- Mở thẻ tín dụng VIB\n- Nhận Voucher 600.000đ\n- Giảm 1% tối đa 100.000đ khi thanh toán qua Zalopay\n\nTên sản phẩm: oppo reno10 pro - chính hãng\nMàu: Không có thông tin\nGiá: Giá: Liên hệ\nThông số kỹ thuật: - Công nghệ màn hình: AMOLED\n- Độ phân giải: 2412 x 1080 pixels, Camera góc rộng: 50 MP, f/1.8, OIS, Chụp xa: 32 MP, f/2.0, 2x optical zoom, Camera góc siêu rộng: 8 MP, f/2.2, Camera góc rộng: 32 MP, f/2.4\n- Kích thước màn hình: 6.7  inch\n- Hệ điều hành: Android 13\n- Vi xử lý: Snapdragon 778G 5G 8 nhân\n- Bộ nhớ trong: 256 GB\n- RAM: 12GB\n- Mạng di động: Hỗ trợ 5G\n- Số khe SIM: 2 SIM (Nano-SIM)\n- Dung lượng pin: 4600 mAh\nKhuyến mãi: - Giảm 5% không giới hạn khuyến mãi qua Homepaylater\n- Giảm 50% tối đa 700k khi mở thẻ tín dụng Vpbank trên SenID\n- Giảm 20% tối đa 500k khi mở thẻ tín dụng TPBank EVO\n\nTên sản phẩm: oppo reno10 pro plus - chính hãng\nMàu: Không có thông tin\nGiá: Giá: Liên hệ\nThông số kỹ thuật: - Công nghệ màn hình: AMOLED\n- Độ phân giải: 1.5K+ (1240 x 2772 Pixels), Chính 50 MP & Phụ 64 MP, 8 MP, 32 MP\n- Kích thước màn hình: 6.7 inch\n- Hệ điều hành: Android 13\n- Vi xử lý: Snapdragon 8+ Gen 1 8 nhân\n- Bộ nhớ trong: 256 GB\n- RAM: 12GB\n- Mạng di động: Hỗ trợ 5G\n- Số khe SIM: 2 Nano SIM\n- Dung lượng pin: 4700 mAh\nKhuyến mãi: - Giảm 5% không giới hạn khuyến mãi qua Homepaylater\n- Giảm 50% tối đa 700k khi mở thẻ tín dụng Vpbank trên SenID\n- Giảm 20% tối đa 500k khi mở thẻ tín dụng TPBank EVO']","Kích thước màn hình của điện thoại Oppo Reno10 5G là 6,7 inch.","[{'statement': 'Kích thước màn hình của điện thoại Oppo Reno10 5G là 6,7 inch.', 'reason': [""Trong ngữ cảnh, thông số kỹ thuật của sản phẩm 'điện thoại oppo reno10 5g (8gb/256gb) - chính hãng' và 'điện thoại oppo reno10 5g (8gb/128gb) - chính hãng' đều ghi rõ 'Kích thước màn hình: 6.7 inch'.""], 'verdict': 1}]",0.0,14.06,2025-08-20 17:10:38
104,Màu sắc nào có sẵn cho điện thoại Redmi A2 (2GB/32GB)?,Màu sắc có sẵn cho điện thoại Redmi A2 (2GB/32GB) là Xanh Dương cùng Màu Đen.,"['Tên sản phẩm: điện thoại redmi a2 (2gb/32gb) - chính hãng\nMàu: Xanh Dương, Màu Đen\nGiá: 1,690,000 ₫\nThông số kỹ thuật: - Công nghệ màn hình: IPS LCD\n- Độ phân giải: HD+ (720 x 1600 Pixels), Camera chính 8MP f/2.0, Camera phụ trợ QVGA, 5MP f/2.2\n- Kích thước màn hình: 6.52 inch\n- Hệ điều hành: Android 12 (Go Edition)\n- Vi xử lý: MediaTek Helio G36\n- Bộ nhớ trong: 32 GB\n- RAM: 2GB\n- Mạng di động: 2G, 3G, 4G\n- Số khe SIM: 2 nano SIM\n- Dung lượng pin: 5000 mAh\nKhuyến mãi: - Giảm 5% không giới hạn khuyến mãi qua Homepaylater\n- Giảm 50% tối đa 700k khi mở thẻ tín dụng Vpbank trên SenID\n- Giảm 20% tối đa 500k khi mở thẻ tín dụng TPBank EVO\n- Giảm 1% tối đa 100.000đ khi thanh toán qua Zalopay\n\nTên sản phẩm: điện thoại redmi a2+ (3gb/64gb) - chính hãng\nMàu: Màu Đen, Xanh Dương, Xanh Lá\nGiá: 1,990,000 ₫\nThông số kỹ thuật: - Công nghệ màn hình: IPS LCD\n- Độ phân giải: 720x1600, Camera chính 8MP f/2.0, Camera phụ trợ QVGA, 5MP f/2.2\n- Kích thước màn hình: 6.52 inch\n- Hệ điều hành: Android 12 (Go Edition)\n- Vi xử lý: MediaTek Helio G36\n- Bộ nhớ trong: 64GB\n- RAM: 3GB\n- Mạng di động: 2G, 3G, 4G\n- Số khe SIM: 2 nano SIM\n- Dung lượng pin: 5000 mAh\nKhuyến mãi: - Giảm 5% không giới hạn khuyến mãi qua Homepaylater\n- Giảm 50% tối đa 700k khi mở thẻ tín dụng Vpbank trên SenID\n- Giảm 20% tối đa 500k khi mở thẻ tín dụng TPBank EVO\n- Giảm 1% tối đa 100.000đ khi thanh toán qua Zalopay\n\nTên sản phẩm: điện thoại redmi a3 (4gb/128gb) - chính hãng\nMàu: Xanh Dương, Màu Đen\nGiá: 2,990,000 ₫\nThông số kỹ thuật: - Công nghệ màn hình: IPS LCD 90Hz\n- Độ phân giải: 720x1650, Camera chính 8MP f/2.0, Camera phụ trợ QVGA, 5MP f/2.2\n- Kích thước màn hình: 6.71 inch\n- Hệ điều hành: Android 14\n- Vi xử lý: MediaTek Helio G36\n- Bộ nhớ trong: 128GB\n- RAM: 4GB\n- Mạng di động: 2G, 3G, 4G\n- Số khe SIM: 2 nano SIM\n- Dung lượng pin: 5000 mAh\nKhuyến mãi: - Giảm 5% không giới hạn khuyến mãi qua Homepaylater\n- Giảm 50% tối đa 700k khi mở thẻ tín dụng Vpbank trên SenID\n- Giảm 20% tối đa 500k khi mở thẻ tín dụng TPBank EVO\n- Giảm 1% tối đa 100.000đ khi thanh toán qua Zalopay\n\nTên sản phẩm: điện thoại xiaomi redmi 12 4gb/128gb\nMàu: Màu Đen, Bạc, Xanh Dương\nGiá: 2,990,000 ₫\nThông số kỹ thuật: - Độ phân giải: Full HD\n- Cổng kết nối: Type-C\n- Trọng lượng: 198.5g\nKhuyến mãi: - Ưu đãi trả góp 0% qua Shinhan Finance hoặc Mirae Asset Finance\n- Giảm 5% không giới hạn khuyến mãi qua Homepaylater\n- Giảm thêm tới 700.000đ khi thanh toán qua Kredivo.\n- Giảm 50% tối đa 700k khi mở thẻ tín dụng Vpbank trên SenID\n- Giảm 20% tối đa 500k khi mở thẻ tín dụng TPBank EVO\n- Mở thẻ tín dụng VIB\n- Nhận Voucher 600.000đ\n- Giảm 1% tối đa 100.000đ khi thanh toán qua Zalopay']","Xanh Dương, Màu Đen","[{'statement': 'Điện thoại Redmi A2 (2GB/32GB) có sẵn màu Xanh Dương.', 'reason': [""Trong ngữ cảnh, sản phẩm 'điện thoại redmi a2 (2gb/32gb) - chính hãng' được liệt kê có màu 'Xanh Dương'.""], 'verdict': 1}, {'statement': 'Điện thoại Redmi A2 (2GB/32GB) có sẵn màu Đen.', 'reason': [""Trong ngữ cảnh, sản phẩm 'điện thoại redmi a2 (2gb/32gb) - chính hãng' được liệt kê có màu 'Màu Đen'.""], 'verdict': 1}]",0.0,31.38,2025-08-20 17:11:11
105,Điện thoại TCL 408 có khuyến mãi nào khi mua qua Homepaylater?,Điện thoại TCL 408 có khuyến mãi giảm 5% không giới hạn khi mua qua Homepaylater.,"['Tên sản phẩm: điện thoại tcl 408 (4gb/64gb) - chính hãng\nMàu: Xanh Dương, Màu Xám\nGiá: 2,090,000 ₫\nThông số kỹ thuật: - Công nghệ màn hình: IPS LCD\n- Độ phân giải: HD+ (720 x 1612), Camera chính 50MP f/1.8, Camera chiều sâu 2MP f/2.4, 8MP f/2.0\n- Kích thước màn hình: 6.6 inch\n- Hệ điều hành: Android 12\n- Vi xử lý: MediaTek MT6762\n- Bộ nhớ trong: 64GB\n- RAM: 4GB\n- Mạng di động: 2G, 3G, 4G\n- Số khe SIM: 2 nano SIM\n- Dung lượng pin: 5000 mAh\nKhuyến mãi: - Giảm 5% không giới hạn khuyến mãi qua Homepaylater\n- Giảm 50% tối đa 700k khi mở thẻ tín dụng Vpbank trên SenID\n- Giảm 20% tối đa 500k khi mở thẻ tín dụng TPBank EVO\n- Giảm 1% tối đa 100.000đ khi thanh toán qua Zalopay\n\nTên sản phẩm: điện thoại tcl 408 (4gb/128gb) - chính hãng\nMàu: Màu Xám, Xanh Dương\nGiá: 2,190,000 ₫\nThông số kỹ thuật: - Công nghệ màn hình: IPS LCD\n- Độ phân giải: HD+ (720 x 1612), Camera chính 50MP f/1.8, Camera chiều sâu 2MP f/2.4, 8MP f/2.0\n- Kích thước màn hình: 6.6 inch\n- Hệ điều hành: Android 12\n- Vi xử lý: MediaTek MT6762\n- Bộ nhớ trong: 128GB\n- RAM: 4GB\n- Mạng di động: 2G, 3G, 4G\n- Số khe SIM: 2 nano SIM\n- Dung lượng pin: 5000 mAh\nKhuyến mãi: - Giảm 5% không giới hạn khuyến mãi qua Homepaylater\n- Giảm 50% tối đa 700k khi mở thẻ tín dụng Vpbank trên SenID\n- Giảm 20% tối đa 500k khi mở thẻ tín dụng TPBank EVO\n- Giảm 1% tối đa 100.000đ khi thanh toán qua Zalopay\n\nTên sản phẩm: điện thoại tcl 406s (4gb/64gb) - chính hãng\nMàu: Màu Xám, Xanh Dương\nGiá: 1,990,000 ₫\nThông số kỹ thuật: - Công nghệ màn hình: IPS LCD\n- Độ phân giải: 720x1612, Camera chính 13MP f/2.2, Camera chiều sâu 2MP f/2.4, 5MP f/2.2\n- Kích thước màn hình: 6.6 inch\n- Hệ điều hành: Android 13\n- Vi xử lý: MediaTek Helio G25\n- Bộ nhớ trong: 64GB\n- RAM: 4GB\n- Mạng di động: 2G, 3G, 4G\n- Số khe SIM: 2 nano SIM\n- Dung lượng pin: 5000 mAh\nKhuyến mãi: - Giảm 5% không giới hạn khuyến mãi qua Homepaylater\n- Giảm 50% tối đa 700k khi mở thẻ tín dụng Vpbank trên SenID\n- Giảm 20% tối đa 500k khi mở thẻ tín dụng TPBank EVO\n- Giảm 1% tối đa 100.000đ khi thanh toán qua Zalopay\n\nTên sản phẩm: điện thoại tcl 40 se (4gb/128gb) - chính hãng\nMàu: Màu Tím, Màu Xám\nGiá: 2,690,000 ₫\nThông số kỹ thuật: - Công nghệ màn hình: IPS LCD, 90Hz\n- Độ phân giải: HD+ (720 x 1600), Camera chính 50MP f/1.8, Camera chiều sâu 2MP f/2.4, Camera macro 2MP f/2.4, 8MP f/2.0\n- Kích thước màn hình: 6.75 inch\n- Hệ điều hành: Android 13\n- Vi xử lý: MediaTek Helio G37\n- Bộ nhớ trong: 128GB\n- RAM: 4GB\n- Mạng di động: 2G, 3G, 4G\n- Số khe SIM: 2 nano SIM\n- Dung lượng pin: 5010 mAh\nKhuyến mãi: - Giảm 5% không giới hạn khuyến mãi qua Homepaylater\n- Giảm 50% tối đa 700k khi mở thẻ tín dụng Vpbank trên SenID\n- Giảm 20% tối đa 500k khi mở thẻ tín dụng TPBank EVO\n- Giảm 1% tối đa 100.000đ khi thanh toán qua Zalopay']",Có khuyến mãi giảm 5% không giới hạn khi mua qua Homepaylater.,"[{'statement': 'Khi mua điện thoại TCL 408 qua Homepaylater, khách hàng sẽ nhận được khuyến mãi giảm 5% không giới hạn.', 'reason': [""The context explicitly lists a promotion for the 'điện thoại tcl 408': 'Giảm 5% không giới hạn khuyến mãi qua Homepaylater' (5% unlimited discount promotion via Homepaylater).""], 'verdict': 1}]",0.0,14.42,2025-08-20 17:11:26
95,Điện thoại iPhone 15 có dung lượng bộ nhớ trong bao nhiêu?,Bộ nhớ trong của điện thoại iPhone 15 là 512GB.,"['Tên sản phẩm: điện thoại iphone 15 (512gb) - chính hãng vn/a\nMàu: Xanh Lá, Màu Vàng, Màu Đen, Hồng, Xanh Dương\nGiá: 27,990,000 ₫\nThông số kỹ thuật: - Công nghệ màn hình: Màn hình Super Retina XDR, Tấm nền OLED, Dynamic Island, Màn hình HDR, Tỷ lệ tương phản 2.000.000:1 , Màn hình có dải màu rộng (P3), Haptic Touch\n- Độ phân giải: 1179 x 2556, Chính: 48MP, khẩu độ ƒ/1.6, Ultra Wide: 12MP, khẩu độ ƒ/2.4, Camera trước TrueDepth 12MP, khẩu độ ƒ/1.9\n- Kích thước màn hình: 6.1 inch\n- Hệ điều hành: iOS 17\n- Vi xử lý: A16 Bionic\n- Bộ nhớ trong: 512GB\n- RAM: 6GB\n- Mạng di động: 2G, 3G, 4G, 5G\n- Số khe SIM: SIM kép (nano-SIM và eSIM), Hỗ trợ hai eSIM\nKhuyến mãi: - KM 1\n- Giảm thêm 100.000đ khi khách hàng thanh toán bằng hình thức chuyển khoản ngân hàng khi mua iPhone 15 Series.\n- KM 2\n- Ưu đãi trả góp 0% qua thẻ tín dụng\n\nTên sản phẩm: điện thoại iphone 15 (256gb) - chính hãng vn/a\nMàu: Xanh Dương, Màu Vàng, Màu Đen, Xanh Lá, Hồng\nGiá: 22,290,000 ₫\nThông số kỹ thuật: - Công nghệ màn hình: Màn hình Super Retina XDR, Tấm nền OLED, Dynamic Island, Màn hình HDR, Tỷ lệ tương phản 2.000.000:1 , Màn hình có dải màu rộng (P3), Haptic Touch\n- Độ phân giải: 1179 x 2556, Chính: 48MP, khẩu độ ƒ/1.6, Ultra Wide: 12MP, khẩu độ ƒ/2.4, Camera trước TrueDepth 12MP, khẩu độ ƒ/1.9\n- Kích thước màn hình: 6.1 inch\n- Hệ điều hành: iOS 17\n- Vi xử lý: A16 Bionic\n- Bộ nhớ trong: 256GB\n- RAM: 6GB\n- Mạng di động: 2G, 3G, 4G, 5G\n- Số khe SIM: SIM kép (nano-SIM và eSIM), Hỗ trợ hai eSIM\nKhuyến mãi: - KM 1\n- Giảm thêm 100.000đ khi khách hàng thanh toán bằng hình thức chuyển khoản ngân hàng khi mua iPhone 15 Series.\n- KM 2\n- Ưu đãi trả góp 0% qua thẻ tín dụng\n\nTên sản phẩm: điện thoại iphone 15 plus (256gb) - chính hãng vn/a\nMàu: Hồng, Xanh Lá, Màu Đen, Màu Vàng, Xanh Dương\nGiá: 24,390,000 ₫\nThông số kỹ thuật: - Công nghệ màn hình: Màn hình Super Retina XDR, Tấm nền OLED, Dynamic Island, Màn hình HDR, Tỷ lệ tương phản 2.000.000:1 , Màn hình có dải màu rộng (P3), Haptic Touch\n- Độ phân giải: 1290 x 2796, Chính: 48MP, khẩu độ ƒ/1.6, Ultra Wide: 12MP, khẩu độ ƒ/2.4, Camera trước TrueDepth 12MP, khẩu độ ƒ/1.9\n- Kích thước màn hình: 6.7 inch\n- Hệ điều hành: iOS 17\n- Vi xử lý: A16 Bionic\n- Bộ nhớ trong: 256GB\n- RAM: 6GB\n- Mạng di động: 2G, 3G, 4G, 5G\n- Số khe SIM: SIM kép (nano-SIM và eSIM), Hỗ trợ hai eSIM\nKhuyến mãi: - KM 1\n- Giảm thêm 100.000đ khi khách hàng thanh toán bằng hình thức chuyển khoản ngân hàng khi mua iPhone 15 Series.\n- KM 2\n- Ưu đãi trả góp 0% qua thẻ tín dụng\n\nTên sản phẩm: điện thoại iphone 15 (128gb) - chính hãng vn/a\nMàu: Xanh Lá, Xanh Dương, Màu Đen, Hồng, Màu Vàng\nGiá: 18,790,000 ₫\nThông số kỹ thuật: - Công nghệ màn hình: Màn hình Super Retina XDR, Tấm nền OLED, Dynamic Island, Màn hình HDR, Tỷ lệ tương phản 2.000.000:1 , Màn hình có dải màu rộng (P3), Haptic Touch\n- Độ phân giải: 1179 x 2556, Chính: 48MP, khẩu độ ƒ/1.6, Ultra Wide: 12MP, khẩu độ ƒ/2.4, Camera trước TrueDepth 12MP, khẩu độ ƒ/1.9\n- Kích thước màn hình: 6.1 inch\n- Hệ điều hành: iOS 17\n- Vi xử lý: A16 Bionic\n- Bộ nhớ trong: 128GB\n- RAM: 6GB\n- Mạng di động: 2G, 3G, 4G, 5G\n- Số khe SIM: SIM kép (nano-SIM và eSIM), Hỗ trợ hai eSIM\nKhuyến mãi: - KM 1\n- Giảm thêm 100.000đ khi khách hàng thanh toán bằng hình thức chuyển khoản ngân hàng khi mua iPhone 15 Series.\n- KM 2\n- Ưu đãi trả góp 0% qua thẻ tín dụng']","iPhone 15 có bộ nhớ trong 512GB, 256GB và 128GB tùy phiên bản.","[{'statement': 'Điện thoại iPhone 15 có phiên bản bộ nhớ trong 512GB.', 'reason': [""Trong ngữ cảnh có đề cập đến sản phẩm 'điện thoại iphone 15 (512gb) - chính hãng vn/a' với thông số kỹ thuật 'Bộ nhớ trong: 512GB'.""], 'verdict': 1}, {'statement': 'Điện thoại iPhone 15 có phiên bản bộ nhớ trong 256GB.', 'reason': [""Trong ngữ cảnh có đề cập đến sản phẩm 'điện thoại iphone 15 (256gb) - chính hãng vn/a' với thông số kỹ thuật 'Bộ nhớ trong: 256GB'.""], 'verdict': 1}, {'statement': 'Điện thoại iPhone 15 có phiên bản bộ nhớ trong 128GB.', 'reason': [""Trong ngữ cảnh có đề cập đến sản phẩm 'điện thoại iphone 15 (128gb) - chính hãng vn/a' với thông số kỹ thuật 'Bộ nhớ trong: 128GB'.""], 'verdict': 1}]",0.0,22.21,2025-08-20 17:50:06
103,Những khuyến mãi nào áp dụng cho điện thoại nothing phone 2?,"Điện thoại nothing phone 2 được áp dụng các khuyến mãi sau: Giảm 5% không giới hạn khuyến mãi qua Homepaylater, giảm 50% tối đa 700k khi mở thẻ tín dụng Vpbank trên SenID, giảm 20% tối đa 500k khi mở thẻ tín dụng TPBank EVO.","['Tên sản phẩm: điện thoại nothing phone 2\nMàu: Không có thông tin\nGiá: Giá: Liên hệ\nThông số kỹ thuật: Không có thông tin\nKhuyến mãi: - Giảm 5% không giới hạn khuyến mãi qua Homepaylater\n- Giảm 50% tối đa 700k khi mở thẻ tín dụng Vpbank trên SenID\n- Giảm 20% tối đa 500k khi mở thẻ tín dụng TPBank EVO\n\nTên sản phẩm: điện thoại nokia 2.4 - chính hãng\nMàu: Không có thông tin\nGiá: Không có thông tin\nThông số kỹ thuật: - Công nghệ màn hình: TFT LCD\n- Độ phân giải: HD+ (720 x 1600 Pixels), Chính 13 MP & Phụ 2 MP, 5 MP\n- Kích thước màn hình: 6.5 inch\n- Bộ nhớ trong: 32 GB\n- RAM: 2GB\n- Mạng di động: Hỗ trợ 4G\n- Số khe SIM: 2 Nano SIM\n- Dung lượng pin: 4500 mAh\nKhuyến mãi: Không có khuyến mãi\n\nTên sản phẩm: nubia neo 2 8gb+12gb/256gb - chính hãng\nMàu: Màu Vàng, Bạc, Màu Đen\nGiá: 4,990,000 ₫\nThông số kỹ thuật: - Công nghệ màn hình: FHD+\n- Độ phân giải: 2400*1080px, Camera chính 50MP, F1.8, AF, Ống kính độ sâu 2MP, 16MP\n- Kích thước màn hình: 6.72 inch\n- Hệ điều hành: Android 13\n- Vi xử lý: Unisoc T820\n- Bộ nhớ trong: 256GB\n- RAM: 8GB + 12GB(Ảo)\n- Dung lượng pin: 5200mAh/6000mAh (typical value)\nKhuyến mãi: - KM 1\n- Tặng Tai nghe không dây Havit TW960\n- Chính Hãng trị giá 490.000\n\nTên sản phẩm: điện thoại xor titanium x2 ebony bundle - chính hãng\nMàu: Black\nGiá: 179,000,000 ₫\nThông số kỹ thuật: - Công nghệ màn hình: Kính màn hình: Sapphire\n- Hệ điều hành: Hệ điều hành XOR được xây dựng riêng biệt\nKhuyến mãi: - Giảm 5% không giới hạn khuyến mãi qua Homepaylater\n- Giảm 50% tối đa 700k khi mở thẻ tín dụng Vpbank trên SenID\n- Giảm 20% tối đa 500k khi mở thẻ tín dụng TPBank EVO']",Khuyến mãi cho điện thoại nothing phone 2 gồm: giảm 5% không giới hạn qua Homepaylater; giảm 50% tối đa 700k khi mở thẻ tín dụng Vpbank trên SenID; giảm 20% tối đa 500k khi mở thẻ tín dụng TPBank EVO.,"[{'statement': 'Điện thoại nothing phone 2 được giảm 5% không giới hạn qua Homepaylater.', 'reason': [""Ngữ cảnh cung cấp thông tin khuyến mãi cho 'điện thoại nothing phone 2' là 'Giảm 5% không giới hạn khuyến mãi qua Homepaylater'.""], 'verdict': 1}, {'statement': 'Điện thoại nothing phone 2 được giảm 50% tối đa 700k khi mở thẻ tín dụng Vpbank trên SenID.', 'reason': [""Ngữ cảnh cung cấp thông tin khuyến mãi cho 'điện thoại nothing phone 2' là 'Giảm 50% tối đa 700k khi mở thẻ tín dụng Vpbank trên SenID'.""], 'verdict': 1}, {'statement': 'Điện thoại nothing phone 2 được giảm 20% tối đa 500k khi mở thẻ tín dụng TPBank EVO.', 'reason': [""Ngữ cảnh cung cấp thông tin khuyến mãi cho 'điện thoại nothing phone 2' là 'Giảm 20% tối đa 500k khi mở thẻ tín dụng TPBank EVO'.""], 'verdict': 1}]",0.0,66.74,2025-08-20 17:11:40
106,Màn hình của điện thoại TCL 40 SE có công nghệ gì?,Công nghệ màn hình của điện thoại TCL 40 SE là IPS LCD.,"['Tên sản phẩm: điện thoại tcl 40 se (4gb/128gb) - chính hãng\nMàu: Màu Tím, Màu Xám\nGiá: 2,690,000 ₫\nThông số kỹ thuật: - Công nghệ màn hình: IPS LCD, 90Hz\n- Độ phân giải: HD+ (720 x 1600), Camera chính 50MP f/1.8, Camera chiều sâu 2MP f/2.4, Camera macro 2MP f/2.4, 8MP f/2.0\n- Kích thước màn hình: 6.75 inch\n- Hệ điều hành: Android 13\n- Vi xử lý: MediaTek Helio G37\n- Bộ nhớ trong: 128GB\n- RAM: 4GB\n- Mạng di động: 2G, 3G, 4G\n- Số khe SIM: 2 nano SIM\n- Dung lượng pin: 5010 mAh\nKhuyến mãi: - Giảm 5% không giới hạn khuyến mãi qua Homepaylater\n- Giảm 50% tối đa 700k khi mở thẻ tín dụng Vpbank trên SenID\n- Giảm 20% tối đa 500k khi mở thẻ tín dụng TPBank EVO\n- Giảm 1% tối đa 100.000đ khi thanh toán qua Zalopay\n\nTên sản phẩm: điện thoại tcl 40 se (6gb/256gb) - chính hãng\nMàu: Màu Tím, Màu Xám\nGiá: 2,990,000 ₫\nThông số kỹ thuật: - Công nghệ màn hình: IPS LCD, 90Hz\n- Độ phân giải: HD+ (720 x 1600), Camera chính 50MP f/1.8, Camera chiều sâu 2MP f/2.4, Camera macro 2MP f/2.4, 8MP f/2.0\n- Kích thước màn hình: 6.75 inch\n- Hệ điều hành: Android 13\n- Vi xử lý: MediaTek Helio G37\n- Bộ nhớ trong: 256GB\n- RAM: 6GB\n- Mạng di động: 2G, 3G, 4G\n- Số khe SIM: 2 nano SIM\n- Dung lượng pin: 5010 mAh\nKhuyến mãi: - Giảm 5% không giới hạn khuyến mãi qua Homepaylater\n- Giảm 50% tối đa 700k khi mở thẻ tín dụng Vpbank trên SenID\n- Giảm 20% tối đa 500k khi mở thẻ tín dụng TPBank EVO\n- Mở thẻ tín dụng VIB\n- Nhận Voucher 600.000đ\n- Giảm 1% tối đa 100.000đ khi thanh toán qua Zalopay\n\nTên sản phẩm: điện thoại di động tcl 30se - cruze pro - 4gb/128gb - chính hãng\nMàu: SPACE GREY, ATLANTIC BLUE, GLACIAL BLUE\nGiá: 2,490,000 ₫\nThông số kỹ thuật: - Công nghệ màn hình: IPS LCD\n- Độ phân giải: HD+ (720 x 1600 Pixels), Chính 50 MP & Phụ 2 MP, 2 MP, 8 MP\n- Hệ điều hành: Android 12\n- Vi xử lý: MediaTek Helio G25 8 nhân\n- Bộ nhớ trong: 128 GB\n- RAM: 4GB\n- Mạng di động: Hỗ trợ 4G\n- Số khe SIM: 2 Nano SIM\n- Dung lượng pin: 5000 mAh\nKhuyến mãi: - Giảm 5% không giới hạn khuyến mãi qua Homepaylater\n- Giảm 50% tối đa 700k khi mở thẻ tín dụng Vpbank trên SenID\n- Giảm 20% tối đa 500k khi mở thẻ tín dụng TPBank EVO\n- Giảm 1% tối đa 100.000đ khi thanh toán qua Zalopay\n\nTên sản phẩm: điện thoại tcl 406s (4gb/64gb) - chính hãng\nMàu: Màu Xám, Xanh Dương\nGiá: 1,990,000 ₫\nThông số kỹ thuật: - Công nghệ màn hình: IPS LCD\n- Độ phân giải: 720x1612, Camera chính 13MP f/2.2, Camera chiều sâu 2MP f/2.4, 5MP f/2.2\n- Kích thước màn hình: 6.6 inch\n- Hệ điều hành: Android 13\n- Vi xử lý: MediaTek Helio G25\n- Bộ nhớ trong: 64GB\n- RAM: 4GB\n- Mạng di động: 2G, 3G, 4G\n- Số khe SIM: 2 nano SIM\n- Dung lượng pin: 5000 mAh\nKhuyến mãi: - Giảm 5% không giới hạn khuyến mãi qua Homepaylater\n- Giảm 50% tối đa 700k khi mở thẻ tín dụng Vpbank trên SenID\n- Giảm 20% tối đa 500k khi mở thẻ tín dụng TPBank EVO\n- Giảm 1% tối đa 100.000đ khi thanh toán qua Zalopay']","Công nghệ màn hình của điện thoại TCL 40 SE là IPS LCD, tần số quét 90 Hz.","[{'statement': 'Công nghệ màn hình của điện thoại TCL 40 SE là IPS LCD.', 'reason': ['Trong ngữ cảnh, thông số kỹ thuật của cả hai phiên bản điện thoại TCL 40 SE (4GB/128GB và 6GB/256GB) đều ghi rõ ""Công nghệ màn hình: IPS LCD, 90Hz"".'], 'verdict': 1}, {'statement': 'Điện thoại TCL 40 SE có tần số quét 90 Hz.', 'reason': ['Trong ngữ cảnh, thông số kỹ thuật của cả hai phiên bản điện thoại TCL 40 SE (4GB/128GB và 6GB/256GB) đều ghi rõ ""Công nghệ màn hình: IPS LCD, 90Hz"".'], 'verdict': 1}]",0.0,13.89,2025-08-20 17:11:41
107,Điện thoại Xiaomi 14 có những chương trình khuyến mãi gì hiện tại?,"Điện thoại Xiaomi 14 hiện tại có chính sách khuyến mãi như sau: bảo hành chính hãng 24 tháng, bảo hiểm màn hình 6 tháng, tặng BH VipCare 1 đổi 1 với phí nhập lại là 1.400.000 đồng, thu cũ đổi mới lên đời Xiaomi 14 trợ giá tới 1 triệu đồng.","['Tên sản phẩm: điện thoại xiaomi 14 (12gb/256gb) - chính hãng\nMàu: Đen, Trắng, Xanh Lá\nGiá: 19,990,000 ₫\nThông số kỹ thuật: - Công nghệ màn hình: LTPO AMOLED 120Hz, AdaptiveSync Pro, Tần số quét màn hình 1-120Hz, Tốc độ lấy mẫu cảm ứng 240Hz, Tấm nền C8, Gam màu P3, Công nghệ TrueColor Display, Màn hình Pro HDR, Dolby Vision, HDR10+, HDR10, HLG, Chế độ đọc sách, Chế độ Sunlight, Được chứng nhận giảm ánh sáng xanh, chống nhấp nháy và thân thiện sinh học từ TUV Rheinland.\n- Độ phân giải: 1200x2670, Camera chính Leica 50MP f/1.6 23mm, Camera Telephoto Leica 50MP f/2.0 75mm, Camera góc siêu rộng Leica 50MP f/2.2 14mm, Camera trước 32MP f/2.0\n- Kích thước màn hình: 6.36 inch\n- Hệ điều hành: HyperOS\n- Vi xử lý: Qualcomm Snapdragon 8 Gen 3\n- Bộ nhớ trong: 256GB\n- RAM: 12GB\n- Mạng di động: 2G, 3G, 4G, 5G\n- Số khe SIM: 2 nano SIM\n- Dung lượng pin: 4610 mAh\nKhuyến mãi: - KM 1\n- Bảo hành chính hãng 24 tháng, bảo hiểm màn hình 6 tháng (Chính sách của hãng)\n- KM 2\n- Tặng BH VipCare 1 đổi 1 ( nhập lại 1.400.000)\n- KM 3\n- Thu cũ đổi mới lên đời Xiaomi 14, trợ giá tới 1 triệu đồng\n\nTên sản phẩm: điện thoại xiaomi 13t (12gb/256gb) - chính hãng\nMàu: Xanh Dương, Xanh Lá, Màu Đen\nGiá: 10,990,000 ₫\nThông số kỹ thuật: - Công nghệ màn hình: AMOLED, Tần số quét lên tới 144Hz, Tần số lấy mẫu cảm ứng lên tới 480Hz, Màn hình Pro HDR｜Dolby Vision ｜HDR10+ ｜HDR10, Độ phủ màu: DCI-P3 ｜68 tỉ màu ｜True Display, Màn hình chuẩn màu: JNCD≈ 0.39, Delta E≈ 0.39*\n- Độ phân giải: 1220 x 2712, Camera chính Leica: Sony IMX707 50MP f/1.9 OIS, Camera telephoto Leica: 50MP f/1.9, Camera góc siêu rộng Leica: 12MP f/2.2, 20MP f/2.2\n- Kích thước màn hình: 6.67 inch\n- Hệ điều hành: MIUI 14 trên nền tảng Android 13\n- Vi xử lý: MediaTek Dimensity 8200-Ultra\n- Bộ nhớ trong: 256GB\n- RAM: 12GB\n- Mạng di động: 2G, 3G, 4G, 5G\n- Số khe SIM: 2 nano SIM\n- Dung lượng pin: 5000 mAh\nKhuyến mãi: - Ưu đãi trả góp 0% qua Shinhan Finance hoặc Mirae Asset Finance\n- Giảm 5% không giới hạn khuyến mãi qua Homepaylater\n- Giảm thêm tới 700.000đ khi thanh toán qua Kredivo.\n- Giảm 50% tối đa 700k khi mở thẻ tín dụng Vpbank trên SenID\n- Giảm 20% tối đa 500k khi mở thẻ tín dụng TPBank EVO\n- Mở thẻ tín dụng VIB\n- Nhận Voucher 600.000đ\n\nTên sản phẩm: điện thoại xiaomi redmi 12 4gb/128gb\nMàu: Màu Đen, Bạc, Xanh Dương\nGiá: 2,990,000 ₫\nThông số kỹ thuật: - Độ phân giải: Full HD\n- Cổng kết nối: Type-C\n- Trọng lượng: 198.5g\nKhuyến mãi: - Ưu đãi trả góp 0% qua Shinhan Finance hoặc Mirae Asset Finance\n- Giảm 5% không giới hạn khuyến mãi qua Homepaylater\n- Giảm thêm tới 700.000đ khi thanh toán qua Kredivo.\n- Giảm 50% tối đa 700k khi mở thẻ tín dụng Vpbank trên SenID\n- Giảm 20% tối đa 500k khi mở thẻ tín dụng TPBank EVO\n- Mở thẻ tín dụng VIB\n- Nhận Voucher 600.000đ\n- Giảm 1% tối đa 100.000đ khi thanh toán qua Zalopay\n\nTên sản phẩm: xiaomi 14 ultra\nMàu: Màu Đen, Trắng\nGiá: 29,990,000 ₫\nThông số kỹ thuật: - Công nghệ màn hình: AMOLED\n- Độ phân giải: 3200 x 1440, 50MP, 32MP\n- Kích thước màn hình: 6.73 inch\n- Hệ điều hành: Xiaomi HyperOS\n- Vi xử lý: Snapdragon® 8 Gen 3\n- Bộ nhớ trong: 512GB\n- RAM: 16GB\n- Mạng di động: 5G\n- Số khe SIM: Dual SIM\n- Dung lượng pin: 5000mAh\nKhuyến mãi: - KM 1\n- Bảo hành chính hãng 24 tháng, bảo hiểm màn hình 6 tháng (Chính sách của hãng)\n- KM 2\n- Ưu đãi trả góp 0% qua thẻ tín dụng']","KM 1: Bảo hành chính hãng 24 tháng, bảo hiểm màn hình 6 tháng  
KM 2: Tặng BH VipCare 1 đổi 1 (điền lại 1.400.000)  
KM 3: Thu cũ đổi mới lên đời Xiaomi 14, trợ giá tới 1 triệu đồng","[{'statement': 'Điện thoại Xiaomi 14 có chương trình khuyến mãi bảo hành chính hãng 24 tháng.', 'reason': ['Trong phần khuyến mãi của điện thoại Xiaomi 14, văn bản có đề cập ""Bảo hành chính hãng 24 tháng"".'], 'verdict': 1}, {'statement': 'Điện thoại Xiaomi 14 có chương trình khuyến mãi bảo hiểm màn hình 6 tháng.', 'reason': ['Trong phần khuyến mãi của điện thoại Xiaomi 14, văn bản có đề cập ""bảo hiểm màn hình 6 tháng"".'], 'verdict': 1}, {'statement': 'Điện thoại Xiaomi 14 được tặng kèm gói bảo hiểm VipCare 1 đổi 1.', 'reason': ['Trong phần khuyến mãi của điện thoại Xiaomi 14, văn bản có đề cập ""Tặng BH VipCare 1 đổi 1"".'], 'verdict': 1}, {'statement': 'Khi tham gia chương trình thu cũ đổi mới để nâng cấp lên Xiaomi 14, khách hàng sẽ được trợ giá tới 1 triệu đồng.', 'reason': ['Trong phần khuyến mãi của điện thoại Xiaomi 14, văn bản có đề cập ""Thu cũ đổi mới lên đời Xiaomi 14, trợ giá tới 1 triệu đồng"".'], 'verdict': 1}]",0.0,24.08,2025-08-20 17:12:04
108,Điện thoại Oppo Find N3 Flip có ưu đãi gì khi mở thẻ tín dụng TPBank EVO?,"Khi mở thẻ tín dụng TPBank EVO, bạn sẽ nhận được ưu đãi giảm 20% tối đa 500.000 đồng khi mua điện thoại Oppo Find N3 Flip.","['Tên sản phẩm: điện thoại oppo find n3 flip (12gb/256gb) - chính hãng\nMàu: Màu Đen, Màu Vàng\nGiá: 19,990,000 ₫\nThông số kỹ thuật: - Công nghệ màn hình: Màn hình trong: AMOLED, 1-120Hz LTPO, HDR10+, Màn hình ngoài: AMOLED, 60Hz\n- Độ phân giải: Màn hình bên trong: 1080 x 2520, 403 PPI, Màn hình ngoài: 382 x 720, 250 PPI, Camera chính: 50MP IMX890 ƒ/1.8, FOV 84°, tiêu cự 24mm, OIS, Camera Tele: 32MP IMX709 ƒ/2.0, FOV 49°, tiêu cự 47mm, OIS, Camera góc siêu rộng: 48MP IMX581, ƒ/2.2, FOV 114°, tiêu cự 14mm, 32MP ƒ/2.4, FOV 90°, tiêu cự 21 mm\n- Kích thước màn hình: 6.80 inch, 3.26 inch\n- Hệ điều hành: ColorOS 13 trên nền tảng Android 13\n- Vi xử lý: MediaTek Dimensity 9200\n- Bộ nhớ trong: 256GB\n- RAM: 12GB\n- Mạng di động: 2G, 3G, 4G, 5G\n- Số khe SIM: 2 nano-SIM\n- Dung lượng pin: 4300 mAh\nKhuyến mãi: - Thu cũ đổi mới lên đời OPPO Find N3 series: Tiết kiệm lên tới 20 triệu đồng\n- Trả góp 0% với Home Credit.\n- Ưu đãi trả góp 0% qua Shinhan Finance hoặc Mirae Asset Finance\n- Giảm 5% không giới hạn khuyến mãi qua Homepaylater\n- Giảm thêm tới 700.000đ khi thanh toán qua Kredivo.\n- Giảm 50% tối đa 700k khi mở thẻ tín dụng Vpbank trên SenID\n- Giảm 20% tối đa 500k khi mở thẻ tín dụng TPBank EVO\n- Mở thẻ tín dụng VIB\n- Nhận Voucher 600.000đ\n\nTên sản phẩm: điện thoại oppo find n2 flip - chính hãng\nMàu: Màu Đen, Tím Đam Mê\nGiá: 16,990,000 ₫\nThông số kỹ thuật: - Công nghệ màn hình: AMOLED\n- Độ phân giải: Chính: FHD+ (2520 x 1080 Pixels) & Phụ: (720 x 382 Pixels), Chính 50 MP & Phụ 2 MP, 32 MP\n- Kích thước màn hình: 6.8 inch\n- Hệ điều hành: Android 13\n- Vi xử lý: MediaTek Dimensity 9000 8 nhân\n- Bộ nhớ trong: 256GB\n- RAM: 8GB\n- Mạng di động: Hỗ trợ 5G\n- Số khe SIM: 2 SIM (Nano-SIM)\n- Dung lượng pin: 4300 mAh\nKhuyến mãi: - Thu cũ đổi mới lên đời OPPO Find N3 series: Tiết kiệm lên tới 20 triệu đồng\n- Trả góp 0% với Home Credit.\n- Ưu đãi trả góp 0% qua Shinhan Finance hoặc Mirae Asset Finance\n- Giảm 5% không giới hạn khuyến mãi qua Homepaylater\n- Giảm thêm tới 700.000đ khi thanh toán qua Kredivo.\n- Giảm 50% tối đa 700k khi mở thẻ tín dụng Vpbank trên SenID\n- Giảm 20% tối đa 500k khi mở thẻ tín dụng TPBank EVO\n- Mở thẻ tín dụng VIB\n- Nhận Voucher 600.000đ\n\nTên sản phẩm: điện thoại oppo find n3 (16gb/512gb) - chính hãng\nMàu: Màu Vàng, Màu Đen\nGiá: 38,590,000 ₫\nThông số kỹ thuật: - Kích thước màn hình: 6.3″ & 7.8″\n- Độ phân giải: 48MP Wide (1/1.4’’ Sensor size OIS, F1.6), 64MP Tele (1/2’’ Sensor size 3x optical zoom OIS, F2.2), 48MP Ultra Wide (1/2’’ Sensor size F1.6)\n- Bộ nhớ trong: 512GB\n- RAM: 16GB\n- Dung lượng pin: 4805 mAh\nKhuyến mãi: - Thu cũ đổi mới lên đời OPPO Find N3 series: Tiết kiệm lên tới 20 triệu đồng\n- Trả góp 0% với Home Credit.\n- Ưu đãi trả góp 0% qua Shinhan Finance hoặc Mirae Asset Finance\n- Giảm 5% không giới hạn khuyến mãi qua Homepaylater\n- Giảm thêm tới 700.000đ khi thanh toán qua Kredivo.\n- Giảm 50% tối đa 700k khi mở thẻ tín dụng Vpbank trên SenID\n- Giảm 20% tối đa 500k khi mở thẻ tín dụng TPBank EVO\n- Mở thẻ tín dụng VIB\n- Nhận Voucher 600.000đ\n\nTên sản phẩm: điện thoại oppo a17k (3gb/64gb) - chính hãng\nMàu: Màu Vàng, Xanh\nGiá: 2,690,000 ₫\nThông số kỹ thuật: - Công nghệ màn hình: LCD\n- Độ phân giải: 720 x 1612 (HD+), 8 MP, 5 MP\n- Kích thước màn hình: 6.56  inch\n- Hệ điều hành: ColorOS 12.1.1, nền tảng Android 12\n- Vi xử lý: Helio G35, tối đa 2.3GHz\n- Bộ nhớ trong: 64GB\n- RAM: 3GB\n- Mạng di động: 2G, 3G, 4G\n- Số khe SIM: Dual nano-SIM\n- Dung lượng pin: 5000 mAh\nKhuyến mãi: - Trả góp 0% với Home Credit.\n- Giảm 5% không giới hạn khuyến mãi qua Homepaylater\n- Giảm 50% tối đa 700k khi mở thẻ tín dụng Vpbank trên SenID\n- Giảm 20% tối đa 500k khi mở thẻ tín dụng TPBank EVO\n- Giảm 1% tối đa 100.000đ khi thanh toán qua Zalopay']",Giảm 20% tối đa 500.000đ khi mở thẻ tín dụng TPBank EVO.,"[{'statement': 'Khách hàng được giảm 20% khi mở thẻ tín dụng TPBank EVO.', 'reason': [""The context, under the promotions for the Oppo Find N3 Flip, explicitly states 'Giảm 20% tối đa 500k khi mở thẻ tín dụng TPBank EVO', which confirms a 20% discount is available.""], 'verdict': 1}, {'statement': 'Mức giảm giá tối đa khi mở thẻ tín dụng TPBank EVO là 500.000đ.', 'reason': [""The context for the Oppo Find N3 Flip specifies the promotion as 'Giảm 20% tối đa 500k khi mở thẻ tín dụng TPBank EVO', where 'tối đa 500k' directly translates to a maximum discount of 500,000 VND.""], 'verdict': 1}]",0.0,27.51,2025-08-20 17:12:08
110,Kích thước màn hình của điện thoại xiaomi 12s ultra là bao nhiêu?,Kích thước màn hình của điện thoại xiaomi 12s ultra là 6.73 inch,"['Tên sản phẩm: điện thoại xiaomi 12s ultra\nMàu: Không có thông tin\nGiá: Giá: Liên hệ\nThông số kỹ thuật: - Công nghệ màn hình: AMOLED\n- Độ phân giải: 1440 x 3200 pixels (QHD+), Camera góc rộng: 50.3 MP, f/1.9, PDAF, OIS, Tele kính tiềm vọng: 48 MP, f / 4.1, PDAF, OIS, zoom quang 5x, Camera góc siêu rộng: 48 MP, f / 2.2, Camera góc rộng: 32 MP, f/2.5\n- Kích thước màn hình: 6.73  inch\n- Hệ điều hành: Android 12, MIUI 13\n- Vi xử lý: Snapdragon 8+ gen 1 (4 nm)\n- Bộ nhớ trong: 256 GB\n- RAM: 8GB\n- Số khe SIM: 2 SIM (Nano-SIM)\n- Dung lượng pin: 4860 mAh\nKhuyến mãi: - Giảm 5% không giới hạn khuyến mãi qua Homepaylater\n- Giảm 50% tối đa 700k khi mở thẻ tín dụng Vpbank trên SenID\n- Giảm 20% tối đa 500k khi mở thẻ tín dụng TPBank EVO\n\nTên sản phẩm: điện thoại xiaomi 12 - chính hãng\nMàu: Không có thông tin\nGiá: Không có thông tin\nThông số kỹ thuật: - Công nghệ màn hình: AMOLED, 1 tỷ màu, HDR10+, 120Hz, tỷ lệ 20:9, 6.28  inch, Full HD+ (1080 x 2400 pixels), Corning Gorilla Glass Victus, Cảm biến vân tay trong màn hình, Cảm ứng điện dung đa điểm\n- Độ phân giải: 1080 x 2400 pixels, 50 MP, f/1.9, 26mm (góc rộng), PDAF, OIS, 13 MP, f/2.4, 12mm, 123˚ (góc siêu rộng), 5 MP, 50mm (telephoto macro), AF, Quay phim: 8K@24fps (HDR10), 4K@30fps (HDR10+), 1080p@30/120/240/960fps, 720p@1920fps, gyro-EIS, 32 MP, 26mm (góc rộng), Quay phim: 1080p@30/60fps, 720p@120fps\n- Kích thước màn hình: 6.28  inch\n- Vi xử lý: Qualcomm SM8450 Snapdragon 8 Gen 1 (4 nm), 8 nhân (1x3.00 GHz & 3x2.50 GHz & 4x1.80 GHz), GPU: Adreno 730\n- Bộ nhớ trong: 256GB\n- RAM: 8GB\n- Mạng di động: 5G\n- Số khe SIM: 2 SIM, Nano SIM\n- Dung lượng pin: Li-Po 4500 mAh, Power Delivery 3.0, Quick Charge 4+\nKhuyến mãi: Không có khuyến mãi\n\nTên sản phẩm: xiaomi 14 ultra\nMàu: Màu Đen, Trắng\nGiá: 29,990,000 ₫\nThông số kỹ thuật: - Công nghệ màn hình: AMOLED\n- Độ phân giải: 3200 x 1440, 50MP, 32MP\n- Kích thước màn hình: 6.73 inch\n- Hệ điều hành: Xiaomi HyperOS\n- Vi xử lý: Snapdragon® 8 Gen 3\n- Bộ nhớ trong: 512GB\n- RAM: 16GB\n- Mạng di động: 5G\n- Số khe SIM: Dual SIM\n- Dung lượng pin: 5000mAh\nKhuyến mãi: - KM 1\n- Bảo hành chính hãng 24 tháng, bảo hiểm màn hình 6 tháng (Chính sách của hãng)\n- KM 2\n- Ưu đãi trả góp 0% qua thẻ tín dụng\n\nTên sản phẩm: điện thoại xiaomi redmi 12 8gb/128gb\nMàu: Bạc, Màu Đen, Xanh Dương\nGiá: 3,490,000 ₫\nThông số kỹ thuật: - Độ phân giải: Full HD, 2460 × 1080, 396ppi, Camera chính 50MP, - Khẩu độ f/1.8, Camera selfie 8MP, - f/2.1\n- Cổng kết nối: Type-C\n- Trọng lượng: 198.5g\n- Công nghệ màn hình: FHD+ LCD\n- Kích thước màn hình: 6.79 inch\n- Hệ điều hành: MIUI 14 trên nền Android 13\n- Vi xử lý: MediaTek Helio G88\n- Bộ nhớ trong: 128GB\n- RAM: 8GB\n- Số khe SIM: SIM1 + Khe kết hợp (SIM hoặc thẻ microSD)\n- Dung lượng pin: 5,000mAh (typ)4\nKhuyến mãi: - Ưu đãi trả góp 0% qua Shinhan Finance hoặc Mirae Asset Finance\n- Giảm 5% không giới hạn khuyến mãi qua Homepaylater\n- Giảm thêm tới 700.000đ khi thanh toán qua Kredivo.\n- Giảm 50% tối đa 700k khi mở thẻ tín dụng Vpbank trên SenID\n- Giảm 20% tối đa 500k khi mở thẻ tín dụng TPBank EVO\n- Mở thẻ tín dụng VIB\n- Nhận Voucher 600.000đ\n- Giảm 1% tối đa 100.000đ khi thanh toán qua Zalopay']",Kích thước màn hình của điện thoại Xiaomi 12S Ultra là 6.73 inch.,"[{'statement': 'Kích thước màn hình của điện thoại Xiaomi 12S Ultra là 6.73 inch.', 'reason': [""Trong phần thông tin của sản phẩm 'điện thoại xiaomi 12s ultra', ngữ cảnh có ghi rõ 'Kích thước màn hình: 6.73 inch'.""], 'verdict': 1}]",0.0,8.89,2025-08-20 17:12:14
109,Hệ điều hành nào điện thoại tcl 408 sử dụng?,Android 12,"['Tên sản phẩm: điện thoại tcl 408 (4gb/64gb) - chính hãng\nMàu: Xanh Dương, Màu Xám\nGiá: 2,090,000 ₫\nThông số kỹ thuật: - Công nghệ màn hình: IPS LCD\n- Độ phân giải: HD+ (720 x 1612), Camera chính 50MP f/1.8, Camera chiều sâu 2MP f/2.4, 8MP f/2.0\n- Kích thước màn hình: 6.6 inch\n- Hệ điều hành: Android 12\n- Vi xử lý: MediaTek MT6762\n- Bộ nhớ trong: 64GB\n- RAM: 4GB\n- Mạng di động: 2G, 3G, 4G\n- Số khe SIM: 2 nano SIM\n- Dung lượng pin: 5000 mAh\nKhuyến mãi: - Giảm 5% không giới hạn khuyến mãi qua Homepaylater\n- Giảm 50% tối đa 700k khi mở thẻ tín dụng Vpbank trên SenID\n- Giảm 20% tối đa 500k khi mở thẻ tín dụng TPBank EVO\n- Giảm 1% tối đa 100.000đ khi thanh toán qua Zalopay\n\nTên sản phẩm: điện thoại tcl 408 (4gb/128gb) - chính hãng\nMàu: Màu Xám, Xanh Dương\nGiá: 2,190,000 ₫\nThông số kỹ thuật: - Công nghệ màn hình: IPS LCD\n- Độ phân giải: HD+ (720 x 1612), Camera chính 50MP f/1.8, Camera chiều sâu 2MP f/2.4, 8MP f/2.0\n- Kích thước màn hình: 6.6 inch\n- Hệ điều hành: Android 12\n- Vi xử lý: MediaTek MT6762\n- Bộ nhớ trong: 128GB\n- RAM: 4GB\n- Mạng di động: 2G, 3G, 4G\n- Số khe SIM: 2 nano SIM\n- Dung lượng pin: 5000 mAh\nKhuyến mãi: - Giảm 5% không giới hạn khuyến mãi qua Homepaylater\n- Giảm 50% tối đa 700k khi mở thẻ tín dụng Vpbank trên SenID\n- Giảm 20% tối đa 500k khi mở thẻ tín dụng TPBank EVO\n- Giảm 1% tối đa 100.000đ khi thanh toán qua Zalopay\n\nTên sản phẩm: điện thoại tcl 406s (4gb/64gb) - chính hãng\nMàu: Màu Xám, Xanh Dương\nGiá: 1,990,000 ₫\nThông số kỹ thuật: - Công nghệ màn hình: IPS LCD\n- Độ phân giải: 720x1612, Camera chính 13MP f/2.2, Camera chiều sâu 2MP f/2.4, 5MP f/2.2\n- Kích thước màn hình: 6.6 inch\n- Hệ điều hành: Android 13\n- Vi xử lý: MediaTek Helio G25\n- Bộ nhớ trong: 64GB\n- RAM: 4GB\n- Mạng di động: 2G, 3G, 4G\n- Số khe SIM: 2 nano SIM\n- Dung lượng pin: 5000 mAh\nKhuyến mãi: - Giảm 5% không giới hạn khuyến mãi qua Homepaylater\n- Giảm 50% tối đa 700k khi mở thẻ tín dụng Vpbank trên SenID\n- Giảm 20% tối đa 500k khi mở thẻ tín dụng TPBank EVO\n- Giảm 1% tối đa 100.000đ khi thanh toán qua Zalopay\n\nTên sản phẩm: điện thoại tcl 40 se (4gb/128gb) - chính hãng\nMàu: Màu Tím, Màu Xám\nGiá: 2,690,000 ₫\nThông số kỹ thuật: - Công nghệ màn hình: IPS LCD, 90Hz\n- Độ phân giải: HD+ (720 x 1600), Camera chính 50MP f/1.8, Camera chiều sâu 2MP f/2.4, Camera macro 2MP f/2.4, 8MP f/2.0\n- Kích thước màn hình: 6.75 inch\n- Hệ điều hành: Android 13\n- Vi xử lý: MediaTek Helio G37\n- Bộ nhớ trong: 128GB\n- RAM: 4GB\n- Mạng di động: 2G, 3G, 4G\n- Số khe SIM: 2 nano SIM\n- Dung lượng pin: 5010 mAh\nKhuyến mãi: - Giảm 5% không giới hạn khuyến mãi qua Homepaylater\n- Giảm 50% tối đa 700k khi mở thẻ tín dụng Vpbank trên SenID\n- Giảm 20% tối đa 500k khi mở thẻ tín dụng TPBank EVO\n- Giảm 1% tối đa 100.000đ khi thanh toán qua Zalopay']",Hệ điều hành Android 12.,"[{'statement': 'Điện thoại tcl 408 sử dụng hệ điều hành Android 12.', 'reason': [""Trong phần thông số kỹ thuật của 'điện thoại tcl 408 (4gb/64gb)' và 'điện thoại tcl 408 (4gb/128gb)', đều ghi rõ 'Hệ điều hành: Android 12'.""], 'verdict': 1}]",0.0,34.5,2025-08-20 17:12:17
111,Hệ điều hành của oppo reno10 pro plus là gì?,Android 13,"['Tên sản phẩm: oppo reno10 pro plus - chính hãng\nMàu: Không có thông tin\nGiá: Giá: Liên hệ\nThông số kỹ thuật: - Công nghệ màn hình: AMOLED\n- Độ phân giải: 1.5K+ (1240 x 2772 Pixels), Chính 50 MP & Phụ 64 MP, 8 MP, 32 MP\n- Kích thước màn hình: 6.7 inch\n- Hệ điều hành: Android 13\n- Vi xử lý: Snapdragon 8+ Gen 1 8 nhân\n- Bộ nhớ trong: 256 GB\n- RAM: 12GB\n- Mạng di động: Hỗ trợ 5G\n- Số khe SIM: 2 Nano SIM\n- Dung lượng pin: 4700 mAh\nKhuyến mãi: - Giảm 5% không giới hạn khuyến mãi qua Homepaylater\n- Giảm 50% tối đa 700k khi mở thẻ tín dụng Vpbank trên SenID\n- Giảm 20% tối đa 500k khi mở thẻ tín dụng TPBank EVO\n\nTên sản phẩm: oppo reno10 pro - chính hãng\nMàu: Không có thông tin\nGiá: Giá: Liên hệ\nThông số kỹ thuật: - Công nghệ màn hình: AMOLED\n- Độ phân giải: 2412 x 1080 pixels, Camera góc rộng: 50 MP, f/1.8, OIS, Chụp xa: 32 MP, f/2.0, 2x optical zoom, Camera góc siêu rộng: 8 MP, f/2.2, Camera góc rộng: 32 MP, f/2.4\n- Kích thước màn hình: 6.7  inch\n- Hệ điều hành: Android 13\n- Vi xử lý: Snapdragon 778G 5G 8 nhân\n- Bộ nhớ trong: 256 GB\n- RAM: 12GB\n- Mạng di động: Hỗ trợ 5G\n- Số khe SIM: 2 SIM (Nano-SIM)\n- Dung lượng pin: 4600 mAh\nKhuyến mãi: - Giảm 5% không giới hạn khuyến mãi qua Homepaylater\n- Giảm 50% tối đa 700k khi mở thẻ tín dụng Vpbank trên SenID\n- Giảm 20% tối đa 500k khi mở thẻ tín dụng TPBank EVO\n\nTên sản phẩm: điện thoại oppo reno10 5g (8gb/256gb) - chính hãng\nMàu: Xanh Dương, Màu Xám\nGiá: 8,990,000 ₫\nThông số kỹ thuật: - Công nghệ màn hình: 3D AMOLED, Tỉ lệ màn hình: 93.0%, Chế độ sống động: 100% DCI-P3, Chế độ bình thường: 100% sRGB, Màn hình 1.07 tỷ màu (10 bit)\n- Độ phân giải: FHD+ (1080 x 2412), Camera chính: 64MP; f/1.7; FOV 81°; ống kinh 6P; hỗ trợ AF; sử dụng động cơ vòng lặp mở., Telephoto: 32MP; f/2.0; FOV 49°; ống kính 6P; hỗ trợ AF; sử dụng động cơ vòng lặp mở., Góc mở rộng: 8MP; f/2.2; FOV 112°; ống kính 5P, cố định tiêu cự., Hỗ trợ 2x zoom quang học hybrid và 20x zoom kỹ thuật số., 32MP; f/2.4; FOV 89°; ống kính 5P lens, không hỗ trợ AF hay OIS\n- Kích thước màn hình: 6.7 inch\n- Hệ điều hành: ColorOS 13.1 trên nền tảng Android 13\n- Vi xử lý: MediaTek Dimensity 7050\n- Bộ nhớ trong: 256GB\n- RAM: 8GB\n- Mạng di động: 2G, 3G, 4G, 5G\n- Số khe SIM: 2 nano SIM\n- Dung lượng pin: 5000 mAh\nKhuyến mãi: - Thu cũ đổi mới lên đời OPPO Find N3 series: Tiết kiệm lên tới 20 triệu đồng\n- Trả góp 0% với Home Credit.\n- Ưu đãi trả góp 0% qua Shinhan Finance hoặc Mirae Asset Finance\n- Giảm 5% không giới hạn khuyến mãi qua Homepaylater\n- Giảm thêm tới 700.000đ khi thanh toán qua Kredivo.\n- Giảm 50% tối đa 700k khi mở thẻ tín dụng Vpbank trên SenID\n- Giảm 20% tối đa 500k khi mở thẻ tín dụng TPBank EVO\n- Mở thẻ tín dụng VIB\n- Nhận Voucher 600.000đ\n- Giảm 1% tối đa 100.000đ khi thanh toán qua Zalopay\n\nTên sản phẩm: điện thoại oppo reno10 5g (8gb/128gb) - chính hãng\nMàu: Xanh Dương\nGiá: 7,890,000 ₫\nThông số kỹ thuật: - Công nghệ màn hình: 3D AMOLED, Tỉ lệ màn hình: 93.0%, Chế độ sống động: 100% DCI-P3, Chế độ bình thường: 100% sRGB, Màn hình 1.07 tỷ màu (10 bit)\n- Độ phân giải: FHD+ (1080 x 2412), Camera chính: 64MP; f/1.7; FOV 81°; ống kinh 6P; hỗ trợ AF; sử dụng động cơ vòng lặp mở., Telephoto: 32MP; f/2.0; FOV 49°; ống kính 6P; hỗ trợ AF; sử dụng động cơ vòng lặp mở., Góc mở rộng: 8MP; f/2.2; FOV 112°; ống kính 5P, cố định tiêu cự., Hỗ trợ 2x zoom quang học hybrid và 20x zoom kỹ thuật số., 32MP; f/2.4; FOV 89°; ống kính 5P lens, không hỗ trợ AF hay OIS\n- Kích thước màn hình: 6.7 inch\n- Hệ điều hành: ColorOS 13.1 trên nền tảng Android 13\n- Vi xử lý: MediaTek Dimensity 7050\n- Bộ nhớ trong: 128GB\n- RAM: 8GB\n- Mạng di động: 2G, 3G, 4G, 5G\n- Số khe SIM: 2 nano SIM\n- Dung lượng pin: 5000 mAh\nKhuyến mãi: - Thu cũ đổi mới lên đời OPPO Find N3 series: Tiết kiệm lên tới 20 triệu đồng\n- Trả góp 0% với Home Credit.\n- Ưu đãi trả góp 0% qua Shinhan Finance hoặc Mirae Asset Finance\n- Giảm 5% không giới hạn khuyến mãi qua Homepaylater\n- Giảm thêm tới 700.000đ khi thanh toán qua Kredivo.\n- Giảm 50% tối đa 700k khi mở thẻ tín dụng Vpbank trên SenID\n- Giảm 20% tối đa 500k khi mở thẻ tín dụng TPBank EVO\n- Mở thẻ tín dụng VIB\n- Nhận Voucher 600.000đ\n- Giảm 1% tối đa 100.000đ khi thanh toán qua Zalopay']",Hệ điều hành của Oppo Reno10 Pro Plus là Android 13.,"[{'statement': 'Hệ điều hành của Oppo Reno10 Pro Plus là Android 13.', 'reason': [""Trong ngữ cảnh có đề cập đến sản phẩm 'oppo reno10 pro plus - chính hãng' với thông số kỹ thuật 'Hệ điều hành: Android 13'.""], 'verdict': 1}]",0.0,12.38,2025-08-20 17:12:21
113,Điện thoại oppo a58 có bộ nhớ trong bao nhiêu GB?,Điện thoại Oppo A58 có bộ nhớ trong 128GB.,"['Tên sản phẩm: điện thoại oppo a58 (6gb/128gb) - chính hãng\nMàu: Xanh, Màu Đen\nGiá: 4,590,000 ₫\nThông số kỹ thuật: - Công nghệ màn hình: Màn hình đục lỗ | LCD\n- Độ phân giải: 1080 x 2400 (FHD+), 50 MP (chính) + 2 MP (Xóa phông), F/1.8 + F/2.4, 8 MP\n- Kích thước màn hình: 6.72  inch\n- Hệ điều hành: ColorOS 13.1, nền tảng Android 13\n- Vi xử lý: Helio G85, tối đa 2.0GHz\n- Bộ nhớ trong: 128GB\n- RAM: 6GB\n- Mạng di động: 4G\n- Số khe SIM: Dual nano-SIM + 1 thẻ nhớ\n- Dung lượng pin: 5000 mAh\nKhuyến mãi: - KM 1\n- Tặng phiếu mua hàng 200.000đ\n\nTên sản phẩm: điện thoại oppo a18 4gb/128gb - chính hãng\nMàu: Xanh, Màu Đen\nGiá: 3,690,000 ₫\nThông số kỹ thuật: - Công nghệ màn hình: IPS LCD\n- Độ phân giải: HD+ (720 x 1612 Pixels), Chính 8 MP & Phụ 2 MP, 5 MP\n- Kích thước màn hình: 6.56 inch\n- Hệ điều hành: Android 13\n- Vi xử lý: MediaTek Helio G85 8 nhân\n- Bộ nhớ trong: 128 GB\n- RAM: 4GB\n- Mạng di động: Hỗ trợ 4G\n- Số khe SIM: 2 Nano SIM\n- Dung lượng pin: 5000 mAh\nKhuyến mãi: - KM 1\n- Tặng phiếu mua hàng 200.000đ\n\nTên sản phẩm: điện thoại oppo a78 - 8gb/256gb - chính hãng\nMàu: Xanh, Màu Đen\nGiá: 6,590,000 ₫\nThông số kỹ thuật: - Công nghệ màn hình: 90Hz, AMOLED\n- Độ phân giải: 1080 x 2400 (FHD+), 50 MP (chính) + 2 MP (Xóa phông) - (F/1.8 + F/2.4), 8 MP (F/2.0)\n- Kích thước màn hình: 6.4 inch\n- Hệ điều hành: ColorOS 13.1.1, nền tảng Android 13\n- Vi xử lý: Qualcomm Qualcomm Snapdragon 680, tối đa 2.4GHz\n- Bộ nhớ trong: 256GB\n- RAM: 8GB\n- Mạng di động: GSM: 850/900/1800/1900, WCDMA: 850/900/2100, LTE: Band 1/3/5/7/8/20/28/38/40/41\n- Số khe SIM: Dual nano-SIM + 1 thẻ nhớ\n- Dung lượng pin: 5000 mAh\nKhuyến mãi: - KM 1\n- Tặng phiếu mua hàng 300.000đ.\n\nTên sản phẩm: oppo a53 - 4gb/128gb - chính hãng\nMàu: Không có thông tin\nGiá: Không có thông tin\nThông số kỹ thuật: - Công nghệ màn hình: IPS LCD\n- Độ phân giải: HD+ (720 x 1600 Pixels), Chính 13 MP & Phụ 2 MP, 2 MP, 16 MP\n- Kích thước màn hình: 6.5 inch\n- Bộ nhớ trong: 128 GB\n- RAM: 4GB\n- Mạng di động: Hỗ trợ 4G\n- Số khe SIM: 2 Nano SIM\n- Dung lượng pin: 5000 mAh\nKhuyến mãi: Không có khuyến mãi']",Bộ nhớ trong của điện thoại Oppo A58 là 128GB.,"[{'statement': 'Điện thoại Oppo A58 có bộ nhớ trong là 128GB.', 'reason': [""The context provides information for 'điện thoại oppo a58 (6gb/128gb)' and in its technical specifications, it lists 'Bộ nhớ trong: 128GB'.""], 'verdict': 1}]",0.0,10.22,2025-08-20 17:12:28
112,Điện thoại nubia red magic 8 pro sử dụng hệ điều hành nào?,Nubia Red Magic 8 Pro sử dụng hệ điều hành Android 13.,"['Tên sản phẩm: điện thoại nubia red magic 8 pro\nMàu: Không có thông tin\nGiá: Giá: Liên hệ\nThông số kỹ thuật: - Công nghệ màn hình: AMOLED\n- Độ phân giải: 1116 x 2480 pixels, Camera góc rộng: 50MP, f/1.8, 1/1.57 inch, 1.0µm, PDAF, Camera góc siêu rộng: 8MP, f/2.2, 120˚, 13mm, 1/4.0 inch, 1.12µm, Camera macro: 2 MP, f/2.4, Camera góc rộng: 16MP\n- Kích thước màn hình: 6.8 inch\n- Hệ điều hành: Android 13\n- Vi xử lý: Snapdragon 8 Gen 2 (4 nm)\n- Bộ nhớ trong: 128 GB\n- RAM: 8GB\n- Mạng di động: 5G\n- Số khe SIM: 2 SIM (Nano-SIM)\n- Dung lượng pin: 6000 mAh\nKhuyến mãi: - Giảm 5% không giới hạn khuyến mãi qua Homepaylater\n- Giảm 50% tối đa 700k khi mở thẻ tín dụng Vpbank trên SenID\n- Giảm 20% tối đa 500k khi mở thẻ tín dụng TPBank EVO\n\nTên sản phẩm: điện thoại nubia redmagic 7 pusar 16gb 256gb - chính hãng\nMàu: PUSAR\nGiá: 18,990,000 ₫\nThông số kỹ thuật: Không có thông tin\nKhuyến mãi: - Ưu đãi trả góp 0% qua Shinhan Finance hoặc Mirae Asset Finance\n- Giảm 5% không giới hạn khuyến mãi qua Homepaylater\n- Giảm thêm tới 700.000đ khi thanh toán qua Kredivo.\n- Giảm 50% tối đa 700k khi mở thẻ tín dụng Vpbank trên SenID\n- Giảm 20% tối đa 500k khi mở thẻ tín dụng TPBank EVO\n- Mở thẻ tín dụng VIB\n- Nhận Voucher 600.000đ\n\nTên sản phẩm: nubia redmagic 7 obsidian 12gb 128gb - chính hãng\nMàu: OBSIDIAN\nGiá: 15,990,000 ₫\nThông số kỹ thuật: Không có thông tin\nKhuyến mãi: - Ưu đãi trả góp 0% qua Shinhan Finance hoặc Mirae Asset Finance\n- Giảm 5% không giới hạn khuyến mãi qua Homepaylater\n- Giảm thêm tới 700.000đ khi thanh toán qua Kredivo.\n- Giảm 50% tối đa 700k khi mở thẻ tín dụng Vpbank trên SenID\n- Giảm 20% tối đa 500k khi mở thẻ tín dụng TPBank EVO\n- Mở thẻ tín dụng VIB\n- Nhận Voucher 600.000đ\n\nTên sản phẩm: điện thoại nubia neo 5g 8gb/256gb - chính hãng\nMàu: Màu Vàng, Màu Đen\nGiá: 4,290,000 ₫\nThông số kỹ thuật: - Công nghệ màn hình: ISP LCD, 120Hz\n- Độ phân giải: Full HD+ (1080 x 2408 pixels), 50 MP (góc rộng), 2 MP, 8 MP\n- Kích thước màn hình: 6.6  inch\n- Vi xử lý: Unisoc T820\n- Bộ nhớ trong: 256GB, UFS 2.2\n- RAM: 8GB\n- Số khe SIM: 2 SIM, Nano SIM\n- Dung lượng pin: 4500 mAh\nKhuyến mãi: - KM 1\n- Sản phẩm đang thuộc chương trình Flash sale (Số lượng có hạn)']",Hệ điều hành Android 13.,"[{'statement': 'Điện thoại nubia red magic 8 pro sử dụng hệ điều hành Android 13.', 'reason': [""Trong phần thông số kỹ thuật của sản phẩm 'điện thoại nubia red magic 8 pro', ngữ cảnh đã đề cập rõ ràng rằng hệ điều hành là Android 13.""], 'verdict': 1}]",0.0,13.88,2025-08-20 17:12:29
114,Hệ điều hành nào điện thoại nokia c21 plus sử dụng?,Hệ điều hành của điện thoại Nokia C21 Plus là Android 11 (Go Edition).,"['Tên sản phẩm: điện thoại nokia c21 plus (3gb/32gb) - chính hãng\nMàu: Không có thông tin\nGiá: Không có thông tin\nThông số kỹ thuật: - Độ phân giải: HD+ (720 x 1600 Pixels), Chính 13 MP & Phụ 2 MP\n- Hệ điều hành: Android 11 (Go Edition)\n- Vi xử lý: Spreadtrum SC9863A 8 nhân\n- Bộ nhớ trong: 32 GB\n- RAM: 3GB\n- Mạng di động: Hỗ trợ 4G\n- Số khe SIM: 2 Nano SIM\n- Dung lượng pin: 5050 mAh\nKhuyến mãi: Không có khuyến mãi\n\nTên sản phẩm: điện thoại nokia c21 plus (2gb/32gb) - chính hãng\nMàu: Không có thông tin\nGiá: Không có thông tin\nThông số kỹ thuật: - Công nghệ màn hình: TFT LCD\n- Độ phân giải: HD+ (720 x 1600 Pixels), Chính 13 MP & Phụ 2 MP\n- Hệ điều hành: Android 11 (Go Edition)\n- Vi xử lý: Spreadtrum SC9863A 8 nhân\n- Bộ nhớ trong: 32GB\n- RAM: 2GB\n- Mạng di động: Hỗ trợ 4G\n- Số khe SIM: 2 Nano SIM\n- Dung lượng pin: 4000 mAh\nKhuyến mãi: Không có khuyến mãi\n\nTên sản phẩm: điện thoại nokia c21 plus (2gb/64gb) - chính hãng\nMàu: Không có thông tin\nGiá: Không có thông tin\nThông số kỹ thuật: - Công nghệ màn hình: Đang cập nhật\n- Độ phân giải: HD+ (720 x 1600 Pixels), Chính 13 MP & Phụ 2 MP\n- Hệ điều hành: Android 11 (Go Edition)\n- Vi xử lý: Spreadtrum SC9863A 8 nhân\n- Bộ nhớ trong: 64 GB\n- RAM: 2GB\n- Mạng di động: Hỗ trợ 4G\n- Số khe SIM: 2 Nano SIM\n- Dung lượng pin: 5050 mAh\nKhuyến mãi: Không có khuyến mãi\n\nTên sản phẩm: điện thoại nokia c21 plus (3gb/64gb) - chính hãng\nMàu: Không có thông tin\nGiá: Không có thông tin\nThông số kỹ thuật: - Công nghệ màn hình: Đang cập nhật\n- Độ phân giải: HD+ (720 x 1600 Pixels), Chính 13 MP & Phụ 2 MP\n- Hệ điều hành: Android 11 (Go Edition)\n- Vi xử lý: Spreadtrum SC9863A 8 nhân\n- Bộ nhớ trong: 64 GB\n- RAM: 3GB\n- Mạng di động: Hỗ trợ 4G\n- Số khe SIM: 2 Nano SIM\n- Dung lượng pin: 5050 mAh\nKhuyến mãi: Không có khuyến mãi']",Hệ điều hành của điện thoại Nokia C21 Plus là Android 11 (Go Edition).,"[{'statement': 'Hệ điều hành của điện thoại Nokia C21 Plus là Android 11 (Go Edition).', 'reason': ['Thông tin này được xác nhận trong phần thông số kỹ thuật của cả bốn phiên bản điện thoại Nokia C21 Plus được liệt kê trong ngữ cảnh, tất cả đều ghi ""Hệ điều hành: Android 11 (Go Edition)"".'], 'verdict': 1}]",0.0,12.12,2025-08-20 17:12:35
117,Oppo Reno10 Pro sử dụng vi xử lý nào?,Oppo Reno10 Pro sử dụng vi xử lý Snapdragon 778G 5G 8 nhân.,"['Tên sản phẩm: oppo reno10 pro - chính hãng\nMàu: Không có thông tin\nGiá: Giá: Liên hệ\nThông số kỹ thuật: - Công nghệ màn hình: AMOLED\n- Độ phân giải: 2412 x 1080 pixels, Camera góc rộng: 50 MP, f/1.8, OIS, Chụp xa: 32 MP, f/2.0, 2x optical zoom, Camera góc siêu rộng: 8 MP, f/2.2, Camera góc rộng: 32 MP, f/2.4\n- Kích thước màn hình: 6.7  inch\n- Hệ điều hành: Android 13\n- Vi xử lý: Snapdragon 778G 5G 8 nhân\n- Bộ nhớ trong: 256 GB\n- RAM: 12GB\n- Mạng di động: Hỗ trợ 5G\n- Số khe SIM: 2 SIM (Nano-SIM)\n- Dung lượng pin: 4600 mAh\nKhuyến mãi: - Giảm 5% không giới hạn khuyến mãi qua Homepaylater\n- Giảm 50% tối đa 700k khi mở thẻ tín dụng Vpbank trên SenID\n- Giảm 20% tối đa 500k khi mở thẻ tín dụng TPBank EVO\n\nTên sản phẩm: oppo reno10 pro plus - chính hãng\nMàu: Không có thông tin\nGiá: Giá: Liên hệ\nThông số kỹ thuật: - Công nghệ màn hình: AMOLED\n- Độ phân giải: 1.5K+ (1240 x 2772 Pixels), Chính 50 MP & Phụ 64 MP, 8 MP, 32 MP\n- Kích thước màn hình: 6.7 inch\n- Hệ điều hành: Android 13\n- Vi xử lý: Snapdragon 8+ Gen 1 8 nhân\n- Bộ nhớ trong: 256 GB\n- RAM: 12GB\n- Mạng di động: Hỗ trợ 5G\n- Số khe SIM: 2 Nano SIM\n- Dung lượng pin: 4700 mAh\nKhuyến mãi: - Giảm 5% không giới hạn khuyến mãi qua Homepaylater\n- Giảm 50% tối đa 700k khi mở thẻ tín dụng Vpbank trên SenID\n- Giảm 20% tối đa 500k khi mở thẻ tín dụng TPBank EVO\n\nTên sản phẩm: điện thoại oppo reno10 5g (8gb/256gb) - chính hãng\nMàu: Xanh Dương, Màu Xám\nGiá: 8,990,000 ₫\nThông số kỹ thuật: - Công nghệ màn hình: 3D AMOLED, Tỉ lệ màn hình: 93.0%, Chế độ sống động: 100% DCI-P3, Chế độ bình thường: 100% sRGB, Màn hình 1.07 tỷ màu (10 bit)\n- Độ phân giải: FHD+ (1080 x 2412), Camera chính: 64MP; f/1.7; FOV 81°; ống kinh 6P; hỗ trợ AF; sử dụng động cơ vòng lặp mở., Telephoto: 32MP; f/2.0; FOV 49°; ống kính 6P; hỗ trợ AF; sử dụng động cơ vòng lặp mở., Góc mở rộng: 8MP; f/2.2; FOV 112°; ống kính 5P, cố định tiêu cự., Hỗ trợ 2x zoom quang học hybrid và 20x zoom kỹ thuật số., 32MP; f/2.4; FOV 89°; ống kính 5P lens, không hỗ trợ AF hay OIS\n- Kích thước màn hình: 6.7 inch\n- Hệ điều hành: ColorOS 13.1 trên nền tảng Android 13\n- Vi xử lý: MediaTek Dimensity 7050\n- Bộ nhớ trong: 256GB\n- RAM: 8GB\n- Mạng di động: 2G, 3G, 4G, 5G\n- Số khe SIM: 2 nano SIM\n- Dung lượng pin: 5000 mAh\nKhuyến mãi: - Thu cũ đổi mới lên đời OPPO Find N3 series: Tiết kiệm lên tới 20 triệu đồng\n- Trả góp 0% với Home Credit.\n- Ưu đãi trả góp 0% qua Shinhan Finance hoặc Mirae Asset Finance\n- Giảm 5% không giới hạn khuyến mãi qua Homepaylater\n- Giảm thêm tới 700.000đ khi thanh toán qua Kredivo.\n- Giảm 50% tối đa 700k khi mở thẻ tín dụng Vpbank trên SenID\n- Giảm 20% tối đa 500k khi mở thẻ tín dụng TPBank EVO\n- Mở thẻ tín dụng VIB\n- Nhận Voucher 600.000đ\n- Giảm 1% tối đa 100.000đ khi thanh toán qua Zalopay\n\nTên sản phẩm: điện thoại oppo reno10 5g (8gb/128gb) - chính hãng\nMàu: Xanh Dương\nGiá: 7,890,000 ₫\nThông số kỹ thuật: - Công nghệ màn hình: 3D AMOLED, Tỉ lệ màn hình: 93.0%, Chế độ sống động: 100% DCI-P3, Chế độ bình thường: 100% sRGB, Màn hình 1.07 tỷ màu (10 bit)\n- Độ phân giải: FHD+ (1080 x 2412), Camera chính: 64MP; f/1.7; FOV 81°; ống kinh 6P; hỗ trợ AF; sử dụng động cơ vòng lặp mở., Telephoto: 32MP; f/2.0; FOV 49°; ống kính 6P; hỗ trợ AF; sử dụng động cơ vòng lặp mở., Góc mở rộng: 8MP; f/2.2; FOV 112°; ống kính 5P, cố định tiêu cự., Hỗ trợ 2x zoom quang học hybrid và 20x zoom kỹ thuật số., 32MP; f/2.4; FOV 89°; ống kính 5P lens, không hỗ trợ AF hay OIS\n- Kích thước màn hình: 6.7 inch\n- Hệ điều hành: ColorOS 13.1 trên nền tảng Android 13\n- Vi xử lý: MediaTek Dimensity 7050\n- Bộ nhớ trong: 128GB\n- RAM: 8GB\n- Mạng di động: 2G, 3G, 4G, 5G\n- Số khe SIM: 2 nano SIM\n- Dung lượng pin: 5000 mAh\nKhuyến mãi: - Thu cũ đổi mới lên đời OPPO Find N3 series: Tiết kiệm lên tới 20 triệu đồng\n- Trả góp 0% với Home Credit.\n- Ưu đãi trả góp 0% qua Shinhan Finance hoặc Mirae Asset Finance\n- Giảm 5% không giới hạn khuyến mãi qua Homepaylater\n- Giảm thêm tới 700.000đ khi thanh toán qua Kredivo.\n- Giảm 50% tối đa 700k khi mở thẻ tín dụng Vpbank trên SenID\n- Giảm 20% tối đa 500k khi mở thẻ tín dụng TPBank EVO\n- Mở thẻ tín dụng VIB\n- Nhận Voucher 600.000đ\n- Giảm 1% tối đa 100.000đ khi thanh toán qua Zalopay']",Oppo Reno10 Pro sử dụng vi xử lý Snapdragon 778G 5G với 8 nhân.,"[{'statement': 'Oppo Reno10 Pro sử dụng vi xử lý Snapdragon 778G 5G với 8 nhân.', 'reason': [""Trong thông tin về sản phẩm 'oppo reno10 pro - chính hãng', mục 'Vi xử lý' ghi rõ là 'Snapdragon 778G 5G 8 nhân'.""], 'verdict': 1}]",0.0,36.21,2025-08-20 17:13:12
115,Camera của xiaomi 14 ultra có độ phân giải bao nhiêu?,Camera của xiaomi 14 ultra có độ phân giải 50MP.,"['Tên sản phẩm: xiaomi 14 ultra\nMàu: Màu Đen, Trắng\nGiá: 29,990,000 ₫\nThông số kỹ thuật: - Công nghệ màn hình: AMOLED\n- Độ phân giải: 3200 x 1440, 50MP, 32MP\n- Kích thước màn hình: 6.73 inch\n- Hệ điều hành: Xiaomi HyperOS\n- Vi xử lý: Snapdragon® 8 Gen 3\n- Bộ nhớ trong: 512GB\n- RAM: 16GB\n- Mạng di động: 5G\n- Số khe SIM: Dual SIM\n- Dung lượng pin: 5000mAh\nKhuyến mãi: - KM 1\n- Bảo hành chính hãng 24 tháng, bảo hiểm màn hình 6 tháng (Chính sách của hãng)\n- KM 2\n- Ưu đãi trả góp 0% qua thẻ tín dụng\n\nTên sản phẩm: điện thoại xiaomi 14 (12gb/256gb) - chính hãng\nMàu: Đen, Trắng, Xanh Lá\nGiá: 19,990,000 ₫\nThông số kỹ thuật: - Công nghệ màn hình: LTPO AMOLED 120Hz, AdaptiveSync Pro, Tần số quét màn hình 1-120Hz, Tốc độ lấy mẫu cảm ứng 240Hz, Tấm nền C8, Gam màu P3, Công nghệ TrueColor Display, Màn hình Pro HDR, Dolby Vision, HDR10+, HDR10, HLG, Chế độ đọc sách, Chế độ Sunlight, Được chứng nhận giảm ánh sáng xanh, chống nhấp nháy và thân thiện sinh học từ TUV Rheinland.\n- Độ phân giải: 1200x2670, Camera chính Leica 50MP f/1.6 23mm, Camera Telephoto Leica 50MP f/2.0 75mm, Camera góc siêu rộng Leica 50MP f/2.2 14mm, Camera trước 32MP f/2.0\n- Kích thước màn hình: 6.36 inch\n- Hệ điều hành: HyperOS\n- Vi xử lý: Qualcomm Snapdragon 8 Gen 3\n- Bộ nhớ trong: 256GB\n- RAM: 12GB\n- Mạng di động: 2G, 3G, 4G, 5G\n- Số khe SIM: 2 nano SIM\n- Dung lượng pin: 4610 mAh\nKhuyến mãi: - KM 1\n- Bảo hành chính hãng 24 tháng, bảo hiểm màn hình 6 tháng (Chính sách của hãng)\n- KM 2\n- Tặng BH VipCare 1 đổi 1 ( nhập lại 1.400.000)\n- KM 3\n- Thu cũ đổi mới lên đời Xiaomi 14, trợ giá tới 1 triệu đồng\n\nTên sản phẩm: điện thoại xiaomi 12s ultra\nMàu: Không có thông tin\nGiá: Giá: Liên hệ\nThông số kỹ thuật: - Công nghệ màn hình: AMOLED\n- Độ phân giải: 1440 x 3200 pixels (QHD+), Camera góc rộng: 50.3 MP, f/1.9, PDAF, OIS, Tele kính tiềm vọng: 48 MP, f / 4.1, PDAF, OIS, zoom quang 5x, Camera góc siêu rộng: 48 MP, f / 2.2, Camera góc rộng: 32 MP, f/2.5\n- Kích thước màn hình: 6.73  inch\n- Hệ điều hành: Android 12, MIUI 13\n- Vi xử lý: Snapdragon 8+ gen 1 (4 nm)\n- Bộ nhớ trong: 256 GB\n- RAM: 8GB\n- Số khe SIM: 2 SIM (Nano-SIM)\n- Dung lượng pin: 4860 mAh\nKhuyến mãi: - Giảm 5% không giới hạn khuyến mãi qua Homepaylater\n- Giảm 50% tối đa 700k khi mở thẻ tín dụng Vpbank trên SenID\n- Giảm 20% tối đa 500k khi mở thẻ tín dụng TPBank EVO\n\nTên sản phẩm: điện thoại xiaomi 12 - chính hãng\nMàu: Không có thông tin\nGiá: Không có thông tin\nThông số kỹ thuật: - Công nghệ màn hình: AMOLED, 1 tỷ màu, HDR10+, 120Hz, tỷ lệ 20:9, 6.28  inch, Full HD+ (1080 x 2400 pixels), Corning Gorilla Glass Victus, Cảm biến vân tay trong màn hình, Cảm ứng điện dung đa điểm\n- Độ phân giải: 1080 x 2400 pixels, 50 MP, f/1.9, 26mm (góc rộng), PDAF, OIS, 13 MP, f/2.4, 12mm, 123˚ (góc siêu rộng), 5 MP, 50mm (telephoto macro), AF, Quay phim: 8K@24fps (HDR10), 4K@30fps (HDR10+), 1080p@30/120/240/960fps, 720p@1920fps, gyro-EIS, 32 MP, 26mm (góc rộng), Quay phim: 1080p@30/60fps, 720p@120fps\n- Kích thước màn hình: 6.28  inch\n- Vi xử lý: Qualcomm SM8450 Snapdragon 8 Gen 1 (4 nm), 8 nhân (1x3.00 GHz & 3x2.50 GHz & 4x1.80 GHz), GPU: Adreno 730\n- Bộ nhớ trong: 256GB\n- RAM: 8GB\n- Mạng di động: 5G\n- Số khe SIM: 2 SIM, Nano SIM\n- Dung lượng pin: Li-Po 4500 mAh, Power Delivery 3.0, Quick Charge 4+\nKhuyến mãi: Không có khuyến mãi']",Camera của Xiaomi 14 ultra có độ phân giải 3200 x 1440 pixel.,"[{'statement': 'Camera của Xiaomi 14 ultra có độ phân giải 3200 x 1440 pixel.', 'reason': [""Ngữ cảnh liệt kê độ phân giải cho Xiaomi 14 ultra là '3200 x 1440, 50MP, 32MP'. Tuy nhiên, 3200 x 1440 là độ phân giải màn hình (được liệt kê cùng với công nghệ màn hình và kích thước màn hình), trong khi 50MP và 32MP là độ phân giải của camera. Do đó, câu trả lời đã gán sai độ phân giải màn hình cho camera.""], 'verdict': 0}]",1.0,50.47,2025-08-20 17:13:19
118,Điện thoại vivo y02t 4gb/64gb sử dụng hệ điều hành nào?,Điện thoại vivo y02t 4gb/64gb sử dụng hệ điều hành Funtouch OS 13 (Android 13 edition).,"['Tên sản phẩm: điện thoại vivo y02t 4gb/64gb- chính hãng\nMàu: Không có thông tin\nGiá: Không có thông tin\nThông số kỹ thuật: - Công nghệ màn hình: LCD (IPS)\n- Độ phân giải: 1600 × 720 (HD+), 8 MP, 5 MP\n- Kích thước màn hình: 6.51  inch\n- Hệ điều hành: Funtouch OS 13 (Android 13 edition)\n- Vi xử lý: Helio P35\n- Bộ nhớ trong: 64GB\n- RAM: 4GB\n- Mạng di động: 4G\n- Số khe SIM: 2 nano SIMs + 1 microSD\n- Dung lượng pin: 5000 mAh\nKhuyến mãi: Không có khuyến mãi\n\nTên sản phẩm: điện thoại vivo y02a - chính hãng\nMàu: Không có thông tin\nGiá: Không có thông tin\nThông số kỹ thuật: - Công nghệ màn hình: LCD (IPS)\n- Độ phân giải: 1600 × 720 (HD+), 8 MP  f/2.0, 5MP f/2.2\n- Kích thước màn hình: 6.51 inch\n- Hệ điều hành: Funtouch OS 12 (Android 12 Go edition)\n- Vi xử lý: MediaTek Helio P35\n- Bộ nhớ trong: 32 GB\n- RAM: 3GB\n- Mạng di động: 4G\n- Dung lượng pin: 5000 mAh\nKhuyến mãi: Không có khuyến mãi\n\nTên sản phẩm: vivo y02 - chính hãng\nMàu: Không có thông tin\nGiá: Không có thông tin\nThông số kỹ thuật: - Công nghệ màn hình: LCD (IPS)\n- Độ phân giải: 1600 × 720 (HD+), 8 MP, 5 MP\n- Kích thước màn hình: 6.51\n- Hệ điều hành: Funtouch OS 12 (Android 12 Go edition)\n- Vi xử lý: MediaTek Helio P22\n- Bộ nhớ trong: 32 GB\n- RAM: 2GB\n- Số khe SIM: 3 khe\n- Dung lượng pin: 5000 mAh\nKhuyến mãi: Không có khuyến mãi\n\nTên sản phẩm: vivo y02s - 3gb/32gb - chính hãng\nMàu: Đen Kim Sa, Xanh ánh kim\nGiá: 2,790,000 ₫\nThông số kỹ thuật: - Công nghệ màn hình: IPS LCD\n- Độ phân giải: HD+ (720 x 1600 Pixels), 8 MP, 5 MP\n- Hệ điều hành: Android 12\n- Vi xử lý: MediaTek Helio P35 8 nhân\n- Bộ nhớ trong: 32 GB\n- RAM: 3GB\n- Mạng di động: Hỗ trợ 4G\n- Số khe SIM: Đang cập nhật\n- Dung lượng pin: 5000 mAh\nKhuyến mãi: - Giảm 5% không giới hạn khuyến mãi qua Homepaylater\n- Giảm 50% tối đa 700k khi mở thẻ tín dụng Vpbank trên SenID\n- Giảm 20% tối đa 500k khi mở thẻ tín dụng TPBank EVO\n- Giảm 1% tối đa 100.000đ khi thanh toán qua Zalopay']",Hệ điều hành là Funtouch OS 13 (Android 13 edition).,"[{'statement': 'Điện thoại vivo y02t 4gb/64gb sử dụng hệ điều hành Funtouch OS 13 (phiên bản Android 13).', 'reason': [""Trong ngữ cảnh, thông số kỹ thuật của sản phẩm 'điện thoại vivo y02t 4gb/64gb' ghi rõ 'Hệ điều hành: Funtouch OS 13 (Android 13 edition)'.""], 'verdict': 1}]",0.0,33.38,2025-08-20 17:13:26
116,Màn hình của realme c51 có tần số quét là bao nhiêu?,Màn hình của realme c51 có tần số quét 90Hz.,"['Tên sản phẩm: điện thoại realme c51 3gb/64gb - chính hãng\nMàu: Màu Đen, Xanh\nGiá: 2,790,000 ₫\nThông số kỹ thuật: - Công nghệ màn hình: Tần số quét 90Hz\n- Độ phân giải: HD, 50M+QVGA, 5MP\n- Kích thước màn hình: 6.74 inch\n- Bộ nhớ trong: 64GB\n- RAM: 3GB\n- Dung lượng pin: 5000 mAh\nKhuyến mãi: - KM 1\n- Tặng Bộ quà Hoàng Hà (Chi tiết liên hệ 1900.2091)\n\nTên sản phẩm: realme c51 4gb/128gb- chính hãng\nMàu: Xanh, Màu Đen\nGiá: 3,290,000 ₫\nThông số kỹ thuật: - Công nghệ màn hình: Tần số quét 90Hz\n- Độ phân giải: HD, 50M+QVGA, 5MP\n- Kích thước màn hình: 6.74 inch\n- Hệ điều hành: T612\n- Bộ nhớ trong: 128GB\n- RAM: 4GB\n- Dung lượng pin: 5000 mAh\nKhuyến mãi: - KM 1\n- Tặng Bộ quà Hoàng Hà (Chi tiết liên hệ 1900.2091)\n\nTên sản phẩm: điện thoại realme c51 6gb/256gb - chính hãng\nMàu: Xanh, Màu Đen\nGiá: 3,890,000 ₫\nThông số kỹ thuật: - Công nghệ màn hình: Tần số quét 90Hz\n- Độ phân giải: HD, 50M+QVGA, 5MP\n- Kích thước màn hình: 6.74 inch\n- Bộ nhớ trong: 256GB\n- RAM: 6GB\n- Dung lượng pin: 5000 mAh\nKhuyến mãi: - Ưu đãi trả góp 0% qua Shinhan Finance hoặc Mirae Asset Finance\n- Giảm 5% không giới hạn khuyến mãi qua Homepaylater\n- Giảm thêm tới 700.000đ khi thanh toán qua Kredivo.\n- Giảm 50% tối đa 700k khi mở thẻ tín dụng Vpbank trên SenID\n- Giảm 20% tối đa 500k khi mở thẻ tín dụng TPBank EVO\n- Mở thẻ tín dụng VIB\n- Nhận Voucher 600.000đ\n- Giảm 1% tối đa 100.000đ khi thanh toán qua Zalopay\n\nTên sản phẩm: realme c55 - 6gb/128gb - chính hãng\nMàu: Vàng Nắng Mai, Đen Trời Đêm\nGiá: 3,690,000 ₫\nThông số kỹ thuật: - Công nghệ màn hình: LCD, Tần số 90Hz\n- Độ phân giải: FHD+ 1080*2400, Chính 64MP + B&W 2MP, 8MP\n- Kích thước màn hình: 6.72  inch\n- Hệ điều hành:   inchrealme UI 4.0, Trên nền tảng Android 13 inch\n- Vi xử lý: Helio G88\n- Bộ nhớ trong: 128GB\n- RAM: 6GB\n- Mạng di động: 4G, Chưa hỗ trơ 5G\n- Số khe SIM: 2 nano SIM + 1 thẻ nhớ riêng\n- Dung lượng pin: 5000 mAh\nKhuyến mãi: - Ưu đãi trả góp 0% qua Shinhan Finance hoặc Mirae Asset Finance\n- Giảm 5% không giới hạn khuyến mãi qua Homepaylater\n- Giảm thêm tới 700.000đ khi thanh toán qua Kredivo.\n- Giảm 50% tối đa 700k khi mở thẻ tín dụng Vpbank trên SenID\n- Giảm 20% tối đa 500k khi mở thẻ tín dụng TPBank EVO\n- Mở thẻ tín dụng VIB\n- Nhận Voucher 600.000đ\n- Giảm 1% tối đa 100.000đ khi thanh toán qua Zalopay']",Tần số quét của realme c51 là 90Hz.,"[{'statement': 'Tần số quét của realme c51 là 90Hz.', 'reason': [""Ngữ cảnh cung cấp thông tin về 3 phiên bản của điện thoại realme c51 (3gb/64gb, 4gb/128gb, 6gb/256gb), và tất cả đều có thông số kỹ thuật là 'Công nghệ màn hình: Tần số quét 90Hz'.""], 'verdict': 1}]",0.0,56.99,2025-08-20 17:13:27
119,Khuyến mãi hiện tại của điện thoại Infinix Note 30 là gì?,Khuyến mãi hiện tại của điện thoại Infinix Note 30 là sản phẩm đang thuộc chương trình Flash sale với số lượng có hạn.,"['Tên sản phẩm: điện thoại infinix note 30 (8+8gb/256gb) - chính hãng\nMàu: Cam, Màu Đen, Xanh Dương\nGiá: 3,590,000 ₫\nThông số kỹ thuật: - Công nghệ màn hình: IPS LCD, 120Hz\n- Độ phân giải: FHD+ (1080 x 2460), Camera chính 64MP f/1.69 1/2 inch AF + 2MP + AI Camera, 16MP, f/2.0\n- Kích thước màn hình: 6.78 inch\n- Hệ điều hành: Android 13\n- Vi xử lý: MediaTek Helio G99\n- Bộ nhớ trong: 256GB\n- RAM: 8GB\n- Mạng di động: 2G, 3G, 4G\n- Số khe SIM: 2 nano SIM\n- Dung lượng pin: 5000 mAh\nKhuyến mãi: - KM 1\n- Sản phẩm đang thuộc chương trình Flash sale (Số lượng có hạn)\n\nTên sản phẩm: điện thoại infinix note 30 5g (8gb/256gb) - chính hãng\nMàu: Không có thông tin\nGiá: Không có thông tin\nThông số kỹ thuật: - Công nghệ màn hình: IPS LCD, 120Hz\n- Độ phân giải: FHD+ (1080 x 2460), Camera chính 108MP f/1.75, Camera phụ 2MP f/2.4 + QVGA f/2.4, 16MP, f/2.0\n- Kích thước màn hình: 6.78 inch\n- Hệ điều hành: Android 13\n- Vi xử lý: MediaTek Dimensity 6080\n- Bộ nhớ trong: 256GB\n- RAM: 8GB\n- Mạng di động: 2G, 3G, 4G, 5G\n- Số khe SIM: 2 nano SIM\n- Dung lượng pin: 5000 mAh\nKhuyến mãi: Không có khuyến mãi\n\nTên sản phẩm: điện thoại infinix hot 30i (8+8gb/128gb) - chính hãng\nMàu: Trắng, Màu Vàng, Xanh Dương, Màu Đen\nGiá: 2,290,000 ₫\nThông số kỹ thuật: - Công nghệ màn hình: IPS LCD, 90Hz\n- Độ phân giải: HD+ (720 x 1612), Camera góc rộng 13 MP f/1.9 AF, Camera chiều sâu 0.08 MP, 8 MP, f/2.0\n- Kích thước màn hình: 6.56 inch\n- Hệ điều hành: XOS dựa trên Android 12\n- Vi xử lý: Unisoc T606\n- Bộ nhớ trong: 128GB\n- RAM: 8GB\n- Mạng di động: 2G, 3G, 4G\n- Số khe SIM: 2 nano SIM\n- Dung lượng pin: 5000 mAh\nKhuyến mãi: - Giảm 5% không giới hạn khuyến mãi qua Homepaylater\n- Giảm 50% tối đa 700k khi mở thẻ tín dụng Vpbank trên SenID\n- Giảm 20% tối đa 500k khi mở thẻ tín dụng TPBank EVO\n- Giảm 1% tối đa 100.000đ khi thanh toán qua Zalopay\n\nTên sản phẩm: điện thoại infinix hot 30i (4+4gb/128gb) - chính hãng\nMàu: Màu Vàng, Xanh Dương, Trắng, Màu Đen\nGiá: 2,090,000 ₫\nThông số kỹ thuật: - Công nghệ màn hình: IPS LCD, 90Hz\n- Độ phân giải: HD+ (720 x 1612), Camera góc rộng 13 MP f/1.9 AF, Camera chiều sâu 0.08 MP, 8 MP, f/2.0\n- Kích thước màn hình: 6.56 inch\n- Hệ điều hành: XOS dựa trên Android 12\n- Vi xử lý: Unisoc T606\n- Bộ nhớ trong: 128GB\n- RAM: 4GB\n- Mạng di động: 2G, 3G, 4G\n- Số khe SIM: 2 nano SIM\n- Dung lượng pin: 5000 mAh\nKhuyến mãi: - Giảm 5% không giới hạn khuyến mãi qua Homepaylater\n- Giảm 50% tối đa 700k khi mở thẻ tín dụng Vpbank trên SenID\n- Giảm 20% tối đa 500k khi mở thẻ tín dụng TPBank EVO\n- Giảm 1% tối đa 100.000đ khi thanh toán qua Zalopay']","KM 1, chương trình Flash Sale (số lượng có hạn)","[{'statement': 'Điện thoại Infinix Note 30 có khuyến mãi 1.', 'reason': ['Trong ngữ cảnh, sản phẩm ""điện thoại infinix note 30 (8+8gb/256gb) - chính hãng"" có mục ""Khuyến mãi: - KM 1"".'], 'verdict': 1}, {'statement': 'Điện thoại Infinix Note 30 có chương trình Flash Sale.', 'reason': ['Trong ngữ cảnh, sản phẩm ""điện thoại infinix note 30 (8+8gb/256gb) - chính hãng"" có thông tin khuyến mãi là ""Sản phẩm đang thuộc chương trình Flash sale"".'], 'verdict': 1}, {'statement': 'Chương trình Flash Sale có số lượng có hạn.', 'reason': ['Trong ngữ cảnh, thông tin về chương trình Flash Sale cho sản phẩm Infinix Note 30 có ghi chú rõ ràng là ""(Số lượng có hạn)"".'], 'verdict': 1}]",0.0,14.98,2025-08-20 17:13:28
120,Màn hình của điện thoại Infinix Hot 30i có công nghệ gì?,Màn hình của điện thoại Infinix Hot 30i có công nghệ IPS LCD với tần số quét 90Hz.,"['Tên sản phẩm: điện thoại infinix hot 30i (8+8gb/128gb) - chính hãng\nMàu: Trắng, Màu Vàng, Xanh Dương, Màu Đen\nGiá: 2,290,000 ₫\nThông số kỹ thuật: - Công nghệ màn hình: IPS LCD, 90Hz\n- Độ phân giải: HD+ (720 x 1612), Camera góc rộng 13 MP f/1.9 AF, Camera chiều sâu 0.08 MP, 8 MP, f/2.0\n- Kích thước màn hình: 6.56 inch\n- Hệ điều hành: XOS dựa trên Android 12\n- Vi xử lý: Unisoc T606\n- Bộ nhớ trong: 128GB\n- RAM: 8GB\n- Mạng di động: 2G, 3G, 4G\n- Số khe SIM: 2 nano SIM\n- Dung lượng pin: 5000 mAh\nKhuyến mãi: - Giảm 5% không giới hạn khuyến mãi qua Homepaylater\n- Giảm 50% tối đa 700k khi mở thẻ tín dụng Vpbank trên SenID\n- Giảm 20% tối đa 500k khi mở thẻ tín dụng TPBank EVO\n- Giảm 1% tối đa 100.000đ khi thanh toán qua Zalopay\n\nTên sản phẩm: điện thoại infinix hot 30i (4+4gb/128gb) - chính hãng\nMàu: Màu Vàng, Xanh Dương, Trắng, Màu Đen\nGiá: 2,090,000 ₫\nThông số kỹ thuật: - Công nghệ màn hình: IPS LCD, 90Hz\n- Độ phân giải: HD+ (720 x 1612), Camera góc rộng 13 MP f/1.9 AF, Camera chiều sâu 0.08 MP, 8 MP, f/2.0\n- Kích thước màn hình: 6.56 inch\n- Hệ điều hành: XOS dựa trên Android 12\n- Vi xử lý: Unisoc T606\n- Bộ nhớ trong: 128GB\n- RAM: 4GB\n- Mạng di động: 2G, 3G, 4G\n- Số khe SIM: 2 nano SIM\n- Dung lượng pin: 5000 mAh\nKhuyến mãi: - Giảm 5% không giới hạn khuyến mãi qua Homepaylater\n- Giảm 50% tối đa 700k khi mở thẻ tín dụng Vpbank trên SenID\n- Giảm 20% tối đa 500k khi mở thẻ tín dụng TPBank EVO\n- Giảm 1% tối đa 100.000đ khi thanh toán qua Zalopay\n\nTên sản phẩm: điện thoại infinix hot 40i (8+8gb/256gb) - chính hãng\nMàu: Đen, Xanh Dương, Xanh Lá, Màu Vàng\nGiá: 3,090,000 ₫\nThông số kỹ thuật: - Công nghệ màn hình: IPS LCD, 90Hz\n- Độ phân giải: 720x1612, Camera chính 50MP f/1.6, Camera phụ f/2.0, Camera trước 32MP f/2.2\n- Kích thước màn hình: 6.56 inch\n- Hệ điều hành: XOS 13 dựa trên Android 13\n- Vi xử lý: Unisoc T606\n- Bộ nhớ trong: 256GB\n- RAM: 8GB\n- Mạng di động: 2G, 3G, 4G\n- Số khe SIM: 2 nano SIM\n- Dung lượng pin: 5000 mAh\nKhuyến mãi: - KM 1\n- Tặng phiếu mua hàng 200.000đ\n- KM 2\n- Tặng Bộ ốp lưng lego + kính cường lực trị giá 220.000đ (Số lượng có hạn).\n\nTên sản phẩm: điện thoại infinix hot 40i (4+4gb/128gb) - chính hãng\nMàu: Xanh Dương, Đen, Màu Vàng, Xanh Lá\nGiá: 2,290,000 ₫\nThông số kỹ thuật: - Công nghệ màn hình: IPS LCD, 90Hz\n- Độ phân giải: 720x1612, Camera chính 50MP f/1.6, Camera phụ f/2.0, Camera trước 32MP f/2.2\n- Kích thước màn hình: 6.56 inch\n- Hệ điều hành: XOS 13 dựa trên Android 13\n- Vi xử lý: Unisoc T606\n- Bộ nhớ trong: 128GB\n- RAM: 4GB\n- Mạng di động: 2G, 3G, 4G\n- Số khe SIM: 2 nano SIM\n- Dung lượng pin: 5000 mAh\nKhuyến mãi: - KM 1\n- Tặng phiếu mua hàng 100.000đ.\n- KM 2\n- Tặng Bộ ốp lưng lego + kính cường lực trị giá 220.000đ (Số lượng có hạn).']",Màn hình của điện thoại Infinix Hot 30i có công nghệ IPS LCD với tần số 90 Hz và độ phân giải HD+ (720 × 1612).,"[{'statement': 'Màn hình của điện thoại Infinix Hot 30i sử dụng công nghệ IPS LCD.', 'reason': [""Trong phần thông số kỹ thuật của điện thoại Infinix Hot 30i, có ghi rõ 'Công nghệ màn hình: IPS LCD, 90Hz'.""], 'verdict': 1}, {'statement': 'Màn hình của điện thoại Infinix Hot 30i có tần số quét 90 Hz.', 'reason': [""Thông tin trong ngữ cảnh cho biết thông số kỹ thuật của điện thoại Infinix Hot 30i có 'Công nghệ màn hình: IPS LCD, 90Hz'.""], 'verdict': 1}, {'statement': 'Màn hình của điện thoại Infinix Hot 30i có độ phân giải HD+ (720 x 1612).', 'reason': [""Ngữ cảnh cung cấp thông tin về độ phân giải của điện thoại Infinix Hot 30i là 'HD+ (720 x 1612)'.""], 'verdict': 1}]",0.0,12.06,2025-08-20 17:13:32
123,Tecno Pova 5 có bao nhiêu màu sắc khác nhau?,"Tecno Pova 5 có ba màu sắc: Màu Đen, Xanh Dương, Màu Vàng.","['Tên sản phẩm: điện thoại tecno pova 5 (8+8gb/256gb) - chính hãng\nMàu: Màu Đen, Xanh Dương, Màu Vàng\nGiá: 4,390,000 ₫\nThông số kỹ thuật: - Công nghệ màn hình: IPS LCD, 120Hz\n- Độ phân giải: FHD+ (1080 x 2460), Cảm biến chính 50MP, Cảm biến chiều sâu, 8MP\n- Kích thước màn hình: 6.78 inch\n- Hệ điều hành: HIOS dựa trên Android 13\n- Vi xử lý: MediaTek Helio G99\n- Bộ nhớ trong: 256GB\n- RAM: 8GB\n- Mạng di động: 2G, 3G, 4G\n- Số khe SIM: 2 nano SIM\n- Dung lượng pin: 6000 mAh\nKhuyến mãi: - Ưu đãi trả góp 0% qua Shinhan Finance hoặc Mirae Asset Finance\n- Giảm 5% không giới hạn khuyến mãi qua Homepaylater\n- Giảm thêm tới 700.000đ khi thanh toán qua Kredivo.\n- Giảm 50% tối đa 700k khi mở thẻ tín dụng Vpbank trên SenID\n- Giảm 20% tối đa 500k khi mở thẻ tín dụng TPBank EVO\n- Mở thẻ tín dụng VIB\n- Nhận Voucher 600.000đ\n- Giảm 1% tối đa 100.000đ khi thanh toán qua Zalopay\n\nTên sản phẩm: điện thoại tecno pova 5 (8+8gb/128gb) - chính hãng\nMàu: Xanh Dương, Màu Vàng, Màu Đen\nGiá: 3,790,000 ₫\nThông số kỹ thuật: - Công nghệ màn hình: IPS LCD, 120Hz\n- Độ phân giải: FHD+ (1080 x 2460), Cảm biến chính 50MP, Cảm biến chiều sâu, 8MP\n- Kích thước màn hình: 6.78 inch\n- Hệ điều hành: HIOS dựa trên Android 13\n- Vi xử lý: MediaTek Helio G99\n- Bộ nhớ trong: 128GB\n- RAM: 8GB\n- Mạng di động: 2G, 3G, 4G\n- Số khe SIM: 2 nano SIM\n- Dung lượng pin: 6000 mAh\nKhuyến mãi: - KM 1\n- Sản phẩm đang thuộc chương trình Flash sale (Số lượng có hạn)\n\nTên sản phẩm: điện thoại tecno pova 4 pro (8gb/256gb) - chính hãng\nMàu: Xanh Niken, Cam Titan\nGiá: 4,190,000 ₫\nThông số kỹ thuật: - Công nghệ màn hình: AMOLED FHD+\n- Kích thước màn hình: 6.7 inch\n- Độ phân giải: 50MP x 50MP, 8MP\n- Hệ điều hành: Android™ 12\n- Vi xử lý: Helio G99\n- Bộ nhớ trong: 256GB\n- RAM: 8GB\n- Dung lượng pin: 6000 mAh\nKhuyến mãi: - Ưu đãi trả góp 0% qua Shinhan Finance hoặc Mirae Asset Finance\n- Giảm 5% không giới hạn khuyến mãi qua Homepaylater\n- Giảm thêm tới 700.000đ khi thanh toán qua Kredivo.\n- Giảm 50% tối đa 700k khi mở thẻ tín dụng Vpbank trên SenID\n- Giảm 20% tối đa 500k khi mở thẻ tín dụng TPBank EVO\n- Mở thẻ tín dụng VIB\n- Nhận Voucher 600.000đ\n- Giảm 1% tối đa 100.000đ khi thanh toán qua Zalopay\n\nTên sản phẩm: điện thoại poco m4 pro 5g  (4gb/64gb) - chính hãng\nMàu: Màu Vàng, Màu Đen, Xanh\nGiá: 4,290,000 ₫\nThông số kỹ thuật: - Công nghệ màn hình: IPS LCD\n- Độ phân giải: Full HD+ (1080 x 2400 Pixels), Chính 50 MP & Phụ 8 MP, 16 MP\n- Hệ điều hành: Android 11\n- Vi xử lý: MediaTek Dimensity 810 5G 8 nhân\n- Bộ nhớ trong: 64 GB\n- RAM: 4GB\n- Mạng di động: Hỗ trợ 5G\n- Số khe SIM: 2 Nano SIM\n- Dung lượng pin: 5000 mAh\nKhuyến mãi: - Ưu đãi trả góp 0% qua Shinhan Finance hoặc Mirae Asset Finance\n- Giảm 5% không giới hạn khuyến mãi qua Homepaylater\n- Giảm thêm tới 700.000đ khi thanh toán qua Kredivo.\n- Giảm 50% tối đa 700k khi mở thẻ tín dụng Vpbank trên SenID\n- Giảm 20% tối đa 500k khi mở thẻ tín dụng TPBank EVO\n- Mở thẻ tín dụng VIB\n- Nhận Voucher 600.000đ\n- Giảm 1% tối đa 100.000đ khi thanh toán qua Zalopay']",Tecno Pova 5 có **ba** màu sắc khác nhau.,"[{'statement': 'Tecno Pova 5 có ba màu sắc khác nhau.', 'reason': [""The context lists two versions of the Tecno Pova 5 phone, and for both, the available colors are listed as 'Màu Đen, Xanh Dương, Màu Vàng' (Black, Blue, Yellow), which are three distinct colors.""], 'verdict': 1}]",0.0,15.47,2025-08-20 17:13:44
125,Điện thoại samsung galaxy z flip5 8gb/512gb có hỗ trợ mạng nào?,Điện thoại Samsung Galaxy Z Flip5 8GB/512GB hỗ trợ mạng 5G.,"['Tên sản phẩm: điện thoại  samsung galaxy z flip5 8gb/512gb - chính hãng\nMàu: Xanh, Kem, Màu Tím, Màu Xám\nGiá: 18,990,000 ₫\nThông số kỹ thuật: - Công nghệ màn hình: Chính: Dynamic AMOLED 2X, Phụ: Super AMOLED, Tần số quét Chính: 120 Hz & Phụ: 60 Hz\n- Độ phân giải: MH Chính: FHD+ (2640 x 1080 Pixels), MH Phụ: HD+ (720 x 748 Pixels), 12 MP (2Camera), 10 MP\n- Kích thước màn hình: Chính 6.7 inch, 3.4 inch\n- Hệ điều hành: Android 13\n- Vi xử lý: Snapdragon 8 Gen 2\n- Bộ nhớ trong: 512GB\n- RAM: 8GB\n- Mạng di động: Hỗ trợ 5G\n- Số khe SIM: 1 Nano SIM & 1 eSIM\n- Dung lượng pin: 3700 mAh\nKhuyến mãi: - KM 1\n- Tặng gói Samsung care+ 6 tháng\n- KM 2\n- Trả góp tới 06 tháng không lãi suất, trả trước 0 đồng với Samsung Finance+.\n- KM 3\n- Giảm thêm 1.000.000đ cho khách hàng thân thiết (Chi tiết LH 1900 2091)\n\nTên sản phẩm: điện thoại samsung galaxy z flip5 8gb/256gb - chính hãng\nMàu: Xanh, Màu Tím, Kem, Màu Xám\nGiá: 16,990,000 ₫\nThông số kỹ thuật: - Công nghệ màn hình: Chính: Dynamic AMOLED 2X, Phụ: Super AMOLED, Tần số quét Chính: 120 Hz & Phụ: 60 Hz\n- Độ phân giải: MH Chính: FHD+ (2640 x 1080 Pixels), MH Phụ: HD+ (720 x 748 Pixels), 12 MP (2Camera), 10 MP\n- Kích thước màn hình: Chính 6.7 inch, 3.4 inch\n- Hệ điều hành: Android 13\n- Vi xử lý: Snapdragon 8 Gen 2\n- Bộ nhớ trong: 256GB\n- RAM: 8GB\n- Mạng di động: Hỗ trợ 5G\n- Số khe SIM: 1 Nano SIM & 1 eSIM\n- Dung lượng pin: 3700 mAh\nKhuyến mãi: - KM 1\n- Tặng gói Samsung care+ 6 tháng\n- KM 2\n- Tặng Ốp lưng thông minh Nhập hội linh hoạt Galaxy Z Flip5 trị giá 1.990.000đ\n- KM 3\n- Trả góp tới 06 tháng không lãi suất, trả trước 0 đồng với Samsung Finance+.\n\nTên sản phẩm: điện thoại samsung galaxy z fold5 12gb/512gb - chính hãng\nMàu: Xanh, Màu Đen, Kem\nGiá: 30,990,000 ₫\nThông số kỹ thuật: - Công nghệ màn hình: Dynamic AMOLED 2X, Tần số quét 120 Hz, Infinity Flex, Màn hình phụ: Infinity-O\n- Độ phân giải: 2176 x 1812 (QXGA+), Màn hình phụ: 2316 x 904 (HD+), 50 MP + 12 MP + 10 MP, Camera trước ở màn hình phụ: 10 MP, Camera ẩn dưới màn hình: 4 MP\n- Kích thước màn hình: 7.6 inch, 6.2 inch\n- Hệ điều hành: OneUI 5.1.1 / Android 13\n- Vi xử lý: Qualcomm Snapdragon 8 Gen 2\n- Bộ nhớ trong: 512GB\n- RAM: 12GB\n- Mạng di động: Hỗ trợ 5G\n- Số khe SIM: Nano-sim & E-sim\n- Dung lượng pin: 4400 mAh\nKhuyến mãi: - KM 1\n- Tặng gói Samsung care+ 6 tháng\n- KM 2\n- Trả góp tới 06 tháng không lãi suất, trả trước 0 đồng với Samsung Finance+.\n\nTên sản phẩm: samsung galaxy z flip4 - 256gb - chính hãng\nMàu: Không có thông tin\nGiá: Không có thông tin\nThông số kỹ thuật: - Công nghệ màn hình: Chính: Dynamic AMOLED 2X, Phụ: Super AMOLED\n- Độ phân giải: Chính: FHD+ (2640 x 1080 Pixels) x Phụ: (260 x 512 Pixels), 2 camera 12 MP, 10 MP\n- Kích thước màn hình: Chính 6.7 inch & Phụ 1.9 inch\n- Hệ điều hành: Android 12\n- Vi xử lý: Snapdragon 8+ Gen 1 8 nhân\n- Bộ nhớ trong: 256GB\n- RAM: 8GB\n- Mạng di động: Hỗ trợ 5G\n- Số khe SIM: 1 Nano SIM & 1 eSIM\n- Dung lượng pin: 3700 mAh\nKhuyến mãi: Không có khuyến mãi']",Điện thoại Samsung Galaxy Z Flip5 8GB/512GB hỗ trợ mạng 5G.,"[{'statement': 'Điện thoại Samsung Galaxy Z Flip5 8GB/512GB hỗ trợ mạng 5G.', 'reason': [""Trong ngữ cảnh, sản phẩm 'điện thoại samsung galaxy z flip5 8gb/512gb - chính hãng' có thông số kỹ thuật 'Mạng di động: Hỗ trợ 5G'.""], 'verdict': 1}]",0.0,31.37,2025-08-20 17:14:17
124,Điện thoại realme narzo 50i prime có dung lượng pin bao nhiêu?,Điện thoại realme narzo 50i prime có dung lượng pin 5000 mAh.,"['Tên sản phẩm: điện thoại realme narzo 50i prime (4gb/64gb)  - chính hãng\nMàu: Xanh biển, Xanh Bạc Hà\nGiá: 2,290,000 ₫\nThông số kỹ thuật: - Kích thước màn hình: 6.5 inch\n- Độ phân giải: Camera AI 8MP, Khẩu độ f/2.0, 4 Lớp thấu kính, Zoom Digital 4x, 5MP Khẩu độ f/2.02\n- Vi xử lý: Chip Unisoc T612\n- Bộ nhớ trong: 64GB\n- RAM: 4GB\n- Số khe SIM: 2 Khe SIM + 1 Khe thẻ nhớ\n- Dung lượng pin: 5000 mAh\nKhuyến mãi: - Giảm 5% không giới hạn khuyến mãi qua Homepaylater\n- Giảm 50% tối đa 700k khi mở thẻ tín dụng Vpbank trên SenID\n- Giảm 20% tối đa 500k khi mở thẻ tín dụng TPBank EVO\n- Giảm 1% tối đa 100.000đ khi thanh toán qua Zalopay\n\nTên sản phẩm: điện thoại realme 6i - 4gb/128gb - pin 5000 mah - sạc nhanh 18w - chính hãng\nMàu: Không có thông tin\nGiá: Không có thông tin\nThông số kỹ thuật: - Công nghệ màn hình: IPS LCD\n- Độ phân giải: HD+ (720 x 1600 Pixels), Chính 48 MP & Phụ 8 MP, 2 MP, 2 MP, 16 MP\n- Kích thước màn hình: 6.5 inch\n- Hệ điều hành: Android 10\n- Vi xử lý: MediaTek Helio G80 8 nhân\n- Bộ nhớ trong: 128 GB\n- RAM: 4GB\n- Mạng di động: Hỗ trợ 4G\n- Số khe SIM: 2 Nano SIM\n- Dung lượng pin: 5000 mAh\nKhuyến mãi: Không có khuyến mãi\n\nTên sản phẩm: điện thoại realme c51 3gb/64gb - chính hãng\nMàu: Màu Đen, Xanh\nGiá: 2,790,000 ₫\nThông số kỹ thuật: - Công nghệ màn hình: Tần số quét 90Hz\n- Độ phân giải: HD, 50M+QVGA, 5MP\n- Kích thước màn hình: 6.74 inch\n- Bộ nhớ trong: 64GB\n- RAM: 3GB\n- Dung lượng pin: 5000 mAh\nKhuyến mãi: - KM 1\n- Tặng Bộ quà Hoàng Hà (Chi tiết liên hệ 1900.2091)\n\nTên sản phẩm: realme c51 4gb/128gb- chính hãng\nMàu: Xanh, Màu Đen\nGiá: 3,290,000 ₫\nThông số kỹ thuật: - Công nghệ màn hình: Tần số quét 90Hz\n- Độ phân giải: HD, 50M+QVGA, 5MP\n- Kích thước màn hình: 6.74 inch\n- Hệ điều hành: T612\n- Bộ nhớ trong: 128GB\n- RAM: 4GB\n- Dung lượng pin: 5000 mAh\nKhuyến mãi: - KM 1\n- Tặng Bộ quà Hoàng Hà (Chi tiết liên hệ 1900.2091)']",Dung lượng pin của điện thoại realme narzo 50i prime là 5 000 mAh.,"[{'statement': 'Dung lượng pin của điện thoại realme narzo 50i prime là 5.000 mAh.', 'reason': [""Trong phần thông số kỹ thuật của sản phẩm 'điện thoại realme narzo 50i prime (4gb/64gb) - chính hãng', có ghi rõ 'Dung lượng pin: 5000 mAh'.""], 'verdict': 1}]",0.0,48.24,2025-08-20 17:14:22
121,Điện thoại OPPO Reno10 5G có công nghệ màn hình gì?,Điện thoại OPPO Reno10 5G sử dụng công nghệ màn hình 3D AMOLED.,"['Tên sản phẩm: điện thoại oppo reno10 5g (8gb/256gb) - chính hãng\nMàu: Xanh Dương, Màu Xám\nGiá: 8,990,000 ₫\nThông số kỹ thuật: - Công nghệ màn hình: 3D AMOLED, Tỉ lệ màn hình: 93.0%, Chế độ sống động: 100% DCI-P3, Chế độ bình thường: 100% sRGB, Màn hình 1.07 tỷ màu (10 bit)\n- Độ phân giải: FHD+ (1080 x 2412), Camera chính: 64MP; f/1.7; FOV 81°; ống kinh 6P; hỗ trợ AF; sử dụng động cơ vòng lặp mở., Telephoto: 32MP; f/2.0; FOV 49°; ống kính 6P; hỗ trợ AF; sử dụng động cơ vòng lặp mở., Góc mở rộng: 8MP; f/2.2; FOV 112°; ống kính 5P, cố định tiêu cự., Hỗ trợ 2x zoom quang học hybrid và 20x zoom kỹ thuật số., 32MP; f/2.4; FOV 89°; ống kính 5P lens, không hỗ trợ AF hay OIS\n- Kích thước màn hình: 6.7 inch\n- Hệ điều hành: ColorOS 13.1 trên nền tảng Android 13\n- Vi xử lý: MediaTek Dimensity 7050\n- Bộ nhớ trong: 256GB\n- RAM: 8GB\n- Mạng di động: 2G, 3G, 4G, 5G\n- Số khe SIM: 2 nano SIM\n- Dung lượng pin: 5000 mAh\nKhuyến mãi: - Thu cũ đổi mới lên đời OPPO Find N3 series: Tiết kiệm lên tới 20 triệu đồng\n- Trả góp 0% với Home Credit.\n- Ưu đãi trả góp 0% qua Shinhan Finance hoặc Mirae Asset Finance\n- Giảm 5% không giới hạn khuyến mãi qua Homepaylater\n- Giảm thêm tới 700.000đ khi thanh toán qua Kredivo.\n- Giảm 50% tối đa 700k khi mở thẻ tín dụng Vpbank trên SenID\n- Giảm 20% tối đa 500k khi mở thẻ tín dụng TPBank EVO\n- Mở thẻ tín dụng VIB\n- Nhận Voucher 600.000đ\n- Giảm 1% tối đa 100.000đ khi thanh toán qua Zalopay\n\nTên sản phẩm: điện thoại oppo reno10 5g (8gb/128gb) - chính hãng\nMàu: Xanh Dương\nGiá: 7,890,000 ₫\nThông số kỹ thuật: - Công nghệ màn hình: 3D AMOLED, Tỉ lệ màn hình: 93.0%, Chế độ sống động: 100% DCI-P3, Chế độ bình thường: 100% sRGB, Màn hình 1.07 tỷ màu (10 bit)\n- Độ phân giải: FHD+ (1080 x 2412), Camera chính: 64MP; f/1.7; FOV 81°; ống kinh 6P; hỗ trợ AF; sử dụng động cơ vòng lặp mở., Telephoto: 32MP; f/2.0; FOV 49°; ống kính 6P; hỗ trợ AF; sử dụng động cơ vòng lặp mở., Góc mở rộng: 8MP; f/2.2; FOV 112°; ống kính 5P, cố định tiêu cự., Hỗ trợ 2x zoom quang học hybrid và 20x zoom kỹ thuật số., 32MP; f/2.4; FOV 89°; ống kính 5P lens, không hỗ trợ AF hay OIS\n- Kích thước màn hình: 6.7 inch\n- Hệ điều hành: ColorOS 13.1 trên nền tảng Android 13\n- Vi xử lý: MediaTek Dimensity 7050\n- Bộ nhớ trong: 128GB\n- RAM: 8GB\n- Mạng di động: 2G, 3G, 4G, 5G\n- Số khe SIM: 2 nano SIM\n- Dung lượng pin: 5000 mAh\nKhuyến mãi: - Thu cũ đổi mới lên đời OPPO Find N3 series: Tiết kiệm lên tới 20 triệu đồng\n- Trả góp 0% với Home Credit.\n- Ưu đãi trả góp 0% qua Shinhan Finance hoặc Mirae Asset Finance\n- Giảm 5% không giới hạn khuyến mãi qua Homepaylater\n- Giảm thêm tới 700.000đ khi thanh toán qua Kredivo.\n- Giảm 50% tối đa 700k khi mở thẻ tín dụng Vpbank trên SenID\n- Giảm 20% tối đa 500k khi mở thẻ tín dụng TPBank EVO\n- Mở thẻ tín dụng VIB\n- Nhận Voucher 600.000đ\n- Giảm 1% tối đa 100.000đ khi thanh toán qua Zalopay\n\nTên sản phẩm: oppo reno10 pro - chính hãng\nMàu: Không có thông tin\nGiá: Giá: Liên hệ\nThông số kỹ thuật: - Công nghệ màn hình: AMOLED\n- Độ phân giải: 2412 x 1080 pixels, Camera góc rộng: 50 MP, f/1.8, OIS, Chụp xa: 32 MP, f/2.0, 2x optical zoom, Camera góc siêu rộng: 8 MP, f/2.2, Camera góc rộng: 32 MP, f/2.4\n- Kích thước màn hình: 6.7  inch\n- Hệ điều hành: Android 13\n- Vi xử lý: Snapdragon 778G 5G 8 nhân\n- Bộ nhớ trong: 256 GB\n- RAM: 12GB\n- Mạng di động: Hỗ trợ 5G\n- Số khe SIM: 2 SIM (Nano-SIM)\n- Dung lượng pin: 4600 mAh\nKhuyến mãi: - Giảm 5% không giới hạn khuyến mãi qua Homepaylater\n- Giảm 50% tối đa 700k khi mở thẻ tín dụng Vpbank trên SenID\n- Giảm 20% tối đa 500k khi mở thẻ tín dụng TPBank EVO\n\nTên sản phẩm: điện thoại oppo reno11 f 5g (8gb/256gb) - chính hãng\nMàu: Xanh Đen, Xanh\nGiá: 8,290,000 ₫\nThông số kỹ thuật: - Công nghệ màn hình: AMOLED, Tần số quét tối đa 120Hz, Tần số lấy mẫu cảm ứng tối đa 240Hz, Màn hình 1.07 tỷ màu (10 bit), Độ phủ màu 100% DCI-P3, 100% sRGB\n- Độ phân giải: 1080x2412, Camera chính: 64MP; f/1.7; FOV 81°; AF, Camera góc rộng: 8MP; f/2.2; FOV 112°, Camera macro: 2MP; f/2.4; FOV 89°, 32MP; f/2.4; FOV 90°\n- Kích thước màn hình: 6.7 inch\n- Hệ điều hành: ColorOS 14.0 trên nền tảng Android 14\n- Vi xử lý: MediaTek Dimensity 7050\n- Bộ nhớ trong: 256GB\n- RAM: 8GB\n- Mạng di động: 2G, 3G, 4G, 5G\n- Số khe SIM: 2 nano SIM\n- Dung lượng pin: 5000 mAh\nKhuyến mãi: - KM 1\n- Tặng phiếu mua hàng 400.000đ']","Màn hình 3D AMOLED, tỉ lệ 93.0%, hỗ trợ 1 070 000 000 màu (10 bit).","[{'statement': 'Điện thoại OPPO Reno10 5G có công nghệ màn hình 3D AMOLED.', 'reason': ['Thông tin trong ngữ cảnh xác nhận rằng điện thoại OPPO Reno10 5G có công nghệ màn hình 3D AMOLED.'], 'verdict': 1}, {'statement': 'Màn hình của điện thoại OPPO Reno10 5G có tỉ lệ 93.0%.', 'reason': ['Thông tin trong ngữ cảnh xác nhận rằng màn hình của điện thoại OPPO Reno10 5G có tỉ lệ màn hình là 93.0%.'], 'verdict': 1}, {'statement': 'Màn hình của điện thoại OPPO Reno10 5G hỗ trợ 1,07 tỷ màu (10 bit).', 'reason': ['Thông tin trong ngữ cảnh xác nhận rằng màn hình của điện thoại OPPO Reno10 5G là ""Màn hình 1.07 tỷ màu (10 bit)"".'], 'verdict': 1}]",0.0,56.86,2025-08-20 17:14:24
126,Dung lượng pin của điện thoại vivo y36 8gb/128gb là bao nhiêu?,Dung lượng pin của điện thoại vivo y36 8gb/128gb là 5000 mAh.,"['Tên sản phẩm: điện thoại vivo y36 8gb/128gb- chính hãng\nMàu: Màu Đen, Xanh\nGiá: 4,690,000 ₫\nThông số kỹ thuật: - Công nghệ màn hình: IPS LCD\n- Độ phân giải: Full HD+ (1080 x 2388 Pixels), Chính 50 MP & Phụ 2 MP, 16 MP\n- Kích thước màn hình: 6.64 inch\n- Hệ điều hành: Android 13\n- Vi xử lý: Qualcomm Qualcomm Snapdragon 680\n- Bộ nhớ trong: 128GB\n- RAM: 8GB\n- Mạng di động: Hỗ trợ 4G\n- Số khe SIM: 2 Nano SIM\n- Dung lượng pin: 5000 mAh\nKhuyến mãi: - KM 1\n- Sản phẩm đang thuộc chương trình Flash sale (Số lượng có hạn)\n\nTên sản phẩm: vivo y35 8gb/128gb - chính hãng\nMàu: Màu Vàng, Màu Đen\nGiá: 4,890,000 ₫\nThông số kỹ thuật: - Công nghệ màn hình: IPS LCD\n- Độ phân giải: Full HD+ (2408 x 1080 Pixels), Chính 50 MP & Phụ 2 MP, 2 MP, 16 MP\n- Kích thước màn hình: 6.58 inch\n- Hệ điều hành: Funtouch OS 12\n- Vi xử lý: Qualcomm Qualcomm Snapdragon 680\n- Bộ nhớ trong: 128 GB\n- RAM: 8GB\n- Mạng di động: Hỗ trợ mạng 4G\n- Số khe SIM: 2 Nano SIM\n- Dung lượng pin: 5000 mAh\nKhuyến mãi: - Ưu đãi trả góp 0% qua Shinhan Finance hoặc Mirae Asset Finance\n- Giảm 5% không giới hạn khuyến mãi qua Homepaylater\n- Giảm thêm tới 700.000đ khi thanh toán qua Kredivo.\n- Giảm 50% tối đa 700k khi mở thẻ tín dụng Vpbank trên SenID\n- Giảm 20% tối đa 500k khi mở thẻ tín dụng TPBank EVO\n- Mở thẻ tín dụng VIB\n- Nhận Voucher 600.000đ\n- Giảm 1% tối đa 100.000đ khi thanh toán qua Zalopay\n\nTên sản phẩm: vivo y16 4gb/128gb - chính hãng\nMàu: Màu Vàng, Màu Đen\nGiá: 3,450,000 ₫\nThông số kỹ thuật: - Công nghệ màn hình: IPS LCD\n- Độ phân giải: HD+ (720 x 1600 Pixels), Chính 13 MP & Phụ 2 MP, 5 MP\n- Hệ điều hành: Android 12\n- Vi xử lý: MediaTek Helio P35 8 nhân\n- Bộ nhớ trong: 128 GB\n- RAM: 4GB\n- Mạng di động: Hỗ trợ 4G\n- Số khe SIM: 2 Nano SIM\n- Dung lượng pin: 5000 mAh\nKhuyến mãi: - Ưu đãi trả góp 0% qua Shinhan Finance hoặc Mirae Asset Finance\n- Giảm 5% không giới hạn khuyến mãi qua Homepaylater\n- Giảm thêm tới 700.000đ khi thanh toán qua Kredivo.\n- Giảm 50% tối đa 700k khi mở thẻ tín dụng Vpbank trên SenID\n- Giảm 20% tối đa 500k khi mở thẻ tín dụng TPBank EVO\n- Mở thẻ tín dụng VIB\n- Nhận Voucher 600.000đ\n- Giảm 1% tối đa 100.000đ khi thanh toán qua Zalopay\n\nTên sản phẩm: vivo y22s 8gb/128gb - chính hãng\nMàu: Xanh Đen, Xanh Vàng\nGiá: 4,630,000 ₫\nThông số kỹ thuật: - Công nghệ màn hình: IPS LCD\n- Độ phân giải: HD+ (720 x 1612 Pixels), Chính 50 MP & Phụ 2 MP, 8 MP\n- Hệ điều hành: Android 12\n- Vi xử lý: Qualcomm Qualcomm Snapdragon 680\n- Bộ nhớ trong: 128 GB\n- RAM: 8GB\n- Mạng di động: Hỗ trợ 4G\n- Số khe SIM: 2 Nano SIM\n- Dung lượng pin: 5000 mAh\nKhuyến mãi: - Ưu đãi trả góp 0% qua Shinhan Finance hoặc Mirae Asset Finance\n- Giảm 5% không giới hạn khuyến mãi qua Homepaylater\n- Giảm thêm tới 700.000đ khi thanh toán qua Kredivo.\n- Giảm 50% tối đa 700k khi mở thẻ tín dụng Vpbank trên SenID\n- Giảm 20% tối đa 500k khi mở thẻ tín dụng TPBank EVO\n- Mở thẻ tín dụng VIB\n- Nhận Voucher 600.000đ\n- Giảm 1% tối đa 100.000đ khi thanh toán qua Zalopay']",Dung lượng pin của điện thoại vivo y36 8gb/128gb là 5000 mAh.,"[{'statement': 'Dung lượng pin của điện thoại vivo y36 8gb/128gb là 5000 mAh.', 'reason': [""Trong phần thông số kỹ thuật của sản phẩm 'điện thoại vivo y36 8gb/128gb', thông tin được cung cấp ghi rõ 'Dung lượng pin: 5000 mAh'.""], 'verdict': 1}]",0.0,13.23,2025-08-20 17:14:31
128,Realme 11 Pro có các tùy chọn màu sắc nào?,Realme 11 Pro có các tùy chọn màu sắc là Trắng và Xanh lá cây.,"['Tên sản phẩm: điện thoại realme 11 pro 8gb/256gb - chính hãng\nMàu: White, Green\nGiá: 10,990,000 ₫\nThông số kỹ thuật: - Công nghệ màn hình: OLED 120Hz\n- Độ phân giải: FHD+ 2412*1080, Chính OIS 100MP + Chân dung 2MP, 16MP\n- Kích thước màn hình: 6.72  inch\n- Hệ điều hành: realme UI 4.0, Trên nền tảng Android 13\n- Vi xử lý: Chip Dimensity 7050 5G\n- Bộ nhớ trong: 256GB\n- RAM: 8GB\n- Mạng di động: hỗ trợ 5G\n- Số khe SIM: 2 nano SIM\n- Dung lượng pin: 5000 mAh\nKhuyến mãi: - KM 1\n- Tặng Bộ quà Hoàng Hà (Chi tiết liên hệ 1900.2091)\n\nTên sản phẩm: điện thoại realme 11 8gb/128gb - chính hãng\nMàu: Gold, Black\nGiá: 6,590,000 ₫\nThông số kỹ thuật: - Công nghệ màn hình: Super Amoled 90Hz\n- Độ phân giải: FHD+ 2400x1080, Chính Prolight 108MP  + Chân dung 2MP, 16MP\n- Kích thước màn hình: 6.4 inch\n- Hệ điều hành:   inchrealme UI 4.0, Trên nền tảng Android 13 inch\n- Vi xử lý: Chip Helio G99\n- Bộ nhớ trong: 128GB\n- RAM: 8GB\n- Mạng di động: Không hỗ trợ 5G\n- Số khe SIM: 2 nano SIM + 1 khe thẻ nhớ\n- Dung lượng pin: 5000 mAh\nKhuyến mãi: - Ưu đãi trả góp 0% qua Shinhan Finance hoặc Mirae Asset Finance\n- Giảm 5% không giới hạn khuyến mãi qua Homepaylater\n- Giảm thêm tới 700.000đ khi thanh toán qua Kredivo.\n- Giảm 50% tối đa 700k khi mở thẻ tín dụng Vpbank trên SenID\n- Giảm 20% tối đa 500k khi mở thẻ tín dụng TPBank EVO\n- Mở thẻ tín dụng VIB\n- Nhận Voucher 600.000đ\n- Giảm 1% tối đa 100.000đ khi thanh toán qua Zalopay\n\nTên sản phẩm: điện thoại redmi note 11 pro 5g (8gb/128gb) - chính hãng\nMàu: Màu Xám, Trắng, Xanh Dương\nGiá: 5,590,000 ₫\nThông số kỹ thuật: - Công nghệ màn hình: AMOLED\n- Độ phân giải: Full HD+ (1080 x 2400 Pixels), Chính 108 MP & Phụ 8 MP, 2 MP, 16 MP\n- Hệ điều hành: Android 11\n- Vi xử lý: Qualcomm Snapdragon 695 5G 8 nhân\n- Bộ nhớ trong: 128 GB\n- RAM: 8GB\n- Mạng di động: Hỗ trợ 5G\n- Số khe SIM: 2 Nano SIM (SIM 2 chung khe thẻ nhớ)\n- Dung lượng pin: 5000 mAh\nKhuyến mãi: - Ưu đãi trả góp 0% qua Shinhan Finance hoặc Mirae Asset Finance\n- Giảm 5% không giới hạn khuyến mãi qua Homepaylater\n- Giảm thêm tới 700.000đ khi thanh toán qua Kredivo.\n- Giảm 50% tối đa 700k khi mở thẻ tín dụng Vpbank trên SenID\n- Giảm 20% tối đa 500k khi mở thẻ tín dụng TPBank EVO\n- Mở thẻ tín dụng VIB\n- Nhận Voucher 600.000đ\n- Giảm 1% tối đa 100.000đ khi thanh toán qua Zalopay\n\nTên sản phẩm: điện thoại redmi note 11 pro (8gb/128gb) - chính hãng\nMàu: Không có thông tin\nGiá: Không có thông tin\nThông số kỹ thuật: - Công nghệ màn hình: AMOLED\n- Độ phân giải: Full HD+ (1080 x 2400 Pixels), Chính 108 MP & Phụ 8 MP, 2 MP, 2 MP, 16 MP\n- Kích thước màn hình: 6.67 inch\n- Hệ điều hành: Android 11\n- Vi xử lý: MediaTek Helio G96 8 nhân\n- Bộ nhớ trong: 128 GB\n- RAM: 8GB\n- Mạng di động: Hỗ trợ 4G\n- Số khe SIM: 2 Nano SIM (SIM 2 chung khe thẻ nhớ)\n- Dung lượng pin: 5000 mAh\nKhuyến mãi: Không có khuyến mãi']","Realme 11 Pro có sẵn màu Trắng, Xanh.","[{'statement': 'Realme 11 Pro có sẵn màu Trắng.', 'reason': [""Trong thông tin về sản phẩm 'điện thoại realme 11 pro 8gb/256gb - chính hãng', mục 'Màu' có ghi 'White', tức là màu Trắng.""], 'verdict': 1}, {'statement': 'Realme 11 Pro có sẵn màu Xanh.', 'reason': [""Trong thông tin về sản phẩm 'điện thoại realme 11 pro 8gb/256gb - chính hãng', mục 'Màu' có ghi 'Green', tức là màu Xanh.""], 'verdict': 1}]",0.0,10.22,2025-08-20 17:14:35
127,Điện thoại realme 11 có các khuyến mãi nào khi mua hàng?,"Điện thoại realme 11 có các khuyến mãi khi mua hàng như ưu đãi trả góp 0% qua Shinhan Finance hoặc Mirae Asset Finance, giảm 5% không giới hạn khuyến mãi qua Homepaylater, giảm thêm tới 700.000đ khi thanh toán qua Kredivo, giảm 50% tối đa 700k khi mở thẻ tín dụng Vpbank trên SenID, giảm 20% tối đa 500k khi mở thẻ tín dụng TPBank EVO, mở thẻ tín dụng VIB nhận Voucher 600.000đ, và giảm 1% tối đa 100.000đ khi thanh toán qua Zalopay.","['Tên sản phẩm: điện thoại realme 11 8gb/128gb - chính hãng\nMàu: Gold, Black\nGiá: 6,590,000 ₫\nThông số kỹ thuật: - Công nghệ màn hình: Super Amoled 90Hz\n- Độ phân giải: FHD+ 2400x1080, Chính Prolight 108MP  + Chân dung 2MP, 16MP\n- Kích thước màn hình: 6.4 inch\n- Hệ điều hành:   inchrealme UI 4.0, Trên nền tảng Android 13 inch\n- Vi xử lý: Chip Helio G99\n- Bộ nhớ trong: 128GB\n- RAM: 8GB\n- Mạng di động: Không hỗ trợ 5G\n- Số khe SIM: 2 nano SIM + 1 khe thẻ nhớ\n- Dung lượng pin: 5000 mAh\nKhuyến mãi: - Ưu đãi trả góp 0% qua Shinhan Finance hoặc Mirae Asset Finance\n- Giảm 5% không giới hạn khuyến mãi qua Homepaylater\n- Giảm thêm tới 700.000đ khi thanh toán qua Kredivo.\n- Giảm 50% tối đa 700k khi mở thẻ tín dụng Vpbank trên SenID\n- Giảm 20% tối đa 500k khi mở thẻ tín dụng TPBank EVO\n- Mở thẻ tín dụng VIB\n- Nhận Voucher 600.000đ\n- Giảm 1% tối đa 100.000đ khi thanh toán qua Zalopay\n\nTên sản phẩm: điện thoại realme 11 pro 8gb/256gb - chính hãng\nMàu: White, Green\nGiá: 10,990,000 ₫\nThông số kỹ thuật: - Công nghệ màn hình: OLED 120Hz\n- Độ phân giải: FHD+ 2412*1080, Chính OIS 100MP + Chân dung 2MP, 16MP\n- Kích thước màn hình: 6.72  inch\n- Hệ điều hành: realme UI 4.0, Trên nền tảng Android 13\n- Vi xử lý: Chip Dimensity 7050 5G\n- Bộ nhớ trong: 256GB\n- RAM: 8GB\n- Mạng di động: hỗ trợ 5G\n- Số khe SIM: 2 nano SIM\n- Dung lượng pin: 5000 mAh\nKhuyến mãi: - KM 1\n- Tặng Bộ quà Hoàng Hà (Chi tiết liên hệ 1900.2091)\n\nTên sản phẩm: điện thoại realme 10 4g 8gb/256gb - chính hãng\nMàu: Màu Đen, Trắng Cực Quang\nGiá: 6,090,000 ₫\nThông số kỹ thuật: - Công nghệ màn hình: Super AMOLED\n- Độ phân giải: 2400*1080 (FHD+), Camera chính: 50MP, Camera chân dung: 2MP, 16 MP\n- Kích thước màn hình: 6.4 inch\n- Hệ điều hành: realme UI 3.0, Trên nền tảng Android 12\n- Vi xử lý: Chip Helio G99\n- Bộ nhớ trong: 256GB\n- RAM: 8GB\n- Mạng di động: Không hỗ trợ 5G\n- Số khe SIM: 2 nano SIM\n- Dung lượng pin: 5000 mAh\nKhuyến mãi: - Ưu đãi trả góp 0% qua Shinhan Finance hoặc Mirae Asset Finance\n- Giảm 5% không giới hạn khuyến mãi qua Homepaylater\n- Giảm thêm tới 700.000đ khi thanh toán qua Kredivo.\n- Giảm 50% tối đa 700k khi mở thẻ tín dụng Vpbank trên SenID\n- Giảm 20% tối đa 500k khi mở thẻ tín dụng TPBank EVO\n- Mở thẻ tín dụng VIB\n- Nhận Voucher 600.000đ\n- Giảm 1% tối đa 100.000đ khi thanh toán qua Zalopay\n\nTên sản phẩm: điện thoại redmi note 11 pro 5g (8gb/128gb) - chính hãng\nMàu: Màu Xám, Trắng, Xanh Dương\nGiá: 5,590,000 ₫\nThông số kỹ thuật: - Công nghệ màn hình: AMOLED\n- Độ phân giải: Full HD+ (1080 x 2400 Pixels), Chính 108 MP & Phụ 8 MP, 2 MP, 16 MP\n- Hệ điều hành: Android 11\n- Vi xử lý: Qualcomm Snapdragon 695 5G 8 nhân\n- Bộ nhớ trong: 128 GB\n- RAM: 8GB\n- Mạng di động: Hỗ trợ 5G\n- Số khe SIM: 2 Nano SIM (SIM 2 chung khe thẻ nhớ)\n- Dung lượng pin: 5000 mAh\nKhuyến mãi: - Ưu đãi trả góp 0% qua Shinhan Finance hoặc Mirae Asset Finance\n- Giảm 5% không giới hạn khuyến mãi qua Homepaylater\n- Giảm thêm tới 700.000đ khi thanh toán qua Kredivo.\n- Giảm 50% tối đa 700k khi mở thẻ tín dụng Vpbank trên SenID\n- Giảm 20% tối đa 500k khi mở thẻ tín dụng TPBank EVO\n- Mở thẻ tín dụng VIB\n- Nhận Voucher 600.000đ\n- Giảm 1% tối đa 100.000đ khi thanh toán qua Zalopay']","Khi mua điện thoại realme 11, bạn được hưởng các khuyến mãi sau:

- Ưu đãi trả góp 0 % qua Shinhan Finance hoặc Mirae Asset Finance  
- Giảm 5 % không giới hạn khuyến mãi qua Homepaylater  
- Giảm thêm tới 700.000 đ khi thanh toán qua Kredivo  
- Giảm 50 % tối đa 700k khi mở thẻ tín dụng Vpbank trên SenID  
- Giảm 20 % tối đa 500k khi mở thẻ tín dụng TPBank EVO  
- Mở thẻ tín dụng VIB  
- Nhận voucher 600.000 đ  
- Giảm 1 % tối đa 100.000 đ khi thanh toán qua Zalopay","[{'statement': 'Khi mua điện thoại realme 11, khách hàng được hưởng ưu đãi trả góp 0% qua Shinhan Finance hoặc Mirae Asset Finance.', 'reason': [""The context confirms this promotion for the realme 11 phone: 'Ưu đãi trả góp 0% qua Shinhan Finance hoặc Mirae Asset Finance'.""], 'verdict': 1}, {'statement': 'Khách hàng mua điện thoại realme 11 được giảm 5% không giới hạn khuyến mãi qua Homepaylater.', 'reason': [""The context confirms this promotion for the realme 11 phone: 'Giảm 5% không giới hạn khuyến mãi qua Homepaylater'.""], 'verdict': 1}, {'statement': 'Khách hàng mua điện thoại realme 11 được giảm thêm tới 700.000 đ khi thanh toán qua Kredivo.', 'reason': [""The context confirms this promotion for the realme 11 phone: 'Giảm thêm tới 700.000đ khi thanh toán qua Kredivo'.""], 'verdict': 1}, {'statement': 'Khách hàng mua điện thoại realme 11 được giảm 50% tối đa 700.000đ khi mở thẻ tín dụng Vpbank trên SenID.', 'reason': [""The context confirms this promotion for the realme 11 phone: 'Giảm 50% tối đa 700k khi mở thẻ tín dụng Vpbank trên SenID'.""], 'verdict': 1}, {'statement': 'Khách hàng mua điện thoại realme 11 được giảm 20% tối đa 500.000đ khi mở thẻ tín dụng TPBank EVO.', 'reason': [""The context confirms this promotion for the realme 11 phone: 'Giảm 20% tối đa 500k khi mở thẻ tín dụng TPBank EVO'.""], 'verdict': 1}, {'statement': 'Khách hàng mua điện thoại realme 11 có thể nhận khuyến mãi khi mở thẻ tín dụng VIB.', 'reason': [""The context lists 'Mở thẻ tín dụng VIB' as a promotion for the realme 11 phone.""], 'verdict': 1}, {'statement': 'Khách hàng mua điện thoại realme 11 sẽ nhận được voucher trị giá 600.000 đ.', 'reason': [""The context confirms this promotion for the realme 11 phone: 'Nhận Voucher 600.000đ'.""], 'verdict': 1}, {'statement': 'Khách hàng mua điện thoại realme 11 được giảm 1% tối đa 100.000 đ khi thanh toán qua Zalopay.', 'reason': [""The context confirms this promotion for the realme 11 phone: 'Giảm 1% tối đa 100.000đ khi thanh toán qua Zalopay'.""], 'verdict': 1}]",0.0,26.15,2025-08-20 17:14:49
131,Điện thoại redmi note 12 (8gb/128gb) sử dụng vi xử lý nào?,Điện thoại Redmi Note 12 (8GB/128GB) sử dụng vi xử lý Qualcomm Snapdragon 685.,"['Tên sản phẩm: điện thoại redmi note 12 (4gb/128gb) - chính hãng\nMàu: Màu Đen, Xanh Dương, Xanh Lá\nGiá: 3,590,000 ₫\nThông số kỹ thuật: - Công nghệ màn hình: Dot Display - AMOLED, Tần số quét 120Hz, Gam màu chuẩn DCI-P3\n- Độ phân giải: 1080x2400, Camera Chính 50MP f/1.8, Camera Góc siêu rộng 8MP f/2.2, Góc Rộng 120°, Camera Cận cảnh 2MP f/2.4, 13MP f/2.45\n- Kích thước màn hình: 6.67 inch\n- Hệ điều hành: MIUI 14 Trên nền tảng Android 13\n- Vi xử lý: Qualcomm Snapdragon 685\n- Bộ nhớ trong: 128GB\n- RAM: 4GB\n- Mạng di động: 2G, 3G, 4G\n- Số khe SIM: 2 nano SIM\n- Dung lượng pin: 5000 mAh\nKhuyến mãi: - KM 1\n- Sản phẩm đang thuộc chương trình Flash sale (Số lượng có hạn)\n\nTên sản phẩm: điện thoại redmi note 12 (8gb/128gb) - chính hãng\nMàu: Xanh Lá, Màu Vàng, Xanh Dương, Màu Đen\nGiá: 3,990,000 ₫\nThông số kỹ thuật: - Công nghệ màn hình: Dot Display - AMOLED, Tần số quét 120Hz, Gam màu chuẩn DCI-P3\n- Độ phân giải: 1080x2400, Camera Chính 50MP f/1.8, Camera Góc siêu rộng 8MP f/2.2, Góc Rộng 120°, Camera Cận cảnh 2MP f/2.4, 13MP f/2.45\n- Kích thước màn hình: 6.67 inch\n- Hệ điều hành: MIUI 14 Trên nền tảng Android 13\n- Vi xử lý: Qualcomm Snapdragon 685\n- Bộ nhớ trong: 128GB\n- RAM: 8GB\n- Mạng di động: 2G, 3G, 4G\n- Số khe SIM: 2 nano SIM\n- Dung lượng pin: 5000 mAh\nKhuyến mãi: - Ưu đãi trả góp 0% qua Shinhan Finance hoặc Mirae Asset Finance\n- Giảm 5% không giới hạn khuyến mãi qua Homepaylater\n- Giảm thêm tới 700.000đ khi thanh toán qua Kredivo.\n- Giảm 50% tối đa 700k khi mở thẻ tín dụng Vpbank trên SenID\n- Giảm 20% tối đa 500k khi mở thẻ tín dụng TPBank EVO\n- Mở thẻ tín dụng VIB\n- Nhận Voucher 600.000đ\n- Giảm 1% tối đa 100.000đ khi thanh toán qua Zalopay\n\nTên sản phẩm: điện thoại redmi note 13 (6gb/128gb) - chính hãng\nMàu: Xanh Lá, Đen, Màu Vàng\nGiá: 4,690,000 ₫\nThông số kỹ thuật: - Công nghệ màn hình: AMOLED 120Hz, Tỉ lệ tương phản 5.000.000:1, 100% DCI-P3, Màn hình Sunlight, Chứng nhận mức ánh sáng xanh thấp (Giải pháp phần cứng) của TÜV Rheinland | Chứng nhận thân thiện với đặc điểm sinh học của TÜV Rheinland | Chứng nhận không nhấp nháy của TÜV Rheinland | Chế độ đọc\n- Độ phân giải: 1080x2400, Camera chính 108MP f/1.75, Camera góc siêu rộng 8MP f/2.2, Camera Macro 2MP, Camera trước 16MP f/2.4\n- Kích thước màn hình: 6.67 inch\n- Hệ điều hành: MIUI 14 trên nền tảng Android 13\n- Vi xử lý: Qualcomm Snapdragon 685\n- Bộ nhớ trong: 128GB\n- RAM: 6GB\n- Mạng di động: 2G, 3G, 4G\n- Số khe SIM: 2 nano SIM\n- Dung lượng pin: 5000 mAh\nKhuyến mãi: - KM 1\n- Tặng Vipcare 1 đổi 1 ( nhập lại 400.000)\n\nTên sản phẩm: điện thoại xiaomi redmi 12 8gb/128gb\nMàu: Bạc, Màu Đen, Xanh Dương\nGiá: 3,490,000 ₫\nThông số kỹ thuật: - Độ phân giải: Full HD, 2460 × 1080, 396ppi, Camera chính 50MP, - Khẩu độ f/1.8, Camera selfie 8MP, - f/2.1\n- Cổng kết nối: Type-C\n- Trọng lượng: 198.5g\n- Công nghệ màn hình: FHD+ LCD\n- Kích thước màn hình: 6.79 inch\n- Hệ điều hành: MIUI 14 trên nền Android 13\n- Vi xử lý: MediaTek Helio G88\n- Bộ nhớ trong: 128GB\n- RAM: 8GB\n- Số khe SIM: SIM1 + Khe kết hợp (SIM hoặc thẻ microSD)\n- Dung lượng pin: 5,000mAh (typ)4\nKhuyến mãi: - Ưu đãi trả góp 0% qua Shinhan Finance hoặc Mirae Asset Finance\n- Giảm 5% không giới hạn khuyến mãi qua Homepaylater\n- Giảm thêm tới 700.000đ khi thanh toán qua Kredivo.\n- Giảm 50% tối đa 700k khi mở thẻ tín dụng Vpbank trên SenID\n- Giảm 20% tối đa 500k khi mở thẻ tín dụng TPBank EVO\n- Mở thẻ tín dụng VIB\n- Nhận Voucher 600.000đ\n- Giảm 1% tối đa 100.000đ khi thanh toán qua Zalopay']",Redmi Note 12 (8 GB/128 GB) sử dụng vi xử lý **Qualcomm Snapdragon 685**.,"[{'statement': 'Điện thoại Redmi Note 12 (8 GB/128 GB) sử dụng vi xử lý Qualcomm Snapdragon 685.', 'reason': [""Trong ngữ cảnh có thông tin về 'điện thoại redmi note 12 (8gb/128gb)' và thông số kỹ thuật của nó ghi rõ 'Vi xử lý: Qualcomm Snapdragon 685'.""], 'verdict': 1}]",0.0,33.02,2025-08-20 17:15:23
129,Giá của điện thoại Samsung Galaxy Z Fold5 12GB/512GB là bao nhiêu?,"Giá của điện thoại Samsung Galaxy Z Fold5 12GB/512GB là 30,990,000 ₫.","['Tên sản phẩm: điện thoại samsung galaxy z fold5 12gb/512gb - chính hãng\nMàu: Xanh, Màu Đen, Kem\nGiá: 30,990,000 ₫\nThông số kỹ thuật: - Công nghệ màn hình: Dynamic AMOLED 2X, Tần số quét 120 Hz, Infinity Flex, Màn hình phụ: Infinity-O\n- Độ phân giải: 2176 x 1812 (QXGA+), Màn hình phụ: 2316 x 904 (HD+), 50 MP + 12 MP + 10 MP, Camera trước ở màn hình phụ: 10 MP, Camera ẩn dưới màn hình: 4 MP\n- Kích thước màn hình: 7.6 inch, 6.2 inch\n- Hệ điều hành: OneUI 5.1.1 / Android 13\n- Vi xử lý: Qualcomm Snapdragon 8 Gen 2\n- Bộ nhớ trong: 512GB\n- RAM: 12GB\n- Mạng di động: Hỗ trợ 5G\n- Số khe SIM: Nano-sim & E-sim\n- Dung lượng pin: 4400 mAh\nKhuyến mãi: - KM 1\n- Tặng gói Samsung care+ 6 tháng\n- KM 2\n- Trả góp tới 06 tháng không lãi suất, trả trước 0 đồng với Samsung Finance+.\n\nTên sản phẩm: điện thoại samsung galaxy z fold5 12gb/256gb - chính hãng\nMàu: Xanh, Màu Đen, Kem\nGiá: 28,990,000 ₫\nThông số kỹ thuật: - Công nghệ màn hình: Dynamic AMOLED 2X, Tần số quét 120 Hz, Infinity Flex, Màn hình phụ: Infinity-O\n- Độ phân giải: 2176 x 1812 (QXGA+), Màn hình phụ: 2316 x 904 (HD+), 50 MP + 12 MP + 10 MP, Camera trước ở màn hình phụ: 10 MP, Camera ẩn dưới màn hình: 4 MP\n- Kích thước màn hình: 7.6 inch, 6.2 inch\n- Hệ điều hành: OneUI 5.1.1 / Android 13\n- Vi xử lý: Qualcomm Snapdragon 8 Gen 2\n- Bộ nhớ trong: 256GB\n- RAM: 12GB\n- Mạng di động: Hỗ trợ 5G\n- Số khe SIM: Nano-sim & E-sim\n- Dung lượng pin: 4400 mAh\nKhuyến mãi: - KM 1\n- Tặng gói Samsung care+ 6 tháng\n- KM 2\n- Trả góp tới 06 tháng không lãi suất, trả trước 0 đồng với Samsung Finance+.\n- KM 3\n- Giảm thêm 500.000đ cho khách hàng thân thiết (Chi tiết LH 1900 2091)\n\nTên sản phẩm: điện thoại samsung galaxy z fold2 5g - chính hãng\nMàu: Không có thông tin\nGiá: Không có thông tin\nThông số kỹ thuật: - Công nghệ màn hình: Chính: Dynamic AMOLED, Phụ: Super AMOLED\n- Độ phân giải: Full HD+ (1768 x 2208 Pixels), 3 camera 12 MP, 10 MP\n- Kích thước màn hình: Chính 7.59 inch & 6.23 inch\n- Bộ nhớ trong: 256 GB\n- RAM: 12GB\n- Mạng di động: Hỗ trợ 5G\n- Số khe SIM: 1 Nano SIM & 1 eSIM\n- Dung lượng pin: 4500 mAh\nKhuyến mãi: Không có khuyến mãi\n\nTên sản phẩm: điện thoại  samsung galaxy z flip5 8gb/512gb - chính hãng\nMàu: Xanh, Kem, Màu Tím, Màu Xám\nGiá: 18,990,000 ₫\nThông số kỹ thuật: - Công nghệ màn hình: Chính: Dynamic AMOLED 2X, Phụ: Super AMOLED, Tần số quét Chính: 120 Hz & Phụ: 60 Hz\n- Độ phân giải: MH Chính: FHD+ (2640 x 1080 Pixels), MH Phụ: HD+ (720 x 748 Pixels), 12 MP (2Camera), 10 MP\n- Kích thước màn hình: Chính 6.7 inch, 3.4 inch\n- Hệ điều hành: Android 13\n- Vi xử lý: Snapdragon 8 Gen 2\n- Bộ nhớ trong: 512GB\n- RAM: 8GB\n- Mạng di động: Hỗ trợ 5G\n- Số khe SIM: 1 Nano SIM & 1 eSIM\n- Dung lượng pin: 3700 mAh\nKhuyến mãi: - KM 1\n- Tặng gói Samsung care+ 6 tháng\n- KM 2\n- Trả góp tới 06 tháng không lãi suất, trả trước 0 đồng với Samsung Finance+.\n- KM 3\n- Giảm thêm 1.000.000đ cho khách hàng thân thiết (Chi tiết LH 1900 2091)']","Giá điện thoại Samsung Galaxy Z Fold5 12GB/512GB là 30,990,000 ₫.","[{'statement': 'Giá điện thoại Samsung Galaxy Z Fold5 12GB/512GB là 30,990,000 ₫.', 'reason': [""Trong ngữ cảnh được cung cấp, sản phẩm 'điện thoại samsung galaxy z fold5 12gb/512gb - chính hãng' có giá được niêm yết là '30,990,000 ₫'.""], 'verdict': 1}]",0.0,52.61,2025-08-20 17:15:24
130,Điện thoại nokia 110 4g pro có mấy khe SIM?,Điện thoại Nokia 110 4G Pro có 2 khe nano SIM.,"['Tên sản phẩm: điện thoại nokia 110 4g pro - chính hãng\nMàu: Màu Tím, Xanh than\nGiá: 670,000 ₫\nThông số kỹ thuật: - Công nghệ màn hình: IPS\n- Độ phân giải: QQVGA, QVGA\n- Kích thước màn hình: 1.77 inch\n- Hệ điều hành: S30+\n- Vi xử lý: Unisoc T107\n- Mạng di động: 2G, 3G, 4G, Hỗ trợ VoLTE\n- Số khe SIM: 2 nano SIM\n- Dung lượng pin: 1450 mAh\nKhuyến mãi: - Giảm 5% không giới hạn khuyến mãi qua Homepaylater\n- Giảm 50% tối đa 700k khi mở thẻ tín dụng Vpbank trên SenID\n- Giảm 20% tối đa 500k khi mở thẻ tín dụng TPBank EVO\n- Giảm 1% tối đa 100.000đ khi thanh toán qua Zalopay\n\nTên sản phẩm: điện thoại nokia 110 4g - chính hãng\nMàu: Blue, Black\nGiá: 640,000 ₫\nThông số kỹ thuật: Không có thông tin\nKhuyến mãi: - Giảm 5% không giới hạn khuyến mãi qua Homepaylater\n- Giảm 50% tối đa 700k khi mở thẻ tín dụng Vpbank trên SenID\n- Giảm 20% tối đa 500k khi mở thẻ tín dụng TPBank EVO\n- Giảm 1% tối đa 100.000đ khi thanh toán qua Zalopay\n\nTên sản phẩm: nokia 105 4g pro - chính hãng\nMàu: Xanh Lá, Màu Đen\nGiá: 640,000 ₫\nThông số kỹ thuật: - Công nghệ màn hình: IPS\n- Độ phân giải: QQVGA\n- Kích thước màn hình: 1.77 inch\n- Hệ điều hành: S30+\n- Vi xử lý: Unisoc T107\n- Mạng di động: 2G, 3G, 4G, Hỗ trợ VoLTE\n- Số khe SIM: 2 nano SIM\n- Dung lượng pin: 1450 mAh\nKhuyến mãi: - Giảm 5% không giới hạn khuyến mãi qua Homepaylater\n- Giảm 50% tối đa 700k khi mở thẻ tín dụng Vpbank trên SenID\n- Giảm 20% tối đa 500k khi mở thẻ tín dụng TPBank EVO\n- Giảm 1% tối đa 100.000đ khi thanh toán qua Zalopay\n\nTên sản phẩm: nokia 3210 4g - chính hãng\nMàu: Màu Vàng, Xanh, Màu Đen\nGiá: 1,590,000 ₫\nThông số kỹ thuật: - Công nghệ màn hình: IPS\n- Kích thước màn hình: 2.4 inch\n- Độ phân giải: 2MP\n- Hệ điều hành: S30+\n- Bộ nhớ trong: 128MB3\n- RAM: 64MB\n- Mạng di động: 2G, 3G, 4G, Hỗ trợ VoLTE2\n- Số khe SIM: Hai SIM Nano SIM + Nano SIM\n- Dung lượng pin: 1450mAh\nKhuyến mãi: Không có khuyến mãi']",Điện thoại nokia 110 4g pro có 2 khe SIM nano.,"[{'statement': 'Điện thoại Nokia 110 4G Pro có 2 khe SIM nano.', 'reason': [""Trong phần thông số kỹ thuật của sản phẩm 'điện thoại nokia 110 4g pro - chính hãng', context có ghi rõ 'Số khe SIM: 2 nano SIM'.""], 'verdict': 1}]",0.0,55.44,2025-08-20 17:15:32
132,Điện thoại Samsung Galaxy Z Fold5 có những lựa chọn màu nào?,"Điện thoại Samsung Galaxy Z Fold5 có các lựa chọn màu Xanh, Màu Đen, Kem.","['Tên sản phẩm: điện thoại samsung galaxy z fold5 12gb/256gb - chính hãng\nMàu: Xanh, Màu Đen, Kem\nGiá: 28,990,000 ₫\nThông số kỹ thuật: - Công nghệ màn hình: Dynamic AMOLED 2X, Tần số quét 120 Hz, Infinity Flex, Màn hình phụ: Infinity-O\n- Độ phân giải: 2176 x 1812 (QXGA+), Màn hình phụ: 2316 x 904 (HD+), 50 MP + 12 MP + 10 MP, Camera trước ở màn hình phụ: 10 MP, Camera ẩn dưới màn hình: 4 MP\n- Kích thước màn hình: 7.6 inch, 6.2 inch\n- Hệ điều hành: OneUI 5.1.1 / Android 13\n- Vi xử lý: Qualcomm Snapdragon 8 Gen 2\n- Bộ nhớ trong: 256GB\n- RAM: 12GB\n- Mạng di động: Hỗ trợ 5G\n- Số khe SIM: Nano-sim & E-sim\n- Dung lượng pin: 4400 mAh\nKhuyến mãi: - KM 1\n- Tặng gói Samsung care+ 6 tháng\n- KM 2\n- Trả góp tới 06 tháng không lãi suất, trả trước 0 đồng với Samsung Finance+.\n- KM 3\n- Giảm thêm 500.000đ cho khách hàng thân thiết (Chi tiết LH 1900 2091)\n\nTên sản phẩm: điện thoại samsung galaxy z fold5 12gb/512gb - chính hãng\nMàu: Xanh, Màu Đen, Kem\nGiá: 30,990,000 ₫\nThông số kỹ thuật: - Công nghệ màn hình: Dynamic AMOLED 2X, Tần số quét 120 Hz, Infinity Flex, Màn hình phụ: Infinity-O\n- Độ phân giải: 2176 x 1812 (QXGA+), Màn hình phụ: 2316 x 904 (HD+), 50 MP + 12 MP + 10 MP, Camera trước ở màn hình phụ: 10 MP, Camera ẩn dưới màn hình: 4 MP\n- Kích thước màn hình: 7.6 inch, 6.2 inch\n- Hệ điều hành: OneUI 5.1.1 / Android 13\n- Vi xử lý: Qualcomm Snapdragon 8 Gen 2\n- Bộ nhớ trong: 512GB\n- RAM: 12GB\n- Mạng di động: Hỗ trợ 5G\n- Số khe SIM: Nano-sim & E-sim\n- Dung lượng pin: 4400 mAh\nKhuyến mãi: - KM 1\n- Tặng gói Samsung care+ 6 tháng\n- KM 2\n- Trả góp tới 06 tháng không lãi suất, trả trước 0 đồng với Samsung Finance+.\n\nTên sản phẩm: điện thoại samsung galaxy z fold2 5g - chính hãng\nMàu: Không có thông tin\nGiá: Không có thông tin\nThông số kỹ thuật: - Công nghệ màn hình: Chính: Dynamic AMOLED, Phụ: Super AMOLED\n- Độ phân giải: Full HD+ (1768 x 2208 Pixels), 3 camera 12 MP, 10 MP\n- Kích thước màn hình: Chính 7.59 inch & 6.23 inch\n- Bộ nhớ trong: 256 GB\n- RAM: 12GB\n- Mạng di động: Hỗ trợ 5G\n- Số khe SIM: 1 Nano SIM & 1 eSIM\n- Dung lượng pin: 4500 mAh\nKhuyến mãi: Không có khuyến mãi\n\nTên sản phẩm: điện thoại samsung galaxy z flip5 8gb/256gb - chính hãng\nMàu: Xanh, Màu Tím, Kem, Màu Xám\nGiá: 16,990,000 ₫\nThông số kỹ thuật: - Công nghệ màn hình: Chính: Dynamic AMOLED 2X, Phụ: Super AMOLED, Tần số quét Chính: 120 Hz & Phụ: 60 Hz\n- Độ phân giải: MH Chính: FHD+ (2640 x 1080 Pixels), MH Phụ: HD+ (720 x 748 Pixels), 12 MP (2Camera), 10 MP\n- Kích thước màn hình: Chính 6.7 inch, 3.4 inch\n- Hệ điều hành: Android 13\n- Vi xử lý: Snapdragon 8 Gen 2\n- Bộ nhớ trong: 256GB\n- RAM: 8GB\n- Mạng di động: Hỗ trợ 5G\n- Số khe SIM: 1 Nano SIM & 1 eSIM\n- Dung lượng pin: 3700 mAh\nKhuyến mãi: - KM 1\n- Tặng gói Samsung care+ 6 tháng\n- KM 2\n- Tặng Ốp lưng thông minh Nhập hội linh hoạt Galaxy Z Flip5 trị giá 1.990.000đ\n- KM 3\n- Trả góp tới 06 tháng không lãi suất, trả trước 0 đồng với Samsung Finance+.']","Xanh, Màu Đen, Kem","[{'statement': 'Điện thoại Samsung Galaxy Z Fold5 có lựa chọn màu Xanh.', 'reason': [""The context lists the colors for the Samsung Galaxy Z Fold5 as 'Xanh, Màu Đen, Kem', which confirms that Blue ('Xanh') is an available color.""], 'verdict': 1}, {'statement': 'Điện thoại Samsung Galaxy Z Fold5 có lựa chọn màu Đen.', 'reason': [""The context lists the colors for the Samsung Galaxy Z Fold5 as 'Xanh, Màu Đen, Kem', which confirms that Black ('Màu Đen') is an available color.""], 'verdict': 1}, {'statement': 'Điện thoại Samsung Galaxy Z Fold5 có lựa chọn màu Kem.', 'reason': [""The context lists the colors for the Samsung Galaxy Z Fold5 as 'Xanh, Màu Đen, Kem', which confirms that Cream ('Kem') is an available color.""], 'verdict': 1}]",0.0,14.68,2025-08-20 17:15:38
133,Samsung Galaxy Z Flip5 8GB/256GB có các tùy chọn màu sắc nào?,"Samsung Galaxy Z Flip5 8GB/256GB có các tùy chọn màu sắc là Xanh, Màu Tím, Kem, Màu Xám.","['Tên sản phẩm: điện thoại samsung galaxy z flip5 8gb/256gb - chính hãng\nMàu: Xanh, Màu Tím, Kem, Màu Xám\nGiá: 16,990,000 ₫\nThông số kỹ thuật: - Công nghệ màn hình: Chính: Dynamic AMOLED 2X, Phụ: Super AMOLED, Tần số quét Chính: 120 Hz & Phụ: 60 Hz\n- Độ phân giải: MH Chính: FHD+ (2640 x 1080 Pixels), MH Phụ: HD+ (720 x 748 Pixels), 12 MP (2Camera), 10 MP\n- Kích thước màn hình: Chính 6.7 inch, 3.4 inch\n- Hệ điều hành: Android 13\n- Vi xử lý: Snapdragon 8 Gen 2\n- Bộ nhớ trong: 256GB\n- RAM: 8GB\n- Mạng di động: Hỗ trợ 5G\n- Số khe SIM: 1 Nano SIM & 1 eSIM\n- Dung lượng pin: 3700 mAh\nKhuyến mãi: - KM 1\n- Tặng gói Samsung care+ 6 tháng\n- KM 2\n- Tặng Ốp lưng thông minh Nhập hội linh hoạt Galaxy Z Flip5 trị giá 1.990.000đ\n- KM 3\n- Trả góp tới 06 tháng không lãi suất, trả trước 0 đồng với Samsung Finance+.\n\nTên sản phẩm: điện thoại  samsung galaxy z flip5 8gb/512gb - chính hãng\nMàu: Xanh, Kem, Màu Tím, Màu Xám\nGiá: 18,990,000 ₫\nThông số kỹ thuật: - Công nghệ màn hình: Chính: Dynamic AMOLED 2X, Phụ: Super AMOLED, Tần số quét Chính: 120 Hz & Phụ: 60 Hz\n- Độ phân giải: MH Chính: FHD+ (2640 x 1080 Pixels), MH Phụ: HD+ (720 x 748 Pixels), 12 MP (2Camera), 10 MP\n- Kích thước màn hình: Chính 6.7 inch, 3.4 inch\n- Hệ điều hành: Android 13\n- Vi xử lý: Snapdragon 8 Gen 2\n- Bộ nhớ trong: 512GB\n- RAM: 8GB\n- Mạng di động: Hỗ trợ 5G\n- Số khe SIM: 1 Nano SIM & 1 eSIM\n- Dung lượng pin: 3700 mAh\nKhuyến mãi: - KM 1\n- Tặng gói Samsung care+ 6 tháng\n- KM 2\n- Trả góp tới 06 tháng không lãi suất, trả trước 0 đồng với Samsung Finance+.\n- KM 3\n- Giảm thêm 1.000.000đ cho khách hàng thân thiết (Chi tiết LH 1900 2091)\n\nTên sản phẩm: samsung galaxy z flip4 - 256gb - chính hãng\nMàu: Không có thông tin\nGiá: Không có thông tin\nThông số kỹ thuật: - Công nghệ màn hình: Chính: Dynamic AMOLED 2X, Phụ: Super AMOLED\n- Độ phân giải: Chính: FHD+ (2640 x 1080 Pixels) x Phụ: (260 x 512 Pixels), 2 camera 12 MP, 10 MP\n- Kích thước màn hình: Chính 6.7 inch & Phụ 1.9 inch\n- Hệ điều hành: Android 12\n- Vi xử lý: Snapdragon 8+ Gen 1 8 nhân\n- Bộ nhớ trong: 256GB\n- RAM: 8GB\n- Mạng di động: Hỗ trợ 5G\n- Số khe SIM: 1 Nano SIM & 1 eSIM\n- Dung lượng pin: 3700 mAh\nKhuyến mãi: Không có khuyến mãi\n\nTên sản phẩm: \ufeff samsung galaxy z flip4 -128gb - chính hãng\nMàu: Không có thông tin\nGiá: Không có thông tin\nThông số kỹ thuật: - Công nghệ màn hình: Chính: Dynamic AMOLED 2X, Phụ: Super AMOLED\n- Độ phân giải: Chính: FHD+ (2640 x 1080 Pixels) x Phụ: (260 x 512 Pixels), 2 camera 12 MP, 10 MP\n- Kích thước màn hình: Chính 6.7 inch & Phụ 1.9 inch\n- Hệ điều hành: Android 12\n- Vi xử lý: Snapdragon 8+ Gen 1 8 nhân\n- Bộ nhớ trong: 128 GB\n- RAM: 8GB\n- Mạng di động: Hỗ trợ 5G\n- Số khe SIM: 1 Nano SIM & 1 eSIM\n- Dung lượng pin: 3700 mAh\nKhuyến mãi: Không có khuyến mãi']","Xanh, Màu Tím, Kem, Màu Xám","[{'statement': 'Samsung Galaxy Z Flip5 8GB/256GB có tùy chọn màu Xanh.', 'reason': ['The context explicitly lists ""Xanh"" (Green) as a color option for the ""điện thoại samsung galaxy z flip5 8gb/256gb - chính hãng"".'], 'verdict': 1}, {'statement': 'Samsung Galaxy Z Flip5 8GB/256GB có tùy chọn màu Tím.', 'reason': ['The context explicitly lists ""Màu Tím"" (Purple) as a color option for the ""điện thoại samsung galaxy z flip5 8gb/256gb - chính hãng"".'], 'verdict': 1}, {'statement': 'Samsung Galaxy Z Flip5 8GB/256GB có tùy chọn màu Kem.', 'reason': ['The context explicitly lists ""Kem"" (Cream) as a color option for the ""điện thoại samsung galaxy z flip5 8gb/256gb - chính hãng"".'], 'verdict': 1}, {'statement': 'Samsung Galaxy Z Flip5 8GB/256GB có tùy chọn màu Xám.', 'reason': ['The context explicitly lists ""Màu Xám"" (Gray) as a color option for the ""điện thoại samsung galaxy z flip5 8gb/256gb - chính hãng"".'], 'verdict': 1}]",0.0,20.93,2025-08-20 17:15:46
134,Tecno Spark 10 có những chương trình khuyến mãi nào?,"Tecno Spark 10 có các chương trình khuyến mãi như giảm 5% không giới hạn khuyến mãi qua Homepaylater, giảm 50% tối đa 700k khi mở thẻ tín dụng Vpbank trên SenID, giảm 20% tối đa 500k khi mở thẻ tín dụng TPBank EVO, giảm 1% tối đa 100.000đ khi thanh toán qua Zalopay.","['Tên sản phẩm: điện thoại tecno spark 10 (8gb/128gb) - chính hãng\nMàu: Xanh Dương, Màu Đen\nGiá: 2,750,000 ₫\nThông số kỹ thuật: - Công nghệ màn hình: IPS LCD 90Hz\n- Độ phân giải: HD+ (720 x 1612), Cảm biến chính 50MP, Cảm biến chiều sâu 0.08MP, 8MP\n- Kích thước màn hình: 6.6 inch\n- Hệ điều hành: HIOS 12 trên nền tảng Android 13\n- Vi xử lý: MediaTek Helio G37\n- Bộ nhớ trong: 128GB\n- RAM: 8GB\n- Mạng di động: 2G, 3G, 4G\n- Số khe SIM: 2 nano SIM\n- Dung lượng pin: 5000 mAh\nKhuyến mãi: - Giảm 5% không giới hạn khuyến mãi qua Homepaylater\n- Giảm 50% tối đa 700k khi mở thẻ tín dụng Vpbank trên SenID\n- Giảm 20% tối đa 500k khi mở thẻ tín dụng TPBank EVO\n- Giảm 1% tối đa 100.000đ khi thanh toán qua Zalopay\n\nTên sản phẩm: điện thoại tecno spark 10 pro (8+8gb/256gb) - chính hãng\nMàu: Trắng Ngọc Trai, Đen Ánh Sao\nGiá: 3,290,000 ₫\nThông số kỹ thuật: - Công nghệ màn hình: IPS LCD 90Hz\n- Độ phân giải: 1080x2460, Cảm biến chính 50MP, Cảm biến chiều sâu QVGA, 32MP\n- Kích thước màn hình: 6.8 inch\n- Hệ điều hành: Android™ 13\n- Vi xử lý: MediaTek Helio G88\n- Bộ nhớ trong: 256GB\n- RAM: 8GB\n- Mạng di động: 2G, 3G, 4G\n- Số khe SIM: 2 nano SIM\n- Dung lượng pin: 5000 mAh\nKhuyến mãi: - Ưu đãi trả góp 0% qua Shinhan Finance hoặc Mirae Asset Finance\n- Giảm 5% không giới hạn khuyến mãi qua Homepaylater\n- Giảm thêm tới 700.000đ khi thanh toán qua Kredivo.\n- Giảm 50% tối đa 700k khi mở thẻ tín dụng Vpbank trên SenID\n- Giảm 20% tối đa 500k khi mở thẻ tín dụng TPBank EVO\n- Mở thẻ tín dụng VIB\n- Nhận Voucher 600.000đ\n- Giảm 1% tối đa 100.000đ khi thanh toán qua Zalopay\n\nTên sản phẩm: điện thoại tecno spark 10 pro (8+8gb/128gb) - chính hãng\nMàu: Trắng Ngọc Trai, Đen Ánh Sao\nGiá: 2,990,000 ₫\nThông số kỹ thuật: - Công nghệ màn hình: IPS LCD 90Hz\n- Độ phân giải: 1080x2460, Cảm biến chính 50MP, Cảm biến chiều sâu QVGA, 32MP\n- Kích thước màn hình: 6.8 inch\n- Hệ điều hành: Android™ 13\n- Vi xử lý: MediaTek Helio G88\n- Bộ nhớ trong: 128GB\n- RAM: 8GB\n- Mạng di động: 2G, 3G, 4G\n- Số khe SIM: 2 nano SIM\n- Dung lượng pin: 5000 mAh\nKhuyến mãi: - Giảm 5% không giới hạn khuyến mãi qua Homepaylater\n- Giảm 50% tối đa 700k khi mở thẻ tín dụng Vpbank trên SenID\n- Giảm 20% tối đa 500k khi mở thẻ tín dụng TPBank EVO\n- Giảm 1% tối đa 100.000đ khi thanh toán qua Zalopay\n\nTên sản phẩm: điện thoại tecno spark 20 (8+8gb/128gb) - chính hãng\nMàu: Trắng, Xanh Dương, Đen\nGiá: 2,990,000 ₫\nThông số kỹ thuật: - Công nghệ màn hình: IPS LCD 90Hz\n- Độ phân giải: HD+ (720x1612), Camera chính 50MP f/1.6, Camera phụ 0.08MP, Camera trước 32MP\n- Kích thước màn hình: 6.6 inch\n- Hệ điều hành: HIOS 13 trên nền tảng Android 13\n- Vi xử lý: MediaTek Helio G85\n- Bộ nhớ trong: 128GB\n- RAM: 8GB\n- Mạng di động: 2G, 3G, 4G\n- Số khe SIM: 2 nano SIM\n- Dung lượng pin: 5000 mAh\nKhuyến mãi: - Giảm 5% không giới hạn khuyến mãi qua Homepaylater\n- Giảm 50% tối đa 700k khi mở thẻ tín dụng Vpbank trên SenID\n- Giảm 20% tối đa 500k khi mở thẻ tín dụng TPBank EVO\n- Mở thẻ tín dụng VIB\n- Nhận Voucher 600.000đ\n- Giảm 1% tối đa 100.000đ khi thanh toán qua Zalopay']","Giảm 5% không giới hạn khuyến mãi qua Homepaylater, Giảm 50% tối đa 700k khi mở thẻ tín dụng Vpbank trên SenID, Giảm 20% tối đa 500k khi mở thẻ tín dụng TPBank EVO, Giảm 1% tối đa 100.000đ khi thanh toán qua Zalopay","[{'statement': 'Khách hàng được giảm 5% không giới hạn khuyến mãi qua Homepaylater khi mua Tecno Spark 10.', 'reason': [""The context for 'điện thoại tecno spark 10 (8gb/128gb) - chính hãng' confirms this promotion: 'Giảm 5% không giới hạn khuyến mãi qua Homepaylater'.""], 'verdict': 1}, {'statement': 'Khách hàng được giảm 50% tối đa 700.000đ khi mở thẻ tín dụng Vpbank trên SenID để mua Tecno Spark 10.', 'reason': [""The context for 'điện thoại tecno spark 10 (8gb/128gb) - chính hãng' confirms this promotion: 'Giảm 50% tối đa 700k khi mở thẻ tín dụng Vpbank trên SenID'.""], 'verdict': 1}, {'statement': 'Khách hàng được giảm 20% tối đa 500.000đ khi mở thẻ tín dụng TPBank EVO để mua Tecno Spark 10.', 'reason': [""The context for 'điện thoại tecno spark 10 (8gb/128gb) - chính hãng' confirms this promotion: 'Giảm 20% tối đa 500k khi mở thẻ tín dụng TPBank EVO'.""], 'verdict': 1}, {'statement': 'Khách hàng được giảm 1% tối đa 100.000đ khi thanh toán qua Zalopay cho sản phẩm Tecno Spark 10.', 'reason': [""The context for 'điện thoại tecno spark 10 (8gb/128gb) - chính hãng' confirms this promotion: 'Giảm 1% tối đa 100.000đ khi thanh toán qua Zalopay'.""], 'verdict': 1}]",0.0,25.16,2025-08-20 17:15:58
137,Dung lượng lưu trữ của honor x9a 5g là bao nhiêu?,Honor x9a 5g có dung lượng lưu trữ là 256GB.,"['Tên sản phẩm: honor x9a 5g (8gb/256gb) - chính hãng\nMàu: Màu Đen, Xanh Lá, Bạc\nGiá: 6,290,000 ₫\nThông số kỹ thuật: - Công nghệ màn hình: AMOLED\n- Độ phân giải: FHD+ (1080 x 2400), Cảm biến chính 64MP f/1.8, Cảm biến góc siêu rộng 5MP f/2.2, Cảm biến macro 2MP f/2.4, 16MP f/2.45\n- Kích thước màn hình: 6.67 inch\n- Hệ điều hành: Magic UI 6.1 (trên nền tảng Android 12)\n- Vi xử lý: Qualcomm Qualcomm Snapdragon 695\n- Bộ nhớ trong: 256GB\n- RAM: 8GB\n- Mạng di động: 2G, 3G, 4G, 5G\n- Số khe SIM: 2 nano SIM\n- Dung lượng pin: 5100 mAh\nKhuyến mãi: - KM 1\n- Sản phẩm đang thuộc chương trình Flash sale (Số lượng có hạn)\n\nTên sản phẩm: honor 90 5g (12gb/256gb) - chính hãng\nMàu: Blue, Green\nGiá: 8,990,000 ₫\nThông số kỹ thuật: - Công nghệ màn hình: AMOLED\n- Độ phân giải: (2664 × 1200) Pixels, 1.07 tỷ màu, 200MP Ultra-Clear Camera (f/1.9)+12MP Ultra Wide and Macro Camera (f/2.2)+2MP Depth Camera (f/2.4), 50MP Camera(f/2.4)\n- Kích thước màn hình: 6.7  inch\n- Hệ điều hành: MagicOS 7.1 (Based on Android 13)\n- Vi xử lý: Qualcomm Snapdragon 7 Gen 1\n- Bộ nhớ trong: 256GB\n- RAM: 12G\n- Mạng di động: 5G\n- Dung lượng pin: 4900 mAh\nKhuyến mãi: - Ưu đãi trả góp 0% qua Shinhan Finance hoặc Mirae Asset Finance\n- Giảm 5% không giới hạn khuyến mãi qua Homepaylater\n- Giảm thêm tới 700.000đ khi thanh toán qua Kredivo.\n- Giảm 50% tối đa 700k khi mở thẻ tín dụng Vpbank trên SenID\n- Giảm 20% tối đa 500k khi mở thẻ tín dụng TPBank EVO\n- Mở thẻ tín dụng VIB\n- Nhận Voucher 600.000đ\n\nTên sản phẩm: honor 90 lite 5g (8gb/256gb) - chính hãng\nMàu: Màu Đen, Xanh\nGiá: 5,390,000 ₫\nThông số kỹ thuật: - Công nghệ màn hình: LTPS LCD\n- Độ phân giải: 2388x1080, 100MP Main Camera(f/1.9)+5MP Ultra Wide&Depth Camera(f/2.2)+2MP Macro Camera(f/2.4), 16MP  (f/2.45)\n- Kích thước màn hình: 6.7 inch\n- Hệ điều hành: MagicOS 7.1(based on Android 13)\n- Vi xử lý: MediaTek Dimensity 6020\n- RAM: 8GB\n- Mạng di động: 5G\n- Số khe SIM: Nano Card\n- Dung lượng pin: 4500 mAh\nKhuyến mãi: - KM 1\n- Sản phẩm đang thuộc chương trình Flash sale (Số lượng có hạn)\n\nTên sản phẩm: điện thoại honor x6a - 4gb/128gb - chính hãng\nMàu: Bạc Ánh Sao, Đen Huyền Bí\nGiá: 2,690,000 ₫\nThông số kỹ thuật: - Công nghệ màn hình: TFT LCD, 16.7 triệu màu, Tỉ lệ khung màn hình: 20.15:9, Tần số: 90Hz\n- Độ phân giải: 720 × 1612, Camera 50 MP (f/1.8), Camera chân dung 2MP (f/2.4), Camera Macro 2MP (f/2.4), Camera 5 MP (Khẩu độ: f/2.2)\n- Kích thước màn hình: 6.56  inch\n- Hệ điều hành: MagicOS 7.1（Dựa trên Android 13）\n- Vi xử lý: MediaTek Helio G36\n- Bộ nhớ trong: 128GB\n- RAM: 4GB\n- Mạng di động: 4G\n- Dung lượng pin: 5200 mAh\nKhuyến mãi: - KM 1\n- Sản phẩm đang thuộc chương trình Flash sale (Số lượng có hạn)']",Dung lượng lưu trữ của honor X9A 5G là 256GB.,"[{'statement': 'Dung lượng lưu trữ của honor X9A 5G là 256GB.', 'reason': [""The context for the product 'honor x9a 5g' lists 'Bộ nhớ trong: 256GB', which translates to 'Internal memory: 256GB'.""], 'verdict': 1}]",0.0,23.02,2025-08-20 17:16:10
136,Màn hình của nokia 105 4g pro có kích thước bao nhiêu inch?,Màn hình của Nokia 105 4G Pro có kích thước 1.77 inch.,"['Tên sản phẩm: nokia 105 4g pro - chính hãng\nMàu: Xanh Lá, Màu Đen\nGiá: 640,000 ₫\nThông số kỹ thuật: - Công nghệ màn hình: IPS\n- Độ phân giải: QQVGA\n- Kích thước màn hình: 1.77 inch\n- Hệ điều hành: S30+\n- Vi xử lý: Unisoc T107\n- Mạng di động: 2G, 3G, 4G, Hỗ trợ VoLTE\n- Số khe SIM: 2 nano SIM\n- Dung lượng pin: 1450 mAh\nKhuyến mãi: - Giảm 5% không giới hạn khuyến mãi qua Homepaylater\n- Giảm 50% tối đa 700k khi mở thẻ tín dụng Vpbank trên SenID\n- Giảm 20% tối đa 500k khi mở thẻ tín dụng TPBank EVO\n- Giảm 1% tối đa 100.000đ khi thanh toán qua Zalopay\n\nTên sản phẩm: điện thoại nokia 105 4g - chính hãng\nMàu: Blue, Black\nGiá: 590,000 ₫\nThông số kỹ thuật: Không có thông tin\nKhuyến mãi: - Giảm 5% không giới hạn khuyến mãi qua Homepaylater\n- Giảm 50% tối đa 700k khi mở thẻ tín dụng Vpbank trên SenID\n- Giảm 20% tối đa 500k khi mở thẻ tín dụng TPBank EVO\n- Giảm 1% tối đa 100.000đ khi thanh toán qua Zalopay\n\nTên sản phẩm: điện thoại nokia 110 4g pro - chính hãng\nMàu: Màu Tím, Xanh than\nGiá: 670,000 ₫\nThông số kỹ thuật: - Công nghệ màn hình: IPS\n- Độ phân giải: QQVGA, QVGA\n- Kích thước màn hình: 1.77 inch\n- Hệ điều hành: S30+\n- Vi xử lý: Unisoc T107\n- Mạng di động: 2G, 3G, 4G, Hỗ trợ VoLTE\n- Số khe SIM: 2 nano SIM\n- Dung lượng pin: 1450 mAh\nKhuyến mãi: - Giảm 5% không giới hạn khuyến mãi qua Homepaylater\n- Giảm 50% tối đa 700k khi mở thẻ tín dụng Vpbank trên SenID\n- Giảm 20% tối đa 500k khi mở thẻ tín dụng TPBank EVO\n- Giảm 1% tối đa 100.000đ khi thanh toán qua Zalopay\n\nTên sản phẩm: nokia 3210 4g - chính hãng\nMàu: Màu Vàng, Xanh, Màu Đen\nGiá: 1,590,000 ₫\nThông số kỹ thuật: - Công nghệ màn hình: IPS\n- Kích thước màn hình: 2.4 inch\n- Độ phân giải: 2MP\n- Hệ điều hành: S30+\n- Bộ nhớ trong: 128MB3\n- RAM: 64MB\n- Mạng di động: 2G, 3G, 4G, Hỗ trợ VoLTE2\n- Số khe SIM: Hai SIM Nano SIM + Nano SIM\n- Dung lượng pin: 1450mAh\nKhuyến mãi: Không có khuyến mãi']",Kích thước màn hình của Nokia 105 4G Pro là 1.77 inch.,"[{'statement': 'Kích thước màn hình của Nokia 105 4G Pro là 1.77 inch.', 'reason': [""Thông tin trong السياق cho biết sản phẩm 'nokia 105 4g pro' có 'Kích thước màn hình: 1.77 inch'.""], 'verdict': 1}]",0.0,25.52,2025-08-20 17:16:12
138,Điện thoại OPPO A78 có những tùy chọn màu nào?,"Điện thoại OPPO A78 có những tùy chọn màu là Xanh, Màu Đen.","['Tên sản phẩm: điện thoại oppo a78 - 8gb/256gb - chính hãng\nMàu: Xanh, Màu Đen\nGiá: 6,590,000 ₫\nThông số kỹ thuật: - Công nghệ màn hình: 90Hz, AMOLED\n- Độ phân giải: 1080 x 2400 (FHD+), 50 MP (chính) + 2 MP (Xóa phông) - (F/1.8 + F/2.4), 8 MP (F/2.0)\n- Kích thước màn hình: 6.4 inch\n- Hệ điều hành: ColorOS 13.1.1, nền tảng Android 13\n- Vi xử lý: Qualcomm Qualcomm Snapdragon 680, tối đa 2.4GHz\n- Bộ nhớ trong: 256GB\n- RAM: 8GB\n- Mạng di động: GSM: 850/900/1800/1900, WCDMA: 850/900/2100, LTE: Band 1/3/5/7/8/20/28/38/40/41\n- Số khe SIM: Dual nano-SIM + 1 thẻ nhớ\n- Dung lượng pin: 5000 mAh\nKhuyến mãi: - KM 1\n- Tặng phiếu mua hàng 300.000đ.\n\nTên sản phẩm: điện thoại oppo a18 4gb/128gb - chính hãng\nMàu: Xanh, Màu Đen\nGiá: 3,690,000 ₫\nThông số kỹ thuật: - Công nghệ màn hình: IPS LCD\n- Độ phân giải: HD+ (720 x 1612 Pixels), Chính 8 MP & Phụ 2 MP, 5 MP\n- Kích thước màn hình: 6.56 inch\n- Hệ điều hành: Android 13\n- Vi xử lý: MediaTek Helio G85 8 nhân\n- Bộ nhớ trong: 128 GB\n- RAM: 4GB\n- Mạng di động: Hỗ trợ 4G\n- Số khe SIM: 2 Nano SIM\n- Dung lượng pin: 5000 mAh\nKhuyến mãi: - KM 1\n- Tặng phiếu mua hàng 200.000đ\n\nTên sản phẩm: oppo a77s 8gb/128gb - chính hãng\nMàu: Màu Đen, Xanh\nGiá: 5,090,000 ₫\nThông số kỹ thuật: - Công nghệ màn hình: LCD, 90Hz\n- Độ phân giải: 720 x 1612 (HD+), 50 MP x 2 MP, 8 MP\n- Kích thước màn hình: 6.56  inch\n- Hệ điều hành: ColorOS 12.1, nền tảng Android 12\n- Vi xử lý: Qualcomm Qualcomm Snapdragon 680\n- Bộ nhớ trong: 128GB\n- RAM: 8GB\n- Mạng di động: GSM: 850/900/1800/1900, WCDMA: 850/900/2100, LTE: Band 1/3/5/7/8/20/28/38/40/41\n- Số khe SIM: Dual nano-SIM + 1 thẻ nhớ\n- Dung lượng pin: 5000 mAh\nKhuyến mãi: - Trả góp 0% với Home Credit.\n- Ưu đãi trả góp 0% qua Shinhan Finance hoặc Mirae Asset Finance\n- Giảm 5% không giới hạn khuyến mãi qua Homepaylater\n- Giảm thêm tới 700.000đ khi thanh toán qua Kredivo.\n- Giảm 50% tối đa 700k khi mở thẻ tín dụng Vpbank trên SenID\n- Giảm 20% tối đa 500k khi mở thẻ tín dụng TPBank EVO\n- Mở thẻ tín dụng VIB\n- Nhận Voucher 600.000đ\n- Giảm 1% tối đa 100.000đ khi thanh toán qua Zalopay\n\nTên sản phẩm: điện thoại oppo a58 (6gb/128gb) - chính hãng\nMàu: Xanh, Màu Đen\nGiá: 4,590,000 ₫\nThông số kỹ thuật: - Công nghệ màn hình: Màn hình đục lỗ | LCD\n- Độ phân giải: 1080 x 2400 (FHD+), 50 MP (chính) + 2 MP (Xóa phông), F/1.8 + F/2.4, 8 MP\n- Kích thước màn hình: 6.72  inch\n- Hệ điều hành: ColorOS 13.1, nền tảng Android 13\n- Vi xử lý: Helio G85, tối đa 2.0GHz\n- Bộ nhớ trong: 128GB\n- RAM: 6GB\n- Mạng di động: 4G\n- Số khe SIM: Dual nano-SIM + 1 thẻ nhớ\n- Dung lượng pin: 5000 mAh\nKhuyến mãi: - KM 1\n- Tặng phiếu mua hàng 200.000đ']",OPPO A78 có màu Xanh và Màu Đen.,"[{'statement': 'Điện thoại OPPO A78 có tùy chọn màu Xanh.', 'reason': [""Thông tin trong ngữ cảnh cho biết sản phẩm 'điện thoại oppo a78' có màu 'Xanh'.""], 'verdict': 1}, {'statement': 'Điện thoại OPPO A78 có tùy chọn màu Đen.', 'reason': [""Thông tin trong ngữ cảnh cho biết sản phẩm 'điện thoại oppo a78' có màu 'Màu Đen'.""], 'verdict': 1}]",0.0,13.71,2025-08-20 17:16:12
135,Điện thoại Nokia C32 có những lựa chọn màu sắc nào?,Điện thoại Nokia C32 có hai lựa chọn màu sắc: Đen và Xanh Lá.,"['Tên sản phẩm: điện thoại nokia c32 (4gb/128gb) - chính hãng\nMàu: Màu Đen, Xanh Lá\nGiá: 2,790,000 ₫\nThông số kỹ thuật: - Công nghệ màn hình: IPS LCD\n- Độ phân giải: 720 x 1600, Cảm biến chính 50MP AF, Cảm biến Macro 2MP, 8MP\n- Kích thước màn hình: 6.52 inch\n- Hệ điều hành: Android 13\n- Vi xử lý: Unisoc 9863A1\n- Bộ nhớ trong: 128GB\n- RAM: 4GB\n- Mạng di động: 2G, 3G, 4G\n- Số khe SIM: 2 nano SIM (khay sim dạng 2 nano SIM + 1 thẻ nhớ MicroSD)\n- Dung lượng pin: 5050 mAh\nKhuyến mãi: - Giảm 5% không giới hạn khuyến mãi qua Homepaylater\n- Giảm 50% tối đa 700k khi mở thẻ tín dụng Vpbank trên SenID\n- Giảm 20% tối đa 500k khi mở thẻ tín dụng TPBank EVO\n- Giảm 1% tối đa 100.000đ khi thanh toán qua Zalopay\n\nTên sản phẩm: điện thoại nokia c31 (3gb/32gb) - chính hãng\nMàu: Không có thông tin\nGiá: Không có thông tin\nThông số kỹ thuật: - Độ phân giải: 1600 * 720, 13 MP x 2 MP x  2 MP, 5 MP\n- Kích thước màn hình: 6.745  inch\n- Hệ điều hành: Android 12\n- Vi xử lý: Unisoc 9863A1 Octa-core với xung nhịp lên đến 1.6Ghz\n- Bộ nhớ trong: 32GB\n- RAM: 3GB\n- Mạng di động: Nano SIM\n- Dung lượng pin: 5050 mAh\nKhuyến mãi: Không có khuyến mãi\n\nTên sản phẩm: điện thoại nokia c2 - 16gb - chính hãng\nMàu: Không có thông tin\nGiá: Không có thông tin\nThông số kỹ thuật: - Công nghệ màn hình: IPS LCD\n- Độ phân giải: HD+ (720 x 1440 Pixels), 5 MP, 5 MP\n- Kích thước màn hình: 5.7 inch\n- Bộ nhớ trong: 16 GB\n- RAM: 1 GB\n- Mạng di động: Hỗ trợ 4G\n- Số khe SIM: 2 Nano SIM\n- Dung lượng pin: 2800 mAh\nKhuyến mãi: Không có khuyến mãi\n\nTên sản phẩm: điện thoại nokia c31 (4gb/128gb) - chính hãng\nMàu: Không có thông tin\nGiá: Không có thông tin\nThông số kỹ thuật: - Độ phân giải: 1600 * 720, 13 MP x 2 MP x  2 MP, 5 MP\n- Kích thước màn hình: 6.745  inch\n- Hệ điều hành: Android 12\n- Vi xử lý: Unisoc 9863A1 Octa-core với xung nhịp lên đến 1.6Ghz\n- Bộ nhớ trong: 128GB\n- RAM: 4GB\n- Mạng di động: Nano SIM\n- Dung lượng pin: 5050 mAh\nKhuyến mãi: Không có khuyến mãi']",Điện thoại Nokia C32 có màu sắc là Đen và Xanh Lá.,"[{'statement': 'Điện thoại Nokia C32 có màu Đen.', 'reason': [""Trong ngữ cảnh, dưới tên sản phẩm 'điện thoại nokia c32 (4gb/128gb) - chính hãng', mục 'Màu' được liệt kê là 'Màu Đen, Xanh Lá'.""], 'verdict': 1}, {'statement': 'Điện thoại Nokia C32 có màu Xanh Lá.', 'reason': [""Trong ngữ cảnh, dưới tên sản phẩm 'điện thoại nokia c32 (4gb/128gb) - chính hãng', mục 'Màu' được liệt kê là 'Màu Đen, Xanh Lá'.""], 'verdict': 1}]",0.0,40.0,2025-08-20 17:16:19
141,Dung lượng pin của điện thoại vivo v27e là bao nhiêu?,Dung lượng pin của điện thoại vivo v27e là 4600 mAh.,"['Tên sản phẩm: điện thoại vivo v27e - chính hãng\nMàu: Màu Đen, Màu Tím\nGiá: 7,490,000 ₫\nThông số kỹ thuật: - Công nghệ màn hình: AMOLED 120Hz\n- Độ phân giải: 2400 × 1080 (FHD+), Camera Siêu Cảm Biến OIS 64MP f/1.79 x Chân Dung Bokeh 2MP f/2.4 + Siêu Cận 2MP f/2.4, 32MP f/2.0\n- Kích thước màn hình: 6.62’’\n- Hệ điều hành: Funtouch OS 13\n- Vi xử lý: MediaTek Helio G99\n- Bộ nhớ trong: 256GB\n- RAM: 8GB\n- Số khe SIM: 1 nano SIM + 1 nano SIM / 1 micro SD\n- Dung lượng pin: 4600 mAh\nKhuyến mãi: - Ưu đãi trả góp 0% qua Shinhan Finance hoặc Mirae Asset Finance\n- Giảm 5% không giới hạn khuyến mãi qua Homepaylater\n- Giảm thêm tới 700.000đ khi thanh toán qua Kredivo.\n- Giảm 50% tối đa 700k khi mở thẻ tín dụng Vpbank trên SenID\n- Giảm 20% tối đa 500k khi mở thẻ tín dụng TPBank EVO\n- Mở thẻ tín dụng VIB\n- Nhận Voucher 600.000đ\n- Giảm 1% tối đa 100.000đ khi thanh toán qua Zalopay\n\nTên sản phẩm: điện thoại vivo v29e - 5g - chính hãng\nMàu: Đen đại ngàn, Xanh sông băng\nGiá: 7,990,000 ₫\nThông số kỹ thuật: - Công nghệ màn hình: AMOLED, 120 Hz\n- Độ phân giải: 2400x1080 (FHD+), 64MP (f/1.79) + 8MP (f/2.2), 50MP (f/2.0)\n- Kích thước màn hình: 6.67 inch\n- Hệ điều hành: Funtouch OS 13\n- Vi xử lý: Qualcomm Snapdragon 695\n- Bộ nhớ trong: 256GB\n- RAM: 8GB\n- Mạng di động: 5G\n- Số khe SIM: 2 nano SIM\n- Dung lượng pin: 4800 mAh, 4700 mAh\nKhuyến mãi: - KM 1\n- Sản phẩm đang thuộc chương trình Flash sale (Số lượng có hạn)\n\nTên sản phẩm: vivo v25e 4g 8gb/128gb - chính hãng\nMàu: Màu Đen, Màu Vàng\nGiá: 6,090,000 ₫\nThông số kỹ thuật: - Công nghệ màn hình: AMOLED\n- Độ phân giải: 1080 x 2040 Pixel, 64MP x 2MP x 2MP, 32MP\n- Kích thước màn hình: 6.44  inch\n- Hệ điều hành: Android 12\n- Bộ nhớ trong: 128 GB\n- RAM: 8GB\n- Số khe SIM: 2 Nano SIM\n- Dung lượng pin: 4500 mAh\nKhuyến mãi: - Ưu đãi trả góp 0% qua Shinhan Finance hoặc Mirae Asset Finance\n- Giảm 5% không giới hạn khuyến mãi qua Homepaylater\n- Giảm thêm tới 700.000đ khi thanh toán qua Kredivo.\n- Giảm 50% tối đa 700k khi mở thẻ tín dụng Vpbank trên SenID\n- Giảm 20% tối đa 500k khi mở thẻ tín dụng TPBank EVO\n- Mở thẻ tín dụng VIB\n- Nhận Voucher 600.000đ\n- Giảm 1% tối đa 100.000đ khi thanh toán qua Zalopay\n\nTên sản phẩm: vivo v25 5g 8gb/128gb - chính hãng\nMàu: Màu Vàng, Màu Đen\nGiá: 7,990,000 ₫\nThông số kỹ thuật: - Công nghệ màn hình: AMOLED\n- Độ phân giải: 1080 x 2040 Pixel, 64MP x 8MP x 2MP, 50MP\n- Kích thước màn hình: 6.44  inch\n- Hệ điều hành: Android 12\n- Vi xử lý: MediaTek Dimensity 900\n- Bộ nhớ trong: 128 GB\n- RAM: 8GB\n- Số khe SIM: 2 Nano SIM\n- Dung lượng pin: 4500 mAh\nKhuyến mãi: - Ưu đãi trả góp 0% qua Shinhan Finance hoặc Mirae Asset Finance\n- Giảm 5% không giới hạn khuyến mãi qua Homepaylater\n- Giảm thêm tới 700.000đ khi thanh toán qua Kredivo.\n- Giảm 50% tối đa 700k khi mở thẻ tín dụng Vpbank trên SenID\n- Giảm 20% tối đa 500k khi mở thẻ tín dụng TPBank EVO\n- Mở thẻ tín dụng VIB\n- Nhận Voucher 600.000đ\n- Giảm 1% tối đa 100.000đ khi thanh toán qua Zalopay']",Dung lượng pin của Vivo V27E là 4600 mAh.,"[{'statement': 'Dung lượng pin của Vivo V27E là 4600 mAh.', 'reason': [""Thông tin trong ngữ cảnh cho sản phẩm 'điện thoại vivo v27e - chính hãng' có mục 'Dung lượng pin: 4600 mAh', điều này xác nhận cho câu trả lời.""], 'verdict': 1}]",0.0,24.86,2025-08-20 17:16:38
140,Mua điện thoại di động masstel izi 30 có khuyến mãi gì?,"Khi mua điện thoại di động Masstel Izi 30, có các khuyến mãi như: giảm 5% không giới hạn bằng Homepaylater, giảm 50% tối đa 700.000 đồng khi mở thẻ tín dụng VPBank qua SenID, giảm 20% tối đa 500.000 đồng khi mở thẻ tín dụng TPBank EVO, giảm 1% tối đa 100.000 đồng khi thanh toán qua Zalopay.","['Tên sản phẩm: điện thoại di động masstel izi 30 - chính hãng\nMàu: Màu Vàng, Màu Đen\nGiá: 600,000 ₫\nThông số kỹ thuật: - Công nghệ màn hình: QVGA, Màu màn hình 16.7M\n- Độ phân giải: 240*320\n- Kích thước màn hình: 2.4 inch\n- Vi xử lý: T107 (UMS9117)\n- Bộ nhớ trong: 128MB\n- RAM: 48MB\n- Mạng di động: GSM: 900/1800MHz, WCDMA: 900/2100 MHz, 4G-LTE: B1/ 3/ 7/ 8/ 20\n- Số khe SIM: 2 nano SIM\n- Dung lượng pin: 1800 mAh\nKhuyến mãi: - Giảm 5% không giới hạn khuyến mãi qua Homepaylater\n- Giảm 50% tối đa 700k khi mở thẻ tín dụng Vpbank trên SenID\n- Giảm 20% tối đa 500k khi mở thẻ tín dụng TPBank EVO\n- Giảm 1% tối đa 100.000đ khi thanh toán qua Zalopay\n\nTên sản phẩm: điện thoại di động masstel izi 15 - chính hãng\nMàu: Màu Đen, Xanh, Đỏ Đen\nGiá: 450,000 ₫\nThông số kỹ thuật: - Công nghệ màn hình: QQVGA, Màu màn hình: 262K\n- Độ phân giải: 128*160\n- Kích thước màn hình: 1.77  inch\n- Vi xử lý: T107 (UMS9117)\n- Bộ nhớ trong: 128MB\n- Mạng di động: GSM 900/1800MHz, WCDMA: 900/2100 MHz, 4G-LTE: B1/ 3/ 7/ 8/20\n- Số khe SIM: 2 nano SIM\n- Dung lượng pin: 1000 mAh\nKhuyến mãi: - Giảm 5% không giới hạn khuyến mãi qua Homepaylater\n- Giảm 50% tối đa 700k khi mở thẻ tín dụng Vpbank trên SenID\n- Giảm 20% tối đa 500k khi mở thẻ tín dụng TPBank EVO\n- Giảm 1% tối đa 100.000đ khi thanh toán qua Zalopay\n\nTên sản phẩm: điện thoại di động masstel izi 12 4g - chính hãng\nMàu: Blue, Màu Đen, Black - Red\nGiá: 450,000 ₫\nThông số kỹ thuật: - Công nghệ màn hình: QQVGA, Màu màn hình: 262K\n- Độ phân giải: 128*160\n- Kích thước màn hình: 1.77 inch\n- Vi xử lý: ums9117\n- Bộ nhớ trong: 128MB\n- RAM: 48MB\n- Mạng di động:   inchGSM: 900/1800MHz  WCMA: 900/2100MHz, 4G-LTE: B1/3/7/ 8/20 inch\n- Số khe SIM: 2 nano SIM\n- Dung lượng pin: 1000 mAh\nKhuyến mãi: - Giảm 5% không giới hạn khuyến mãi qua Homepaylater\n- Giảm 50% tối đa 700k khi mở thẻ tín dụng Vpbank trên SenID\n- Giảm 20% tối đa 500k khi mở thẻ tín dụng TPBank EVO\n- Giảm 1% tối đa 100.000đ khi thanh toán qua Zalopay\n\nTên sản phẩm: điện thoại di động masstel izi 20 4g - chính hãng\nMàu: Không có thông tin\nGiá: Không có thông tin\nThông số kỹ thuật: - Công nghệ màn hình: QQVGA, Màu: 262K\n- Độ phân giải: 128*160\n- Kích thước màn hình: 1.77 inch\n- Vi xử lý: UMS9117\n- Bộ nhớ trong: 128MB\n- RAM: 48MB\n- Dung lượng pin: 1700 mAh\nKhuyến mãi: Không có khuyến mãi']","- Giảm 5 % không giới hạn khi dùng Homepaylater  
- Giảm 50 % tối đa 700k khi mở thẻ tín dụng Vpbank trên SenID  
- Giảm 20 % tối đa 500k khi mở thẻ tín dụng TPBank EVO  
- Giảm 1 % tối đa 100k khi thanh toán qua Zalopay","[{'statement': 'Khách hàng mua điện thoại di động Masstel Izi 30 được giảm 5% không giới hạn khi dùng Homepaylater.', 'reason': [""Ngữ cảnh xác nhận rằng có khuyến mãi 'Giảm 5% không giới hạn khuyến mãi qua Homepaylater' cho sản phẩm điện thoại di động masstel izi 30.""], 'verdict': 1}, {'statement': 'Khách hàng mua điện thoại di động Masstel Izi 30 được giảm 50% tối đa 700k khi mở thẻ tín dụng Vpbank trên SenID.', 'reason': [""Ngữ cảnh xác nhận rằng có khuyến mãi 'Giảm 50% tối đa 700k khi mở thẻ tín dụng Vpbank trên SenID' cho sản phẩm điện thoại di động masstel izi 30.""], 'verdict': 1}, {'statement': 'Khách hàng mua điện thoại di động Masstel Izi 30 được giảm 20% tối đa 500k khi mở thẻ tín dụng TPBank EVO.', 'reason': [""Ngữ cảnh xác nhận rằng có khuyến mãi 'Giảm 20% tối đa 500k khi mở thẻ tín dụng TPBank EVO' cho sản phẩm điện thoại di động masstel izi 30.""], 'verdict': 1}, {'statement': 'Khách hàng mua điện thoại di động Masstel Izi 30 được giảm 1% tối đa 100k khi thanh toán qua Zalopay.', 'reason': [""Ngữ cảnh xác nhận rằng có khuyến mãi 'Giảm 1% tối đa 100.000đ khi thanh toán qua Zalopay' cho sản phẩm điện thoại di động masstel izi 30.""], 'verdict': 1}]",0.0,25.98,2025-08-20 17:16:39
142,Điện thoại Tecno Spark 10 Pro có bộ vi xử lý nào?,Điện thoại Tecno Spark 10 Pro sử dụng vi xử lý MediaTek Helio G88.,"['Tên sản phẩm: điện thoại tecno spark 10 pro (8+8gb/256gb) - chính hãng\nMàu: Trắng Ngọc Trai, Đen Ánh Sao\nGiá: 3,290,000 ₫\nThông số kỹ thuật: - Công nghệ màn hình: IPS LCD 90Hz\n- Độ phân giải: 1080x2460, Cảm biến chính 50MP, Cảm biến chiều sâu QVGA, 32MP\n- Kích thước màn hình: 6.8 inch\n- Hệ điều hành: Android™ 13\n- Vi xử lý: MediaTek Helio G88\n- Bộ nhớ trong: 256GB\n- RAM: 8GB\n- Mạng di động: 2G, 3G, 4G\n- Số khe SIM: 2 nano SIM\n- Dung lượng pin: 5000 mAh\nKhuyến mãi: - Ưu đãi trả góp 0% qua Shinhan Finance hoặc Mirae Asset Finance\n- Giảm 5% không giới hạn khuyến mãi qua Homepaylater\n- Giảm thêm tới 700.000đ khi thanh toán qua Kredivo.\n- Giảm 50% tối đa 700k khi mở thẻ tín dụng Vpbank trên SenID\n- Giảm 20% tối đa 500k khi mở thẻ tín dụng TPBank EVO\n- Mở thẻ tín dụng VIB\n- Nhận Voucher 600.000đ\n- Giảm 1% tối đa 100.000đ khi thanh toán qua Zalopay\n\nTên sản phẩm: điện thoại tecno spark 10 pro (8+8gb/128gb) - chính hãng\nMàu: Trắng Ngọc Trai, Đen Ánh Sao\nGiá: 2,990,000 ₫\nThông số kỹ thuật: - Công nghệ màn hình: IPS LCD 90Hz\n- Độ phân giải: 1080x2460, Cảm biến chính 50MP, Cảm biến chiều sâu QVGA, 32MP\n- Kích thước màn hình: 6.8 inch\n- Hệ điều hành: Android™ 13\n- Vi xử lý: MediaTek Helio G88\n- Bộ nhớ trong: 128GB\n- RAM: 8GB\n- Mạng di động: 2G, 3G, 4G\n- Số khe SIM: 2 nano SIM\n- Dung lượng pin: 5000 mAh\nKhuyến mãi: - Giảm 5% không giới hạn khuyến mãi qua Homepaylater\n- Giảm 50% tối đa 700k khi mở thẻ tín dụng Vpbank trên SenID\n- Giảm 20% tối đa 500k khi mở thẻ tín dụng TPBank EVO\n- Giảm 1% tối đa 100.000đ khi thanh toán qua Zalopay\n\nTên sản phẩm: điện thoại tecno spark 10 (8gb/128gb) - chính hãng\nMàu: Xanh Dương, Màu Đen\nGiá: 2,750,000 ₫\nThông số kỹ thuật: - Công nghệ màn hình: IPS LCD 90Hz\n- Độ phân giải: HD+ (720 x 1612), Cảm biến chính 50MP, Cảm biến chiều sâu 0.08MP, 8MP\n- Kích thước màn hình: 6.6 inch\n- Hệ điều hành: HIOS 12 trên nền tảng Android 13\n- Vi xử lý: MediaTek Helio G37\n- Bộ nhớ trong: 128GB\n- RAM: 8GB\n- Mạng di động: 2G, 3G, 4G\n- Số khe SIM: 2 nano SIM\n- Dung lượng pin: 5000 mAh\nKhuyến mãi: - Giảm 5% không giới hạn khuyến mãi qua Homepaylater\n- Giảm 50% tối đa 700k khi mở thẻ tín dụng Vpbank trên SenID\n- Giảm 20% tối đa 500k khi mở thẻ tín dụng TPBank EVO\n- Giảm 1% tối đa 100.000đ khi thanh toán qua Zalopay\n\nTên sản phẩm: điện thoại tecno spark 20 pro + (8+8gb/256gb) - chính hãng\nMàu: Đen, Trắng, Vàng\nGiá: 4,890,000 ₫\nThông số kỹ thuật: - Công nghệ màn hình: AMOLED 120Hz\n- Độ phân giải: 1080x2436, Camera chính 108MP f/1.8, Camera macro 2MP, Camera phụ VGA, Camera trước 32MP\n- Kích thước màn hình: 6.78 inch\n- Hệ điều hành: HIOS 14 trên nền tảng Android 14\n- Vi xử lý: MediaTek Helio G99 Ultimate\n- Bộ nhớ trong: 256GB\n- RAM: 8GB\n- Mạng di động: 2G, 3G, 4G\n- Số khe SIM: 2 nano SIM\n- Dung lượng pin: 5000 mAh\nKhuyến mãi: - Ưu đãi trả góp 0% qua Shinhan Finance hoặc Mirae Asset Finance\n- Giảm 5% không giới hạn khuyến mãi qua Homepaylater\n- Giảm thêm tới 700.000đ khi thanh toán qua Kredivo.\n- Giảm 50% tối đa 700k khi mở thẻ tín dụng Vpbank trên SenID\n- Giảm 20% tối đa 500k khi mở thẻ tín dụng TPBank EVO\n- Giảm 1% tối đa 100.000đ khi thanh toán qua Zalopay']",Vi xử lý của điện thoại Tecno Spark 10 Pro là MediaTek Helio G88.,"[{'statement': 'Điện thoại Tecno Spark 10 Pro sử dụng bộ vi xử lý MediaTek Helio G88.', 'reason': [""Trong ngữ cảnh, cả hai phiên bản của 'điện thoại tecno spark 10 pro' (256GB và 128GB) đều được liệt kê với 'Vi xử lý: MediaTek Helio G88'.""], 'verdict': 1}]",0.0,23.29,2025-08-20 17:16:44
145,Điện thoại realme c30s 3gb/64gb có bộ nhớ trong bao nhiêu?,Điện thoại realme c30s 3gb/64gb có bộ nhớ trong 64GB.,"['Tên sản phẩm: điện thoại realme c30s 3gb/64gb - chính hãng\nMàu: Xanh, Màu Đen\nGiá: 2,490,000 ₫\nThông số kỹ thuật: - Công nghệ màn hình: LCD\n- Độ phân giải: HD+ 720*1600, 8MP, 5MP\n- Kích thước màn hình: 6.5 inch\n- Hệ điều hành:   inchrealme UI Go Edition, Trên nền tảng Android 12 inch\n- Vi xử lý: Unisoc SC9863A1\n- Bộ nhớ trong: 64GB\n- RAM: 3GB\n- Mạng di động: Không hỗ trợ 5G\n- Số khe SIM: 2 nano SIM + 1 thẻ nhớ riêng\n- Dung lượng pin: 5000 mAh\nKhuyến mãi: - Giảm 5% không giới hạn khuyến mãi qua Homepaylater\n- Giảm 50% tối đa 700k khi mở thẻ tín dụng Vpbank trên SenID\n- Giảm 20% tối đa 500k khi mở thẻ tín dụng TPBank EVO\n- Giảm 1% tối đa 100.000đ khi thanh toán qua Zalopay\n\nTên sản phẩm: điện thoại realme c30s 2gb/32gb - chính hãng\nMàu: Màu Đen, Xanh\nGiá: 1,750,000 ₫\nThông số kỹ thuật: - Công nghệ màn hình: LCD\n- Độ phân giải: HD+ 720*1600, 8MP, 5MP\n- Kích thước màn hình: 6.5 inch\n- Hệ điều hành:   inchrealme UI Go Edition, Trên nền tảng Android 12 inch\n- Vi xử lý: Unisoc SC9863A1\n- Bộ nhớ trong: 32GB\n- RAM: 2GB\n- Mạng di động: Không hỗ trợ 5G\n- Số khe SIM: 2 nano SIM + 1 thẻ nhớ riêng\n- Dung lượng pin: 5000 mAh\nKhuyến mãi: - Giảm 5% không giới hạn khuyến mãi qua Homepaylater\n- Giảm 50% tối đa 700k khi mở thẻ tín dụng Vpbank trên SenID\n- Giảm 20% tối đa 500k khi mở thẻ tín dụng TPBank EVO\n- Giảm 1% tối đa 100.000đ khi thanh toán qua Zalopay\n\nTên sản phẩm: điện thoại realme c60 4gb/64gb - chính hãng\nMàu: Xanh, Màu Đen\nGiá: 2,790,000 ₫\nThông số kỹ thuật: - Công nghệ màn hình: IPS LCD - Tần số quét 90 Hz - Màn Giọt nước\n- Độ phân giải: HD (720x1600px), Camera chính 13MP & Phụ 0.08MP, Chính 5MP\n- Kích thước màn hình: 6.74 inch\n- Hệ điều hành: Android 13, realme UI\n- Vi xử lý: UNISOC T612\n- Bộ nhớ trong: 64GB\n- RAM: 4GB\n- Mạng di động: Không hỗ trợ 5G\n- Số khe SIM: 2 nano SIM + 1 khe thẻ nhớ\n- Dung lượng pin: 5000 mAh\nKhuyến mãi: - KM 1\n- Tham gia thu cũ lên đời giảm thêm 300.000đ\n\nTên sản phẩm: điện thoại realme c51 3gb/64gb - chính hãng\nMàu: Màu Đen, Xanh\nGiá: 2,790,000 ₫\nThông số kỹ thuật: - Công nghệ màn hình: Tần số quét 90Hz\n- Độ phân giải: HD, 50M+QVGA, 5MP\n- Kích thước màn hình: 6.74 inch\n- Bộ nhớ trong: 64GB\n- RAM: 3GB\n- Dung lượng pin: 5000 mAh\nKhuyến mãi: - KM 1\n- Tặng Bộ quà Hoàng Hà (Chi tiết liên hệ 1900.2091)']",Bộ nhớ trong 64GB,"[{'statement': 'Điện thoại realme c30s 3gb/64gb có bộ nhớ trong 64GB.', 'reason': [""Ngữ cảnh cung cấp thông tin về 'Tên sản phẩm: điện thoại realme c30s 3gb/64gb - chính hãng' và trong phần thông số kỹ thuật của sản phẩm này có ghi rõ 'Bộ nhớ trong: 64GB'.""], 'verdict': 1}]",0.0,35.02,2025-08-20 17:17:20
139,Huawei Mate X3 có kích thước bộ nhớ trong là bao nhiêu?,Huawei Mate X3 có kích thước bộ nhớ trong là 512GB.,"['Tên sản phẩm: điện thoại di động huawei mate x3 ( 12/512gb) - chính hãng\nMàu: Không có thông tin\nGiá: Giá: Liên hệ\nThông số kỹ thuật: Không có thông tin\nKhuyến mãi: - Giảm 5% không giới hạn khuyến mãi qua Homepaylater\n- Giảm 50% tối đa 700k khi mở thẻ tín dụng Vpbank trên SenID\n- Giảm 20% tối đa 500k khi mở thẻ tín dụng TPBank EVO\n\nTên sản phẩm: honor x9a 5g (8gb/256gb) - chính hãng\nMàu: Màu Đen, Xanh Lá, Bạc\nGiá: 6,290,000 ₫\nThông số kỹ thuật: - Công nghệ màn hình: AMOLED\n- Độ phân giải: FHD+ (1080 x 2400), Cảm biến chính 64MP f/1.8, Cảm biến góc siêu rộng 5MP f/2.2, Cảm biến macro 2MP f/2.4, 16MP f/2.45\n- Kích thước màn hình: 6.67 inch\n- Hệ điều hành: Magic UI 6.1 (trên nền tảng Android 12)\n- Vi xử lý: Qualcomm Qualcomm Snapdragon 695\n- Bộ nhớ trong: 256GB\n- RAM: 8GB\n- Mạng di động: 2G, 3G, 4G, 5G\n- Số khe SIM: 2 nano SIM\n- Dung lượng pin: 5100 mAh\nKhuyến mãi: - KM 1\n- Sản phẩm đang thuộc chương trình Flash sale (Số lượng có hạn)\n\nTên sản phẩm: điện thoại honor x6a - 4gb/128gb - chính hãng\nMàu: Bạc Ánh Sao, Đen Huyền Bí\nGiá: 2,690,000 ₫\nThông số kỹ thuật: - Công nghệ màn hình: TFT LCD, 16.7 triệu màu, Tỉ lệ khung màn hình: 20.15:9, Tần số: 90Hz\n- Độ phân giải: 720 × 1612, Camera 50 MP (f/1.8), Camera chân dung 2MP (f/2.4), Camera Macro 2MP (f/2.4), Camera 5 MP (Khẩu độ: f/2.2)\n- Kích thước màn hình: 6.56  inch\n- Hệ điều hành: MagicOS 7.1（Dựa trên Android 13）\n- Vi xử lý: MediaTek Helio G36\n- Bộ nhớ trong: 128GB\n- RAM: 4GB\n- Mạng di động: 4G\n- Dung lượng pin: 5200 mAh\nKhuyến mãi: - KM 1\n- Sản phẩm đang thuộc chương trình Flash sale (Số lượng có hạn)\n\nTên sản phẩm: điện thoại di động honor x5 plus 4gb/64gb- chính hãng\nMàu: Màu Đen, Xanh\nGiá: 2,290,000 ₫\nThông số kỹ thuật: - Công nghệ màn hình: TFT LCD, 90Hz, Màn hình giọt nước\n- Độ phân giải: 720 × 1612, Camera 50 MP (f/1.8), Camera chân dung 2MP (f/2.4), 5 MP (f/2.2)\n- Kích thước màn hình: 6.56  inch\n- Hệ điều hành: MagicOS 7.1（Dựa trên Android 13）\n- Vi xử lý: MediaTek Helio G36\n- Bộ nhớ trong: 64GB\n- RAM: 4GB\n- Mạng di động: 4G (LTE TDD/LTE FDD), 3G (WCDMA), 2G (GSM)\n- Dung lượng pin: 5200 mAh\nKhuyến mãi: - KM 1\n- Tặng phiếu mua hàng 300.000đ.']",Huawei Mate X3 có bộ nhớ trong 512GB.,"[{'statement': 'Huawei Mate X3 có bộ nhớ trong 512GB.', 'reason': [""Trong ngữ cảnh có thông tin về sản phẩm 'điện thoại di động huawei mate x3 ( 12/512gb) - chính hãng', trong đó '512gb' chỉ bộ nhớ trong của thiết bị.""], 'verdict': 1}]",0.0,69.31,2025-08-20 17:17:21
143,Điện thoại Infinix Hot 30i có những khuyến mãi gì khi mua hàng?,"Khi mua điện thoại Infinix Hot 30i, người mua có thể được giảm 5% không giới hạn qua Homepaylater, giảm 50% tối đa 700.000đ khi mở thẻ tín dụng Vpbank trên SenID, giảm 20% tối đa 500.000đ khi mở thẻ tín dụng TPBank EVO, giảm 1% tối đa 100.000đ khi thanh toán qua Zalopay.","['Tên sản phẩm: điện thoại infinix hot 30i (8+8gb/128gb) - chính hãng\nMàu: Trắng, Màu Vàng, Xanh Dương, Màu Đen\nGiá: 2,290,000 ₫\nThông số kỹ thuật: - Công nghệ màn hình: IPS LCD, 90Hz\n- Độ phân giải: HD+ (720 x 1612), Camera góc rộng 13 MP f/1.9 AF, Camera chiều sâu 0.08 MP, 8 MP, f/2.0\n- Kích thước màn hình: 6.56 inch\n- Hệ điều hành: XOS dựa trên Android 12\n- Vi xử lý: Unisoc T606\n- Bộ nhớ trong: 128GB\n- RAM: 8GB\n- Mạng di động: 2G, 3G, 4G\n- Số khe SIM: 2 nano SIM\n- Dung lượng pin: 5000 mAh\nKhuyến mãi: - Giảm 5% không giới hạn khuyến mãi qua Homepaylater\n- Giảm 50% tối đa 700k khi mở thẻ tín dụng Vpbank trên SenID\n- Giảm 20% tối đa 500k khi mở thẻ tín dụng TPBank EVO\n- Giảm 1% tối đa 100.000đ khi thanh toán qua Zalopay\n\nTên sản phẩm: điện thoại infinix hot 30i (4+4gb/128gb) - chính hãng\nMàu: Màu Vàng, Xanh Dương, Trắng, Màu Đen\nGiá: 2,090,000 ₫\nThông số kỹ thuật: - Công nghệ màn hình: IPS LCD, 90Hz\n- Độ phân giải: HD+ (720 x 1612), Camera góc rộng 13 MP f/1.9 AF, Camera chiều sâu 0.08 MP, 8 MP, f/2.0\n- Kích thước màn hình: 6.56 inch\n- Hệ điều hành: XOS dựa trên Android 12\n- Vi xử lý: Unisoc T606\n- Bộ nhớ trong: 128GB\n- RAM: 4GB\n- Mạng di động: 2G, 3G, 4G\n- Số khe SIM: 2 nano SIM\n- Dung lượng pin: 5000 mAh\nKhuyến mãi: - Giảm 5% không giới hạn khuyến mãi qua Homepaylater\n- Giảm 50% tối đa 700k khi mở thẻ tín dụng Vpbank trên SenID\n- Giảm 20% tối đa 500k khi mở thẻ tín dụng TPBank EVO\n- Giảm 1% tối đa 100.000đ khi thanh toán qua Zalopay\n\nTên sản phẩm: điện thoại infinix hot 40i (4+4gb/128gb) - chính hãng\nMàu: Xanh Dương, Đen, Màu Vàng, Xanh Lá\nGiá: 2,290,000 ₫\nThông số kỹ thuật: - Công nghệ màn hình: IPS LCD, 90Hz\n- Độ phân giải: 720x1612, Camera chính 50MP f/1.6, Camera phụ f/2.0, Camera trước 32MP f/2.2\n- Kích thước màn hình: 6.56 inch\n- Hệ điều hành: XOS 13 dựa trên Android 13\n- Vi xử lý: Unisoc T606\n- Bộ nhớ trong: 128GB\n- RAM: 4GB\n- Mạng di động: 2G, 3G, 4G\n- Số khe SIM: 2 nano SIM\n- Dung lượng pin: 5000 mAh\nKhuyến mãi: - KM 1\n- Tặng phiếu mua hàng 100.000đ.\n- KM 2\n- Tặng Bộ ốp lưng lego + kính cường lực trị giá 220.000đ (Số lượng có hạn).\n\nTên sản phẩm: điện thoại infinix hot 40i (8+8gb/256gb) - chính hãng\nMàu: Đen, Xanh Dương, Xanh Lá, Màu Vàng\nGiá: 3,090,000 ₫\nThông số kỹ thuật: - Công nghệ màn hình: IPS LCD, 90Hz\n- Độ phân giải: 720x1612, Camera chính 50MP f/1.6, Camera phụ f/2.0, Camera trước 32MP f/2.2\n- Kích thước màn hình: 6.56 inch\n- Hệ điều hành: XOS 13 dựa trên Android 13\n- Vi xử lý: Unisoc T606\n- Bộ nhớ trong: 256GB\n- RAM: 8GB\n- Mạng di động: 2G, 3G, 4G\n- Số khe SIM: 2 nano SIM\n- Dung lượng pin: 5000 mAh\nKhuyến mãi: - KM 1\n- Tặng phiếu mua hàng 200.000đ\n- KM 2\n- Tặng Bộ ốp lưng lego + kính cường lực trị giá 220.000đ (Số lượng có hạn).']",Giảm 5% không giới hạn khuyến mãi qua Homepaylater; Giảm 50% tối đa 700k khi mở thẻ tín dụng Vpbank trên SenID; Giảm 20% tối đa 500k khi mở thẻ tín dụng TPBank EVO; Giảm 1% tối đa 100.000đ khi thanh toán qua Zalopay,"[{'statement': 'Khi mua điện thoại Infinix Hot 30i, khách hàng được giảm 5% không giới hạn khuyến mãi qua Homepaylater.', 'reason': ['Thông tin này được xác nhận trong mục khuyến mãi của cả hai phiên bản điện thoại infinix hot 30i (8+8gb/128gb) và (4+4gb/128gb) trong văn bản tham khảo.'], 'verdict': 1}, {'statement': 'Khi mua điện thoại Infinix Hot 30i, khách hàng được giảm 50% tối đa 700k khi mở thẻ tín dụng Vpbank trên SenID.', 'reason': ['Thông tin này được xác nhận trong mục khuyến mãi của cả hai phiên bản điện thoại infinix hot 30i (8+8gb/128gb) và (4+4gb/128gb) trong văn bản tham khảo.'], 'verdict': 1}, {'statement': 'Khi mua điện thoại Infinix Hot 30i, khách hàng được giảm 20% tối đa 500k khi mở thẻ tín dụng TPBank EVO.', 'reason': ['Thông tin này được xác nhận trong mục khuyến mãi của cả hai phiên bản điện thoại infinix hot 30i (8+8gb/128gb) và (4+4gb/128gb) trong văn bản tham khảo.'], 'verdict': 1}, {'statement': 'Khi mua điện thoại Infinix Hot 30i, khách hàng được giảm 1% tối đa 100.000đ khi thanh toán qua Zalopay.', 'reason': ['Thông tin này được xác nhận trong mục khuyến mãi của cả hai phiên bản điện thoại infinix hot 30i (8+8gb/128gb) và (4+4gb/128gb) trong văn bản tham khảo.'], 'verdict': 1}]",0.0,45.46,2025-08-20 17:17:25
144,Tecno Camon 20 Pro có các tùy chọn màu nào?,"Tecno Camon 20 Pro có các tùy chọn màu Xanh Dương, Màu Đen.","['Tên sản phẩm: điện thoại tecno camon 20 pro (8+8gb/256gb) - chính hãng\nMàu: Xanh Dương, Màu Đen\nGiá: 4,490,000 ₫\nThông số kỹ thuật: - Công nghệ màn hình: AMOLED, 120Hz\n- Độ phân giải: FHD+ (1080 x 2400), Cảm biến chính 64 MP f/1.7 PDAF, Cảm biến chiều sâu 2 MP f/2.4, Cảm biến QVGA, 32 MP f/2.5\n- Kích thước màn hình: 6.67 inch\n- Hệ điều hành: HIOS 13 dựa trên Android 13\n- Vi xử lý: MediaTek Helio G99\n- Bộ nhớ trong: 256GB\n- RAM: 8GB\n- Mạng di động: 2G, 3G, 4G\n- Số khe SIM: 2 nano SIM\n- Dung lượng pin: 5000 mAh\nKhuyến mãi: - Ưu đãi trả góp 0% qua Shinhan Finance hoặc Mirae Asset Finance\n- Giảm 5% không giới hạn khuyến mãi qua Homepaylater\n- Giảm thêm tới 700.000đ khi thanh toán qua Kredivo.\n- Giảm 50% tối đa 700k khi mở thẻ tín dụng Vpbank trên SenID\n- Giảm 20% tối đa 500k khi mở thẻ tín dụng TPBank EVO\n- Mở thẻ tín dụng VIB\n- Nhận Voucher 600.000đ\n- Giảm 1% tối đa 100.000đ khi thanh toán qua Zalopay\n\nTên sản phẩm: điện thoại tecno camon 20 (8+8gb/256gb) - chính hãng\nMàu: Xanh Dương, Màu Đen, Trắng\nGiá: 3,690,000 ₫\nThông số kỹ thuật: - Công nghệ màn hình: AMOLED\n- Độ phân giải: FHD+ (1080 x 2400), Cảm biến chính 64 MP f/1.7 PDAF, Cảm biến chiều sâu 2 MP f/2.4, Cảm biến QVGA, 32 MP f/2.5\n- Kích thước màn hình: 6.67 inch\n- Hệ điều hành: HIOS 13 dựa trên Android 13\n- Vi xử lý: MediaTek Helio G85\n- Bộ nhớ trong: 256GB\n- RAM: 8GB\n- Mạng di động: 2G, 3G, 4G\n- Số khe SIM: 2 nano SIM\n- Dung lượng pin: 5000 mAh\nKhuyến mãi: - Ưu đãi trả góp 0% qua Shinhan Finance hoặc Mirae Asset Finance\n- Giảm 5% không giới hạn khuyến mãi qua Homepaylater\n- Giảm thêm tới 700.000đ khi thanh toán qua Kredivo.\n- Giảm 50% tối đa 700k khi mở thẻ tín dụng Vpbank trên SenID\n- Giảm 20% tối đa 500k khi mở thẻ tín dụng TPBank EVO\n- Mở thẻ tín dụng VIB\n- Nhận Voucher 600.000đ\n- Giảm 1% tối đa 100.000đ khi thanh toán qua Zalopay\n\nTên sản phẩm: điện thoại tecno spark 20 pro + (8+8gb/256gb) - chính hãng\nMàu: Đen, Trắng, Vàng\nGiá: 4,890,000 ₫\nThông số kỹ thuật: - Công nghệ màn hình: AMOLED 120Hz\n- Độ phân giải: 1080x2436, Camera chính 108MP f/1.8, Camera macro 2MP, Camera phụ VGA, Camera trước 32MP\n- Kích thước màn hình: 6.78 inch\n- Hệ điều hành: HIOS 14 trên nền tảng Android 14\n- Vi xử lý: MediaTek Helio G99 Ultimate\n- Bộ nhớ trong: 256GB\n- RAM: 8GB\n- Mạng di động: 2G, 3G, 4G\n- Số khe SIM: 2 nano SIM\n- Dung lượng pin: 5000 mAh\nKhuyến mãi: - Ưu đãi trả góp 0% qua Shinhan Finance hoặc Mirae Asset Finance\n- Giảm 5% không giới hạn khuyến mãi qua Homepaylater\n- Giảm thêm tới 700.000đ khi thanh toán qua Kredivo.\n- Giảm 50% tối đa 700k khi mở thẻ tín dụng Vpbank trên SenID\n- Giảm 20% tối đa 500k khi mở thẻ tín dụng TPBank EVO\n- Giảm 1% tối đa 100.000đ khi thanh toán qua Zalopay\n\nTên sản phẩm: điện thoại tecno spark 20c (4+4gb/128gb) - chính hãng\nMàu: Trắng, Đen, Xanh Lá\nGiá: 2,450,000 ₫\nThông số kỹ thuật: - Công nghệ màn hình: IPS LCD 90Hz\n- Độ phân giải: HD+ (720x1612), Camera chính 50MP, Camera phụ 0.08MP, Camera trước 8MP\n- Kích thước màn hình: 6.6 inch\n- Hệ điều hành: Android 13 (Go edition)\n- Vi xử lý: MediaTek Helio G36\n- Bộ nhớ trong: 128GB\n- RAM: 4GB\n- Mạng di động: 2G, 3G, 4G\n- Số khe SIM: 2 nano SIM\n- Dung lượng pin: 5000 mAh\nKhuyến mãi: - Giảm 5% không giới hạn khuyến mãi qua Homepaylater\n- Giảm 50% tối đa 700k khi mở thẻ tín dụng Vpbank trên SenID\n- Giảm 20% tối đa 500k khi mở thẻ tín dụng TPBank EVO\n- Giảm 1% tối đa 100.000đ khi thanh toán qua Zalopay']","Xanh Dương, Màu Đen.","[{'statement': 'Tecno Camon 20 Pro có tùy chọn màu Xanh Dương.', 'reason': [""Trong phần thông tin về sản phẩm 'điện thoại tecno camon 20 pro', ngữ cảnh đã liệt kê các màu có sẵn là 'Xanh Dương, Màu Đen'.""], 'verdict': 1}, {'statement': 'Tecno Camon 20 Pro có tùy chọn màu Đen.', 'reason': [""Trong phần thông tin về sản phẩm 'điện thoại tecno camon 20 pro', ngữ cảnh đã liệt kê các màu có sẵn là 'Xanh Dương, Màu Đen'.""], 'verdict': 1}]",0.0,51.53,2025-08-20 17:17:32
146,Hệ điều hành nào điện thoại vivo y02a sử dụng?,Điện thoại vivo y02a sử dụng hệ điều hành Funtouch OS 12 (Android 12 Go edition).,"['Tên sản phẩm: điện thoại vivo y02a - chính hãng\nMàu: Không có thông tin\nGiá: Không có thông tin\nThông số kỹ thuật: - Công nghệ màn hình: LCD (IPS)\n- Độ phân giải: 1600 × 720 (HD+), 8 MP  f/2.0, 5MP f/2.2\n- Kích thước màn hình: 6.51 inch\n- Hệ điều hành: Funtouch OS 12 (Android 12 Go edition)\n- Vi xử lý: MediaTek Helio P35\n- Bộ nhớ trong: 32 GB\n- RAM: 3GB\n- Mạng di động: 4G\n- Dung lượng pin: 5000 mAh\nKhuyến mãi: Không có khuyến mãi\n\nTên sản phẩm: vivo y02 - chính hãng\nMàu: Không có thông tin\nGiá: Không có thông tin\nThông số kỹ thuật: - Công nghệ màn hình: LCD (IPS)\n- Độ phân giải: 1600 × 720 (HD+), 8 MP, 5 MP\n- Kích thước màn hình: 6.51\n- Hệ điều hành: Funtouch OS 12 (Android 12 Go edition)\n- Vi xử lý: MediaTek Helio P22\n- Bộ nhớ trong: 32 GB\n- RAM: 2GB\n- Số khe SIM: 3 khe\n- Dung lượng pin: 5000 mAh\nKhuyến mãi: Không có khuyến mãi\n\nTên sản phẩm: điện thoại vivo y02t 4gb/64gb- chính hãng\nMàu: Không có thông tin\nGiá: Không có thông tin\nThông số kỹ thuật: - Công nghệ màn hình: LCD (IPS)\n- Độ phân giải: 1600 × 720 (HD+), 8 MP, 5 MP\n- Kích thước màn hình: 6.51  inch\n- Hệ điều hành: Funtouch OS 13 (Android 13 edition)\n- Vi xử lý: Helio P35\n- Bộ nhớ trong: 64GB\n- RAM: 4GB\n- Mạng di động: 4G\n- Số khe SIM: 2 nano SIMs + 1 microSD\n- Dung lượng pin: 5000 mAh\nKhuyến mãi: Không có khuyến mãi\n\nTên sản phẩm: vivo y02s - 3gb/32gb - chính hãng\nMàu: Đen Kim Sa, Xanh ánh kim\nGiá: 2,790,000 ₫\nThông số kỹ thuật: - Công nghệ màn hình: IPS LCD\n- Độ phân giải: HD+ (720 x 1600 Pixels), 8 MP, 5 MP\n- Hệ điều hành: Android 12\n- Vi xử lý: MediaTek Helio P35 8 nhân\n- Bộ nhớ trong: 32 GB\n- RAM: 3GB\n- Mạng di động: Hỗ trợ 4G\n- Số khe SIM: Đang cập nhật\n- Dung lượng pin: 5000 mAh\nKhuyến mãi: - Giảm 5% không giới hạn khuyến mãi qua Homepaylater\n- Giảm 50% tối đa 700k khi mở thẻ tín dụng Vpbank trên SenID\n- Giảm 20% tối đa 500k khi mở thẻ tín dụng TPBank EVO\n- Giảm 1% tối đa 100.000đ khi thanh toán qua Zalopay']",Funtouch OS 12 (Android 12 Go edition),"[{'statement': 'Điện thoại vivo y02a sử dụng hệ điều hành Funtouch OS 12 (Android 12 Go edition).', 'reason': ['Trong phần thông tin về sản phẩm ""điện thoại vivo y02a - chính hãng"", mục ""Hệ điều hành"" ghi rõ là ""Funtouch OS 12 (Android 12 Go edition)"".'], 'verdict': 1}]",0.0,15.4,2025-08-20 17:17:36
147,Dung lượng pin của điện thoại Tecno Spark 10 Pro là bao nhiêu?,Dung lượng pin của điện thoại Tecno Spark 10 Pro là 5000 mAh.,"['Tên sản phẩm: điện thoại tecno spark 10 pro (8+8gb/256gb) - chính hãng\nMàu: Trắng Ngọc Trai, Đen Ánh Sao\nGiá: 3,290,000 ₫\nThông số kỹ thuật: - Công nghệ màn hình: IPS LCD 90Hz\n- Độ phân giải: 1080x2460, Cảm biến chính 50MP, Cảm biến chiều sâu QVGA, 32MP\n- Kích thước màn hình: 6.8 inch\n- Hệ điều hành: Android™ 13\n- Vi xử lý: MediaTek Helio G88\n- Bộ nhớ trong: 256GB\n- RAM: 8GB\n- Mạng di động: 2G, 3G, 4G\n- Số khe SIM: 2 nano SIM\n- Dung lượng pin: 5000 mAh\nKhuyến mãi: - Ưu đãi trả góp 0% qua Shinhan Finance hoặc Mirae Asset Finance\n- Giảm 5% không giới hạn khuyến mãi qua Homepaylater\n- Giảm thêm tới 700.000đ khi thanh toán qua Kredivo.\n- Giảm 50% tối đa 700k khi mở thẻ tín dụng Vpbank trên SenID\n- Giảm 20% tối đa 500k khi mở thẻ tín dụng TPBank EVO\n- Mở thẻ tín dụng VIB\n- Nhận Voucher 600.000đ\n- Giảm 1% tối đa 100.000đ khi thanh toán qua Zalopay\n\nTên sản phẩm: điện thoại tecno spark 10 pro (8+8gb/128gb) - chính hãng\nMàu: Trắng Ngọc Trai, Đen Ánh Sao\nGiá: 2,990,000 ₫\nThông số kỹ thuật: - Công nghệ màn hình: IPS LCD 90Hz\n- Độ phân giải: 1080x2460, Cảm biến chính 50MP, Cảm biến chiều sâu QVGA, 32MP\n- Kích thước màn hình: 6.8 inch\n- Hệ điều hành: Android™ 13\n- Vi xử lý: MediaTek Helio G88\n- Bộ nhớ trong: 128GB\n- RAM: 8GB\n- Mạng di động: 2G, 3G, 4G\n- Số khe SIM: 2 nano SIM\n- Dung lượng pin: 5000 mAh\nKhuyến mãi: - Giảm 5% không giới hạn khuyến mãi qua Homepaylater\n- Giảm 50% tối đa 700k khi mở thẻ tín dụng Vpbank trên SenID\n- Giảm 20% tối đa 500k khi mở thẻ tín dụng TPBank EVO\n- Giảm 1% tối đa 100.000đ khi thanh toán qua Zalopay\n\nTên sản phẩm: điện thoại tecno spark 10 (8gb/128gb) - chính hãng\nMàu: Xanh Dương, Màu Đen\nGiá: 2,750,000 ₫\nThông số kỹ thuật: - Công nghệ màn hình: IPS LCD 90Hz\n- Độ phân giải: HD+ (720 x 1612), Cảm biến chính 50MP, Cảm biến chiều sâu 0.08MP, 8MP\n- Kích thước màn hình: 6.6 inch\n- Hệ điều hành: HIOS 12 trên nền tảng Android 13\n- Vi xử lý: MediaTek Helio G37\n- Bộ nhớ trong: 128GB\n- RAM: 8GB\n- Mạng di động: 2G, 3G, 4G\n- Số khe SIM: 2 nano SIM\n- Dung lượng pin: 5000 mAh\nKhuyến mãi: - Giảm 5% không giới hạn khuyến mãi qua Homepaylater\n- Giảm 50% tối đa 700k khi mở thẻ tín dụng Vpbank trên SenID\n- Giảm 20% tối đa 500k khi mở thẻ tín dụng TPBank EVO\n- Giảm 1% tối đa 100.000đ khi thanh toán qua Zalopay\n\nTên sản phẩm: điện thoại tecno spark 20 pro + (8+8gb/256gb) - chính hãng\nMàu: Đen, Trắng, Vàng\nGiá: 4,890,000 ₫\nThông số kỹ thuật: - Công nghệ màn hình: AMOLED 120Hz\n- Độ phân giải: 1080x2436, Camera chính 108MP f/1.8, Camera macro 2MP, Camera phụ VGA, Camera trước 32MP\n- Kích thước màn hình: 6.78 inch\n- Hệ điều hành: HIOS 14 trên nền tảng Android 14\n- Vi xử lý: MediaTek Helio G99 Ultimate\n- Bộ nhớ trong: 256GB\n- RAM: 8GB\n- Mạng di động: 2G, 3G, 4G\n- Số khe SIM: 2 nano SIM\n- Dung lượng pin: 5000 mAh\nKhuyến mãi: - Ưu đãi trả góp 0% qua Shinhan Finance hoặc Mirae Asset Finance\n- Giảm 5% không giới hạn khuyến mãi qua Homepaylater\n- Giảm thêm tới 700.000đ khi thanh toán qua Kredivo.\n- Giảm 50% tối đa 700k khi mở thẻ tín dụng Vpbank trên SenID\n- Giảm 20% tối đa 500k khi mở thẻ tín dụng TPBank EVO\n- Giảm 1% tối đa 100.000đ khi thanh toán qua Zalopay']",Dung lượng pin của Tecno Spark 10 Pro là 5000 mAh.,"[{'statement': 'Dung lượng pin của Tecno Spark 10 Pro là 5000 mAh.', 'reason': ['Ngữ cảnh cung cấp thông tin về hai phiên bản của điện thoại Tecno Spark 10 Pro (bộ nhớ trong 256GB và 128GB), và cả hai đều có dung lượng pin là 5000 mAh.'], 'verdict': 1}]",0.0,55.39,2025-08-20 17:18:17
150,Dung lượng pin của xiaomi 13 lite là bao nhiêu?,Dung lượng pin của xiaomi 13 lite là 4500 mAh.,"['Tên sản phẩm: xiaomi 13 lite (8gb/256gb) - chính hãng\nMàu: Màu Đen, Xanh\nGiá: 8,890,000 ₫\nThông số kỹ thuật: - Công nghệ màn hình: AMOLED 120Hz\n- Độ phân giải: FHD+, Camera góc rộng 50MP, Camera góc siêu rộng 8MP, Camera cận cảnh 2MP, Camera kép: Camera góc siêu rộng 32MP + Cảm biến độ sâu 8MP\n- Kích thước màn hình: 6.55 inch\n- Hệ điều hành: MIUI 14, Android 12\n- Vi xử lý: Qualcomm Qualcomm Snapdragon 7 Gen 1\n- Bộ nhớ trong: 256GB\n- RAM: 8GB\n- Dung lượng pin: 4500 mAh\nKhuyến mãi: - Ưu đãi trả góp 0% qua Shinhan Finance hoặc Mirae Asset Finance\n- Giảm 5% không giới hạn khuyến mãi qua Homepaylater\n- Giảm thêm tới 700.000đ khi thanh toán qua Kredivo.\n- Giảm 50% tối đa 700k khi mở thẻ tín dụng Vpbank trên SenID\n- Giảm 20% tối đa 500k khi mở thẻ tín dụng TPBank EVO\n- Mở thẻ tín dụng VIB\n- Nhận Voucher 600.000đ\n- Giảm 1% tối đa 100.000đ khi thanh toán qua Zalopay\n\nTên sản phẩm: điện thoại xiaomi 13t (12gb/256gb) - chính hãng\nMàu: Xanh Dương, Xanh Lá, Màu Đen\nGiá: 10,990,000 ₫\nThông số kỹ thuật: - Công nghệ màn hình: AMOLED, Tần số quét lên tới 144Hz, Tần số lấy mẫu cảm ứng lên tới 480Hz, Màn hình Pro HDR｜Dolby Vision ｜HDR10+ ｜HDR10, Độ phủ màu: DCI-P3 ｜68 tỉ màu ｜True Display, Màn hình chuẩn màu: JNCD≈ 0.39, Delta E≈ 0.39*\n- Độ phân giải: 1220 x 2712, Camera chính Leica: Sony IMX707 50MP f/1.9 OIS, Camera telephoto Leica: 50MP f/1.9, Camera góc siêu rộng Leica: 12MP f/2.2, 20MP f/2.2\n- Kích thước màn hình: 6.67 inch\n- Hệ điều hành: MIUI 14 trên nền tảng Android 13\n- Vi xử lý: MediaTek Dimensity 8200-Ultra\n- Bộ nhớ trong: 256GB\n- RAM: 12GB\n- Mạng di động: 2G, 3G, 4G, 5G\n- Số khe SIM: 2 nano SIM\n- Dung lượng pin: 5000 mAh\nKhuyến mãi: - Ưu đãi trả góp 0% qua Shinhan Finance hoặc Mirae Asset Finance\n- Giảm 5% không giới hạn khuyến mãi qua Homepaylater\n- Giảm thêm tới 700.000đ khi thanh toán qua Kredivo.\n- Giảm 50% tối đa 700k khi mở thẻ tín dụng Vpbank trên SenID\n- Giảm 20% tối đa 500k khi mở thẻ tín dụng TPBank EVO\n- Mở thẻ tín dụng VIB\n- Nhận Voucher 600.000đ\n\nTên sản phẩm: điện thoại redmi 13c (6gb/128gb) - chính hãng\nMàu: Màu Xám, Xanh Dương, Xanh Lá\nGiá: 3,290,000 ₫\nThông số kỹ thuật: - Công nghệ màn hình: IPS LCD\n- Độ phân giải: HD+ (720 x 1600 Pixels), Chính 50 MP + Phụ 2 MP, 8 MP\n- Kích thước màn hình: 6.74 inch\n- Vi xử lý: MediaTek Helio G85 8 nhân\n- Bộ nhớ trong: 128GB\n- RAM: 6GB\n- Dung lượng pin: 5000 mAh\nKhuyến mãi: - KM 1\n- Tặng phiếu mua hàng 200.000đ\n\nTên sản phẩm: xiaomi 13 (8gb/256gb) - chính hãng\nMàu: Không có thông tin\nGiá: Không có thông tin\nThông số kỹ thuật: - Công nghệ màn hình: AMOLED 120Hz, AdaptiveSync, Tốc độ lấy mẫu cảm ứng: lên đến 240Hz, Màn hình Pro HDR, Công nghệ Dolby Vision®, HDR10+, Gam màu: DCI-P3, Màn hình TrueColor: JNCD≈ 0,32, Delta E≈ 0,36, Cảm biến ánh sáng xung quanh 360°\n- Độ phân giải: Full HD+ (1080 x 2400), Camera chính Leica: 50MP f/1,8 HyperOIS, Camera tele Leica: 10MP f/2,0 OIS., Camera góc siêu rộng Leica: 12MP f/2,2., 32MP f/2,0 FOV 89,6°, Ống kính 5P\n- Kích thước màn hình: 6.36 inch\n- Hệ điều hành: MIUI 14, Android 13\n- Vi xử lý: Qualcomm Snapdragon 8 Gen 2\n- Bộ nhớ trong: 256GB\n- RAM: 8GB\n- Mạng di động: 5G: Hỗ trợ NSA + SA, 5G: n1/n3/n5/n7/n8/n20/n28/n38/n40/n41/n66/n71/n75/n77/n78, 4G: LTE FDD: B1/2/3/4/5/7/8/12/13/17/18/19/20/25/26/28/32/66, 4G: LTE TDD: B38/39/40/41/42/48, 3G: WCDMA: B1/2/4/5/6/8/19, 2G: GSM: 850 900 1800 1900 MHz, Hỗ trợ MIMO 4x4\n- Số khe SIM: 2SIM, NanoSIM\n- Dung lượng pin: 4500 mAh\nKhuyến mãi: Không có khuyến mãi']",Dung lượng pin của Xiaomi 13 Lite là 4500 mAh.,"[{'statement': 'Dung lượng pin của Xiaomi 13 Lite là 4500 mAh.', 'reason': [""Bối cảnh cung cấp thông tin cho sản phẩm 'xiaomi 13 lite' và nêu rõ 'Dung lượng pin: 4500 mAh'.""], 'verdict': 1}]",0.0,52.28,2025-08-20 17:18:29
148,Điện thoại di động Masstel Izi 15 có những ưu đãi gì?,"Các ưu đãi cho điện thoại di động Masstel Izi 15 bao gồm giảm 5% không giới hạn qua Homepaylater, giảm 50% tối đa 700k khi mở thẻ tín dụng Vpbank trên SenID, giảm 20% tối đa 500k khi mở thẻ tín dụng TPBank EVO, giảm 1% tối đa 100.000đ khi thanh toán qua Zalopay.","['Tên sản phẩm: điện thoại di động masstel izi 15 - chính hãng\nMàu: Màu Đen, Xanh, Đỏ Đen\nGiá: 450,000 ₫\nThông số kỹ thuật: - Công nghệ màn hình: QQVGA, Màu màn hình: 262K\n- Độ phân giải: 128*160\n- Kích thước màn hình: 1.77  inch\n- Vi xử lý: T107 (UMS9117)\n- Bộ nhớ trong: 128MB\n- Mạng di động: GSM 900/1800MHz, WCDMA: 900/2100 MHz, 4G-LTE: B1/ 3/ 7/ 8/20\n- Số khe SIM: 2 nano SIM\n- Dung lượng pin: 1000 mAh\nKhuyến mãi: - Giảm 5% không giới hạn khuyến mãi qua Homepaylater\n- Giảm 50% tối đa 700k khi mở thẻ tín dụng Vpbank trên SenID\n- Giảm 20% tối đa 500k khi mở thẻ tín dụng TPBank EVO\n- Giảm 1% tối đa 100.000đ khi thanh toán qua Zalopay\n\nTên sản phẩm: điện thoại di động masstel izi 30 - chính hãng\nMàu: Màu Vàng, Màu Đen\nGiá: 600,000 ₫\nThông số kỹ thuật: - Công nghệ màn hình: QVGA, Màu màn hình 16.7M\n- Độ phân giải: 240*320\n- Kích thước màn hình: 2.4 inch\n- Vi xử lý: T107 (UMS9117)\n- Bộ nhớ trong: 128MB\n- RAM: 48MB\n- Mạng di động: GSM: 900/1800MHz, WCDMA: 900/2100 MHz, 4G-LTE: B1/ 3/ 7/ 8/ 20\n- Số khe SIM: 2 nano SIM\n- Dung lượng pin: 1800 mAh\nKhuyến mãi: - Giảm 5% không giới hạn khuyến mãi qua Homepaylater\n- Giảm 50% tối đa 700k khi mở thẻ tín dụng Vpbank trên SenID\n- Giảm 20% tối đa 500k khi mở thẻ tín dụng TPBank EVO\n- Giảm 1% tối đa 100.000đ khi thanh toán qua Zalopay\n\nTên sản phẩm: điện thoại di động masstel izi 12 4g - chính hãng\nMàu: Blue, Màu Đen, Black - Red\nGiá: 450,000 ₫\nThông số kỹ thuật: - Công nghệ màn hình: QQVGA, Màu màn hình: 262K\n- Độ phân giải: 128*160\n- Kích thước màn hình: 1.77 inch\n- Vi xử lý: ums9117\n- Bộ nhớ trong: 128MB\n- RAM: 48MB\n- Mạng di động:   inchGSM: 900/1800MHz  WCMA: 900/2100MHz, 4G-LTE: B1/3/7/ 8/20 inch\n- Số khe SIM: 2 nano SIM\n- Dung lượng pin: 1000 mAh\nKhuyến mãi: - Giảm 5% không giới hạn khuyến mãi qua Homepaylater\n- Giảm 50% tối đa 700k khi mở thẻ tín dụng Vpbank trên SenID\n- Giảm 20% tối đa 500k khi mở thẻ tín dụng TPBank EVO\n- Giảm 1% tối đa 100.000đ khi thanh toán qua Zalopay\n\nTên sản phẩm: điện thoại di động masstel izi t2 4g - chính hãng\nMàu: Xanh, Màu Đen\nGiá: 480,000 ₫\nThông số kỹ thuật: - Công nghệ màn hình: QVGA, Màu màn hình: 16.7M\n- Độ phân giải: 240*320\n- Kích thước màn hình: 2.4 inch\n- Vi xử lý: T107 (UMS9117)\n- Bộ nhớ trong: ROM 128MB, Danh bạ lưu được 2000 số\n- RAM: 48MB\n- Mạng di động: GSM: 900/1800MHz, WCDMA: 900/2100 MHz, 4G-LTE: B1/ 3/ 7/ 8/ 20\n- Số khe SIM: 2 nano SIM\n- Dung lượng pin: 1800 mAh\nKhuyến mãi: - Giảm 5% không giới hạn khuyến mãi qua Homepaylater\n- Giảm 50% tối đa 700k khi mở thẻ tín dụng Vpbank trên SenID\n- Giảm 20% tối đa 500k khi mở thẻ tín dụng TPBank EVO\n- Giảm 1% tối đa 100.000đ khi thanh toán qua Zalopay']","- Giảm 5% không giới hạn khuyến mãi qua Homepaylater  
- Giảm 50% tối đa 700k khi mở thẻ tín dụng Vpbank trên SenID  
- Giảm 20% tối đa 500k khi mở thẻ tín dụng TPBank EVO  
- Giảm 1% tối đa 100.000đ khi thanh toán qua Zalopay","[{'statement': 'Điện thoại di động Masstel Izi 15 có ưu đãi giảm 5% không giới hạn khuyến mãi qua Homepaylater.', 'reason': [""The context lists this promotion under the 'Khuyến mãi' section for the 'điện thoại di động masstel izi 15'.""], 'verdict': 1}, {'statement': 'Điện thoại di động Masstel Izi 15 có ưu đãi giảm 50% tối đa 700k khi mở thẻ tín dụng Vpbank trên SenID.', 'reason': [""The context lists this promotion under the 'Khuyến mãi' section for the 'điện thoại di động masstel izi 15'.""], 'verdict': 1}, {'statement': 'Điện thoại di động Masstel Izi 15 có ưu đãi giảm 20% tối đa 500k khi mở thẻ tín dụng TPBank EVO.', 'reason': [""The context lists this promotion under the 'Khuyến mãi' section for the 'điện thoại di động masstel izi 15'.""], 'verdict': 1}, {'statement': 'Điện thoại di động Masstel Izi 15 có ưu đãi giảm 1% tối đa 100.000đ khi thanh toán qua Zalopay.', 'reason': [""The context lists this promotion under the 'Khuyến mãi' section for the 'điện thoại di động masstel izi 15'.""], 'verdict': 1}]",0.0,67.47,2025-08-20 17:18:33
149,Giá của điện thoại tecno camon 20 là bao nhiêu?,"Giá của điện thoại Tecno Camon 20 là 3,690,000 ₫.","['Tên sản phẩm: điện thoại tecno camon 20 (8+8gb/256gb) - chính hãng\nMàu: Xanh Dương, Màu Đen, Trắng\nGiá: 3,690,000 ₫\nThông số kỹ thuật: - Công nghệ màn hình: AMOLED\n- Độ phân giải: FHD+ (1080 x 2400), Cảm biến chính 64 MP f/1.7 PDAF, Cảm biến chiều sâu 2 MP f/2.4, Cảm biến QVGA, 32 MP f/2.5\n- Kích thước màn hình: 6.67 inch\n- Hệ điều hành: HIOS 13 dựa trên Android 13\n- Vi xử lý: MediaTek Helio G85\n- Bộ nhớ trong: 256GB\n- RAM: 8GB\n- Mạng di động: 2G, 3G, 4G\n- Số khe SIM: 2 nano SIM\n- Dung lượng pin: 5000 mAh\nKhuyến mãi: - Ưu đãi trả góp 0% qua Shinhan Finance hoặc Mirae Asset Finance\n- Giảm 5% không giới hạn khuyến mãi qua Homepaylater\n- Giảm thêm tới 700.000đ khi thanh toán qua Kredivo.\n- Giảm 50% tối đa 700k khi mở thẻ tín dụng Vpbank trên SenID\n- Giảm 20% tối đa 500k khi mở thẻ tín dụng TPBank EVO\n- Mở thẻ tín dụng VIB\n- Nhận Voucher 600.000đ\n- Giảm 1% tối đa 100.000đ khi thanh toán qua Zalopay\n\nTên sản phẩm: điện thoại tecno camon 20 pro (8+8gb/256gb) - chính hãng\nMàu: Xanh Dương, Màu Đen\nGiá: 4,490,000 ₫\nThông số kỹ thuật: - Công nghệ màn hình: AMOLED, 120Hz\n- Độ phân giải: FHD+ (1080 x 2400), Cảm biến chính 64 MP f/1.7 PDAF, Cảm biến chiều sâu 2 MP f/2.4, Cảm biến QVGA, 32 MP f/2.5\n- Kích thước màn hình: 6.67 inch\n- Hệ điều hành: HIOS 13 dựa trên Android 13\n- Vi xử lý: MediaTek Helio G99\n- Bộ nhớ trong: 256GB\n- RAM: 8GB\n- Mạng di động: 2G, 3G, 4G\n- Số khe SIM: 2 nano SIM\n- Dung lượng pin: 5000 mAh\nKhuyến mãi: - Ưu đãi trả góp 0% qua Shinhan Finance hoặc Mirae Asset Finance\n- Giảm 5% không giới hạn khuyến mãi qua Homepaylater\n- Giảm thêm tới 700.000đ khi thanh toán qua Kredivo.\n- Giảm 50% tối đa 700k khi mở thẻ tín dụng Vpbank trên SenID\n- Giảm 20% tối đa 500k khi mở thẻ tín dụng TPBank EVO\n- Mở thẻ tín dụng VIB\n- Nhận Voucher 600.000đ\n- Giảm 1% tối đa 100.000đ khi thanh toán qua Zalopay\n\nTên sản phẩm: điện thoại tecno spark 20 (8+8gb/128gb) - chính hãng\nMàu: Trắng, Xanh Dương, Đen\nGiá: 2,990,000 ₫\nThông số kỹ thuật: - Công nghệ màn hình: IPS LCD 90Hz\n- Độ phân giải: HD+ (720x1612), Camera chính 50MP f/1.6, Camera phụ 0.08MP, Camera trước 32MP\n- Kích thước màn hình: 6.6 inch\n- Hệ điều hành: HIOS 13 trên nền tảng Android 13\n- Vi xử lý: MediaTek Helio G85\n- Bộ nhớ trong: 128GB\n- RAM: 8GB\n- Mạng di động: 2G, 3G, 4G\n- Số khe SIM: 2 nano SIM\n- Dung lượng pin: 5000 mAh\nKhuyến mãi: - Giảm 5% không giới hạn khuyến mãi qua Homepaylater\n- Giảm 50% tối đa 700k khi mở thẻ tín dụng Vpbank trên SenID\n- Giảm 20% tối đa 500k khi mở thẻ tín dụng TPBank EVO\n- Mở thẻ tín dụng VIB\n- Nhận Voucher 600.000đ\n- Giảm 1% tối đa 100.000đ khi thanh toán qua Zalopay\n\nTên sản phẩm: điện thoại tecno spark 20c (4+4gb/128gb) - chính hãng\nMàu: Trắng, Đen, Xanh Lá\nGiá: 2,450,000 ₫\nThông số kỹ thuật: - Công nghệ màn hình: IPS LCD 90Hz\n- Độ phân giải: HD+ (720x1612), Camera chính 50MP, Camera phụ 0.08MP, Camera trước 8MP\n- Kích thước màn hình: 6.6 inch\n- Hệ điều hành: Android 13 (Go edition)\n- Vi xử lý: MediaTek Helio G36\n- Bộ nhớ trong: 128GB\n- RAM: 4GB\n- Mạng di động: 2G, 3G, 4G\n- Số khe SIM: 2 nano SIM\n- Dung lượng pin: 5000 mAh\nKhuyến mãi: - Giảm 5% không giới hạn khuyến mãi qua Homepaylater\n- Giảm 50% tối đa 700k khi mở thẻ tín dụng Vpbank trên SenID\n- Giảm 20% tối đa 500k khi mở thẻ tín dụng TPBank EVO\n- Giảm 1% tối đa 100.000đ khi thanh toán qua Zalopay']","Giá của điện thoại Tecno Camon 20 là 3,690,000 ₫.","[{'statement': 'Giá của điện thoại Tecno Camon 20 là 3,690,000₫.', 'reason': [""The context provides information for the product 'điện thoại tecno camon 20 (8+8gb/256gb) - chính hãng' and lists its price as '3,690,000 ₫'.""], 'verdict': 1}]",0.0,61.43,2025-08-20 17:18:34
151,Các lựa chọn màu của điện thoại realme c55 là gì?,"Các lựa chọn màu của điện thoại realme c55 là Vàng Nắng Mai, Đen Trời Đêm.","['Tên sản phẩm: điện thoại realme c55 - 8gb/256gb - chính hãng\nMàu: Vàng Nắng Mai, Đen Trời Đêm\nGiá: 4,470,000 ₫\nThông số kỹ thuật: - Công nghệ màn hình: LCD, Tần số 90Hz\n- Độ phân giải: FHD+ 1080*2400, Chính 64MP + B&W 2MP, 8MP\n- Kích thước màn hình: 6.72  inch\n- Hệ điều hành:   inchrealme UI 4.0, Trên nền tảng Android 13 inch\n- Vi xử lý: Helio G88\n- Bộ nhớ trong: 256GB\n- RAM: 8GB\n- Mạng di động: 4G, Chưa hỗ trơ 5G\n- Số khe SIM: 2 nano SIM + 1 thẻ nhớ riêng\n- Dung lượng pin: 5000 mAh\nKhuyến mãi: - Ưu đãi trả góp 0% qua Shinhan Finance hoặc Mirae Asset Finance\n- Giảm 5% không giới hạn khuyến mãi qua Homepaylater\n- Giảm thêm tới 700.000đ khi thanh toán qua Kredivo.\n- Giảm 50% tối đa 700k khi mở thẻ tín dụng Vpbank trên SenID\n- Giảm 20% tối đa 500k khi mở thẻ tín dụng TPBank EVO\n- Mở thẻ tín dụng VIB\n- Nhận Voucher 600.000đ\n- Giảm 1% tối đa 100.000đ khi thanh toán qua Zalopay\n\nTên sản phẩm: realme c55 - 6gb/128gb - chính hãng\nMàu: Vàng Nắng Mai, Đen Trời Đêm\nGiá: 3,690,000 ₫\nThông số kỹ thuật: - Công nghệ màn hình: LCD, Tần số 90Hz\n- Độ phân giải: FHD+ 1080*2400, Chính 64MP + B&W 2MP, 8MP\n- Kích thước màn hình: 6.72  inch\n- Hệ điều hành:   inchrealme UI 4.0, Trên nền tảng Android 13 inch\n- Vi xử lý: Helio G88\n- Bộ nhớ trong: 128GB\n- RAM: 6GB\n- Mạng di động: 4G, Chưa hỗ trơ 5G\n- Số khe SIM: 2 nano SIM + 1 thẻ nhớ riêng\n- Dung lượng pin: 5000 mAh\nKhuyến mãi: - Ưu đãi trả góp 0% qua Shinhan Finance hoặc Mirae Asset Finance\n- Giảm 5% không giới hạn khuyến mãi qua Homepaylater\n- Giảm thêm tới 700.000đ khi thanh toán qua Kredivo.\n- Giảm 50% tối đa 700k khi mở thẻ tín dụng Vpbank trên SenID\n- Giảm 20% tối đa 500k khi mở thẻ tín dụng TPBank EVO\n- Mở thẻ tín dụng VIB\n- Nhận Voucher 600.000đ\n- Giảm 1% tối đa 100.000đ khi thanh toán qua Zalopay\n\nTên sản phẩm: điện thoại realme c53 - 8gb/256gb- chính hãng\nMàu: Màu Đen, Màu Vàng\nGiá: 3,990,000 ₫\nThông số kỹ thuật: - Công nghệ màn hình: IPS LCD\n- Độ phân giải: HD 720*1600, Chính 50MP + 0.08MP, Chính 8MP\n- Kích thước màn hình: 6.74 inch\n- Hệ điều hành: Android 13, realme UI T Edition\n- Vi xử lý: UNISOC T612\n- Bộ nhớ trong: 256GB\n- RAM: 8GB + 8GB\n- Mạng di động: Không hỗ trợ 5G\n- Số khe SIM: 2 nano SIM + 1 khe thẻ nhớ\n- Dung lượng pin: 5000 mAh\nKhuyến mãi: - KM 1\n- Tặng phiếu mua hàng 200.000 khi thu cũ lên đời\n\nTên sản phẩm: điện thoại realme c35 - 4gb/64gb - chính hãng\nMàu: Màu Đen, Xanh\nGiá: 3,090,000 ₫\nThông số kỹ thuật: - Công nghệ màn hình: IPS LCD\n- Độ phân giải: Full HD+ (1080 x 2408 Pixels), Chính 50 MP & Phụ 2 MP, 0.3 MP, 8 MP\n- Hệ điều hành: Android 11\n- Vi xử lý: Unisoc T616 8 nhân\n- Bộ nhớ trong: 64 GB\n- RAM: 4GB\n- Mạng di động: Hỗ trợ 4G\n- Số khe SIM: 2 Nano SIM\n- Dung lượng pin: 5000 mAh\nKhuyến mãi: - Ưu đãi trả góp 0% qua Shinhan Finance hoặc Mirae Asset Finance\n- Giảm 5% không giới hạn khuyến mãi qua Homepaylater\n- Giảm thêm tới 700.000đ khi thanh toán qua Kredivo.\n- Giảm 50% tối đa 700k khi mở thẻ tín dụng Vpbank trên SenID\n- Giảm 20% tối đa 500k khi mở thẻ tín dụng TPBank EVO\n- Mở thẻ tín dụng VIB\n- Nhận Voucher 600.000đ\n- Giảm 1% tối đa 100.000đ khi thanh toán qua Zalopay']","Vàng Nắng Mai, Đen Trời Đêm","[{'statement': 'Điện thoại realme c55 có màu Vàng Nắng Mai.', 'reason': [""Ngữ cảnh cung cấp thông tin cho hai phiên bản của điện thoại realme c55, và cả hai đều có màu 'Vàng Nắng Mai'.""], 'verdict': 1}, {'statement': 'Điện thoại realme c55 có màu Đen Trời Đêm.', 'reason': [""Ngữ cảnh cung cấp thông tin cho hai phiên bản của điện thoại realme c55, và cả hai đều có màu 'Đen Trời Đêm'.""], 'verdict': 1}]",0.0,22.49,2025-08-20 17:18:41
152,Dung lượng pin của điện thoại redmi note 12 pro 5g là bao nhiêu?,Dung lượng pin của điện thoại redmi note 12 pro 5g là 5000 mAh.,"['Tên sản phẩm: điện thoại redmi note 12 pro 5g (8gb/256gb) - chính hãng\nMàu: Màu Đen, Xanh Dương, Trắng\nGiá: 7,290,000 ₫\nThông số kỹ thuật: - Công nghệ màn hình: Dot Display, AMOLED, Tần số quét màn hình lên đến 120Hz, Gam màu rộng DCI-P3, Hỗ trợ Dolby Vision®\n- Độ phân giải: 1080x2400, Camerca góc rộng 50MP cảm biến IMX766 OIS 50MP - f/1.88, Camera siêu rộng 8MP - f/2.2, FOV 119°, Camera Macro 2MP - f/2.4, 16MP - f/2.45\n- Kích thước màn hình: 6.67 inch\n- Hệ điều hành: MIUI 14 trên nền tảng Android 12\n- Vi xử lý: MediaTek Dimensity 1080\n- Bộ nhớ trong: 256GB\n- RAM: 8GB\n- Mạng di động: 2G, 3G, 4G, 5G\n- Số khe SIM: 2 nano SIM\n- Dung lượng pin: 5000 mAh\nKhuyến mãi: - Ưu đãi trả góp 0% qua Shinhan Finance hoặc Mirae Asset Finance\n- Giảm 5% không giới hạn khuyến mãi qua Homepaylater\n- Giảm thêm tới 700.000đ khi thanh toán qua Kredivo.\n- Giảm 50% tối đa 700k khi mở thẻ tín dụng Vpbank trên SenID\n- Giảm 20% tối đa 500k khi mở thẻ tín dụng TPBank EVO\n- Mở thẻ tín dụng VIB\n- Nhận Voucher 600.000đ\n- Giảm 1% tối đa 100.000đ khi thanh toán qua Zalopay\n\nTên sản phẩm: điện thoại redmi note 11 pro 5g (8gb/128gb) - chính hãng\nMàu: Màu Xám, Trắng, Xanh Dương\nGiá: 5,590,000 ₫\nThông số kỹ thuật: - Công nghệ màn hình: AMOLED\n- Độ phân giải: Full HD+ (1080 x 2400 Pixels), Chính 108 MP & Phụ 8 MP, 2 MP, 16 MP\n- Hệ điều hành: Android 11\n- Vi xử lý: Qualcomm Snapdragon 695 5G 8 nhân\n- Bộ nhớ trong: 128 GB\n- RAM: 8GB\n- Mạng di động: Hỗ trợ 5G\n- Số khe SIM: 2 Nano SIM (SIM 2 chung khe thẻ nhớ)\n- Dung lượng pin: 5000 mAh\nKhuyến mãi: - Ưu đãi trả góp 0% qua Shinhan Finance hoặc Mirae Asset Finance\n- Giảm 5% không giới hạn khuyến mãi qua Homepaylater\n- Giảm thêm tới 700.000đ khi thanh toán qua Kredivo.\n- Giảm 50% tối đa 700k khi mở thẻ tín dụng Vpbank trên SenID\n- Giảm 20% tối đa 500k khi mở thẻ tín dụng TPBank EVO\n- Mở thẻ tín dụng VIB\n- Nhận Voucher 600.000đ\n- Giảm 1% tối đa 100.000đ khi thanh toán qua Zalopay\n\nTên sản phẩm: điện thoại redmi note 13 pro+ 5g (8gb/256gb) - chính hãng\nMàu: Đen, Màu Tím, Trắng\nGiá: 9,490,000 ₫\nThông số kỹ thuật: - Công nghệ màn hình: CrystalRes AMOLED, Độ sâu màu: 12-bit, Tỷ lệ tương phản: 5.000.000:1, 100% DCI-P3, Hỗ trợ Dolby Vision, Hỗ trợ chế độ đọc, Giảm độ sáng PWM 1920Hz, 16.000 mức điều chỉnh độ sáng, HDR10+, Chứng nhận mức ánh sáng xanh thấp (Giải pháp phần cứng) của TÜV RheinlandChứng nhận thân thiện với đặc điểm sinh học của TÜV RheinlandChứng nhận không nhấp nháy của TÜV Rheinland\n- Độ phân giải: 1220x2712, Camera chính 200MP OIS f/1.65, Camera góc siêu rộng 8MP f/2.2, Camera cận cảnh 2MP f/2.4, Camera trước 16MP f/2.4\n- Kích thước màn hình: 6.67 inch\n- Hệ điều hành: MIUI 14 trên nền tảng Android 13\n- Vi xử lý: MediaTek Dimensity 7200 Ultra\n- Bộ nhớ trong: 256GB\n- RAM: 8GB\n- Mạng di động: 2G, 3G, 4G, 5G\n- Số khe SIM: 2 nano SIM\n- Dung lượng pin: 5000 mAh\nKhuyến mãi: - Ưu đãi trả góp 0% qua Shinhan Finance hoặc Mirae Asset Finance\n- Giảm 5% không giới hạn khuyến mãi qua Homepaylater\n- Giảm thêm tới 700.000đ khi thanh toán qua Kredivo.\n- Giảm 50% tối đa 700k khi mở thẻ tín dụng Vpbank trên SenID\n- Giảm 20% tối đa 500k khi mở thẻ tín dụng TPBank EVO\n- Mở thẻ tín dụng VIB\n- Nhận Voucher 600.000đ\n\nTên sản phẩm: điện thoại redmi note 13 pro (8gb/128gb) - chính hãng\nMàu: Màu Tím, Đen, Xanh Lá\nGiá: 6,890,000 ₫\nThông số kỹ thuật: - Công nghệ màn hình: AMOLED 120Hz, Tỉ lệ tương phản 5.000.000:1, Màn hình 10-bit màu, 100% DCI-P3, Màn hình Sunlight, Chứng nhận mức ánh sáng xanh thấp (Giải pháp phần cứng) của TÜV Rheinland | Chứng nhận thân thiện với đặc điểm sinh học của TÜV Rheinland | Chứng nhận không nhấp nháy của TÜV Rheinland | Chế độ đọc\n- Độ phân giải: 1080x2400, Camera chính 200MP f/1.65 OIS, Camera góc siêu rộng 8MP f/2.2, Camera Macro 2MP f/2.4, Camera trước 16MP f/2.4\n- Kích thước màn hình: 6.67 inch\n- Hệ điều hành: MIUI 14 trên nền tảng Android 13\n- Vi xử lý: MediaTek Helio G99 Ultra\n- Bộ nhớ trong: 128GB\n- RAM: 8GB\n- Mạng di động: 2G, 3G, 4G\n- Số khe SIM: 2 nano SIM\n- Dung lượng pin: 5000 mAh\nKhuyến mãi: - KM 1\n- Tặng Vipcare 1 đổi 1 ( nhập lại 600.000)']",Dung lượng pin của điện thoại Redmi Note 12 Pro 5G là 5000 mAh.,"[{'statement': 'Dung lượng pin của điện thoại Redmi Note 12 Pro 5G là 5000 mAh.', 'reason': [""Trong phần thông số kỹ thuật của sản phẩm 'điện thoại redmi note 12 pro 5g', ngữ cảnh có ghi 'Dung lượng pin: 5000 mAh'.""], 'verdict': 1}]",0.0,18.01,2025-08-20 17:18:49
153,Điện thoại Redmi Note 12 có những tùy chọn màu sắc nào?,"Điện thoại Redmi Note 12 có các tùy chọn màu sắc là Xanh Lá, Màu Vàng, Xanh Dương và Màu Đen.","['Tên sản phẩm: điện thoại redmi note 12 (8gb/128gb) - chính hãng\nMàu: Xanh Lá, Màu Vàng, Xanh Dương, Màu Đen\nGiá: 3,990,000 ₫\nThông số kỹ thuật: - Công nghệ màn hình: Dot Display - AMOLED, Tần số quét 120Hz, Gam màu chuẩn DCI-P3\n- Độ phân giải: 1080x2400, Camera Chính 50MP f/1.8, Camera Góc siêu rộng 8MP f/2.2, Góc Rộng 120°, Camera Cận cảnh 2MP f/2.4, 13MP f/2.45\n- Kích thước màn hình: 6.67 inch\n- Hệ điều hành: MIUI 14 Trên nền tảng Android 13\n- Vi xử lý: Qualcomm Snapdragon 685\n- Bộ nhớ trong: 128GB\n- RAM: 8GB\n- Mạng di động: 2G, 3G, 4G\n- Số khe SIM: 2 nano SIM\n- Dung lượng pin: 5000 mAh\nKhuyến mãi: - Ưu đãi trả góp 0% qua Shinhan Finance hoặc Mirae Asset Finance\n- Giảm 5% không giới hạn khuyến mãi qua Homepaylater\n- Giảm thêm tới 700.000đ khi thanh toán qua Kredivo.\n- Giảm 50% tối đa 700k khi mở thẻ tín dụng Vpbank trên SenID\n- Giảm 20% tối đa 500k khi mở thẻ tín dụng TPBank EVO\n- Mở thẻ tín dụng VIB\n- Nhận Voucher 600.000đ\n- Giảm 1% tối đa 100.000đ khi thanh toán qua Zalopay\n\nTên sản phẩm: điện thoại redmi note 12 (4gb/128gb) - chính hãng\nMàu: Màu Đen, Xanh Dương, Xanh Lá\nGiá: 3,590,000 ₫\nThông số kỹ thuật: - Công nghệ màn hình: Dot Display - AMOLED, Tần số quét 120Hz, Gam màu chuẩn DCI-P3\n- Độ phân giải: 1080x2400, Camera Chính 50MP f/1.8, Camera Góc siêu rộng 8MP f/2.2, Góc Rộng 120°, Camera Cận cảnh 2MP f/2.4, 13MP f/2.45\n- Kích thước màn hình: 6.67 inch\n- Hệ điều hành: MIUI 14 Trên nền tảng Android 13\n- Vi xử lý: Qualcomm Snapdragon 685\n- Bộ nhớ trong: 128GB\n- RAM: 4GB\n- Mạng di động: 2G, 3G, 4G\n- Số khe SIM: 2 nano SIM\n- Dung lượng pin: 5000 mAh\nKhuyến mãi: - KM 1\n- Sản phẩm đang thuộc chương trình Flash sale (Số lượng có hạn)\n\nTên sản phẩm: điện thoại xiaomi redmi 12 4gb/128gb\nMàu: Màu Đen, Bạc, Xanh Dương\nGiá: 2,990,000 ₫\nThông số kỹ thuật: - Độ phân giải: Full HD\n- Cổng kết nối: Type-C\n- Trọng lượng: 198.5g\nKhuyến mãi: - Ưu đãi trả góp 0% qua Shinhan Finance hoặc Mirae Asset Finance\n- Giảm 5% không giới hạn khuyến mãi qua Homepaylater\n- Giảm thêm tới 700.000đ khi thanh toán qua Kredivo.\n- Giảm 50% tối đa 700k khi mở thẻ tín dụng Vpbank trên SenID\n- Giảm 20% tối đa 500k khi mở thẻ tín dụng TPBank EVO\n- Mở thẻ tín dụng VIB\n- Nhận Voucher 600.000đ\n- Giảm 1% tối đa 100.000đ khi thanh toán qua Zalopay\n\nTên sản phẩm: điện thoại xiaomi redmi 12 8gb/128gb\nMàu: Bạc, Màu Đen, Xanh Dương\nGiá: 3,490,000 ₫\nThông số kỹ thuật: - Độ phân giải: Full HD, 2460 × 1080, 396ppi, Camera chính 50MP, - Khẩu độ f/1.8, Camera selfie 8MP, - f/2.1\n- Cổng kết nối: Type-C\n- Trọng lượng: 198.5g\n- Công nghệ màn hình: FHD+ LCD\n- Kích thước màn hình: 6.79 inch\n- Hệ điều hành: MIUI 14 trên nền Android 13\n- Vi xử lý: MediaTek Helio G88\n- Bộ nhớ trong: 128GB\n- RAM: 8GB\n- Số khe SIM: SIM1 + Khe kết hợp (SIM hoặc thẻ microSD)\n- Dung lượng pin: 5,000mAh (typ)4\nKhuyến mãi: - Ưu đãi trả góp 0% qua Shinhan Finance hoặc Mirae Asset Finance\n- Giảm 5% không giới hạn khuyến mãi qua Homepaylater\n- Giảm thêm tới 700.000đ khi thanh toán qua Kredivo.\n- Giảm 50% tối đa 700k khi mở thẻ tín dụng Vpbank trên SenID\n- Giảm 20% tối đa 500k khi mở thẻ tín dụng TPBank EVO\n- Mở thẻ tín dụng VIB\n- Nhận Voucher 600.000đ\n- Giảm 1% tối đa 100.000đ khi thanh toán qua Zalopay']","Xanh Lá, Màu Vàng, Xanh Dương, Màu Đen.","[{'statement': 'Điện thoại Redmi Note 12 có tùy chọn màu Xanh Lá.', 'reason': [""Trong ngữ cảnh, sản phẩm 'điện thoại redmi note 12 (8gb/128gb)' và 'điện thoại redmi note 12 (4gb/128gb)' đều có tùy chọn màu 'Xanh Lá'.""], 'verdict': 1}, {'statement': 'Điện thoại Redmi Note 12 có tùy chọn màu Vàng.', 'reason': [""Trong ngữ cảnh, sản phẩm 'điện thoại redmi note 12 (8gb/128gb)' có tùy chọn 'Màu Vàng'.""], 'verdict': 1}, {'statement': 'Điện thoại Redmi Note 12 có tùy chọn màu Xanh Dương.', 'reason': [""Trong ngữ cảnh, sản phẩm 'điện thoại redmi note 12 (8gb/128gb)' và 'điện thoại redmi note 12 (4gb/128gb)' đều có tùy chọn màu 'Xanh Dương'.""], 'verdict': 1}, {'statement': 'Điện thoại Redmi Note 12 có tùy chọn màu Đen.', 'reason': [""Trong ngữ cảnh, sản phẩm 'điện thoại redmi note 12 (8gb/128gb)' và 'điện thoại redmi note 12 (4gb/128gb)' đều có tùy chọn 'Màu Đen'.""], 'verdict': 1}]",0.0,18.66,2025-08-20 17:18:53
157,Điện thoại Tecno Spark Go 2023 có hệ điều hành gì?,Hệ điều hành của điện thoại Tecno Spark Go 2023 là Android 12.,"['Tên sản phẩm: điện thoại tecno spark go 2023 (4gb/64gb) - chính hãng\nMàu: Không có thông tin\nGiá: Không có thông tin\nThông số kỹ thuật: - Độ phân giải: HD+, Camera Sau 13MP AI với Đèn flash Kép, Camera Trước 5MP với Đèn flash\n- Kích thước màn hình: 6.6 inch\n- Hệ điều hành: Android 12\n- Bộ nhớ trong: 64GB\n- RAM: 4GB\n- Dung lượng pin: 5000 mAh\nKhuyến mãi: Không có khuyến mãi\n\nTên sản phẩm: điện thoại tecno spark go 2024 (4+4gb/64gb) - chính hãng\nMàu: Trắng, Màu Vàng, Đen, Xanh Lá\nGiá: 1,990,000 ₫\nThông số kỹ thuật: - Công nghệ màn hình: IPS LCD, 90Hz\n- Độ phân giải: HD+ (720x1612), Camera chính 13MP f/1.9, Camera phụ 0.08MP, Camera trước 8MP\n- Kích thước màn hình: 6.6 inch\n- Hệ điều hành: Android 13 (Go edition)\n- Vi xử lý: Unisoc T606\n- Bộ nhớ trong: 64GB\n- RAM: 4GB\n- Mạng di động: 2G, 3G, 4G\n- Số khe SIM: 2 nano SIM\n- Dung lượng pin: 5000 mAh\nKhuyến mãi: - Giảm 5% không giới hạn khuyến mãi qua Homepaylater\n- Giảm 50% tối đa 700k khi mở thẻ tín dụng Vpbank trên SenID\n- Giảm 20% tối đa 500k khi mở thẻ tín dụng TPBank EVO\n- Giảm 1% tối đa 100.000đ khi thanh toán qua Zalopay\n\nTên sản phẩm: điện thoại tecno spark 10 (8gb/128gb) - chính hãng\nMàu: Xanh Dương, Màu Đen\nGiá: 2,750,000 ₫\nThông số kỹ thuật: - Công nghệ màn hình: IPS LCD 90Hz\n- Độ phân giải: HD+ (720 x 1612), Cảm biến chính 50MP, Cảm biến chiều sâu 0.08MP, 8MP\n- Kích thước màn hình: 6.6 inch\n- Hệ điều hành: HIOS 12 trên nền tảng Android 13\n- Vi xử lý: MediaTek Helio G37\n- Bộ nhớ trong: 128GB\n- RAM: 8GB\n- Mạng di động: 2G, 3G, 4G\n- Số khe SIM: 2 nano SIM\n- Dung lượng pin: 5000 mAh\nKhuyến mãi: - Giảm 5% không giới hạn khuyến mãi qua Homepaylater\n- Giảm 50% tối đa 700k khi mở thẻ tín dụng Vpbank trên SenID\n- Giảm 20% tối đa 500k khi mở thẻ tín dụng TPBank EVO\n- Giảm 1% tối đa 100.000đ khi thanh toán qua Zalopay\n\nTên sản phẩm: điện thoại tecno spark 20 (8+8gb/128gb) - chính hãng\nMàu: Trắng, Xanh Dương, Đen\nGiá: 2,990,000 ₫\nThông số kỹ thuật: - Công nghệ màn hình: IPS LCD 90Hz\n- Độ phân giải: HD+ (720x1612), Camera chính 50MP f/1.6, Camera phụ 0.08MP, Camera trước 32MP\n- Kích thước màn hình: 6.6 inch\n- Hệ điều hành: HIOS 13 trên nền tảng Android 13\n- Vi xử lý: MediaTek Helio G85\n- Bộ nhớ trong: 128GB\n- RAM: 8GB\n- Mạng di động: 2G, 3G, 4G\n- Số khe SIM: 2 nano SIM\n- Dung lượng pin: 5000 mAh\nKhuyến mãi: - Giảm 5% không giới hạn khuyến mãi qua Homepaylater\n- Giảm 50% tối đa 700k khi mở thẻ tín dụng Vpbank trên SenID\n- Giảm 20% tối đa 500k khi mở thẻ tín dụng TPBank EVO\n- Mở thẻ tín dụng VIB\n- Nhận Voucher 600.000đ\n- Giảm 1% tối đa 100.000đ khi thanh toán qua Zalopay']",Hệ điều hành Android 12.,"[{'statement': 'Điện thoại Tecno Spark Go 2023 có hệ điều hành Android 12.', 'reason': ['Trong phần thông tin về sản phẩm ""điện thoại tecno spark go 2023 (4gb/64gb) - chính hãng"", mục ""Hệ điều hành"" ghi rõ là ""Android 12"".'], 'verdict': 1}]",0.0,23.3,2025-08-20 17:19:17
156,Điện thoại samsung galaxy a34 5g có dung lượng pin là bao nhiêu?,Điện thoại Samsung Galaxy A34 5G có dung lượng pin là 5000 mAh.,"['Tên sản phẩm: điện thoại samsung galaxy a34 5g 8gb/128gb - chính hãng\nMàu: Không có thông tin\nGiá: Không có thông tin\nThông số kỹ thuật: - Công nghệ màn hình: Super AMOLED , 120Hz ,19.5:9\n- Độ phân giải: FHD+, 8MP F2.2 (Siêu Rộng), 48MP F1.8 OIS (Rộng), 5MP F2.4 (Cận cảnh), 13MP F2.2\n- Kích thước màn hình: 6.6 inch\n- Vi xử lý: Dimensity 1080 – 5nm, (Octa Core 2 x 2.6GHz + 6 x 2.0GHz)\n- Bộ nhớ trong: 128GB\n- RAM: 8GB\n- Mạng di động: 5G\n- Dung lượng pin: 5000 mAh\nKhuyến mãi: Không có khuyến mãi\n\nTên sản phẩm: điện thoại samsung galaxy a34 5g 8gb/256gb - chính hãng\nMàu: Màu Đen, Bạc, Xanh\nGiá: 5,990,000 ₫\nThông số kỹ thuật: - Công nghệ màn hình: Super AMOLED , 120Hz ,19.5:9\n- Độ phân giải: FHD+, 8MP F2.2 (Siêu Rộng), 48MP F1.8 OIS (Rộng), 5MP F2.4 (Cận cảnh), 13MP F2.2\n- Kích thước màn hình: 6.6 inch\n- Vi xử lý: MediaTek Dimensity 1080\n- Bộ nhớ trong: 256GB\n- RAM: 8GB\n- Mạng di động: 5G\n- Dung lượng pin: 5000 mAh\nKhuyến mãi: - Ưu đãi trả góp 0% qua Shinhan Finance hoặc Mirae Asset Finance\n- Giảm 5% không giới hạn khuyến mãi qua Homepaylater\n- Giảm thêm tới 700.000đ khi thanh toán qua Kredivo.\n- Giảm 50% tối đa 700k khi mở thẻ tín dụng Vpbank trên SenID\n- Giảm 20% tối đa 500k khi mở thẻ tín dụng TPBank EVO\n- Mở thẻ tín dụng VIB\n- Nhận Voucher 600.000đ\n- Giảm 1% tối đa 100.000đ khi thanh toán qua Zalopay\n\nTên sản phẩm: điện thoại samsung galaxy m34 5g 8gb/128gb - chính hãng\nMàu: Xanh Nhạt, Xanh đậm\nGiá: 6,990,000 ₫\nThông số kỹ thuật: - Công nghệ màn hình: Infinity U, Super AMOLED\n- Độ phân giải: FHD+ (1080x2400), 19.5.9, 120Hz, 8MP (F2.2), 50MP (F2.2), 2MP (F2.4), 13MP (F2.2)\n- Kích thước màn hình: 6.5 inch\n- Vi xử lý: Exynos 1280 5nm, 8 nhân, 2.4GH2\n- Bộ nhớ trong: 128GB\n- RAM: 8GB\n- Dung lượng pin: 6000 mAh\nKhuyến mãi: - KM 1\n- Sản phẩm đang thuộc chương trình Flash sale (Số lượng có hạn)\n\nTên sản phẩm: điện thoại samsung galaxy a33 5g - chính hãng\nMàu: Không có thông tin\nGiá: Không có thông tin\nThông số kỹ thuật: - Công nghệ màn hình: Super AMOLED\n- Độ phân giải: Full HD+ (1080 x 2400 Pixels), Chính 48 MP & Phụ 8 MP, 5 MP, 2 MP, 13 MP\n- Kích thước màn hình: 6.4 inch\n- Hệ điều hành: Android 12\n- Vi xử lý: Exynos 1280 8 nhân\n- Bộ nhớ trong: 128 GB\n- RAM: 6GB\n- Mạng di động: Hỗ trợ 5G\n- Số khe SIM: 2 Nano SIM (SIM 2 chung khe thẻ nhớ)\n- Dung lượng pin: 5000 mAh, 25 W, Sạc pin nhanh\nKhuyến mãi: Không có khuyến mãi']",Dung lượng pin của điện thoại Samsung Galaxy A34 5G là 5 000 mAh.,"[{'statement': 'Dung lượng pin của điện thoại Samsung Galaxy A34 5G là 5.000 mAh.', 'reason': [""Trong السياق, có hai sản phẩm là 'điện thoại samsung galaxy a34 5g 8gb/128gb - chính hãng' và 'điện thoại samsung galaxy a34 5g 8gb/256gb - chính hãng'. Cả hai sản phẩm này đều có thông số 'Dung lượng pin: 5000 mAh'.""], 'verdict': 1}]",0.0,35.62,2025-08-20 17:19:25
154,Điện thoại samsung galaxy a54 5g có những chương trình khuyến mãi nào?,Điện thoại Samsung Galaxy A54 5G có các chương trình khuyến mãi như ưu đãi trả góp 0% qua Shinhan Finance hoặc Mirae Asset Finance; giảm 5% không giới hạn khuyến mãi qua Homepaylater; giảm thêm tới 700.000đ khi thanh toán qua Kredivo; giảm 50% tối đa 700k khi mở thẻ tín dụng Vpbank trên SenID; giảm 20% tối đa 500k khi mở thẻ tín dụng TPBank EVO; mở thẻ tín dụng VIB nhận Voucher 600.000đ; giảm 1% tối đa 100.000đ  khi thanh toán qua Zalopay.,"['Tên sản phẩm: điện thoại samsung galaxy a54 5g 8gb/128gb - chính hãng\nMàu: Xanh, Màu Tím, Màu Đen\nGiá: 7,990,000 ₫\nThông số kỹ thuật: - Công nghệ màn hình: Super AMOLED\n- Độ phân giải: FHD+, 120Hz, 19.5:9, 12MP F2.2 (Siêu Rộng), 50MP F1.8 OIS (Rộng), 5MP F2.4 (Cận cảnh), 32MP F2.2\n- Kích thước màn hình: 6.4 inch\n- Vi xử lý: Exynos 1380\n- Bộ nhớ trong: 128GB\n- RAM: 8GB\n- Mạng di động: 5G\n- Dung lượng pin: 5000 mAh\nKhuyến mãi: - Ưu đãi trả góp 0% qua Shinhan Finance hoặc Mirae Asset Finance\n- Giảm 5% không giới hạn khuyến mãi qua Homepaylater\n- Giảm thêm tới 700.000đ khi thanh toán qua Kredivo.\n- Giảm 50% tối đa 700k khi mở thẻ tín dụng Vpbank trên SenID\n- Giảm 20% tối đa 500k khi mở thẻ tín dụng TPBank EVO\n- Mở thẻ tín dụng VIB\n- Nhận Voucher 600.000đ\n- Giảm 1% tối đa 100.000đ khi thanh toán qua Zalopay\n\nTên sản phẩm: điện thoại samsung galaxy a54 5g 8gb/256gb - chính hãng\nMàu: Không có thông tin\nGiá: Không có thông tin\nThông số kỹ thuật: - Công nghệ màn hình: Super AMOLED\n- Độ phân giải: FHD+, 120Hz, 19.5:9, 12MP F2.2 (Siêu Rộng), 50MP F1.8 OIS (Rộng), 5MP F2.4 (Cận cảnh), 32MP F2.2\n- Kích thước màn hình: 6.4 inch\n- Vi xử lý: Exynos 1380\n- Bộ nhớ trong: 256GB\n- RAM: 8GB\n- Mạng di động: 5G\n- Dung lượng pin: 5000 mAh\nKhuyến mãi: Không có khuyến mãi\n\nTên sản phẩm: samsung galaxy a53 5g - chính hãng\nMàu: Không có thông tin\nGiá: Không có thông tin\nThông số kỹ thuật: - Công nghệ màn hình: Super AMOLED\n- Độ phân giải: Full HD+ (1080 x 2400 Pixels), Chính 64 MP & Phụ 12 MP, 5 MP, 5 MP, 32 MP\n- Hệ điều hành: Android 12\n- Vi xử lý: Exynos 1280 8 nhân\n- Bộ nhớ trong: 128 GB\n- RAM: 8GB\n- Mạng di động: Hỗ trợ 5G\n- Số khe SIM: 2 Nano SIM (SIM 2 chung khe thẻ nhớ)\n- Dung lượng pin: 5000 mAh\nKhuyến mãi: Không có khuyến mãi\n\nTên sản phẩm: điện thoại samsung galaxy a55 - 8gb/128gb - chính hãng\nMàu: Màu Đen, Xanh, Màu Tím\nGiá: 9,690,000 ₫\nThông số kỹ thuật: - Công nghệ màn hình: Super AMOLED, 120Hz\n- Độ phân giải: 1080 x 2400 (FHD+), 50+12+5MP, 32 MP\n- Kích thước màn hình: 6.6 inch\n- Hệ điều hành: Android 14\n- Vi xử lý: Exynos 1480\n- Bộ nhớ trong: 128GB\n- RAM: 8GB\n- Mạng di động: Hỗ trợ 5G\n- Số khe SIM: 1 SIM + 1 khe phụ (SIM/thẻ nhớ) hoặc eSim\n- Dung lượng pin: 5000 mAh\nKhuyến mãi: - KM 1\n- Tặng gói bảo hành HCare (Chi tiết liên hệ 1900.2091)']","- Trả góp 0% qua Shinhan Finance hoặc Mirae Asset Finance  
- Giảm 5% không giới hạn qua Homepaylater  
- Giảm thêm tới 700.000đ khi thanh toán qua Kredivo  
- Giảm 50% tối đa 700k khi mở thẻ tín dụng Vpbank trên SenID  
- Giảm 20% tối đa 500k khi mở thẻ tín dụng TPBank EVO  
- Mở thẻ tín dụng VIB  
- Nhận voucher 600.000đ  
- Giảm 1% tối đa 100.000đ khi thanh toán qua Zalopay","[{'statement': 'Điện thoại Samsung Galaxy A54 5G có chương trình trả góp 0% qua Shinhan Finance hoặc Mirae Asset Finance.', 'reason': ['Thông tin trong ngữ cảnh xác nhận có chương trình ""Ưu đãi trả góp 0% qua Shinhan Finance hoặc Mirae Asset Finance"" cho sản phẩm điện thoại samsung galaxy a54 5g 8gb/128gb.'], 'verdict': 1}, {'statement': 'Khi mua điện thoại Samsung Galaxy A54 5G, khách hàng được giảm 5% không giới hạn qua Homepaylater.', 'reason': ['Ngữ cảnh có đề cập đến khuyến mãi ""Giảm 5% không giới hạn khuyến mãi qua Homepaylater"" cho sản phẩm điện thoại samsung galaxy a54 5g 8gb/128gb.'], 'verdict': 1}, {'statement': 'Khách hàng mua điện thoại Samsung Galaxy A54 5G được giảm thêm tới 700.000đ khi thanh toán qua Kredivo.', 'reason': ['Ngữ cảnh xác nhận có chương trình ""Giảm thêm tới 700.000đ khi thanh toán qua Kredivo"" cho sản phẩm điện thoại samsung galaxy a54 5g 8gb/128gb.'], 'verdict': 1}, {'statement': 'Khách hàng mua điện thoại Samsung Galaxy A54 5G được giảm 50% tối đa 700.000đ khi mở thẻ tín dụng Vpbank trên SenID.', 'reason': ['Ngữ cảnh có ghi rõ khuyến mãi ""Giảm 50% tối đa 700k khi mở thẻ tín dụng Vpbank trên SenID"" cho sản phẩm điện thoại samsung galaxy a54 5g 8gb/128gb.'], 'verdict': 1}, {'statement': 'Khách hàng mua điện thoại Samsung Galaxy A54 5G được giảm 20% tối đa 500.000đ khi mở thẻ tín dụng TPBank EVO.', 'reason': ['Ngữ cảnh xác nhận có chương trình ""Giảm 20% tối đa 500k khi mở thẻ tín dụng TPBank EVO"" cho sản phẩm điện thoại samsung galaxy a54 5g 8gb/128gb.'], 'verdict': 1}, {'statement': 'Có chương trình khuyến mãi khi mở thẻ tín dụng VIB để mua điện thoại Samsung Galaxy A54 5G.', 'reason': ['Mục khuyến mãi trong ngữ cảnh cho sản phẩm điện thoại samsung galaxy a54 5g 8gb/128gb có đề cập đến ""Mở thẻ tín dụng VIB"".'], 'verdict': 1}, {'statement': 'Khách hàng mua điện thoại Samsung Galaxy A54 5G sẽ nhận được voucher trị giá 600.000đ.', 'reason': ['Ngữ cảnh có liệt kê khuyến mãi ""Nhận Voucher 600.000đ"" cho sản phẩm điện thoại samsung galaxy a54 5g 8gb/128gb.'], 'verdict': 1}, {'statement': 'Khi mua điện thoại Samsung Galaxy A54 5G, khách hàng được giảm 1% tối đa 100.000đ khi thanh toán qua Zalopay.', 'reason': ['Ngữ cảnh xác nhận có khuyến mãi ""Giảm 1% tối đa 100.000đ khi thanh toán qua Zalopay"" cho sản phẩm điện thoại samsung galaxy a54 5g 8gb/128gb.'], 'verdict': 1}]",0.0,51.56,2025-08-20 17:19:27
155,realme c55 có kích thước màn hình là bao nhiêu?,realme c55 có kích thước màn hình là 6.72 inch.,"['Tên sản phẩm: realme c55 - 6gb/128gb - chính hãng\nMàu: Vàng Nắng Mai, Đen Trời Đêm\nGiá: 3,690,000 ₫\nThông số kỹ thuật: - Công nghệ màn hình: LCD, Tần số 90Hz\n- Độ phân giải: FHD+ 1080*2400, Chính 64MP + B&W 2MP, 8MP\n- Kích thước màn hình: 6.72  inch\n- Hệ điều hành:   inchrealme UI 4.0, Trên nền tảng Android 13 inch\n- Vi xử lý: Helio G88\n- Bộ nhớ trong: 128GB\n- RAM: 6GB\n- Mạng di động: 4G, Chưa hỗ trơ 5G\n- Số khe SIM: 2 nano SIM + 1 thẻ nhớ riêng\n- Dung lượng pin: 5000 mAh\nKhuyến mãi: - Ưu đãi trả góp 0% qua Shinhan Finance hoặc Mirae Asset Finance\n- Giảm 5% không giới hạn khuyến mãi qua Homepaylater\n- Giảm thêm tới 700.000đ khi thanh toán qua Kredivo.\n- Giảm 50% tối đa 700k khi mở thẻ tín dụng Vpbank trên SenID\n- Giảm 20% tối đa 500k khi mở thẻ tín dụng TPBank EVO\n- Mở thẻ tín dụng VIB\n- Nhận Voucher 600.000đ\n- Giảm 1% tối đa 100.000đ khi thanh toán qua Zalopay\n\nTên sản phẩm: điện thoại realme c55 - 8gb/256gb - chính hãng\nMàu: Vàng Nắng Mai, Đen Trời Đêm\nGiá: 4,470,000 ₫\nThông số kỹ thuật: - Công nghệ màn hình: LCD, Tần số 90Hz\n- Độ phân giải: FHD+ 1080*2400, Chính 64MP + B&W 2MP, 8MP\n- Kích thước màn hình: 6.72  inch\n- Hệ điều hành:   inchrealme UI 4.0, Trên nền tảng Android 13 inch\n- Vi xử lý: Helio G88\n- Bộ nhớ trong: 256GB\n- RAM: 8GB\n- Mạng di động: 4G, Chưa hỗ trơ 5G\n- Số khe SIM: 2 nano SIM + 1 thẻ nhớ riêng\n- Dung lượng pin: 5000 mAh\nKhuyến mãi: - Ưu đãi trả góp 0% qua Shinhan Finance hoặc Mirae Asset Finance\n- Giảm 5% không giới hạn khuyến mãi qua Homepaylater\n- Giảm thêm tới 700.000đ khi thanh toán qua Kredivo.\n- Giảm 50% tối đa 700k khi mở thẻ tín dụng Vpbank trên SenID\n- Giảm 20% tối đa 500k khi mở thẻ tín dụng TPBank EVO\n- Mở thẻ tín dụng VIB\n- Nhận Voucher 600.000đ\n- Giảm 1% tối đa 100.000đ khi thanh toán qua Zalopay\n\nTên sản phẩm: realme c51 4gb/128gb- chính hãng\nMàu: Xanh, Màu Đen\nGiá: 3,290,000 ₫\nThông số kỹ thuật: - Công nghệ màn hình: Tần số quét 90Hz\n- Độ phân giải: HD, 50M+QVGA, 5MP\n- Kích thước màn hình: 6.74 inch\n- Hệ điều hành: T612\n- Bộ nhớ trong: 128GB\n- RAM: 4GB\n- Dung lượng pin: 5000 mAh\nKhuyến mãi: - KM 1\n- Tặng Bộ quà Hoàng Hà (Chi tiết liên hệ 1900.2091)\n\nTên sản phẩm: điện thoại realme c53 - 8gb/256gb- chính hãng\nMàu: Màu Đen, Màu Vàng\nGiá: 3,990,000 ₫\nThông số kỹ thuật: - Công nghệ màn hình: IPS LCD\n- Độ phân giải: HD 720*1600, Chính 50MP + 0.08MP, Chính 8MP\n- Kích thước màn hình: 6.74 inch\n- Hệ điều hành: Android 13, realme UI T Edition\n- Vi xử lý: UNISOC T612\n- Bộ nhớ trong: 256GB\n- RAM: 8GB + 8GB\n- Mạng di động: Không hỗ trợ 5G\n- Số khe SIM: 2 nano SIM + 1 khe thẻ nhớ\n- Dung lượng pin: 5000 mAh\nKhuyến mãi: - KM 1\n- Tặng phiếu mua hàng 200.000 khi thu cũ lên đời']","Kích thước màn hình realme c55 là 6,72 inch.","[{'statement': 'Kích thước màn hình của realme c55 là 6,72 inch.', 'reason': [""Trong phần thông số kỹ thuật của cả hai phiên bản realme c55 (6gb/128gb và 8gb/256gb) được liệt kê trong ngữ cảnh, đều ghi rõ 'Kích thước màn hình: 6.72 inch'.""], 'verdict': 1}]",0.0,50.18,2025-08-20 17:19:32
158,Samsung Galaxy A54 5G có RAM bao nhiêu GB?,Samsung Galaxy A54 5G có RAM 8GB.,"['Tên sản phẩm: điện thoại samsung galaxy a54 5g 8gb/256gb - chính hãng\nMàu: Không có thông tin\nGiá: Không có thông tin\nThông số kỹ thuật: - Công nghệ màn hình: Super AMOLED\n- Độ phân giải: FHD+, 120Hz, 19.5:9, 12MP F2.2 (Siêu Rộng), 50MP F1.8 OIS (Rộng), 5MP F2.4 (Cận cảnh), 32MP F2.2\n- Kích thước màn hình: 6.4 inch\n- Vi xử lý: Exynos 1380\n- Bộ nhớ trong: 256GB\n- RAM: 8GB\n- Mạng di động: 5G\n- Dung lượng pin: 5000 mAh\nKhuyến mãi: Không có khuyến mãi\n\nTên sản phẩm: điện thoại samsung galaxy a54 5g 8gb/128gb - chính hãng\nMàu: Xanh, Màu Tím, Màu Đen\nGiá: 7,990,000 ₫\nThông số kỹ thuật: - Công nghệ màn hình: Super AMOLED\n- Độ phân giải: FHD+, 120Hz, 19.5:9, 12MP F2.2 (Siêu Rộng), 50MP F1.8 OIS (Rộng), 5MP F2.4 (Cận cảnh), 32MP F2.2\n- Kích thước màn hình: 6.4 inch\n- Vi xử lý: Exynos 1380\n- Bộ nhớ trong: 128GB\n- RAM: 8GB\n- Mạng di động: 5G\n- Dung lượng pin: 5000 mAh\nKhuyến mãi: - Ưu đãi trả góp 0% qua Shinhan Finance hoặc Mirae Asset Finance\n- Giảm 5% không giới hạn khuyến mãi qua Homepaylater\n- Giảm thêm tới 700.000đ khi thanh toán qua Kredivo.\n- Giảm 50% tối đa 700k khi mở thẻ tín dụng Vpbank trên SenID\n- Giảm 20% tối đa 500k khi mở thẻ tín dụng TPBank EVO\n- Mở thẻ tín dụng VIB\n- Nhận Voucher 600.000đ\n- Giảm 1% tối đa 100.000đ khi thanh toán qua Zalopay\n\nTên sản phẩm: samsung galaxy a53 5g - chính hãng\nMàu: Không có thông tin\nGiá: Không có thông tin\nThông số kỹ thuật: - Công nghệ màn hình: Super AMOLED\n- Độ phân giải: Full HD+ (1080 x 2400 Pixels), Chính 64 MP & Phụ 12 MP, 5 MP, 5 MP, 32 MP\n- Hệ điều hành: Android 12\n- Vi xử lý: Exynos 1280 8 nhân\n- Bộ nhớ trong: 128 GB\n- RAM: 8GB\n- Mạng di động: Hỗ trợ 5G\n- Số khe SIM: 2 Nano SIM (SIM 2 chung khe thẻ nhớ)\n- Dung lượng pin: 5000 mAh\nKhuyến mãi: Không có khuyến mãi\n\nTên sản phẩm: điện thoại samsung galaxy a34 5g 8gb/128gb - chính hãng\nMàu: Không có thông tin\nGiá: Không có thông tin\nThông số kỹ thuật: - Công nghệ màn hình: Super AMOLED , 120Hz ,19.5:9\n- Độ phân giải: FHD+, 8MP F2.2 (Siêu Rộng), 48MP F1.8 OIS (Rộng), 5MP F2.4 (Cận cảnh), 13MP F2.2\n- Kích thước màn hình: 6.6 inch\n- Vi xử lý: Dimensity 1080 – 5nm, (Octa Core 2 x 2.6GHz + 6 x 2.0GHz)\n- Bộ nhớ trong: 128GB\n- RAM: 8GB\n- Mạng di động: 5G\n- Dung lượng pin: 5000 mAh\nKhuyến mãi: Không có khuyến mãi']",Samsung Galaxy A54 5G có 8 GB RAM.,"[{'statement': 'Samsung Galaxy A54 5G có 8 GB RAM.', 'reason': ['Ngữ cảnh cung cấp thông tin cho hai phiên bản của điện thoại Samsung Galaxy A54 5G (bản 256GB và 128GB), và cả hai đều được ghi có RAM 8GB.'], 'verdict': 1}]",0.0,14.73,2025-08-20 17:19:33
159,Điện thoại Oppo Find N2 Flip có ưu đãi gì khi thanh toán qua Kredivo?,Oppo Find N2 Flip giảm thêm tới 700.000đ khi thanh toán qua Kredivo.,"['Tên sản phẩm: điện thoại oppo find n2 flip - chính hãng\nMàu: Màu Đen, Tím Đam Mê\nGiá: 16,990,000 ₫\nThông số kỹ thuật: - Công nghệ màn hình: AMOLED\n- Độ phân giải: Chính: FHD+ (2520 x 1080 Pixels) & Phụ: (720 x 382 Pixels), Chính 50 MP & Phụ 2 MP, 32 MP\n- Kích thước màn hình: 6.8 inch\n- Hệ điều hành: Android 13\n- Vi xử lý: MediaTek Dimensity 9000 8 nhân\n- Bộ nhớ trong: 256GB\n- RAM: 8GB\n- Mạng di động: Hỗ trợ 5G\n- Số khe SIM: 2 SIM (Nano-SIM)\n- Dung lượng pin: 4300 mAh\nKhuyến mãi: - Thu cũ đổi mới lên đời OPPO Find N3 series: Tiết kiệm lên tới 20 triệu đồng\n- Trả góp 0% với Home Credit.\n- Ưu đãi trả góp 0% qua Shinhan Finance hoặc Mirae Asset Finance\n- Giảm 5% không giới hạn khuyến mãi qua Homepaylater\n- Giảm thêm tới 700.000đ khi thanh toán qua Kredivo.\n- Giảm 50% tối đa 700k khi mở thẻ tín dụng Vpbank trên SenID\n- Giảm 20% tối đa 500k khi mở thẻ tín dụng TPBank EVO\n- Mở thẻ tín dụng VIB\n- Nhận Voucher 600.000đ\n\nTên sản phẩm: điện thoại oppo find n3 flip (12gb/256gb) - chính hãng\nMàu: Màu Đen, Màu Vàng\nGiá: 19,990,000 ₫\nThông số kỹ thuật: - Công nghệ màn hình: Màn hình trong: AMOLED, 1-120Hz LTPO, HDR10+, Màn hình ngoài: AMOLED, 60Hz\n- Độ phân giải: Màn hình bên trong: 1080 x 2520, 403 PPI, Màn hình ngoài: 382 x 720, 250 PPI, Camera chính: 50MP IMX890 ƒ/1.8, FOV 84°, tiêu cự 24mm, OIS, Camera Tele: 32MP IMX709 ƒ/2.0, FOV 49°, tiêu cự 47mm, OIS, Camera góc siêu rộng: 48MP IMX581, ƒ/2.2, FOV 114°, tiêu cự 14mm, 32MP ƒ/2.4, FOV 90°, tiêu cự 21 mm\n- Kích thước màn hình: 6.80 inch, 3.26 inch\n- Hệ điều hành: ColorOS 13 trên nền tảng Android 13\n- Vi xử lý: MediaTek Dimensity 9200\n- Bộ nhớ trong: 256GB\n- RAM: 12GB\n- Mạng di động: 2G, 3G, 4G, 5G\n- Số khe SIM: 2 nano-SIM\n- Dung lượng pin: 4300 mAh\nKhuyến mãi: - Thu cũ đổi mới lên đời OPPO Find N3 series: Tiết kiệm lên tới 20 triệu đồng\n- Trả góp 0% với Home Credit.\n- Ưu đãi trả góp 0% qua Shinhan Finance hoặc Mirae Asset Finance\n- Giảm 5% không giới hạn khuyến mãi qua Homepaylater\n- Giảm thêm tới 700.000đ khi thanh toán qua Kredivo.\n- Giảm 50% tối đa 700k khi mở thẻ tín dụng Vpbank trên SenID\n- Giảm 20% tối đa 500k khi mở thẻ tín dụng TPBank EVO\n- Mở thẻ tín dụng VIB\n- Nhận Voucher 600.000đ\n\nTên sản phẩm: điện thoại oppo find n3 (16gb/512gb) - chính hãng\nMàu: Màu Vàng, Màu Đen\nGiá: 38,590,000 ₫\nThông số kỹ thuật: - Kích thước màn hình: 6.3″ & 7.8″\n- Độ phân giải: 48MP Wide (1/1.4’’ Sensor size OIS, F1.6), 64MP Tele (1/2’’ Sensor size 3x optical zoom OIS, F2.2), 48MP Ultra Wide (1/2’’ Sensor size F1.6)\n- Bộ nhớ trong: 512GB\n- RAM: 16GB\n- Dung lượng pin: 4805 mAh\nKhuyến mãi: - Thu cũ đổi mới lên đời OPPO Find N3 series: Tiết kiệm lên tới 20 triệu đồng\n- Trả góp 0% với Home Credit.\n- Ưu đãi trả góp 0% qua Shinhan Finance hoặc Mirae Asset Finance\n- Giảm 5% không giới hạn khuyến mãi qua Homepaylater\n- Giảm thêm tới 700.000đ khi thanh toán qua Kredivo.\n- Giảm 50% tối đa 700k khi mở thẻ tín dụng Vpbank trên SenID\n- Giảm 20% tối đa 500k khi mở thẻ tín dụng TPBank EVO\n- Mở thẻ tín dụng VIB\n- Nhận Voucher 600.000đ\n\nTên sản phẩm: oppo find x2 - chính hãng\nMàu: Không có thông tin\nGiá: Không có thông tin\nThông số kỹ thuật: - Công nghệ màn hình: AMOLED\n- Độ phân giải: 2K+ (1440 x 3168 Pixels), Chính 48 MP & Phụ 13 MP, 12 MP, 32 MP\n- Kích thước màn hình: 6.78 inch\n- Bộ nhớ trong: 256 GB\n- RAM: 12GB\n- Mạng di động: Hỗ trợ 5G\n- Số khe SIM: 2 Nano SIM\n- Dung lượng pin: 4200 mAh\nKhuyến mãi: Không có khuyến mãi']","Khi thanh toán qua Kredivo, bạn được giảm thêm tới 700.000 đ.","[{'statement': 'Khi thanh toán điện thoại Oppo Find N2 Flip qua Kredivo, khách hàng được giảm thêm tới 700.000 đ.', 'reason': ['Trong thông tin về sản phẩm ""điện thoại oppo find n2 flip - chính hãng"", mục khuyến mãi có ghi: ""Giảm thêm tới 700.000đ khi thanh toán qua Kredivo.""'], 'verdict': 1}]",0.0,52.25,2025-08-20 17:20:18
160,Oppo A16K 4GB/64GB sử dụng hệ điều hành nào?,Hệ điều hành của Oppo A16K 4GB/64GB là Android 11.,"['Tên sản phẩm: oppo a16k 4gb/64gb - chính hãng\nMàu: Không có thông tin\nGiá: Không có thông tin\nThông số kỹ thuật: - Công nghệ màn hình: IPS LCD\n- Độ phân giải: HD+ (720 x 1600 Pixels), 13 MP, 5MP\n- Hệ điều hành: Android 11\n- Vi xử lý: MediaTek MT6765 8 nhân\n- Bộ nhớ trong: 64 GB\n- RAM: 4GB\n- Mạng di động: Hỗ trợ 4G\n- Số khe SIM: 2 Nano SIM\n- Dung lượng pin: 4230 mAh\nKhuyến mãi: Không có khuyến mãi\n\nTên sản phẩm: điện thoại oppo a16k 3gb/32gb - chính hãng\nMàu: Không có thông tin\nGiá: Không có thông tin\nThông số kỹ thuật: - Công nghệ màn hình: IPS LCD\n- Độ phân giải: HD+ (720 x 1600 Pixels), 13 MP, 5 MP\n- Kích thước màn hình: 6.52 inch\n- Hệ điều hành: Android 11\n- Vi xử lý: MediaTek Helio G35\n- Bộ nhớ trong: 32 GB\n- RAM: 3GB\n- Mạng di động: Hỗ trợ 4G\n- Số khe SIM: 2 Nano SIM\n- Dung lượng pin: 4230 mAh\nKhuyến mãi: Không có khuyến mãi\n\nTên sản phẩm: điện thoại oppo a17k (3gb/64gb) - chính hãng\nMàu: Màu Vàng, Xanh\nGiá: 2,690,000 ₫\nThông số kỹ thuật: - Công nghệ màn hình: LCD\n- Độ phân giải: 720 x 1612 (HD+), 8 MP, 5 MP\n- Kích thước màn hình: 6.56  inch\n- Hệ điều hành: ColorOS 12.1.1, nền tảng Android 12\n- Vi xử lý: Helio G35, tối đa 2.3GHz\n- Bộ nhớ trong: 64GB\n- RAM: 3GB\n- Mạng di động: 2G, 3G, 4G\n- Số khe SIM: Dual nano-SIM\n- Dung lượng pin: 5000 mAh\nKhuyến mãi: - Trả góp 0% với Home Credit.\n- Giảm 5% không giới hạn khuyến mãi qua Homepaylater\n- Giảm 50% tối đa 700k khi mở thẻ tín dụng Vpbank trên SenID\n- Giảm 20% tối đa 500k khi mở thẻ tín dụng TPBank EVO\n- Giảm 1% tối đa 100.000đ khi thanh toán qua Zalopay\n\nTên sản phẩm: điện thoại oppo a18 4gb/128gb - chính hãng\nMàu: Xanh, Màu Đen\nGiá: 3,690,000 ₫\nThông số kỹ thuật: - Công nghệ màn hình: IPS LCD\n- Độ phân giải: HD+ (720 x 1612 Pixels), Chính 8 MP & Phụ 2 MP, 5 MP\n- Kích thước màn hình: 6.56 inch\n- Hệ điều hành: Android 13\n- Vi xử lý: MediaTek Helio G85 8 nhân\n- Bộ nhớ trong: 128 GB\n- RAM: 4GB\n- Mạng di động: Hỗ trợ 4G\n- Số khe SIM: 2 Nano SIM\n- Dung lượng pin: 5000 mAh\nKhuyến mãi: - KM 1\n- Tặng phiếu mua hàng 200.000đ']",Android 11,"[{'statement': 'Điện thoại Oppo A16K 4GB/64GB sử dụng hệ điều hành Android 11.', 'reason': [""Trong ngữ cảnh, thông tin về sản phẩm 'oppo a16k 4gb/64gb - chính hãng' có ghi rõ 'Hệ điều hành: Android 11'.""], 'verdict': 1}]",0.0,58.29,2025-08-20 17:20:26
162,Điện thoại Samsung Galaxy S23 Plus có bộ vi xử lý nào?,Điện thoại Samsung Galaxy S23 Plus sử dụng bộ vi xử lý Snapdragon® 8 Gen 2 Mobile Platform for Galaxy.,"['Tên sản phẩm: điện thoại samsung galaxy s23 plus - 8gb/256gb - chính hãng\nMàu: Không có thông tin\nGiá: Không có thông tin\nThông số kỹ thuật: - Độ phân giải: 2340 x 1080 (Màn hình phẳng FHD+), 50MP x 12MP x 10 MP, 12MP\n- Kích thước màn hình: 6.6  inch\n- Vi xử lý: Snapdragon® 8 Gen 2 Mobile Platform for Galaxy\n- Bộ nhớ trong: 256GB\n- RAM: 8GB\n- Mạng di động: Hỗ trợ 5G\n- Dung lượng pin: 4700 mAh\nKhuyến mãi: Không có khuyến mãi\n\nTên sản phẩm: điện thoại ai - samsung galaxy s24 plus - 12gb/256gb - chính hãng\nMàu: Màu Xám, Màu Đen, Màu Vàng, Màu Tím\nGiá: 25,990,000 ₫\nThông số kỹ thuật: - Công nghệ màn hình: Dynamic AMOLED 2X\n- Độ phân giải: 3120 x 1440 (Quad HD+), 16 Triệu màu, 50.0 MP + 10.0 MP + 12.0 MP, (F1.8 , F2.4 , F2.2), 12.0 MP, (F2.2)\n- Kích thước màn hình: 6.7 inch\n- Vi xử lý: Exynos 2400 8 nhân\n- Bộ nhớ trong: 256GB\n- RAM: 12GB\n- Số khe SIM: Nano-SIM (4FF),Embedded-SIM\n- Dung lượng pin: 4900 mAh\nKhuyến mãi: - KM 1\n- Trả góp tới 06 tháng không lãi suất, trả trước 0 đồng với Samsung Finance+.\n- KM 2\n- Giảm thêm 1.000.000đ cho khách hàng thân thiết (Chi tiết LH 1900 2091)\n\nTên sản phẩm: điện thoại samsung galaxy s23 ultra 12gb/512gb - chính hãng\nMàu: Màu Đen, Kem, Màu Tím, Xanh\nGiá: 26,490,000 ₫\nThông số kỹ thuật: - Độ phân giải: 3088 x 1440 (Edge Quad HD+), 200MP x 12MP x 10MP x 10MP, 12MP\n- Kích thước màn hình: 6.8 inch\n- Vi xử lý: Snapdragon® 8 Gen 2 Mobile Platform for Galaxy\n- Bộ nhớ trong: 512GB\n- RAM: 12GB\n- Mạng di động: Hỗ trợ 5G\n- Dung lượng pin: 5000 mAh\nKhuyến mãi: - KM 1\n- Trả góp tới 06 tháng không lãi suất, trả trước 0 đồng với Samsung Finance+.\n\nTên sản phẩm: điện thoại samsung galaxy s23 - 8gb/256gb - chính hãng\nMàu: Không có thông tin\nGiá: Không có thông tin\nThông số kỹ thuật: - Độ phân giải: 2340 x 1080 (Màn hình phẳng FHD+), 50MP x 12MP x10MP, 12MP\n- Kích thước màn hình: 6.1  inch\n- Vi xử lý: Snapdragon® 8 Gen 2 Mobile Platform for Galaxy\n- Bộ nhớ trong: 256GB\n- RAM: 8GB\n- Mạng di động: Hỗ trợ 5G\n- Dung lượng pin: 3900 mAh\nKhuyến mãi: Không có khuyến mãi']",Bộ vi xử lý của điện thoại Samsung Galaxy S23 Plus là Snapdragon® 8 Gen 2 Mobile Platform for Galaxy.,"[{'statement': 'Bộ vi xử lý của điện thoại Samsung Galaxy S23 Plus là Snapdragon® 8 Gen 2 Mobile Platform for Galaxy.', 'reason': [""Ngữ cảnh cung cấp thông tin về sản phẩm 'điện thoại samsung galaxy s23 plus' và ghi rõ thông số 'Vi xử lý: Snapdragon® 8 Gen 2 Mobile Platform for Galaxy'.""], 'verdict': 1}]",0.0,52.86,2025-08-20 17:20:27
161,Màn hình của điện thoại samsung galaxy s23 ultra 12gb/1tb có kích thước bao nhiêu inch?,Màn hình của điện thoại Samsung Galaxy S23 Ultra 12GB/1TB có kích thước 6.8 inch.,"['Tên sản phẩm: điện thoại samsung galaxy s23 ultra 12gb/1tb - chính hãng\nMàu: Không có thông tin\nGiá: Không có thông tin\nThông số kỹ thuật: - Độ phân giải: 3088 x 1440 (Edge Quad HD+), 200MP x 12MP x 10MP x 10MP, 12MP\n- Kích thước màn hình: 6.8 inch\n- Vi xử lý: Snapdragon® 8 Gen 2 Mobile Platform for Galaxy\n- Bộ nhớ trong: 1TB\n- RAM: 12GB\n- Mạng di động: Hỗ trợ 5G\n- Dung lượng pin: 5000 mAh\nKhuyến mãi: Không có khuyến mãi\n\nTên sản phẩm: điện thoại samsung galaxy s23 ultra 12gb/512gb - chính hãng\nMàu: Màu Đen, Kem, Màu Tím, Xanh\nGiá: 26,490,000 ₫\nThông số kỹ thuật: - Độ phân giải: 3088 x 1440 (Edge Quad HD+), 200MP x 12MP x 10MP x 10MP, 12MP\n- Kích thước màn hình: 6.8 inch\n- Vi xử lý: Snapdragon® 8 Gen 2 Mobile Platform for Galaxy\n- Bộ nhớ trong: 512GB\n- RAM: 12GB\n- Mạng di động: Hỗ trợ 5G\n- Dung lượng pin: 5000 mAh\nKhuyến mãi: - KM 1\n- Trả góp tới 06 tháng không lãi suất, trả trước 0 đồng với Samsung Finance+.\n\nTên sản phẩm: điện thoại samsung galaxy s23 ultra 8gb/256gb - chính hãng (bhđt)\nMàu: Màu Đen, Kem, Xanh, Màu Tím\nGiá: 22,990,000 ₫\nThông số kỹ thuật: - Độ phân giải: 3088 x 1440 (Edge Quad HD+), 200MP x 12MP x 10MP x 10MP, 12MP\n- Kích thước màn hình: 6.8 inch\n- Vi xử lý: Snapdragon® 8 Gen 2 Mobile Platform for Galaxy\n- Bộ nhớ trong: 256GB\n- RAM: 8GB\n- Mạng di động: Hỗ trợ 5G\n- Dung lượng pin: 5000 mAh\nKhuyến mãi: - KM 1\n- Trả góp tới 06 tháng không lãi suất, trả trước 0 đồng với Samsung Finance+.\n\nTên sản phẩm: điện thoại samsung galaxy s23 ultra 8gb/256gb - chính hãng\nMàu: Xanh, Màu Đen, Màu Tím, Kem\nGiá: 23,990,000 ₫\nThông số kỹ thuật: - Độ phân giải: 3088 x 1440 (Edge Quad HD+), 200MP x 12MP x 10MP x 10MP, 12MP\n- Kích thước màn hình: 6.8 inch\n- Vi xử lý: Snapdragon® 8 Gen 2 Mobile Platform for Galaxy\n- Bộ nhớ trong: 256GB\n- RAM: 8GB\n- Mạng di động: Hỗ trợ 5G\n- Dung lượng pin: 5000 mAh\nKhuyến mãi: - KM 1\n- Trả góp tới 06 tháng không lãi suất, trả trước 0 đồng với Samsung Finance+.\n- KM 2\n- Giảm thêm 1.000.000đ cho KH thân thiết và Mua S23 Ultra 8GB/256GB tặng Samsung Galaxy Fit3 (R390) (SL có hạn, có thể kết thúc sớm)']","Màn hình của điện thoại Samsung Galaxy S23 Ultra 12GB/1TB có kích thước 6,8 inch.","[{'statement': 'Màn hình của điện thoại Samsung Galaxy S23 Ultra 12GB/1TB có kích thước 6,8 inch.', 'reason': ['Ngữ cảnh cung cấp thông tin về sản phẩm ""điện thoại samsung galaxy s23 ultra 12gb/1tb - chính hãng"" và trong phần thông số kỹ thuật có ghi rõ ""Kích thước màn hình: 6.8 inch"".'], 'verdict': 1}]",0.0,55.41,2025-08-20 17:20:28
163,Dung lượng pin của oppo reno8 t là bao nhiêu?,Oppo Reno8 T có dung lượng pin là 5000 mAh.,"['Tên sản phẩm: điện thoại oppo reno8 t 5g (8gb/128gb) - chính hãng\nMàu: Màu Đen, Màu Vàng\nGiá: 8,290,000 ₫\nThông số kỹ thuật: - Công nghệ màn hình: AMOLED\n- Độ phân giải: 1080 x 2412 pixels, 108 MP x 2 MP x 2 MP, 32 MP\n- Kích thước màn hình: 6.7  inch\n- Hệ điều hành: Coloros 13\n- Vi xử lý: Qualcomm Snapdragon 695 5G 8 nhân\n- Bộ nhớ trong: 128 GB\n- RAM: 8GB\n- Mạng di động: Hỗ trợ 5G\n- Số khe SIM: 2 SIM (Nano-SIM)\n- Dung lượng pin: 4800 mAh\nKhuyến mãi: - Trả góp 0% với Home Credit.\n- Ưu đãi trả góp 0% qua Shinhan Finance hoặc Mirae Asset Finance\n- Giảm 5% không giới hạn khuyến mãi qua Homepaylater\n- Giảm thêm tới 700.000đ khi thanh toán qua Kredivo.\n- Giảm 50% tối đa 700k khi mở thẻ tín dụng Vpbank trên SenID\n- Giảm 20% tối đa 500k khi mở thẻ tín dụng TPBank EVO\n- Mở thẻ tín dụng VIB\n- Nhận Voucher 600.000đ\n- Giảm 1% tối đa 100.000đ khi thanh toán qua Zalopay\n\nTên sản phẩm: oppo reno8 t - chính hãng\nMàu: Không có thông tin\nGiá: Không có thông tin\nThông số kỹ thuật: - Công nghệ màn hình: AMOLED\n- Độ phân giải: 1080 x 2400 Pixels, 100 MP x 2 MP, 32.0 MP\n- Kích thước màn hình: 6.4 inch\n- Hệ điều hành: Android 13.0 (ColorOS 13)\n- Vi xử lý: MediaTek Helio G99\n- Bộ nhớ trong: 256GB\n- RAM: 8GB\n- Số khe SIM: 2 Nano SIM\n- Dung lượng pin: 5000 mAh\nKhuyến mãi: Không có khuyến mãi\n\nTên sản phẩm: điện thoại oppo reno11 f 5g (8gb/256gb) - chính hãng\nMàu: Xanh Đen, Xanh\nGiá: 8,290,000 ₫\nThông số kỹ thuật: - Công nghệ màn hình: AMOLED, Tần số quét tối đa 120Hz, Tần số lấy mẫu cảm ứng tối đa 240Hz, Màn hình 1.07 tỷ màu (10 bit), Độ phủ màu 100% DCI-P3, 100% sRGB\n- Độ phân giải: 1080x2412, Camera chính: 64MP; f/1.7; FOV 81°; AF, Camera góc rộng: 8MP; f/2.2; FOV 112°, Camera macro: 2MP; f/2.4; FOV 89°, 32MP; f/2.4; FOV 90°\n- Kích thước màn hình: 6.7 inch\n- Hệ điều hành: ColorOS 14.0 trên nền tảng Android 14\n- Vi xử lý: MediaTek Dimensity 7050\n- Bộ nhớ trong: 256GB\n- RAM: 8GB\n- Mạng di động: 2G, 3G, 4G, 5G\n- Số khe SIM: 2 nano SIM\n- Dung lượng pin: 5000 mAh\nKhuyến mãi: - KM 1\n- Tặng phiếu mua hàng 400.000đ\n\nTên sản phẩm: điện thoại oppo reno10 5g (8gb/256gb) - chính hãng\nMàu: Xanh Dương, Màu Xám\nGiá: 8,990,000 ₫\nThông số kỹ thuật: - Công nghệ màn hình: 3D AMOLED, Tỉ lệ màn hình: 93.0%, Chế độ sống động: 100% DCI-P3, Chế độ bình thường: 100% sRGB, Màn hình 1.07 tỷ màu (10 bit)\n- Độ phân giải: FHD+ (1080 x 2412), Camera chính: 64MP; f/1.7; FOV 81°; ống kinh 6P; hỗ trợ AF; sử dụng động cơ vòng lặp mở., Telephoto: 32MP; f/2.0; FOV 49°; ống kính 6P; hỗ trợ AF; sử dụng động cơ vòng lặp mở., Góc mở rộng: 8MP; f/2.2; FOV 112°; ống kính 5P, cố định tiêu cự., Hỗ trợ 2x zoom quang học hybrid và 20x zoom kỹ thuật số., 32MP; f/2.4; FOV 89°; ống kính 5P lens, không hỗ trợ AF hay OIS\n- Kích thước màn hình: 6.7 inch\n- Hệ điều hành: ColorOS 13.1 trên nền tảng Android 13\n- Vi xử lý: MediaTek Dimensity 7050\n- Bộ nhớ trong: 256GB\n- RAM: 8GB\n- Mạng di động: 2G, 3G, 4G, 5G\n- Số khe SIM: 2 nano SIM\n- Dung lượng pin: 5000 mAh\nKhuyến mãi: - Thu cũ đổi mới lên đời OPPO Find N3 series: Tiết kiệm lên tới 20 triệu đồng\n- Trả góp 0% với Home Credit.\n- Ưu đãi trả góp 0% qua Shinhan Finance hoặc Mirae Asset Finance\n- Giảm 5% không giới hạn khuyến mãi qua Homepaylater\n- Giảm thêm tới 700.000đ khi thanh toán qua Kredivo.\n- Giảm 50% tối đa 700k khi mở thẻ tín dụng Vpbank trên SenID\n- Giảm 20% tối đa 500k khi mở thẻ tín dụng TPBank EVO\n- Mở thẻ tín dụng VIB\n- Nhận Voucher 600.000đ\n- Giảm 1% tối đa 100.000đ khi thanh toán qua Zalopay']",Dung lượng pin của Oppo Reno8 T là 4800 mAh (đối với phiên bản 128 GB) hoặc 5000 mAh (đối với phiên bản 256 GB).,"[{'statement': 'Dung lượng pin của Oppo Reno8 T phiên bản 128 GB là 4800 mAh.', 'reason': [""The context provides information for a product named 'điện thoại oppo reno8 t 5g (8gb/128gb) - chính hãng' which has an internal storage of '128 GB' and a battery capacity of '4800 mAh'.""], 'verdict': 1}, {'statement': 'Dung lượng pin của Oppo Reno8 T phiên bản 256 GB là 5000 mAh.', 'reason': [""The context provides information for a product named 'oppo reno8 t - chính hãng' which has an internal storage of '256GB' and a battery capacity of '5000 mAh'.""], 'verdict': 1}]",0.0,14.03,2025-08-20 17:20:33
164,Điện thoại Samsung Galaxy S23 Ultra có những màu sắc nào?,"Điện thoại Samsung Galaxy S23 Ultra có các màu: Xanh, Màu Đen, Màu Tím, Kem.","['Tên sản phẩm: điện thoại samsung galaxy s23 ultra 8gb/256gb - chính hãng\nMàu: Xanh, Màu Đen, Màu Tím, Kem\nGiá: 23,990,000 ₫\nThông số kỹ thuật: - Độ phân giải: 3088 x 1440 (Edge Quad HD+), 200MP x 12MP x 10MP x 10MP, 12MP\n- Kích thước màn hình: 6.8 inch\n- Vi xử lý: Snapdragon® 8 Gen 2 Mobile Platform for Galaxy\n- Bộ nhớ trong: 256GB\n- RAM: 8GB\n- Mạng di động: Hỗ trợ 5G\n- Dung lượng pin: 5000 mAh\nKhuyến mãi: - KM 1\n- Trả góp tới 06 tháng không lãi suất, trả trước 0 đồng với Samsung Finance+.\n- KM 2\n- Giảm thêm 1.000.000đ cho KH thân thiết và Mua S23 Ultra 8GB/256GB tặng Samsung Galaxy Fit3 (R390) (SL có hạn, có thể kết thúc sớm)\n\nTên sản phẩm: điện thoại samsung galaxy s23 ultra 8gb/256gb - chính hãng (bhđt)\nMàu: Màu Đen, Kem, Xanh, Màu Tím\nGiá: 22,990,000 ₫\nThông số kỹ thuật: - Độ phân giải: 3088 x 1440 (Edge Quad HD+), 200MP x 12MP x 10MP x 10MP, 12MP\n- Kích thước màn hình: 6.8 inch\n- Vi xử lý: Snapdragon® 8 Gen 2 Mobile Platform for Galaxy\n- Bộ nhớ trong: 256GB\n- RAM: 8GB\n- Mạng di động: Hỗ trợ 5G\n- Dung lượng pin: 5000 mAh\nKhuyến mãi: - KM 1\n- Trả góp tới 06 tháng không lãi suất, trả trước 0 đồng với Samsung Finance+.\n\nTên sản phẩm: điện thoại samsung galaxy s23 ultra 12gb/512gb - chính hãng\nMàu: Màu Đen, Kem, Màu Tím, Xanh\nGiá: 26,490,000 ₫\nThông số kỹ thuật: - Độ phân giải: 3088 x 1440 (Edge Quad HD+), 200MP x 12MP x 10MP x 10MP, 12MP\n- Kích thước màn hình: 6.8 inch\n- Vi xử lý: Snapdragon® 8 Gen 2 Mobile Platform for Galaxy\n- Bộ nhớ trong: 512GB\n- RAM: 12GB\n- Mạng di động: Hỗ trợ 5G\n- Dung lượng pin: 5000 mAh\nKhuyến mãi: - KM 1\n- Trả góp tới 06 tháng không lãi suất, trả trước 0 đồng với Samsung Finance+.\n\nTên sản phẩm: điện thoại samsung galaxy s23 ultra 12gb/1tb - chính hãng\nMàu: Không có thông tin\nGiá: Không có thông tin\nThông số kỹ thuật: - Độ phân giải: 3088 x 1440 (Edge Quad HD+), 200MP x 12MP x 10MP x 10MP, 12MP\n- Kích thước màn hình: 6.8 inch\n- Vi xử lý: Snapdragon® 8 Gen 2 Mobile Platform for Galaxy\n- Bộ nhớ trong: 1TB\n- RAM: 12GB\n- Mạng di động: Hỗ trợ 5G\n- Dung lượng pin: 5000 mAh\nKhuyến mãi: Không có khuyến mãi']","Xanh, Đen, Tím, Kem.","[{'statement': 'Điện thoại Samsung Galaxy S23 Ultra có màu Xanh.', 'reason': ['The context lists ""Xanh"" as a color for the Samsung Galaxy S23 Ultra in multiple configurations (8GB/256GB and 12GB/512GB).'], 'verdict': 1}, {'statement': 'Điện thoại Samsung Galaxy S23 Ultra có màu Đen.', 'reason': ['The context lists ""Màu Đen"" as a color for the Samsung Galaxy S23 Ultra in multiple configurations (8GB/256GB and 12GB/512GB).'], 'verdict': 1}, {'statement': 'Điện thoại Samsung Galaxy S23 Ultra có màu Tím.', 'reason': ['The context lists ""Màu Tím"" as a color for the Samsung Galaxy S23 Ultra in multiple configurations (8GB/256GB and 12GB/512GB).'], 'verdict': 1}, {'statement': 'Điện thoại Samsung Galaxy S23 Ultra có màu Kem.', 'reason': ['The context lists ""Kem"" as a color for the Samsung Galaxy S23 Ultra in multiple configurations (8GB/256GB and 12GB/512GB).'], 'verdict': 1}]",0.0,14.55,2025-08-20 17:20:42
165,Samsung Galaxy S23 Ultra có màn hình kích thước bao nhiêu inch?,Samsung Galaxy S23 Ultra có màn hình kích thước 6.8 inch.,"['Tên sản phẩm: điện thoại samsung galaxy s23 ultra 8gb/256gb - chính hãng\nMàu: Xanh, Màu Đen, Màu Tím, Kem\nGiá: 23,990,000 ₫\nThông số kỹ thuật: - Độ phân giải: 3088 x 1440 (Edge Quad HD+), 200MP x 12MP x 10MP x 10MP, 12MP\n- Kích thước màn hình: 6.8 inch\n- Vi xử lý: Snapdragon® 8 Gen 2 Mobile Platform for Galaxy\n- Bộ nhớ trong: 256GB\n- RAM: 8GB\n- Mạng di động: Hỗ trợ 5G\n- Dung lượng pin: 5000 mAh\nKhuyến mãi: - KM 1\n- Trả góp tới 06 tháng không lãi suất, trả trước 0 đồng với Samsung Finance+.\n- KM 2\n- Giảm thêm 1.000.000đ cho KH thân thiết và Mua S23 Ultra 8GB/256GB tặng Samsung Galaxy Fit3 (R390) (SL có hạn, có thể kết thúc sớm)\n\nTên sản phẩm: điện thoại samsung galaxy s23 ultra 12gb/512gb - chính hãng\nMàu: Màu Đen, Kem, Màu Tím, Xanh\nGiá: 26,490,000 ₫\nThông số kỹ thuật: - Độ phân giải: 3088 x 1440 (Edge Quad HD+), 200MP x 12MP x 10MP x 10MP, 12MP\n- Kích thước màn hình: 6.8 inch\n- Vi xử lý: Snapdragon® 8 Gen 2 Mobile Platform for Galaxy\n- Bộ nhớ trong: 512GB\n- RAM: 12GB\n- Mạng di động: Hỗ trợ 5G\n- Dung lượng pin: 5000 mAh\nKhuyến mãi: - KM 1\n- Trả góp tới 06 tháng không lãi suất, trả trước 0 đồng với Samsung Finance+.\n\nTên sản phẩm: điện thoại samsung galaxy s23 ultra 8gb/256gb - chính hãng (bhđt)\nMàu: Màu Đen, Kem, Xanh, Màu Tím\nGiá: 22,990,000 ₫\nThông số kỹ thuật: - Độ phân giải: 3088 x 1440 (Edge Quad HD+), 200MP x 12MP x 10MP x 10MP, 12MP\n- Kích thước màn hình: 6.8 inch\n- Vi xử lý: Snapdragon® 8 Gen 2 Mobile Platform for Galaxy\n- Bộ nhớ trong: 256GB\n- RAM: 8GB\n- Mạng di động: Hỗ trợ 5G\n- Dung lượng pin: 5000 mAh\nKhuyến mãi: - KM 1\n- Trả góp tới 06 tháng không lãi suất, trả trước 0 đồng với Samsung Finance+.\n\nTên sản phẩm: điện thoại samsung galaxy s23 ultra 12gb/1tb - chính hãng\nMàu: Không có thông tin\nGiá: Không có thông tin\nThông số kỹ thuật: - Độ phân giải: 3088 x 1440 (Edge Quad HD+), 200MP x 12MP x 10MP x 10MP, 12MP\n- Kích thước màn hình: 6.8 inch\n- Vi xử lý: Snapdragon® 8 Gen 2 Mobile Platform for Galaxy\n- Bộ nhớ trong: 1TB\n- RAM: 12GB\n- Mạng di động: Hỗ trợ 5G\n- Dung lượng pin: 5000 mAh\nKhuyến mãi: Không có khuyến mãi']",Màn hình có kích thước 6.8 inch.,"[{'statement': 'Màn hình của Samsung Galaxy S23 Ultra có kích thước 6.8 inch.', 'reason': [""The context provides specifications for multiple versions of the Samsung Galaxy S23 Ultra, and all of them list the screen size ('Kích thước màn hình') as 6.8 inches.""], 'verdict': 1}]",0.0,49.51,2025-08-20 17:21:17
167,Kích thước màn hình của xiaomi 13 (8gb/256gb) là bao nhiêu?,Kích thước màn hình của xiaomi 13 (8gb/256gb) là 6.36 inch.,"['Tên sản phẩm: xiaomi 13 (8gb/256gb) - chính hãng\nMàu: Không có thông tin\nGiá: Không có thông tin\nThông số kỹ thuật: - Công nghệ màn hình: AMOLED 120Hz, AdaptiveSync, Tốc độ lấy mẫu cảm ứng: lên đến 240Hz, Màn hình Pro HDR, Công nghệ Dolby Vision®, HDR10+, Gam màu: DCI-P3, Màn hình TrueColor: JNCD≈ 0,32, Delta E≈ 0,36, Cảm biến ánh sáng xung quanh 360°\n- Độ phân giải: Full HD+ (1080 x 2400), Camera chính Leica: 50MP f/1,8 HyperOIS, Camera tele Leica: 10MP f/2,0 OIS., Camera góc siêu rộng Leica: 12MP f/2,2., 32MP f/2,0 FOV 89,6°, Ống kính 5P\n- Kích thước màn hình: 6.36 inch\n- Hệ điều hành: MIUI 14, Android 13\n- Vi xử lý: Qualcomm Snapdragon 8 Gen 2\n- Bộ nhớ trong: 256GB\n- RAM: 8GB\n- Mạng di động: 5G: Hỗ trợ NSA + SA, 5G: n1/n3/n5/n7/n8/n20/n28/n38/n40/n41/n66/n71/n75/n77/n78, 4G: LTE FDD: B1/2/3/4/5/7/8/12/13/17/18/19/20/25/26/28/32/66, 4G: LTE TDD: B38/39/40/41/42/48, 3G: WCDMA: B1/2/4/5/6/8/19, 2G: GSM: 850 900 1800 1900 MHz, Hỗ trợ MIMO 4x4\n- Số khe SIM: 2SIM, NanoSIM\n- Dung lượng pin: 4500 mAh\nKhuyến mãi: Không có khuyến mãi\n\nTên sản phẩm: điện thoại xiaomi 13t (12gb/256gb) - chính hãng\nMàu: Xanh Dương, Xanh Lá, Màu Đen\nGiá: 10,990,000 ₫\nThông số kỹ thuật: - Công nghệ màn hình: AMOLED, Tần số quét lên tới 144Hz, Tần số lấy mẫu cảm ứng lên tới 480Hz, Màn hình Pro HDR｜Dolby Vision ｜HDR10+ ｜HDR10, Độ phủ màu: DCI-P3 ｜68 tỉ màu ｜True Display, Màn hình chuẩn màu: JNCD≈ 0.39, Delta E≈ 0.39*\n- Độ phân giải: 1220 x 2712, Camera chính Leica: Sony IMX707 50MP f/1.9 OIS, Camera telephoto Leica: 50MP f/1.9, Camera góc siêu rộng Leica: 12MP f/2.2, 20MP f/2.2\n- Kích thước màn hình: 6.67 inch\n- Hệ điều hành: MIUI 14 trên nền tảng Android 13\n- Vi xử lý: MediaTek Dimensity 8200-Ultra\n- Bộ nhớ trong: 256GB\n- RAM: 12GB\n- Mạng di động: 2G, 3G, 4G, 5G\n- Số khe SIM: 2 nano SIM\n- Dung lượng pin: 5000 mAh\nKhuyến mãi: - Ưu đãi trả góp 0% qua Shinhan Finance hoặc Mirae Asset Finance\n- Giảm 5% không giới hạn khuyến mãi qua Homepaylater\n- Giảm thêm tới 700.000đ khi thanh toán qua Kredivo.\n- Giảm 50% tối đa 700k khi mở thẻ tín dụng Vpbank trên SenID\n- Giảm 20% tối đa 500k khi mở thẻ tín dụng TPBank EVO\n- Mở thẻ tín dụng VIB\n- Nhận Voucher 600.000đ\n\nTên sản phẩm: xiaomi 13 lite (8gb/256gb) - chính hãng\nMàu: Màu Đen, Xanh\nGiá: 8,890,000 ₫\nThông số kỹ thuật: - Công nghệ màn hình: AMOLED 120Hz\n- Độ phân giải: FHD+, Camera góc rộng 50MP, Camera góc siêu rộng 8MP, Camera cận cảnh 2MP, Camera kép: Camera góc siêu rộng 32MP + Cảm biến độ sâu 8MP\n- Kích thước màn hình: 6.55 inch\n- Hệ điều hành: MIUI 14, Android 12\n- Vi xử lý: Qualcomm Qualcomm Snapdragon 7 Gen 1\n- Bộ nhớ trong: 256GB\n- RAM: 8GB\n- Dung lượng pin: 4500 mAh\nKhuyến mãi: - Ưu đãi trả góp 0% qua Shinhan Finance hoặc Mirae Asset Finance\n- Giảm 5% không giới hạn khuyến mãi qua Homepaylater\n- Giảm thêm tới 700.000đ khi thanh toán qua Kredivo.\n- Giảm 50% tối đa 700k khi mở thẻ tín dụng Vpbank trên SenID\n- Giảm 20% tối đa 500k khi mở thẻ tín dụng TPBank EVO\n- Mở thẻ tín dụng VIB\n- Nhận Voucher 600.000đ\n- Giảm 1% tối đa 100.000đ khi thanh toán qua Zalopay\n\nTên sản phẩm: điện thoại xiaomi 14 (12gb/256gb) - chính hãng\nMàu: Đen, Trắng, Xanh Lá\nGiá: 19,990,000 ₫\nThông số kỹ thuật: - Công nghệ màn hình: LTPO AMOLED 120Hz, AdaptiveSync Pro, Tần số quét màn hình 1-120Hz, Tốc độ lấy mẫu cảm ứng 240Hz, Tấm nền C8, Gam màu P3, Công nghệ TrueColor Display, Màn hình Pro HDR, Dolby Vision, HDR10+, HDR10, HLG, Chế độ đọc sách, Chế độ Sunlight, Được chứng nhận giảm ánh sáng xanh, chống nhấp nháy và thân thiện sinh học từ TUV Rheinland.\n- Độ phân giải: 1200x2670, Camera chính Leica 50MP f/1.6 23mm, Camera Telephoto Leica 50MP f/2.0 75mm, Camera góc siêu rộng Leica 50MP f/2.2 14mm, Camera trước 32MP f/2.0\n- Kích thước màn hình: 6.36 inch\n- Hệ điều hành: HyperOS\n- Vi xử lý: Qualcomm Snapdragon 8 Gen 3\n- Bộ nhớ trong: 256GB\n- RAM: 12GB\n- Mạng di động: 2G, 3G, 4G, 5G\n- Số khe SIM: 2 nano SIM\n- Dung lượng pin: 4610 mAh\nKhuyến mãi: - KM 1\n- Bảo hành chính hãng 24 tháng, bảo hiểm màn hình 6 tháng (Chính sách của hãng)\n- KM 2\n- Tặng BH VipCare 1 đổi 1 ( nhập lại 1.400.000)\n- KM 3\n- Thu cũ đổi mới lên đời Xiaomi 14, trợ giá tới 1 triệu đồng']",Kích thước màn hình của Xiaomi 13 (8GB/256GB) là 6.36 inch.,"[{'statement': 'Kích thước màn hình của Xiaomi 13 (8GB/256GB) là 6.36 inch.', 'reason': [""Trong phần thông tin sản phẩm 'xiaomi 13 (8gb/256gb) - chính hãng', mục 'Thông số kỹ thuật' có ghi rõ 'Kích thước màn hình: 6.36 inch'.""], 'verdict': 1}]",0.0,45.93,2025-08-20 17:21:20
169,OPPO Reno8 T 5G có bộ vi xử lý nào?,OPPO Reno8 T 5G sử dụng vi xử lý Qualcomm Snapdragon 695 5G 8 nhân.,"['Tên sản phẩm: điện thoại oppo reno8 t 5g (8gb/128gb) - chính hãng\nMàu: Màu Đen, Màu Vàng\nGiá: 8,290,000 ₫\nThông số kỹ thuật: - Công nghệ màn hình: AMOLED\n- Độ phân giải: 1080 x 2412 pixels, 108 MP x 2 MP x 2 MP, 32 MP\n- Kích thước màn hình: 6.7  inch\n- Hệ điều hành: Coloros 13\n- Vi xử lý: Qualcomm Snapdragon 695 5G 8 nhân\n- Bộ nhớ trong: 128 GB\n- RAM: 8GB\n- Mạng di động: Hỗ trợ 5G\n- Số khe SIM: 2 SIM (Nano-SIM)\n- Dung lượng pin: 4800 mAh\nKhuyến mãi: - Trả góp 0% với Home Credit.\n- Ưu đãi trả góp 0% qua Shinhan Finance hoặc Mirae Asset Finance\n- Giảm 5% không giới hạn khuyến mãi qua Homepaylater\n- Giảm thêm tới 700.000đ khi thanh toán qua Kredivo.\n- Giảm 50% tối đa 700k khi mở thẻ tín dụng Vpbank trên SenID\n- Giảm 20% tối đa 500k khi mở thẻ tín dụng TPBank EVO\n- Mở thẻ tín dụng VIB\n- Nhận Voucher 600.000đ\n- Giảm 1% tối đa 100.000đ khi thanh toán qua Zalopay\n\nTên sản phẩm: oppo reno8 t - chính hãng\nMàu: Không có thông tin\nGiá: Không có thông tin\nThông số kỹ thuật: - Công nghệ màn hình: AMOLED\n- Độ phân giải: 1080 x 2400 Pixels, 100 MP x 2 MP, 32.0 MP\n- Kích thước màn hình: 6.4 inch\n- Hệ điều hành: Android 13.0 (ColorOS 13)\n- Vi xử lý: MediaTek Helio G99\n- Bộ nhớ trong: 256GB\n- RAM: 8GB\n- Số khe SIM: 2 Nano SIM\n- Dung lượng pin: 5000 mAh\nKhuyến mãi: Không có khuyến mãi\n\nTên sản phẩm: điện thoại oppo reno10 5g (8gb/256gb) - chính hãng\nMàu: Xanh Dương, Màu Xám\nGiá: 8,990,000 ₫\nThông số kỹ thuật: - Công nghệ màn hình: 3D AMOLED, Tỉ lệ màn hình: 93.0%, Chế độ sống động: 100% DCI-P3, Chế độ bình thường: 100% sRGB, Màn hình 1.07 tỷ màu (10 bit)\n- Độ phân giải: FHD+ (1080 x 2412), Camera chính: 64MP; f/1.7; FOV 81°; ống kinh 6P; hỗ trợ AF; sử dụng động cơ vòng lặp mở., Telephoto: 32MP; f/2.0; FOV 49°; ống kính 6P; hỗ trợ AF; sử dụng động cơ vòng lặp mở., Góc mở rộng: 8MP; f/2.2; FOV 112°; ống kính 5P, cố định tiêu cự., Hỗ trợ 2x zoom quang học hybrid và 20x zoom kỹ thuật số., 32MP; f/2.4; FOV 89°; ống kính 5P lens, không hỗ trợ AF hay OIS\n- Kích thước màn hình: 6.7 inch\n- Hệ điều hành: ColorOS 13.1 trên nền tảng Android 13\n- Vi xử lý: MediaTek Dimensity 7050\n- Bộ nhớ trong: 256GB\n- RAM: 8GB\n- Mạng di động: 2G, 3G, 4G, 5G\n- Số khe SIM: 2 nano SIM\n- Dung lượng pin: 5000 mAh\nKhuyến mãi: - Thu cũ đổi mới lên đời OPPO Find N3 series: Tiết kiệm lên tới 20 triệu đồng\n- Trả góp 0% với Home Credit.\n- Ưu đãi trả góp 0% qua Shinhan Finance hoặc Mirae Asset Finance\n- Giảm 5% không giới hạn khuyến mãi qua Homepaylater\n- Giảm thêm tới 700.000đ khi thanh toán qua Kredivo.\n- Giảm 50% tối đa 700k khi mở thẻ tín dụng Vpbank trên SenID\n- Giảm 20% tối đa 500k khi mở thẻ tín dụng TPBank EVO\n- Mở thẻ tín dụng VIB\n- Nhận Voucher 600.000đ\n- Giảm 1% tối đa 100.000đ khi thanh toán qua Zalopay\n\nTên sản phẩm: điện thoại oppo reno10 5g (8gb/128gb) - chính hãng\nMàu: Xanh Dương\nGiá: 7,890,000 ₫\nThông số kỹ thuật: - Công nghệ màn hình: 3D AMOLED, Tỉ lệ màn hình: 93.0%, Chế độ sống động: 100% DCI-P3, Chế độ bình thường: 100% sRGB, Màn hình 1.07 tỷ màu (10 bit)\n- Độ phân giải: FHD+ (1080 x 2412), Camera chính: 64MP; f/1.7; FOV 81°; ống kinh 6P; hỗ trợ AF; sử dụng động cơ vòng lặp mở., Telephoto: 32MP; f/2.0; FOV 49°; ống kính 6P; hỗ trợ AF; sử dụng động cơ vòng lặp mở., Góc mở rộng: 8MP; f/2.2; FOV 112°; ống kính 5P, cố định tiêu cự., Hỗ trợ 2x zoom quang học hybrid và 20x zoom kỹ thuật số., 32MP; f/2.4; FOV 89°; ống kính 5P lens, không hỗ trợ AF hay OIS\n- Kích thước màn hình: 6.7 inch\n- Hệ điều hành: ColorOS 13.1 trên nền tảng Android 13\n- Vi xử lý: MediaTek Dimensity 7050\n- Bộ nhớ trong: 128GB\n- RAM: 8GB\n- Mạng di động: 2G, 3G, 4G, 5G\n- Số khe SIM: 2 nano SIM\n- Dung lượng pin: 5000 mAh\nKhuyến mãi: - Thu cũ đổi mới lên đời OPPO Find N3 series: Tiết kiệm lên tới 20 triệu đồng\n- Trả góp 0% với Home Credit.\n- Ưu đãi trả góp 0% qua Shinhan Finance hoặc Mirae Asset Finance\n- Giảm 5% không giới hạn khuyến mãi qua Homepaylater\n- Giảm thêm tới 700.000đ khi thanh toán qua Kredivo.\n- Giảm 50% tối đa 700k khi mở thẻ tín dụng Vpbank trên SenID\n- Giảm 20% tối đa 500k khi mở thẻ tín dụng TPBank EVO\n- Mở thẻ tín dụng VIB\n- Nhận Voucher 600.000đ\n- Giảm 1% tối đa 100.000đ khi thanh toán qua Zalopay']","Oppo Reno8 T 5G được trang bị bộ vi xử lý Qualcomm Snapdragon 695 5G, 8 nhân.","[{'statement': 'Oppo Reno8 T 5G được trang bị bộ vi xử lý Qualcomm Snapdragon 695 5G, 8 nhân.', 'reason': [""Trong phần thông số kỹ thuật của sản phẩm 'điện thoại oppo reno8 t 5g', ngữ cảnh ghi rõ 'Vi xử lý: Qualcomm Snapdragon 695 5G 8 nhân'.""], 'verdict': 1}]",0.0,13.35,2025-08-20 17:21:32
168,Điện thoại Tecno Pova 4 Pro có những chương trình khuyến mãi nào?,"Điện thoại Tecno Pova 4 Pro có nhiều chương trình khuyến mãi như ưu đãi trả góp 0% qua Shinhan Finance hoặc Mirae Asset Finance, giảm 5% không giới hạn khuyến mãi qua Homepaylater, giảm thêm tới 700.000đ khi thanh toán qua Kredivo. Ngoài ra, khách hàng còn có thể giảm 50% tối đa 700k khi mở thẻ tín dụng Vpbank trên SenID, giảm 20% tối đa 500k khi mở thẻ tín dụng TPBank EVO, nhận voucher 600.000đ khi mở thẻ tín dụng VIB và giảm 1% tối đa 100.000đ khi thanh toán qua Zalopay.","['Tên sản phẩm: điện thoại tecno pova 4 pro (8gb/256gb) - chính hãng\nMàu: Xanh Niken, Cam Titan\nGiá: 4,190,000 ₫\nThông số kỹ thuật: - Công nghệ màn hình: AMOLED FHD+\n- Kích thước màn hình: 6.7 inch\n- Độ phân giải: 50MP x 50MP, 8MP\n- Hệ điều hành: Android™ 12\n- Vi xử lý: Helio G99\n- Bộ nhớ trong: 256GB\n- RAM: 8GB\n- Dung lượng pin: 6000 mAh\nKhuyến mãi: - Ưu đãi trả góp 0% qua Shinhan Finance hoặc Mirae Asset Finance\n- Giảm 5% không giới hạn khuyến mãi qua Homepaylater\n- Giảm thêm tới 700.000đ khi thanh toán qua Kredivo.\n- Giảm 50% tối đa 700k khi mở thẻ tín dụng Vpbank trên SenID\n- Giảm 20% tối đa 500k khi mở thẻ tín dụng TPBank EVO\n- Mở thẻ tín dụng VIB\n- Nhận Voucher 600.000đ\n- Giảm 1% tối đa 100.000đ khi thanh toán qua Zalopay\n\nTên sản phẩm: điện thoại tecno pova 5 (8+8gb/256gb) - chính hãng\nMàu: Màu Đen, Xanh Dương, Màu Vàng\nGiá: 4,390,000 ₫\nThông số kỹ thuật: - Công nghệ màn hình: IPS LCD, 120Hz\n- Độ phân giải: FHD+ (1080 x 2460), Cảm biến chính 50MP, Cảm biến chiều sâu, 8MP\n- Kích thước màn hình: 6.78 inch\n- Hệ điều hành: HIOS dựa trên Android 13\n- Vi xử lý: MediaTek Helio G99\n- Bộ nhớ trong: 256GB\n- RAM: 8GB\n- Mạng di động: 2G, 3G, 4G\n- Số khe SIM: 2 nano SIM\n- Dung lượng pin: 6000 mAh\nKhuyến mãi: - Ưu đãi trả góp 0% qua Shinhan Finance hoặc Mirae Asset Finance\n- Giảm 5% không giới hạn khuyến mãi qua Homepaylater\n- Giảm thêm tới 700.000đ khi thanh toán qua Kredivo.\n- Giảm 50% tối đa 700k khi mở thẻ tín dụng Vpbank trên SenID\n- Giảm 20% tối đa 500k khi mở thẻ tín dụng TPBank EVO\n- Mở thẻ tín dụng VIB\n- Nhận Voucher 600.000đ\n- Giảm 1% tối đa 100.000đ khi thanh toán qua Zalopay\n\nTên sản phẩm: điện thoại tecno pova 5 (8+8gb/128gb) - chính hãng\nMàu: Xanh Dương, Màu Vàng, Màu Đen\nGiá: 3,790,000 ₫\nThông số kỹ thuật: - Công nghệ màn hình: IPS LCD, 120Hz\n- Độ phân giải: FHD+ (1080 x 2460), Cảm biến chính 50MP, Cảm biến chiều sâu, 8MP\n- Kích thước màn hình: 6.78 inch\n- Hệ điều hành: HIOS dựa trên Android 13\n- Vi xử lý: MediaTek Helio G99\n- Bộ nhớ trong: 128GB\n- RAM: 8GB\n- Mạng di động: 2G, 3G, 4G\n- Số khe SIM: 2 nano SIM\n- Dung lượng pin: 6000 mAh\nKhuyến mãi: - KM 1\n- Sản phẩm đang thuộc chương trình Flash sale (Số lượng có hạn)\n\nTên sản phẩm: điện thoại tecno spark 20 pro + (8+8gb/256gb) - chính hãng\nMàu: Đen, Trắng, Vàng\nGiá: 4,890,000 ₫\nThông số kỹ thuật: - Công nghệ màn hình: AMOLED 120Hz\n- Độ phân giải: 1080x2436, Camera chính 108MP f/1.8, Camera macro 2MP, Camera phụ VGA, Camera trước 32MP\n- Kích thước màn hình: 6.78 inch\n- Hệ điều hành: HIOS 14 trên nền tảng Android 14\n- Vi xử lý: MediaTek Helio G99 Ultimate\n- Bộ nhớ trong: 256GB\n- RAM: 8GB\n- Mạng di động: 2G, 3G, 4G\n- Số khe SIM: 2 nano SIM\n- Dung lượng pin: 5000 mAh\nKhuyến mãi: - Ưu đãi trả góp 0% qua Shinhan Finance hoặc Mirae Asset Finance\n- Giảm 5% không giới hạn khuyến mãi qua Homepaylater\n- Giảm thêm tới 700.000đ khi thanh toán qua Kredivo.\n- Giảm 50% tối đa 700k khi mở thẻ tín dụng Vpbank trên SenID\n- Giảm 20% tối đa 500k khi mở thẻ tín dụng TPBank EVO\n- Giảm 1% tối đa 100.000đ khi thanh toán qua Zalopay']","- Ưu đãi trả góp 0% qua Shinhan Finance hoặc Mirae Asset Finance  
- Giảm 5% không giới hạn khuyến mãi qua Homepaylater  
- Giảm thêm tới 700.000đ khi thanh toán qua Kredivo  
- Giảm 50% tối đa 700k khi mở thẻ tín dụng Vpbank trên SenID  
- Giảm 20% tối đa 500k khi mở thẻ tín dụng TPBank EVO  
- Mở thẻ tín dụng VIB  
- Nhận voucher 600.000đ  
- Giảm 1% tối đa 100.000đ khi thanh toán qua Zalopay","[{'statement': 'Điện thoại Tecno Pova 4 Pro có chương trình ưu đãi trả góp 0% qua Shinhan Finance hoặc Mirae Asset Finance.', 'reason': ['The context confirms that for the Tecno Pova 4 Pro, there is a promotion: ""Ưu đãi trả góp 0% qua Shinhan Finance hoặc Mirae Asset Finance"".'], 'verdict': 1}, {'statement': 'Khi mua điện thoại Tecno Pova 4 Pro, khách hàng được giảm 5% không giới hạn khuyến mãi qua Homepaylater.', 'reason': ['The context explicitly lists the promotion ""Giảm 5% không giới hạn khuyến mãi qua Homepaylater"" for the Tecno Pova 4 Pro.'], 'verdict': 1}, {'statement': 'Khách hàng mua điện thoại Tecno Pova 4 Pro được giảm thêm tới 700.000đ khi thanh toán qua Kredivo.', 'reason': ['The context confirms this promotion for the Tecno Pova 4 Pro: ""Giảm thêm tới 700.000đ khi thanh toán qua Kredivo.""'], 'verdict': 1}, {'statement': 'Khách hàng được giảm 50% tối đa 700.000đ khi mở thẻ tín dụng Vpbank trên SenID để mua điện thoại Tecno Pova 4 Pro.', 'reason': ['The context lists the promotion ""Giảm 50% tối đa 700k khi mở thẻ tín dụng Vpbank trên SenID"" for the Tecno Pova 4 Pro, which matches the statement.'], 'verdict': 1}, {'statement': 'Khi mở thẻ tín dụng TPBank EVO để mua điện thoại Tecno Pova 4 Pro, khách hàng được giảm 20% tối đa 500.000đ.', 'reason': ['The context lists the promotion ""Giảm 20% tối đa 500k khi mở thẻ tín dụng TPBank EVO"" for the Tecno Pova 4 Pro, which supports the statement.'], 'verdict': 1}, {'statement': 'Điện thoại Tecno Pova 4 Pro có chương trình khuyến mãi khi mở thẻ tín dụng VIB.', 'reason': ['The context lists ""Mở thẻ tín dụng VIB"" as one of the promotions for the Tecno Pova 4 Pro.'], 'verdict': 1}, {'statement': 'Khách hàng mua điện thoại Tecno Pova 4 Pro có cơ hội nhận voucher 600.000đ.', 'reason': ['The context confirms this promotion for the Tecno Pova 4 Pro: ""Nhận Voucher 600.000đ"".'], 'verdict': 1}, {'statement': 'Khi thanh toán qua Zalopay để mua điện thoại Tecno Pova 4 Pro, khách hàng được giảm 1% tối đa 100.000đ.', 'reason': ['The context confirms this promotion for the Tecno Pova 4 Pro: ""Giảm 1% tối đa 100.000đ khi thanh toán qua Zalopay"".'], 'verdict': 1}]",0.0,49.29,2025-08-20 17:21:32
170,Điện thoại Nokia 5710 XpressAudio có giá bao nhiêu?,"Điện thoại Nokia 5710 XpressAudio có giá 1,690,000 ₫.","['Tên sản phẩm: điện thoại nokia 5710 xpressaudio - chính hãng\nMàu: Trắng, Màu Đen\nGiá: 1,690,000 ₫\nThông số kỹ thuật: Không có thông tin\nKhuyến mãi: - Giảm 5% không giới hạn khuyến mãi qua Homepaylater\n- Giảm 50% tối đa 700k khi mở thẻ tín dụng Vpbank trên SenID\n- Giảm 20% tối đa 500k khi mở thẻ tín dụng TPBank EVO\n- Giảm 1% tối đa 100.000đ khi thanh toán qua Zalopay\n\nTên sản phẩm: điện thoại nokia 5310 - chính hãng\nMàu: Không có thông tin\nGiá: Không có thông tin\nThông số kỹ thuật: - Công nghệ màn hình: TFT LCD\n- Độ phân giải: QVGA (240 x 320 Pixels), VGA (480 x 640 pixels), Không\n- Kích thước màn hình: 2.4 inch\n- Bộ nhớ trong: Không\n- RAM: Không\n- Mạng di động: Hỗ trợ 2G (không kết nối internet)\n- Số khe SIM: 2 SIM thường\n- Dung lượng pin: 1200 mAh\nKhuyến mãi: Không có khuyến mãi\n\nTên sản phẩm: điện thoại nokia 8210 4g - chính hãng\nMàu: Màu Vàng, Xanh, Đỏ\nGiá: 1,490,000 ₫\nThông số kỹ thuật: - Công nghệ màn hình: Đang cập nhật\n- Độ phân giải: QVGA (240 x 320 Pixels), 0.3 MP\n- Hệ điều hành: Series 30+\n- Vi xử lý: Unisoc T107\n- Bộ nhớ trong: 128 MB\n- RAM: 48MB\n- Mạng di động: Hỗ trợ 4G\n- Số khe SIM: 2 Nano SIM\n- Dung lượng pin: 1450 mAh\nKhuyến mãi: - Giảm 5% không giới hạn khuyến mãi qua Homepaylater\n- Giảm 50% tối đa 700k khi mở thẻ tín dụng Vpbank trên SenID\n- Giảm 20% tối đa 500k khi mở thẻ tín dụng TPBank EVO\n- Giảm 1% tối đa 100.000đ khi thanh toán qua Zalopay\n\nTên sản phẩm: điện thoại nokia g10 - chính hãng\nMàu: Không có thông tin\nGiá: Không có thông tin\nThông số kỹ thuật: - Công nghệ màn hình: IPS LCD\n- Độ phân giải: HD+ (720 x 1600 Pixels), Chính 13 MP & Phụ 2 MP, 2 MP, 8 MP\n- Hệ điều hành: Android 11\n- Vi xử lý: MediaTek Helio G25 8 nhân\n- Bộ nhớ trong: 64 GB\n- RAM: 4GB\n- Mạng di động: Hỗ trợ 4G\n- Số khe SIM: 2 Nano SIM\n- Dung lượng pin: 5050 mAh\nKhuyến mãi: Không có khuyến mãi']",Giá điện thoại Nokia 5710 XpressAudio là 1.690.000₫.,"[{'statement': 'Giá điện thoại Nokia 5710 XpressAudio là 1.690.000₫.', 'reason': [""Trong ngữ cảnh, sản phẩm có tên 'điện thoại nokia 5710 xpressaudio - chính hãng' được ghi giá là 1,690,000 ₫.""], 'verdict': 1}]",0.0,15.59,2025-08-20 17:21:37
171,Điện thoại OPPO A17k có dung lượng RAM là bao nhiêu?,Điện thoại OPPO A17k có RAM 3GB.,"['Tên sản phẩm: điện thoại oppo a17k (3gb/64gb) - chính hãng\nMàu: Màu Vàng, Xanh\nGiá: 2,690,000 ₫\nThông số kỹ thuật: - Công nghệ màn hình: LCD\n- Độ phân giải: 720 x 1612 (HD+), 8 MP, 5 MP\n- Kích thước màn hình: 6.56  inch\n- Hệ điều hành: ColorOS 12.1.1, nền tảng Android 12\n- Vi xử lý: Helio G35, tối đa 2.3GHz\n- Bộ nhớ trong: 64GB\n- RAM: 3GB\n- Mạng di động: 2G, 3G, 4G\n- Số khe SIM: Dual nano-SIM\n- Dung lượng pin: 5000 mAh\nKhuyến mãi: - Trả góp 0% với Home Credit.\n- Giảm 5% không giới hạn khuyến mãi qua Homepaylater\n- Giảm 50% tối đa 700k khi mở thẻ tín dụng Vpbank trên SenID\n- Giảm 20% tối đa 500k khi mở thẻ tín dụng TPBank EVO\n- Giảm 1% tối đa 100.000đ khi thanh toán qua Zalopay\n\nTên sản phẩm: oppo a17 4gb/64gb pin 5000mah - chính hãng\nMàu: Màu Đen, Xanh\nGiá: 3,590,000 ₫\nThông số kỹ thuật: - Công nghệ màn hình: IPS LCD\n- Độ phân giải: HD+ (720 x 1612 Pixels), Chính 50 MP & Phụ 0.3 MP, 5 MP\n- Hệ điều hành: Android 12\n- Vi xử lý: MediaTek Helio G35 8 nhân\n- RAM: 4GB\n- Mạng di động: Hỗ trợ 4G\n- Số khe SIM: 2 Nano SIM\n- Dung lượng pin: 5000 mAh\nKhuyến mãi: - Trả góp 0% với Home Credit.\n- Ưu đãi trả góp 0% qua Shinhan Finance hoặc Mirae Asset Finance\n- Giảm 5% không giới hạn khuyến mãi qua Homepaylater\n- Giảm thêm tới 700.000đ khi thanh toán qua Kredivo.\n- Giảm 50% tối đa 700k khi mở thẻ tín dụng Vpbank trên SenID\n- Giảm 20% tối đa 500k khi mở thẻ tín dụng TPBank EVO\n- Mở thẻ tín dụng VIB\n- Nhận Voucher 600.000đ\n- Giảm 1% tối đa 100.000đ khi thanh toán qua Zalopay\n\nTên sản phẩm: điện thoại oppo a18 4gb/128gb - chính hãng\nMàu: Xanh, Màu Đen\nGiá: 3,690,000 ₫\nThông số kỹ thuật: - Công nghệ màn hình: IPS LCD\n- Độ phân giải: HD+ (720 x 1612 Pixels), Chính 8 MP & Phụ 2 MP, 5 MP\n- Kích thước màn hình: 6.56 inch\n- Hệ điều hành: Android 13\n- Vi xử lý: MediaTek Helio G85 8 nhân\n- Bộ nhớ trong: 128 GB\n- RAM: 4GB\n- Mạng di động: Hỗ trợ 4G\n- Số khe SIM: 2 Nano SIM\n- Dung lượng pin: 5000 mAh\nKhuyến mãi: - KM 1\n- Tặng phiếu mua hàng 200.000đ\n\nTên sản phẩm: điện thoại oppo a16k 3gb/32gb - chính hãng\nMàu: Không có thông tin\nGiá: Không có thông tin\nThông số kỹ thuật: - Công nghệ màn hình: IPS LCD\n- Độ phân giải: HD+ (720 x 1600 Pixels), 13 MP, 5 MP\n- Kích thước màn hình: 6.52 inch\n- Hệ điều hành: Android 11\n- Vi xử lý: MediaTek Helio G35\n- Bộ nhớ trong: 32 GB\n- RAM: 3GB\n- Mạng di động: Hỗ trợ 4G\n- Số khe SIM: 2 Nano SIM\n- Dung lượng pin: 4230 mAh\nKhuyến mãi: Không có khuyến mãi']",Bộ nhớ RAM là 3GB.,"[{'statement': 'Điện thoại OPPO A17k có bộ nhớ RAM là 3GB.', 'reason': [""Thông tin trong ngữ cảnh cho sản phẩm 'điện thoại oppo a17k (3gb/64gb) - chính hãng' có ghi rõ thông số kỹ thuật 'RAM: 3GB'.""], 'verdict': 1}]",0.0,13.85,2025-08-20 17:21:47
172,OPPO A17 chính hãng có mấy khe SIM?,OPPO A17 chính hãng có 2 khe SIM.,"['Tên sản phẩm: điện thoại oppo a17k (3gb/64gb) - chính hãng\nMàu: Màu Vàng, Xanh\nGiá: 2,690,000 ₫\nThông số kỹ thuật: - Công nghệ màn hình: LCD\n- Độ phân giải: 720 x 1612 (HD+), 8 MP, 5 MP\n- Kích thước màn hình: 6.56  inch\n- Hệ điều hành: ColorOS 12.1.1, nền tảng Android 12\n- Vi xử lý: Helio G35, tối đa 2.3GHz\n- Bộ nhớ trong: 64GB\n- RAM: 3GB\n- Mạng di động: 2G, 3G, 4G\n- Số khe SIM: Dual nano-SIM\n- Dung lượng pin: 5000 mAh\nKhuyến mãi: - Trả góp 0% với Home Credit.\n- Giảm 5% không giới hạn khuyến mãi qua Homepaylater\n- Giảm 50% tối đa 700k khi mở thẻ tín dụng Vpbank trên SenID\n- Giảm 20% tối đa 500k khi mở thẻ tín dụng TPBank EVO\n- Giảm 1% tối đa 100.000đ khi thanh toán qua Zalopay\n\nTên sản phẩm: oppo a17 4gb/64gb pin 5000mah - chính hãng\nMàu: Màu Đen, Xanh\nGiá: 3,590,000 ₫\nThông số kỹ thuật: - Công nghệ màn hình: IPS LCD\n- Độ phân giải: HD+ (720 x 1612 Pixels), Chính 50 MP & Phụ 0.3 MP, 5 MP\n- Hệ điều hành: Android 12\n- Vi xử lý: MediaTek Helio G35 8 nhân\n- RAM: 4GB\n- Mạng di động: Hỗ trợ 4G\n- Số khe SIM: 2 Nano SIM\n- Dung lượng pin: 5000 mAh\nKhuyến mãi: - Trả góp 0% với Home Credit.\n- Ưu đãi trả góp 0% qua Shinhan Finance hoặc Mirae Asset Finance\n- Giảm 5% không giới hạn khuyến mãi qua Homepaylater\n- Giảm thêm tới 700.000đ khi thanh toán qua Kredivo.\n- Giảm 50% tối đa 700k khi mở thẻ tín dụng Vpbank trên SenID\n- Giảm 20% tối đa 500k khi mở thẻ tín dụng TPBank EVO\n- Mở thẻ tín dụng VIB\n- Nhận Voucher 600.000đ\n- Giảm 1% tối đa 100.000đ khi thanh toán qua Zalopay\n\nTên sản phẩm: điện thoại oppo a18 4gb/128gb - chính hãng\nMàu: Xanh, Màu Đen\nGiá: 3,690,000 ₫\nThông số kỹ thuật: - Công nghệ màn hình: IPS LCD\n- Độ phân giải: HD+ (720 x 1612 Pixels), Chính 8 MP & Phụ 2 MP, 5 MP\n- Kích thước màn hình: 6.56 inch\n- Hệ điều hành: Android 13\n- Vi xử lý: MediaTek Helio G85 8 nhân\n- Bộ nhớ trong: 128 GB\n- RAM: 4GB\n- Mạng di động: Hỗ trợ 4G\n- Số khe SIM: 2 Nano SIM\n- Dung lượng pin: 5000 mAh\nKhuyến mãi: - KM 1\n- Tặng phiếu mua hàng 200.000đ\n\nTên sản phẩm: oppo a12 - 3gb/32gb - chính hãng\nMàu: Không có thông tin\nGiá: Không có thông tin\nThông số kỹ thuật: - Công nghệ màn hình: IPS LCD\n- Độ phân giải: HD+ (720 x 1520 Pixels), Chính 13 MP & Phụ 2 MP, 5 MP\n- Kích thước màn hình: 6.22 inch\n- Bộ nhớ trong: 32 GB\n- RAM: 3GB\n- Mạng di động: Hỗ trợ 4G\n- Số khe SIM: 2 Nano SIM\n- Dung lượng pin: 4230 mAh\nKhuyến mãi: Không có khuyến mãi']",OPPO A17 chính hãng có 2 khe Nano SIM.,"[{'statement': 'OPPO A17 chính hãng có 2 khe Nano SIM.', 'reason': [""Thông tin trong السياق cho sản phẩm 'oppo a17 4gb/64gb pin 5000mah - chính hãng' có mục 'Số khe SIM: 2 Nano SIM'.""], 'verdict': 1}]",0.0,23.65,2025-08-20 17:21:57
174,Hệ điều hành nào vivo v25 pro 8gb/128gb sử dụng?,Hệ điều hành mà vivo v25 pro 8gb/128gb sử dụng là Funtouch OS 12.,"['Tên sản phẩm: vivo v25 pro 8gb/128gb - chính hãng\nMàu: Không có thông tin\nGiá: Không có thông tin\nThông số kỹ thuật: - Công nghệ màn hình: AMOLED\n- Độ phân giải: 1080*2376(FHD+), 64MP x 8MP x 2MP, 32MP\n- Kích thước màn hình: 6.56 inch\n- Hệ điều hành: Funtouch OS 12\n- Vi xử lý: MediaTek Dimensity 1300\n- Bộ nhớ trong: 128 GB\n- RAM: 8GB\n- Số khe SIM: 2 SIM nano\n- Dung lượng pin: 4830 mAh\nKhuyến mãi: Không có khuyến mãi\n\nTên sản phẩm: vivo v25 5g 8gb/128gb - chính hãng\nMàu: Màu Vàng, Màu Đen\nGiá: 7,990,000 ₫\nThông số kỹ thuật: - Công nghệ màn hình: AMOLED\n- Độ phân giải: 1080 x 2040 Pixel, 64MP x 8MP x 2MP, 50MP\n- Kích thước màn hình: 6.44  inch\n- Hệ điều hành: Android 12\n- Vi xử lý: MediaTek Dimensity 900\n- Bộ nhớ trong: 128 GB\n- RAM: 8GB\n- Số khe SIM: 2 Nano SIM\n- Dung lượng pin: 4500 mAh\nKhuyến mãi: - Ưu đãi trả góp 0% qua Shinhan Finance hoặc Mirae Asset Finance\n- Giảm 5% không giới hạn khuyến mãi qua Homepaylater\n- Giảm thêm tới 700.000đ khi thanh toán qua Kredivo.\n- Giảm 50% tối đa 700k khi mở thẻ tín dụng Vpbank trên SenID\n- Giảm 20% tối đa 500k khi mở thẻ tín dụng TPBank EVO\n- Mở thẻ tín dụng VIB\n- Nhận Voucher 600.000đ\n- Giảm 1% tối đa 100.000đ khi thanh toán qua Zalopay\n\nTên sản phẩm: vivo v25e 4g 8gb/128gb - chính hãng\nMàu: Màu Đen, Màu Vàng\nGiá: 6,090,000 ₫\nThông số kỹ thuật: - Công nghệ màn hình: AMOLED\n- Độ phân giải: 1080 x 2040 Pixel, 64MP x 2MP x 2MP, 32MP\n- Kích thước màn hình: 6.44  inch\n- Hệ điều hành: Android 12\n- Bộ nhớ trong: 128 GB\n- RAM: 8GB\n- Số khe SIM: 2 Nano SIM\n- Dung lượng pin: 4500 mAh\nKhuyến mãi: - Ưu đãi trả góp 0% qua Shinhan Finance hoặc Mirae Asset Finance\n- Giảm 5% không giới hạn khuyến mãi qua Homepaylater\n- Giảm thêm tới 700.000đ khi thanh toán qua Kredivo.\n- Giảm 50% tối đa 700k khi mở thẻ tín dụng Vpbank trên SenID\n- Giảm 20% tối đa 500k khi mở thẻ tín dụng TPBank EVO\n- Mở thẻ tín dụng VIB\n- Nhận Voucher 600.000đ\n- Giảm 1% tối đa 100.000đ khi thanh toán qua Zalopay\n\nTên sản phẩm: điện thoại vivo t1x 8gb/128gb- chính hãng\nMàu: Màu Đen, Xanh\nGiá: 5,390,000 ₫\nThông số kỹ thuật: - Công nghệ màn hình: 6.58” FHD+ LCD màn hình Halo\n- Độ phân giải: 50MP x 2MP x 2MP, 8MP\n- Hệ điều hành: Android 12\n- Vi xử lý: SDM 680\n- Bộ nhớ trong: 128GB\n- RAM: 8GB\n- Dung lượng pin: 5000 mAh\nKhuyến mãi: - Ưu đãi trả góp 0% qua Shinhan Finance hoặc Mirae Asset Finance\n- Giảm 5% không giới hạn khuyến mãi qua Homepaylater\n- Giảm thêm tới 700.000đ khi thanh toán qua Kredivo.\n- Giảm 50% tối đa 700k khi mở thẻ tín dụng Vpbank trên SenID\n- Giảm 20% tối đa 500k khi mở thẻ tín dụng TPBank EVO\n- Mở thẻ tín dụng VIB\n- Nhận Voucher 600.000đ\n- Giảm 1% tối đa 100.000đ khi thanh toán qua Zalopay']",Hệ điều hành Funtouch OS 12.,"[{'statement': 'Vivo V25 Pro 8GB/128GB sử dụng hệ điều hành Funtouch OS 12.', 'reason': [""The context provides technical specifications for the product 'vivo v25 pro 8gb/128gb - chính hãng', which explicitly lists the operating system as 'Funtouch OS 12'.""], 'verdict': 1}]",0.0,20.4,2025-08-20 17:22:08
175,Hệ điều hành của vivo y02 là gì?,Hệ điều hành của vivo y02 là Funtouch OS 12 (Android 12 Go edition).,"['Tên sản phẩm: điện thoại vivo y02a - chính hãng\nMàu: Không có thông tin\nGiá: Không có thông tin\nThông số kỹ thuật: - Công nghệ màn hình: LCD (IPS)\n- Độ phân giải: 1600 × 720 (HD+), 8 MP  f/2.0, 5MP f/2.2\n- Kích thước màn hình: 6.51 inch\n- Hệ điều hành: Funtouch OS 12 (Android 12 Go edition)\n- Vi xử lý: MediaTek Helio P35\n- Bộ nhớ trong: 32 GB\n- RAM: 3GB\n- Mạng di động: 4G\n- Dung lượng pin: 5000 mAh\nKhuyến mãi: Không có khuyến mãi\n\nTên sản phẩm: vivo y02 - chính hãng\nMàu: Không có thông tin\nGiá: Không có thông tin\nThông số kỹ thuật: - Công nghệ màn hình: LCD (IPS)\n- Độ phân giải: 1600 × 720 (HD+), 8 MP, 5 MP\n- Kích thước màn hình: 6.51\n- Hệ điều hành: Funtouch OS 12 (Android 12 Go edition)\n- Vi xử lý: MediaTek Helio P22\n- Bộ nhớ trong: 32 GB\n- RAM: 2GB\n- Số khe SIM: 3 khe\n- Dung lượng pin: 5000 mAh\nKhuyến mãi: Không có khuyến mãi\n\nTên sản phẩm: điện thoại vivo y02t 4gb/64gb- chính hãng\nMàu: Không có thông tin\nGiá: Không có thông tin\nThông số kỹ thuật: - Công nghệ màn hình: LCD (IPS)\n- Độ phân giải: 1600 × 720 (HD+), 8 MP, 5 MP\n- Kích thước màn hình: 6.51  inch\n- Hệ điều hành: Funtouch OS 13 (Android 13 edition)\n- Vi xử lý: Helio P35\n- Bộ nhớ trong: 64GB\n- RAM: 4GB\n- Mạng di động: 4G\n- Số khe SIM: 2 nano SIMs + 1 microSD\n- Dung lượng pin: 5000 mAh\nKhuyến mãi: Không có khuyến mãi\n\nTên sản phẩm: vivo y02s - 3gb/32gb - chính hãng\nMàu: Đen Kim Sa, Xanh ánh kim\nGiá: 2,790,000 ₫\nThông số kỹ thuật: - Công nghệ màn hình: IPS LCD\n- Độ phân giải: HD+ (720 x 1600 Pixels), 8 MP, 5 MP\n- Hệ điều hành: Android 12\n- Vi xử lý: MediaTek Helio P35 8 nhân\n- Bộ nhớ trong: 32 GB\n- RAM: 3GB\n- Mạng di động: Hỗ trợ 4G\n- Số khe SIM: Đang cập nhật\n- Dung lượng pin: 5000 mAh\nKhuyến mãi: - Giảm 5% không giới hạn khuyến mãi qua Homepaylater\n- Giảm 50% tối đa 700k khi mở thẻ tín dụng Vpbank trên SenID\n- Giảm 20% tối đa 500k khi mở thẻ tín dụng TPBank EVO\n- Giảm 1% tối đa 100.000đ khi thanh toán qua Zalopay']",Hệ điều hành của vivo y02 là Funtouch OS 12 (Android 12 Go edition).,"[{'statement': 'Hệ điều hành của vivo y02 là Funtouch OS 12 (Android 12 Go edition).', 'reason': [""Trong ngữ cảnh có thông tin về sản phẩm 'vivo y02 - chính hãng' với thông số kỹ thuật 'Hệ điều hành: Funtouch OS 12 (Android 12 Go edition)'.""], 'verdict': 1}]",0.0,18.64,2025-08-20 17:22:16
173,Điện thoại realme 10 4G có màu sắc nào?,"Điện thoại realme 10 4G có màu Đen, Trắng Cực Quang.","['Tên sản phẩm: điện thoại realme 10 4g 8gb/256gb - chính hãng\nMàu: Màu Đen, Trắng Cực Quang\nGiá: 6,090,000 ₫\nThông số kỹ thuật: - Công nghệ màn hình: Super AMOLED\n- Độ phân giải: 2400*1080 (FHD+), Camera chính: 50MP, Camera chân dung: 2MP, 16 MP\n- Kích thước màn hình: 6.4 inch\n- Hệ điều hành: realme UI 3.0, Trên nền tảng Android 12\n- Vi xử lý: Chip Helio G99\n- Bộ nhớ trong: 256GB\n- RAM: 8GB\n- Mạng di động: Không hỗ trợ 5G\n- Số khe SIM: 2 nano SIM\n- Dung lượng pin: 5000 mAh\nKhuyến mãi: - Ưu đãi trả góp 0% qua Shinhan Finance hoặc Mirae Asset Finance\n- Giảm 5% không giới hạn khuyến mãi qua Homepaylater\n- Giảm thêm tới 700.000đ khi thanh toán qua Kredivo.\n- Giảm 50% tối đa 700k khi mở thẻ tín dụng Vpbank trên SenID\n- Giảm 20% tối đa 500k khi mở thẻ tín dụng TPBank EVO\n- Mở thẻ tín dụng VIB\n- Nhận Voucher 600.000đ\n- Giảm 1% tối đa 100.000đ khi thanh toán qua Zalopay\n\nTên sản phẩm: điện thoại realme 11 8gb/128gb - chính hãng\nMàu: Gold, Black\nGiá: 6,590,000 ₫\nThông số kỹ thuật: - Công nghệ màn hình: Super Amoled 90Hz\n- Độ phân giải: FHD+ 2400x1080, Chính Prolight 108MP  + Chân dung 2MP, 16MP\n- Kích thước màn hình: 6.4 inch\n- Hệ điều hành:   inchrealme UI 4.0, Trên nền tảng Android 13 inch\n- Vi xử lý: Chip Helio G99\n- Bộ nhớ trong: 128GB\n- RAM: 8GB\n- Mạng di động: Không hỗ trợ 5G\n- Số khe SIM: 2 nano SIM + 1 khe thẻ nhớ\n- Dung lượng pin: 5000 mAh\nKhuyến mãi: - Ưu đãi trả góp 0% qua Shinhan Finance hoặc Mirae Asset Finance\n- Giảm 5% không giới hạn khuyến mãi qua Homepaylater\n- Giảm thêm tới 700.000đ khi thanh toán qua Kredivo.\n- Giảm 50% tối đa 700k khi mở thẻ tín dụng Vpbank trên SenID\n- Giảm 20% tối đa 500k khi mở thẻ tín dụng TPBank EVO\n- Mở thẻ tín dụng VIB\n- Nhận Voucher 600.000đ\n- Giảm 1% tối đa 100.000đ khi thanh toán qua Zalopay\n\nTên sản phẩm: điện thoại realme c35 - 4gb/64gb - chính hãng\nMàu: Màu Đen, Xanh\nGiá: 3,090,000 ₫\nThông số kỹ thuật: - Công nghệ màn hình: IPS LCD\n- Độ phân giải: Full HD+ (1080 x 2408 Pixels), Chính 50 MP & Phụ 2 MP, 0.3 MP, 8 MP\n- Hệ điều hành: Android 11\n- Vi xử lý: Unisoc T616 8 nhân\n- Bộ nhớ trong: 64 GB\n- RAM: 4GB\n- Mạng di động: Hỗ trợ 4G\n- Số khe SIM: 2 Nano SIM\n- Dung lượng pin: 5000 mAh\nKhuyến mãi: - Ưu đãi trả góp 0% qua Shinhan Finance hoặc Mirae Asset Finance\n- Giảm 5% không giới hạn khuyến mãi qua Homepaylater\n- Giảm thêm tới 700.000đ khi thanh toán qua Kredivo.\n- Giảm 50% tối đa 700k khi mở thẻ tín dụng Vpbank trên SenID\n- Giảm 20% tối đa 500k khi mở thẻ tín dụng TPBank EVO\n- Mở thẻ tín dụng VIB\n- Nhận Voucher 600.000đ\n- Giảm 1% tối đa 100.000đ khi thanh toán qua Zalopay\n\nTên sản phẩm: điện thoại xiaomi redmi 10c 4gb/128gb chính hãng\nMàu: Không có thông tin\nGiá: Không có thông tin\nThông số kỹ thuật: - Công nghệ màn hình: IPS LCD\n- Độ phân giải: HD+ (720 x 1600 Pixels), • 50MP main camera, - f/1.8, - 4-in-1 pixel binning, • 2MP depth camera, - f/2.4, 5MP front camera, - f/2.2\n- Kích thước màn hình: 6.71 inch\n- Hệ điều hành: Android 11\n- Vi xử lý: Qualcomm Snapdragon 680\n- Bộ nhớ trong: 128 GB\n- RAM: 4GB\n- Số khe SIM: 2 Nano SIM\n- Dung lượng pin: 5000 mAh\nKhuyến mãi: Không có khuyến mãi']","Màu Đen, Trắng Cực Quang.","[{'statement': 'Điện thoại realme 10 4G có màu Đen.', 'reason': [""Thông tin trong ngữ cảnh xác nhận rằng sản phẩm 'điện thoại realme 10 4g' có 'Màu Đen'.""], 'verdict': 1}, {'statement': 'Điện thoại realme 10 4G có màu Trắng Cực Quang.', 'reason': [""Thông tin trong ngữ cảnh xác nhận rằng sản phẩm 'điện thoại realme 10 4g' có màu 'Trắng Cực Quang'.""], 'verdict': 1}]",0.0,38.89,2025-08-20 17:22:17
176,Dung lượng RAM của điện thoại samsung galaxy a14 5g 4gb/128gb là bao nhiêu?,Dung lượng RAM của điện thoại Samsung Galaxy A14 5G 4GB/128GB là 4GB.,"['Tên sản phẩm: điện thoại samsung galaxy a14 5g 4gb/128gb - chính hãng\nMàu: Không có thông tin\nGiá: Không có thông tin\nThông số kỹ thuật: - Công nghệ màn hình: Infinity-V Display , Màn hình 90Hz\n- Độ phân giải: FHD+, 50MP x 2MP x 2MP, 13MP\n- Kích thước màn hình: 6.6 inch\n- Vi xử lý: Mediatek 700, Octa-core\n- Bộ nhớ trong: 128GB\n- RAM: 4GB\n- Dung lượng pin: 5000 mAh\nKhuyến mãi: Không có khuyến mãi\n\nTên sản phẩm: điện thoại samsung galaxy a34 5g 8gb/128gb - chính hãng\nMàu: Không có thông tin\nGiá: Không có thông tin\nThông số kỹ thuật: - Công nghệ màn hình: Super AMOLED , 120Hz ,19.5:9\n- Độ phân giải: FHD+, 8MP F2.2 (Siêu Rộng), 48MP F1.8 OIS (Rộng), 5MP F2.4 (Cận cảnh), 13MP F2.2\n- Kích thước màn hình: 6.6 inch\n- Vi xử lý: Dimensity 1080 – 5nm, (Octa Core 2 x 2.6GHz + 6 x 2.0GHz)\n- Bộ nhớ trong: 128GB\n- RAM: 8GB\n- Mạng di động: 5G\n- Dung lượng pin: 5000 mAh\nKhuyến mãi: Không có khuyến mãi\n\nTên sản phẩm: điện thoại samsung galaxy a05 - 4gb/128gb - chính hãng\nMàu: Màu Đen, Xanh, Bạc\nGiá: 3,090,000 ₫\nThông số kỹ thuật: - Công nghệ màn hình: PLS LCD, 60Hz, Infinity-U, ty lệ 20:9\n- Độ phân giải: HD+ (1600 x 720), 50MP (F1.8) AF, 2MP (F2.4), 8MP (F2.2)\n- Kích thước màn hình: 6.7 inch\n- Hệ điều hành: One UI 5.1\n- Vi xử lý: MediaTek Helio G85\n- Bộ nhớ trong: 128GB\n- RAM: 4GB\n- Dung lượng pin: 5000 mAh\nKhuyến mãi: - KM 1\n- Tặng phiếu mua hàng 400.000đ\n\nTên sản phẩm: điện thoại samsung galaxy a54 5g 8gb/128gb - chính hãng\nMàu: Xanh, Màu Tím, Màu Đen\nGiá: 7,990,000 ₫\nThông số kỹ thuật: - Công nghệ màn hình: Super AMOLED\n- Độ phân giải: FHD+, 120Hz, 19.5:9, 12MP F2.2 (Siêu Rộng), 50MP F1.8 OIS (Rộng), 5MP F2.4 (Cận cảnh), 32MP F2.2\n- Kích thước màn hình: 6.4 inch\n- Vi xử lý: Exynos 1380\n- Bộ nhớ trong: 128GB\n- RAM: 8GB\n- Mạng di động: 5G\n- Dung lượng pin: 5000 mAh\nKhuyến mãi: - Ưu đãi trả góp 0% qua Shinhan Finance hoặc Mirae Asset Finance\n- Giảm 5% không giới hạn khuyến mãi qua Homepaylater\n- Giảm thêm tới 700.000đ khi thanh toán qua Kredivo.\n- Giảm 50% tối đa 700k khi mở thẻ tín dụng Vpbank trên SenID\n- Giảm 20% tối đa 500k khi mở thẻ tín dụng TPBank EVO\n- Mở thẻ tín dụng VIB\n- Nhận Voucher 600.000đ\n- Giảm 1% tối đa 100.000đ khi thanh toán qua Zalopay']",RAM của điện thoại Samsung Galaxy A14 5G 4GB/128GB là 4GB.,"[{'statement': 'RAM của điện thoại Samsung Galaxy A14 5G 4GB/128GB là 4GB.', 'reason': [""Trong phần thông tin về sản phẩm 'điện thoại samsung galaxy a14 5g 4gb/128gb', mục 'Thông số kỹ thuật' ghi rõ 'RAM: 4GB'.""], 'verdict': 1}]",0.0,12.37,2025-08-20 17:22:21
177,vivo y35 có mấy khe SIM?,vivo y35 có 2 khe SIM loại Nano.,"['Tên sản phẩm: vivo y35 8gb/128gb - chính hãng\nMàu: Màu Vàng, Màu Đen\nGiá: 4,890,000 ₫\nThông số kỹ thuật: - Công nghệ màn hình: IPS LCD\n- Độ phân giải: Full HD+ (2408 x 1080 Pixels), Chính 50 MP & Phụ 2 MP, 2 MP, 16 MP\n- Kích thước màn hình: 6.58 inch\n- Hệ điều hành: Funtouch OS 12\n- Vi xử lý: Qualcomm Qualcomm Snapdragon 680\n- Bộ nhớ trong: 128 GB\n- RAM: 8GB\n- Mạng di động: Hỗ trợ mạng 4G\n- Số khe SIM: 2 Nano SIM\n- Dung lượng pin: 5000 mAh\nKhuyến mãi: - Ưu đãi trả góp 0% qua Shinhan Finance hoặc Mirae Asset Finance\n- Giảm 5% không giới hạn khuyến mãi qua Homepaylater\n- Giảm thêm tới 700.000đ khi thanh toán qua Kredivo.\n- Giảm 50% tối đa 700k khi mở thẻ tín dụng Vpbank trên SenID\n- Giảm 20% tối đa 500k khi mở thẻ tín dụng TPBank EVO\n- Mở thẻ tín dụng VIB\n- Nhận Voucher 600.000đ\n- Giảm 1% tối đa 100.000đ khi thanh toán qua Zalopay\n\nTên sản phẩm: vivo y02 - chính hãng\nMàu: Không có thông tin\nGiá: Không có thông tin\nThông số kỹ thuật: - Công nghệ màn hình: LCD (IPS)\n- Độ phân giải: 1600 × 720 (HD+), 8 MP, 5 MP\n- Kích thước màn hình: 6.51\n- Hệ điều hành: Funtouch OS 12 (Android 12 Go edition)\n- Vi xử lý: MediaTek Helio P22\n- Bộ nhớ trong: 32 GB\n- RAM: 2GB\n- Số khe SIM: 3 khe\n- Dung lượng pin: 5000 mAh\nKhuyến mãi: Không có khuyến mãi\n\nTên sản phẩm: vivo y02s - 3gb/32gb - chính hãng\nMàu: Đen Kim Sa, Xanh ánh kim\nGiá: 2,790,000 ₫\nThông số kỹ thuật: - Công nghệ màn hình: IPS LCD\n- Độ phân giải: HD+ (720 x 1600 Pixels), 8 MP, 5 MP\n- Hệ điều hành: Android 12\n- Vi xử lý: MediaTek Helio P35 8 nhân\n- Bộ nhớ trong: 32 GB\n- RAM: 3GB\n- Mạng di động: Hỗ trợ 4G\n- Số khe SIM: Đang cập nhật\n- Dung lượng pin: 5000 mAh\nKhuyến mãi: - Giảm 5% không giới hạn khuyến mãi qua Homepaylater\n- Giảm 50% tối đa 700k khi mở thẻ tín dụng Vpbank trên SenID\n- Giảm 20% tối đa 500k khi mở thẻ tín dụng TPBank EVO\n- Giảm 1% tối đa 100.000đ khi thanh toán qua Zalopay\n\nTên sản phẩm: vivo y03 4/64gb- chính hãng\nMàu: Màu Đen, Xanh\nGiá: 2,790,000 ₫\nThông số kỹ thuật: - Công nghệ màn hình: IPS LCD\n- Độ phân giải: HD+ (720 x 1612 Pixels), Chính 13 MP & Phụ 0.08 MP, 5 MP\n- Kích thước màn hình: 6.56 inch\n- Hệ điều hành: Funtouch OS 14.0\n- Vi xử lý: Helio G85\n- RAM: 4 GB\n- Mạng di động: Hỗ trợ 4G\n- Số khe SIM: 2 Nano SIM\n- Dung lượng pin: 5000 mAh\nKhuyến mãi: - Ưu đãi tặng Sim Mobifone Hera & Key bản quyền Office 365 A3 khi mua điện thoại tại Hoàng Hà Mobile (SL có hạn)']",vivo y35 có 2 khe Nano SIM.,"[{'statement': 'Vivo Y35 có 2 khe Nano SIM.', 'reason': [""Trong phần thông số kỹ thuật của sản phẩm 'vivo y35 8gb/128gb - chính hãng', có ghi rõ 'Số khe SIM: 2 Nano SIM'.""], 'verdict': 1}]",0.0,9.91,2025-08-20 17:22:27
178,Dung lượng lưu trữ của samsung galaxy a23 5g là bao nhiêu?,Dung lượng lưu trữ của Samsung Galaxy A23 5G là 128 GB.,"['Tên sản phẩm: samsung galaxy a23 5g - chính hãng\nMàu: Không có thông tin\nGiá: Không có thông tin\nThông số kỹ thuật: - Công nghệ màn hình: PLS LCD\n- Độ phân giải: 1080 x 2408 pixels, 50.0 MP x 5.0 MP x 2.0 MP x 2.0 MP, 8.0 MP\n- Kích thước màn hình: 6.6 inch\n- Hệ điều hành: Android 12\n- Vi xử lý: SnapDragon 695 5G\n- Bộ nhớ trong: 128 GB\n- RAM: 4GB\n- Mạng di động: Hỗ trợ 5G\n- Số khe SIM: SIM Kép\n- Dung lượng pin: 5000 mAh\nKhuyến mãi: Không có khuyến mãi\n\nTên sản phẩm: điện thoại samsung galaxy a23 4gb/128gb - chính hãng\nMàu: Không có thông tin\nGiá: Không có thông tin\nThông số kỹ thuật: - Công nghệ màn hình: PLS TFT LCD\n- Độ phân giải: Full HD+ (1080 x 2408 Pixels), Chính 50 MP & Phụ 5 MP, 2 MP, 2 MP, 8 MP\n- Hệ điều hành: Android 12\n- Vi xử lý: Qualcomm Qualcomm Snapdragon 680\n- Bộ nhớ trong: 128 GB\n- RAM: 4GB\n- Mạng di động: Hỗ trợ 4G\n- Số khe SIM: 2 Nano SIM\n- Dung lượng pin: 5000 mAh\nKhuyến mãi: Không có khuyến mãi\n\nTên sản phẩm: samsung galaxy a25 5g - 6gb/128gb - chính hãng\nMàu: Xanh, Màu Vàng, Màu Đen\nGiá: 6,590,000 ₫\nThông số kỹ thuật: - Công nghệ màn hình: Super AMOLED\n- Độ phân giải: Full HD+ (1080 x 2340 Pixels), Camera Chính: 50 MP., Camera Phụ: 8 MP x 2 MP, 13 MP\n- Kích thước màn hình: 6.5 inch\n- Hệ điều hành: Android 14\n- Vi xử lý: Exynos 1280 8 nhân\n- Bộ nhớ trong: 128GB\n- RAM: 6GB\n- Mạng di động: Hỗ trợ 5G\n- Số khe SIM: 2 Nano SIM\n- Dung lượng pin: 5000 mAh\nKhuyến mãi: - KM 1\n- Giảm thêm 500.000đ\n\nTên sản phẩm: điện thoại samsung galaxy s23 - 8gb/128gb - chính hãng\nMàu: Không có thông tin\nGiá: Không có thông tin\nThông số kỹ thuật: - Độ phân giải: 2340 x 1080 (Màn hình phẳng FHD+), 50MP x 12MP x10MP, 12MP\n- Kích thước màn hình: 6.1  inch\n- Vi xử lý: Snapdragon® 8 Gen 2 Mobile Platform for Galaxy\n- Bộ nhớ trong: 128GB\n- RAM: 8GB\n- Mạng di động: Hỗ trợ 5G\n- Dung lượng pin: 3900 mAh\nKhuyến mãi: Không có khuyến mãi']",Dung lượng lưu trữ của Samsung Galaxy A23 5G là 128 GB.,"[{'statement': 'Dung lượng lưu trữ của Samsung Galaxy A23 5G là 128 GB.', 'reason': ['Thông tin trong ngữ cảnh cho sản phẩm ""samsung galaxy a23 5g - chính hãng"" có ghi rõ ""Bộ nhớ trong: 128 GB"".'], 'verdict': 1}]",0.0,12.41,2025-08-20 17:22:30
179,Giá của vivo v25e 4g 8gb/128gb là bao nhiêu?,"Giá của vivo v25e 4g 8gb/128gb là 6,090,000 ₫.","['Tên sản phẩm: vivo v25e 4g 8gb/128gb - chính hãng\nMàu: Màu Đen, Màu Vàng\nGiá: 6,090,000 ₫\nThông số kỹ thuật: - Công nghệ màn hình: AMOLED\n- Độ phân giải: 1080 x 2040 Pixel, 64MP x 2MP x 2MP, 32MP\n- Kích thước màn hình: 6.44  inch\n- Hệ điều hành: Android 12\n- Bộ nhớ trong: 128 GB\n- RAM: 8GB\n- Số khe SIM: 2 Nano SIM\n- Dung lượng pin: 4500 mAh\nKhuyến mãi: - Ưu đãi trả góp 0% qua Shinhan Finance hoặc Mirae Asset Finance\n- Giảm 5% không giới hạn khuyến mãi qua Homepaylater\n- Giảm thêm tới 700.000đ khi thanh toán qua Kredivo.\n- Giảm 50% tối đa 700k khi mở thẻ tín dụng Vpbank trên SenID\n- Giảm 20% tối đa 500k khi mở thẻ tín dụng TPBank EVO\n- Mở thẻ tín dụng VIB\n- Nhận Voucher 600.000đ\n- Giảm 1% tối đa 100.000đ khi thanh toán qua Zalopay\n\nTên sản phẩm: vivo v25 5g 8gb/128gb - chính hãng\nMàu: Màu Vàng, Màu Đen\nGiá: 7,990,000 ₫\nThông số kỹ thuật: - Công nghệ màn hình: AMOLED\n- Độ phân giải: 1080 x 2040 Pixel, 64MP x 8MP x 2MP, 50MP\n- Kích thước màn hình: 6.44  inch\n- Hệ điều hành: Android 12\n- Vi xử lý: MediaTek Dimensity 900\n- Bộ nhớ trong: 128 GB\n- RAM: 8GB\n- Số khe SIM: 2 Nano SIM\n- Dung lượng pin: 4500 mAh\nKhuyến mãi: - Ưu đãi trả góp 0% qua Shinhan Finance hoặc Mirae Asset Finance\n- Giảm 5% không giới hạn khuyến mãi qua Homepaylater\n- Giảm thêm tới 700.000đ khi thanh toán qua Kredivo.\n- Giảm 50% tối đa 700k khi mở thẻ tín dụng Vpbank trên SenID\n- Giảm 20% tối đa 500k khi mở thẻ tín dụng TPBank EVO\n- Mở thẻ tín dụng VIB\n- Nhận Voucher 600.000đ\n- Giảm 1% tối đa 100.000đ khi thanh toán qua Zalopay\n\nTên sản phẩm: vivo v25 pro 8gb/128gb - chính hãng\nMàu: Không có thông tin\nGiá: Không có thông tin\nThông số kỹ thuật: - Công nghệ màn hình: AMOLED\n- Độ phân giải: 1080*2376(FHD+), 64MP x 8MP x 2MP, 32MP\n- Kích thước màn hình: 6.56 inch\n- Hệ điều hành: Funtouch OS 12\n- Vi xử lý: MediaTek Dimensity 1300\n- Bộ nhớ trong: 128 GB\n- RAM: 8GB\n- Số khe SIM: 2 SIM nano\n- Dung lượng pin: 4830 mAh\nKhuyến mãi: Không có khuyến mãi\n\nTên sản phẩm: điện thoại vivo v27e - chính hãng\nMàu: Màu Đen, Màu Tím\nGiá: 7,490,000 ₫\nThông số kỹ thuật: - Công nghệ màn hình: AMOLED 120Hz\n- Độ phân giải: 2400 × 1080 (FHD+), Camera Siêu Cảm Biến OIS 64MP f/1.79 x Chân Dung Bokeh 2MP f/2.4 + Siêu Cận 2MP f/2.4, 32MP f/2.0\n- Kích thước màn hình: 6.62’’\n- Hệ điều hành: Funtouch OS 13\n- Vi xử lý: MediaTek Helio G99\n- Bộ nhớ trong: 256GB\n- RAM: 8GB\n- Số khe SIM: 1 nano SIM + 1 nano SIM / 1 micro SD\n- Dung lượng pin: 4600 mAh\nKhuyến mãi: - Ưu đãi trả góp 0% qua Shinhan Finance hoặc Mirae Asset Finance\n- Giảm 5% không giới hạn khuyến mãi qua Homepaylater\n- Giảm thêm tới 700.000đ khi thanh toán qua Kredivo.\n- Giảm 50% tối đa 700k khi mở thẻ tín dụng Vpbank trên SenID\n- Giảm 20% tối đa 500k khi mở thẻ tín dụng TPBank EVO\n- Mở thẻ tín dụng VIB\n- Nhận Voucher 600.000đ\n- Giảm 1% tối đa 100.000đ khi thanh toán qua Zalopay']","Giá của vivo v25e 4g 8gb/128gb là 6,090,000 ₫.","[{'statement': 'Giá của vivo v25e 4g 8gb/128gb là 6,090,000 ₫.', 'reason': [""The context provides the price (Giá) for the product 'vivo v25e 4g 8gb/128gb - chính hãng' as 6,090,000 ₫.""], 'verdict': 1}]",0.0,13.7,2025-08-20 17:22:36
180,Màu sắc của điện thoại realme c33 3gb/32gb là gì?,"Xanh biển, Đen Tuyền","['Tên sản phẩm: điện thoại realme c33 3gb/32gb - chính hãng\nMàu: Xanh biển, Đen Tuyền\nGiá: 2,290,000 ₫\nThông số kỹ thuật: - Công nghệ màn hình: LCD\n- Độ phân giải: HD+  720X1600 pixel, 50MP x 0.3 MP, 5MP\n- Kích thước màn hình: 6.5 inch\n- Hệ điều hành: realme UI S Edition, Trên nền tảng Android 12\n- Vi xử lý: Unisoc T612\n- Bộ nhớ trong: 32GB\n- RAM: 3GB\n- Số khe SIM: 2 nano SIM\n- Dung lượng pin: 5000 mAh\nKhuyến mãi: - Giảm 5% không giới hạn khuyến mãi qua Homepaylater\n- Giảm 50% tối đa 700k khi mở thẻ tín dụng Vpbank trên SenID\n- Giảm 20% tối đa 500k khi mở thẻ tín dụng TPBank EVO\n- Giảm 1% tối đa 100.000đ khi thanh toán qua Zalopay\n\nTên sản phẩm: điện thoại realme c33 4gb/64gb - chính hãng\nMàu: Xanh biển, Đen Tuyền\nGiá: 2,790,000 ₫\nThông số kỹ thuật: Không có thông tin\nKhuyến mãi: - Giảm 5% không giới hạn khuyến mãi qua Homepaylater\n- Giảm 50% tối đa 700k khi mở thẻ tín dụng Vpbank trên SenID\n- Giảm 20% tối đa 500k khi mở thẻ tín dụng TPBank EVO\n- Giảm 1% tối đa 100.000đ khi thanh toán qua Zalopay\n\nTên sản phẩm: điện thoại realme c3 - 3gb/32gb - chính hãng\nMàu: Không có thông tin\nGiá: Không có thông tin\nThông số kỹ thuật: - Công nghệ màn hình: IPS LCD\n- Độ phân giải: HD+ (720 x 1600 Pixels), Chính 12 MP & Phụ 2 MP, 2 MP, 5 MP\n- Kích thước màn hình: 6.5 inch\n- Bộ nhớ trong: 32 GB\n- RAM: 3GB\n- Mạng di động: Hỗ trợ 4G\n- Số khe SIM: 2 Nano SIM\n- Dung lượng pin: 5000 mAh\nKhuyến mãi: Không có khuyến mãi\n\nTên sản phẩm: điện thoại realme c30s 2gb/32gb - chính hãng\nMàu: Màu Đen, Xanh\nGiá: 1,750,000 ₫\nThông số kỹ thuật: - Công nghệ màn hình: LCD\n- Độ phân giải: HD+ 720*1600, 8MP, 5MP\n- Kích thước màn hình: 6.5 inch\n- Hệ điều hành:   inchrealme UI Go Edition, Trên nền tảng Android 12 inch\n- Vi xử lý: Unisoc SC9863A1\n- Bộ nhớ trong: 32GB\n- RAM: 2GB\n- Mạng di động: Không hỗ trợ 5G\n- Số khe SIM: 2 nano SIM + 1 thẻ nhớ riêng\n- Dung lượng pin: 5000 mAh\nKhuyến mãi: - Giảm 5% không giới hạn khuyến mãi qua Homepaylater\n- Giảm 50% tối đa 700k khi mở thẻ tín dụng Vpbank trên SenID\n- Giảm 20% tối đa 500k khi mở thẻ tín dụng TPBank EVO\n- Giảm 1% tối đa 100.000đ khi thanh toán qua Zalopay']",Màu sắc của điện thoại Realme C33 3GB/32GB là Xanh biển và Đen Tuyền.,"[{'statement': 'Điện thoại Realme C33 3GB/32GB có màu Xanh biển.', 'reason': [""Trong ngữ cảnh, dưới mục 'Tên sản phẩm: điện thoại realme c33 3gb/32gb - chính hãng', có ghi rõ 'Màu: Xanh biển, Đen Tuyền'.""], 'verdict': 1}, {'statement': 'Điện thoại Realme C33 3GB/32GB có màu Đen Tuyền.', 'reason': [""Trong ngữ cảnh, dưới mục 'Tên sản phẩm: điện thoại realme c33 3gb/32gb - chính hãng', có ghi rõ 'Màu: Xanh biển, Đen Tuyền'.""], 'verdict': 1}]",0.0,9.91,2025-08-20 17:22:38
184,Kích thước màn hình của điện thoại nokia c31 là bao nhiêu?,Kích thước màn hình của điện thoại Nokia C31 là 6.745 inch.,"['Tên sản phẩm: điện thoại nokia c31 (3gb/32gb) - chính hãng\nMàu: Không có thông tin\nGiá: Không có thông tin\nThông số kỹ thuật: - Độ phân giải: 1600 * 720, 13 MP x 2 MP x  2 MP, 5 MP\n- Kích thước màn hình: 6.745  inch\n- Hệ điều hành: Android 12\n- Vi xử lý: Unisoc 9863A1 Octa-core với xung nhịp lên đến 1.6Ghz\n- Bộ nhớ trong: 32GB\n- RAM: 3GB\n- Mạng di động: Nano SIM\n- Dung lượng pin: 5050 mAh\nKhuyến mãi: Không có khuyến mãi\n\nTên sản phẩm: điện thoại nokia c31 (4gb/128gb) - chính hãng\nMàu: Không có thông tin\nGiá: Không có thông tin\nThông số kỹ thuật: - Độ phân giải: 1600 * 720, 13 MP x 2 MP x  2 MP, 5 MP\n- Kích thước màn hình: 6.745  inch\n- Hệ điều hành: Android 12\n- Vi xử lý: Unisoc 9863A1 Octa-core với xung nhịp lên đến 1.6Ghz\n- Bộ nhớ trong: 128GB\n- RAM: 4GB\n- Mạng di động: Nano SIM\n- Dung lượng pin: 5050 mAh\nKhuyến mãi: Không có khuyến mãi\n\nTên sản phẩm: điện thoại nokia 5310 - chính hãng\nMàu: Không có thông tin\nGiá: Không có thông tin\nThông số kỹ thuật: - Công nghệ màn hình: TFT LCD\n- Độ phân giải: QVGA (240 x 320 Pixels), VGA (480 x 640 pixels), Không\n- Kích thước màn hình: 2.4 inch\n- Bộ nhớ trong: Không\n- RAM: Không\n- Mạng di động: Hỗ trợ 2G (không kết nối internet)\n- Số khe SIM: 2 SIM thường\n- Dung lượng pin: 1200 mAh\nKhuyến mãi: Không có khuyến mãi\n\nTên sản phẩm: điện thoại nokia c21 plus (3gb/32gb) - chính hãng\nMàu: Không có thông tin\nGiá: Không có thông tin\nThông số kỹ thuật: - Độ phân giải: HD+ (720 x 1600 Pixels), Chính 13 MP & Phụ 2 MP\n- Hệ điều hành: Android 11 (Go Edition)\n- Vi xử lý: Spreadtrum SC9863A 8 nhân\n- Bộ nhớ trong: 32 GB\n- RAM: 3GB\n- Mạng di động: Hỗ trợ 4G\n- Số khe SIM: 2 Nano SIM\n- Dung lượng pin: 5050 mAh\nKhuyến mãi: Không có khuyến mãi']",Kích thước màn hình của điện thoại Nokia C31 là 6.745 inch.,"[{'statement': 'Kích thước màn hình của điện thoại Nokia C31 là 6.745 inch.', 'reason': ['Ngữ cảnh cung cấp thông số kỹ thuật cho hai phiên bản của điện thoại Nokia C31 (3GB/32GB và 4GB/128GB) và cả hai đều có kích thước màn hình là 6.745 inch.'], 'verdict': 1}]",0.0,36.88,2025-08-20 17:23:24
181,Điện thoại xiaomi 12t sử dụng hệ điều hành nào?,Điện thoại Xiaomi 12T sử dụng hệ điều hành MIUI 13 trên nền tảng Android 12.,"['Tên sản phẩm: điện thoại xiaomi 12t (8gb/128gb) - chính hãng\nMàu: Không có thông tin\nGiá: Không có thông tin\nThông số kỹ thuật: - Công nghệ màn hình: AMOLED DotDisplay\n- Độ phân giải: 1220x2712, Ba camera 108MP+8MP+2MP, 20MP\n- Kích thước màn hình: 6.67 inch\n- Hệ điều hành: MIUI 13, Android 12\n- Vi xử lý: Dimensity 8100-Ultra\n- Bộ nhớ trong: 128GB\n- RAM: 8GB\n- Mạng di động: Hỗ trợ 5G\n- Số khe SIM: 2 nano SIM\n- Dung lượng pin: 5000 mAh\nKhuyến mãi: Không có khuyến mãi\n\nTên sản phẩm: điện thoại xiaomi 12 - chính hãng\nMàu: Không có thông tin\nGiá: Không có thông tin\nThông số kỹ thuật: - Công nghệ màn hình: AMOLED, 1 tỷ màu, HDR10+, 120Hz, tỷ lệ 20:9, 6.28  inch, Full HD+ (1080 x 2400 pixels), Corning Gorilla Glass Victus, Cảm biến vân tay trong màn hình, Cảm ứng điện dung đa điểm\n- Độ phân giải: 1080 x 2400 pixels, 50 MP, f/1.9, 26mm (góc rộng), PDAF, OIS, 13 MP, f/2.4, 12mm, 123˚ (góc siêu rộng), 5 MP, 50mm (telephoto macro), AF, Quay phim: 8K@24fps (HDR10), 4K@30fps (HDR10+), 1080p@30/120/240/960fps, 720p@1920fps, gyro-EIS, 32 MP, 26mm (góc rộng), Quay phim: 1080p@30/60fps, 720p@120fps\n- Kích thước màn hình: 6.28  inch\n- Vi xử lý: Qualcomm SM8450 Snapdragon 8 Gen 1 (4 nm), 8 nhân (1x3.00 GHz & 3x2.50 GHz & 4x1.80 GHz), GPU: Adreno 730\n- Bộ nhớ trong: 256GB\n- RAM: 8GB\n- Mạng di động: 5G\n- Số khe SIM: 2 SIM, Nano SIM\n- Dung lượng pin: Li-Po 4500 mAh, Power Delivery 3.0, Quick Charge 4+\nKhuyến mãi: Không có khuyến mãi\n\nTên sản phẩm: điện thoại xiaomi 13t (12gb/256gb) - chính hãng\nMàu: Xanh Dương, Xanh Lá, Màu Đen\nGiá: 10,990,000 ₫\nThông số kỹ thuật: - Công nghệ màn hình: AMOLED, Tần số quét lên tới 144Hz, Tần số lấy mẫu cảm ứng lên tới 480Hz, Màn hình Pro HDR｜Dolby Vision ｜HDR10+ ｜HDR10, Độ phủ màu: DCI-P3 ｜68 tỉ màu ｜True Display, Màn hình chuẩn màu: JNCD≈ 0.39, Delta E≈ 0.39*\n- Độ phân giải: 1220 x 2712, Camera chính Leica: Sony IMX707 50MP f/1.9 OIS, Camera telephoto Leica: 50MP f/1.9, Camera góc siêu rộng Leica: 12MP f/2.2, 20MP f/2.2\n- Kích thước màn hình: 6.67 inch\n- Hệ điều hành: MIUI 14 trên nền tảng Android 13\n- Vi xử lý: MediaTek Dimensity 8200-Ultra\n- Bộ nhớ trong: 256GB\n- RAM: 12GB\n- Mạng di động: 2G, 3G, 4G, 5G\n- Số khe SIM: 2 nano SIM\n- Dung lượng pin: 5000 mAh\nKhuyến mãi: - Ưu đãi trả góp 0% qua Shinhan Finance hoặc Mirae Asset Finance\n- Giảm 5% không giới hạn khuyến mãi qua Homepaylater\n- Giảm thêm tới 700.000đ khi thanh toán qua Kredivo.\n- Giảm 50% tối đa 700k khi mở thẻ tín dụng Vpbank trên SenID\n- Giảm 20% tối đa 500k khi mở thẻ tín dụng TPBank EVO\n- Mở thẻ tín dụng VIB\n- Nhận Voucher 600.000đ\n\nTên sản phẩm: điện thoại xiaomi 12s ultra\nMàu: Không có thông tin\nGiá: Giá: Liên hệ\nThông số kỹ thuật: - Công nghệ màn hình: AMOLED\n- Độ phân giải: 1440 x 3200 pixels (QHD+), Camera góc rộng: 50.3 MP, f/1.9, PDAF, OIS, Tele kính tiềm vọng: 48 MP, f / 4.1, PDAF, OIS, zoom quang 5x, Camera góc siêu rộng: 48 MP, f / 2.2, Camera góc rộng: 32 MP, f/2.5\n- Kích thước màn hình: 6.73  inch\n- Hệ điều hành: Android 12, MIUI 13\n- Vi xử lý: Snapdragon 8+ gen 1 (4 nm)\n- Bộ nhớ trong: 256 GB\n- RAM: 8GB\n- Số khe SIM: 2 SIM (Nano-SIM)\n- Dung lượng pin: 4860 mAh\nKhuyến mãi: - Giảm 5% không giới hạn khuyến mãi qua Homepaylater\n- Giảm 50% tối đa 700k khi mở thẻ tín dụng Vpbank trên SenID\n- Giảm 20% tối đa 500k khi mở thẻ tín dụng TPBank EVO']",Điện thoại Xiaomi 12T chạy MIUI 13 trên nền tảng Android 12.,"[{'statement': 'Điện thoại Xiaomi 12T chạy MIUI 13.', 'reason': ['Trong phần thông số kỹ thuật của sản phẩm ""điện thoại xiaomi 12t (8gb/128gb) - chính hãng"", mục ""Hệ điều hành"" ghi rõ ""MIUI 13, Android 12"".'], 'verdict': 1}, {'statement': 'Điện thoại Xiaomi 12T chạy trên nền tảng Android 12.', 'reason': ['Trong phần thông số kỹ thuật của sản phẩm ""điện thoại xiaomi 12t (8gb/128gb) - chính hãng"", mục ""Hệ điều hành"" ghi rõ ""MIUI 13, Android 12"".'], 'verdict': 1}]",0.0,56.69,2025-08-20 17:23:28
183,Hệ điều hành nào nokia c31 (3gb/32gb) sử dụng?,Android 12,"['Tên sản phẩm: điện thoại nokia c31 (3gb/32gb) - chính hãng\nMàu: Không có thông tin\nGiá: Không có thông tin\nThông số kỹ thuật: - Độ phân giải: 1600 * 720, 13 MP x 2 MP x  2 MP, 5 MP\n- Kích thước màn hình: 6.745  inch\n- Hệ điều hành: Android 12\n- Vi xử lý: Unisoc 9863A1 Octa-core với xung nhịp lên đến 1.6Ghz\n- Bộ nhớ trong: 32GB\n- RAM: 3GB\n- Mạng di động: Nano SIM\n- Dung lượng pin: 5050 mAh\nKhuyến mãi: Không có khuyến mãi\n\nTên sản phẩm: điện thoại nokia c31 (4gb/128gb) - chính hãng\nMàu: Không có thông tin\nGiá: Không có thông tin\nThông số kỹ thuật: - Độ phân giải: 1600 * 720, 13 MP x 2 MP x  2 MP, 5 MP\n- Kích thước màn hình: 6.745  inch\n- Hệ điều hành: Android 12\n- Vi xử lý: Unisoc 9863A1 Octa-core với xung nhịp lên đến 1.6Ghz\n- Bộ nhớ trong: 128GB\n- RAM: 4GB\n- Mạng di động: Nano SIM\n- Dung lượng pin: 5050 mAh\nKhuyến mãi: Không có khuyến mãi\n\nTên sản phẩm: điện thoại nokia c32 (4gb/128gb) - chính hãng\nMàu: Màu Đen, Xanh Lá\nGiá: 2,790,000 ₫\nThông số kỹ thuật: - Công nghệ màn hình: IPS LCD\n- Độ phân giải: 720 x 1600, Cảm biến chính 50MP AF, Cảm biến Macro 2MP, 8MP\n- Kích thước màn hình: 6.52 inch\n- Hệ điều hành: Android 13\n- Vi xử lý: Unisoc 9863A1\n- Bộ nhớ trong: 128GB\n- RAM: 4GB\n- Mạng di động: 2G, 3G, 4G\n- Số khe SIM: 2 nano SIM (khay sim dạng 2 nano SIM + 1 thẻ nhớ MicroSD)\n- Dung lượng pin: 5050 mAh\nKhuyến mãi: - Giảm 5% không giới hạn khuyến mãi qua Homepaylater\n- Giảm 50% tối đa 700k khi mở thẻ tín dụng Vpbank trên SenID\n- Giảm 20% tối đa 500k khi mở thẻ tín dụng TPBank EVO\n- Giảm 1% tối đa 100.000đ khi thanh toán qua Zalopay\n\nTên sản phẩm: điện thoại nokia c21 plus (3gb/32gb) - chính hãng\nMàu: Không có thông tin\nGiá: Không có thông tin\nThông số kỹ thuật: - Độ phân giải: HD+ (720 x 1600 Pixels), Chính 13 MP & Phụ 2 MP\n- Hệ điều hành: Android 11 (Go Edition)\n- Vi xử lý: Spreadtrum SC9863A 8 nhân\n- Bộ nhớ trong: 32 GB\n- RAM: 3GB\n- Mạng di động: Hỗ trợ 4G\n- Số khe SIM: 2 Nano SIM\n- Dung lượng pin: 5050 mAh\nKhuyến mãi: Không có khuyến mãi']",Hệ điều hành Android 12.,"[{'statement': 'Điện thoại Nokia C31 (3GB/32GB) sử dụng hệ điều hành Android 12.', 'reason': [""Trong phần thông tin về sản phẩm 'điện thoại nokia c31 (3gb/32gb) - chính hãng', thông số kỹ thuật ghi rõ 'Hệ điều hành: Android 12'.""], 'verdict': 1}]",0.0,51.44,2025-08-20 17:23:31
185,Giá của vivo v25 5g 8gb/128gb là bao nhiêu?,"Giá của vivo v25 5g 8gb/128gb là 7,990,000 VND.","['Tên sản phẩm: vivo v25 5g 8gb/128gb - chính hãng\nMàu: Màu Vàng, Màu Đen\nGiá: 7,990,000 ₫\nThông số kỹ thuật: - Công nghệ màn hình: AMOLED\n- Độ phân giải: 1080 x 2040 Pixel, 64MP x 8MP x 2MP, 50MP\n- Kích thước màn hình: 6.44  inch\n- Hệ điều hành: Android 12\n- Vi xử lý: MediaTek Dimensity 900\n- Bộ nhớ trong: 128 GB\n- RAM: 8GB\n- Số khe SIM: 2 Nano SIM\n- Dung lượng pin: 4500 mAh\nKhuyến mãi: - Ưu đãi trả góp 0% qua Shinhan Finance hoặc Mirae Asset Finance\n- Giảm 5% không giới hạn khuyến mãi qua Homepaylater\n- Giảm thêm tới 700.000đ khi thanh toán qua Kredivo.\n- Giảm 50% tối đa 700k khi mở thẻ tín dụng Vpbank trên SenID\n- Giảm 20% tối đa 500k khi mở thẻ tín dụng TPBank EVO\n- Mở thẻ tín dụng VIB\n- Nhận Voucher 600.000đ\n- Giảm 1% tối đa 100.000đ khi thanh toán qua Zalopay\n\nTên sản phẩm: vivo v25e 4g 8gb/128gb - chính hãng\nMàu: Màu Đen, Màu Vàng\nGiá: 6,090,000 ₫\nThông số kỹ thuật: - Công nghệ màn hình: AMOLED\n- Độ phân giải: 1080 x 2040 Pixel, 64MP x 2MP x 2MP, 32MP\n- Kích thước màn hình: 6.44  inch\n- Hệ điều hành: Android 12\n- Bộ nhớ trong: 128 GB\n- RAM: 8GB\n- Số khe SIM: 2 Nano SIM\n- Dung lượng pin: 4500 mAh\nKhuyến mãi: - Ưu đãi trả góp 0% qua Shinhan Finance hoặc Mirae Asset Finance\n- Giảm 5% không giới hạn khuyến mãi qua Homepaylater\n- Giảm thêm tới 700.000đ khi thanh toán qua Kredivo.\n- Giảm 50% tối đa 700k khi mở thẻ tín dụng Vpbank trên SenID\n- Giảm 20% tối đa 500k khi mở thẻ tín dụng TPBank EVO\n- Mở thẻ tín dụng VIB\n- Nhận Voucher 600.000đ\n- Giảm 1% tối đa 100.000đ khi thanh toán qua Zalopay\n\nTên sản phẩm: vivo v25 pro 8gb/128gb - chính hãng\nMàu: Không có thông tin\nGiá: Không có thông tin\nThông số kỹ thuật: - Công nghệ màn hình: AMOLED\n- Độ phân giải: 1080*2376(FHD+), 64MP x 8MP x 2MP, 32MP\n- Kích thước màn hình: 6.56 inch\n- Hệ điều hành: Funtouch OS 12\n- Vi xử lý: MediaTek Dimensity 1300\n- Bộ nhớ trong: 128 GB\n- RAM: 8GB\n- Số khe SIM: 2 SIM nano\n- Dung lượng pin: 4830 mAh\nKhuyến mãi: Không có khuyến mãi\n\nTên sản phẩm: điện thoại vivo v29e - 5g - chính hãng\nMàu: Đen đại ngàn, Xanh sông băng\nGiá: 7,990,000 ₫\nThông số kỹ thuật: - Công nghệ màn hình: AMOLED, 120 Hz\n- Độ phân giải: 2400x1080 (FHD+), 64MP (f/1.79) + 8MP (f/2.2), 50MP (f/2.0)\n- Kích thước màn hình: 6.67 inch\n- Hệ điều hành: Funtouch OS 13\n- Vi xử lý: Qualcomm Snapdragon 695\n- Bộ nhớ trong: 256GB\n- RAM: 8GB\n- Mạng di động: 5G\n- Số khe SIM: 2 nano SIM\n- Dung lượng pin: 4800 mAh, 4700 mAh\nKhuyến mãi: - KM 1\n- Sản phẩm đang thuộc chương trình Flash sale (Số lượng có hạn)']","Giá của vivo v25 5g 8gb/128gb là 7,990,000 ₫","[{'statement': 'Giá của vivo v25 5g 8gb/128gb là 7,990,000 ₫.', 'reason': [""The context confirms that the price for the product 'vivo v25 5g 8gb/128gb - chính hãng' is 7,990,000 ₫.""], 'verdict': 1}]",0.0,11.24,2025-08-20 17:23:36
186,Giá của điện thoại realme c33 4gb/64gb là bao nhiêu?,"Giá của điện thoại realme c33 4gb/64gb là 2,790,000 ₫.","['Tên sản phẩm: điện thoại realme c33 4gb/64gb - chính hãng\nMàu: Xanh biển, Đen Tuyền\nGiá: 2,790,000 ₫\nThông số kỹ thuật: Không có thông tin\nKhuyến mãi: - Giảm 5% không giới hạn khuyến mãi qua Homepaylater\n- Giảm 50% tối đa 700k khi mở thẻ tín dụng Vpbank trên SenID\n- Giảm 20% tối đa 500k khi mở thẻ tín dụng TPBank EVO\n- Giảm 1% tối đa 100.000đ khi thanh toán qua Zalopay\n\nTên sản phẩm: điện thoại realme c33 3gb/32gb - chính hãng\nMàu: Xanh biển, Đen Tuyền\nGiá: 2,290,000 ₫\nThông số kỹ thuật: - Công nghệ màn hình: LCD\n- Độ phân giải: HD+  720X1600 pixel, 50MP x 0.3 MP, 5MP\n- Kích thước màn hình: 6.5 inch\n- Hệ điều hành: realme UI S Edition, Trên nền tảng Android 12\n- Vi xử lý: Unisoc T612\n- Bộ nhớ trong: 32GB\n- RAM: 3GB\n- Số khe SIM: 2 nano SIM\n- Dung lượng pin: 5000 mAh\nKhuyến mãi: - Giảm 5% không giới hạn khuyến mãi qua Homepaylater\n- Giảm 50% tối đa 700k khi mở thẻ tín dụng Vpbank trên SenID\n- Giảm 20% tối đa 500k khi mở thẻ tín dụng TPBank EVO\n- Giảm 1% tối đa 100.000đ khi thanh toán qua Zalopay\n\nTên sản phẩm: điện thoại realme c35 - 4gb/64gb - chính hãng\nMàu: Màu Đen, Xanh\nGiá: 3,090,000 ₫\nThông số kỹ thuật: - Công nghệ màn hình: IPS LCD\n- Độ phân giải: Full HD+ (1080 x 2408 Pixels), Chính 50 MP & Phụ 2 MP, 0.3 MP, 8 MP\n- Hệ điều hành: Android 11\n- Vi xử lý: Unisoc T616 8 nhân\n- Bộ nhớ trong: 64 GB\n- RAM: 4GB\n- Mạng di động: Hỗ trợ 4G\n- Số khe SIM: 2 Nano SIM\n- Dung lượng pin: 5000 mAh\nKhuyến mãi: - Ưu đãi trả góp 0% qua Shinhan Finance hoặc Mirae Asset Finance\n- Giảm 5% không giới hạn khuyến mãi qua Homepaylater\n- Giảm thêm tới 700.000đ khi thanh toán qua Kredivo.\n- Giảm 50% tối đa 700k khi mở thẻ tín dụng Vpbank trên SenID\n- Giảm 20% tối đa 500k khi mở thẻ tín dụng TPBank EVO\n- Mở thẻ tín dụng VIB\n- Nhận Voucher 600.000đ\n- Giảm 1% tối đa 100.000đ khi thanh toán qua Zalopay\n\nTên sản phẩm: điện thoại realme c30s 3gb/64gb - chính hãng\nMàu: Xanh, Màu Đen\nGiá: 2,490,000 ₫\nThông số kỹ thuật: - Công nghệ màn hình: LCD\n- Độ phân giải: HD+ 720*1600, 8MP, 5MP\n- Kích thước màn hình: 6.5 inch\n- Hệ điều hành:   inchrealme UI Go Edition, Trên nền tảng Android 12 inch\n- Vi xử lý: Unisoc SC9863A1\n- Bộ nhớ trong: 64GB\n- RAM: 3GB\n- Mạng di động: Không hỗ trợ 5G\n- Số khe SIM: 2 nano SIM + 1 thẻ nhớ riêng\n- Dung lượng pin: 5000 mAh\nKhuyến mãi: - Giảm 5% không giới hạn khuyến mãi qua Homepaylater\n- Giảm 50% tối đa 700k khi mở thẻ tín dụng Vpbank trên SenID\n- Giảm 20% tối đa 500k khi mở thẻ tín dụng TPBank EVO\n- Giảm 1% tối đa 100.000đ khi thanh toán qua Zalopay']","Giá điện thoại realme C33 4GB/64GB là 2,790,000₫.","[{'statement': 'Giá điện thoại realme C33 4GB/64GB là 2,790,000₫.', 'reason': [""Ngữ cảnh cung cấp thông tin về 'Tên sản phẩm: điện thoại realme c33 4gb/64gb - chính hãng' có 'Giá: 2,790,000 ₫'.""], 'verdict': 1}]",0.0,10.58,2025-08-20 17:23:40
188,Dung lượng bộ nhớ trong của samsung galaxy a04s (4gb/64gb) là bao nhiêu?,Dung lượng bộ nhớ trong của Samsung Galaxy A04s (4GB/64GB) là 64GB.,"['Tên sản phẩm: samsung galaxy a04s (4gb/64gb) - chính hãng\nMàu: Không có thông tin\nGiá: Không có thông tin\nThông số kỹ thuật: - Công nghệ màn hình: IPS LCD\n- Độ phân giải: HD+ (720 x 1600 Pixels), Chính 50 MP & Phụ 2 MP, 2 MP, 5 MP\n- Hệ điều hành: Android 12\n- Vi xử lý: Exynos 850 8 nhân\n- RAM: 4GB\n- Mạng di động: Hỗ trợ 4G\n- Số khe SIM: 2 Nano SIM\n- Dung lượng pin: 5000 mAh\nKhuyến mãi: Không có khuyến mãi\n\nTên sản phẩm: điện thoại samsung galaxy a02s 4gb/64gb - chính hãng\nMàu: Không có thông tin\nGiá: Không có thông tin\nThông số kỹ thuật: - Công nghệ màn hình: PLS TFT LCD\n- Độ phân giải: HD+ (720 x 1600 Pixels), Chính 13 MP & Phụ 2 MP, 2 MP, 5 MP\n- Kích thước màn hình: 6.5 inch\n- Hệ điều hành: Android 10\n- Vi xử lý: Snapdragon 450 8 nhân\n- Bộ nhớ trong: 64 GB\n- RAM: 4GB\n- Mạng di động: Hỗ trợ 4G\n- Số khe SIM: 2 Nano SIM\n- Dung lượng pin: 5000 mAh\nKhuyến mãi: Không có khuyến mãi\n\nTên sản phẩm: điện thoại samsung galaxy a05s - 4gb/128gb - chính hãng\nMàu: Xanh, Màu Đen, Bạc\nGiá: 3,590,000 ₫\nThông số kỹ thuật: - Công nghệ màn hình: PLS LCD, 90Hz\n- Độ phân giải: FHD+ (2400 x 1080), 50MP (F1.8) AF, 2MP (F2.4), 2MP (F2.4), 13MP (F2.0)\n- Kích thước màn hình: 6.7 inch\n- Hệ điều hành: One UI 5.1\n- Vi xử lý: Qualcomm Snapdragon 680\n- Bộ nhớ trong: 128GB\n- RAM: 4GB\n- Dung lượng pin: 5000 mAh\nKhuyến mãi: - KM 1\n- Giảm thêm 300.000đ\n\nTên sản phẩm: điện thoại samsung galaxy a05 - 4gb/128gb - chính hãng\nMàu: Màu Đen, Xanh, Bạc\nGiá: 3,090,000 ₫\nThông số kỹ thuật: - Công nghệ màn hình: PLS LCD, 60Hz, Infinity-U, ty lệ 20:9\n- Độ phân giải: HD+ (1600 x 720), 50MP (F1.8) AF, 2MP (F2.4), 8MP (F2.2)\n- Kích thước màn hình: 6.7 inch\n- Hệ điều hành: One UI 5.1\n- Vi xử lý: MediaTek Helio G85\n- Bộ nhớ trong: 128GB\n- RAM: 4GB\n- Dung lượng pin: 5000 mAh\nKhuyến mãi: - KM 1\n- Tặng phiếu mua hàng 400.000đ']",Dung lượng bộ nhớ trong của Samsung Galaxy A04s (4GB/64GB) là 64GB.,"[{'statement': 'Dung lượng bộ nhớ trong của Samsung Galaxy A04s (4GB/64GB) là 64GB.', 'reason': [""The context provides technical specifications for the 'samsung galaxy a04s (4gb/64gb)' but does not list the internal storage capacity ('Bộ nhớ trong'). While the product name implies the storage size, it is not explicitly stated in the specifications list.""], 'verdict': 0}]",1.0,54.25,2025-08-20 17:24:31
189,Vivo Y16 4GB/128GB có hỗ trợ công nghệ màn hình gì?,Vivo Y16 4GB/128GB sử dụng công nghệ màn hình IPS LCD.,"['Tên sản phẩm: vivo y16 4gb/128gb - chính hãng\nMàu: Màu Vàng, Màu Đen\nGiá: 3,450,000 ₫\nThông số kỹ thuật: - Công nghệ màn hình: IPS LCD\n- Độ phân giải: HD+ (720 x 1600 Pixels), Chính 13 MP & Phụ 2 MP, 5 MP\n- Hệ điều hành: Android 12\n- Vi xử lý: MediaTek Helio P35 8 nhân\n- Bộ nhớ trong: 128 GB\n- RAM: 4GB\n- Mạng di động: Hỗ trợ 4G\n- Số khe SIM: 2 Nano SIM\n- Dung lượng pin: 5000 mAh\nKhuyến mãi: - Ưu đãi trả góp 0% qua Shinhan Finance hoặc Mirae Asset Finance\n- Giảm 5% không giới hạn khuyến mãi qua Homepaylater\n- Giảm thêm tới 700.000đ khi thanh toán qua Kredivo.\n- Giảm 50% tối đa 700k khi mở thẻ tín dụng Vpbank trên SenID\n- Giảm 20% tối đa 500k khi mở thẻ tín dụng TPBank EVO\n- Mở thẻ tín dụng VIB\n- Nhận Voucher 600.000đ\n- Giảm 1% tối đa 100.000đ khi thanh toán qua Zalopay\n\nTên sản phẩm: điện thoại vivo y17s 4gb/128gb - chính hãng\nMàu: Xanh, Màu Tím\nGiá: 3,990,000 ₫\nThông số kỹ thuật: - Công nghệ màn hình: LCD, 60Hz\n- Độ phân giải: 1612x720, f/1.8 (50 MP) +  f/2.4 (2 MP), 8 MP (f/2.0)\n- Kích thước màn hình: 6.56 inch\n- Hệ điều hành: Funtouch OS 13\n- Vi xử lý: MediaTek Helio G85\n- Bộ nhớ trong: 128GB, Loại ROM: eMMC 5.1\n- RAM: 4GB\n- Mạng di động: 4G\n- Số khe SIM: 2 nano SIMs + 1 micro SD\n- Dung lượng pin: 5000 mAh\nKhuyến mãi: - KM 1\n- Tặng phiếu mua hàng 200.000đ\n\nTên sản phẩm: vivo y02 - chính hãng\nMàu: Không có thông tin\nGiá: Không có thông tin\nThông số kỹ thuật: - Công nghệ màn hình: LCD (IPS)\n- Độ phân giải: 1600 × 720 (HD+), 8 MP, 5 MP\n- Kích thước màn hình: 6.51\n- Hệ điều hành: Funtouch OS 12 (Android 12 Go edition)\n- Vi xử lý: MediaTek Helio P22\n- Bộ nhớ trong: 32 GB\n- RAM: 2GB\n- Số khe SIM: 3 khe\n- Dung lượng pin: 5000 mAh\nKhuyến mãi: Không có khuyến mãi\n\nTên sản phẩm: điện thoại vivo y36 8gb/128gb- chính hãng\nMàu: Màu Đen, Xanh\nGiá: 4,690,000 ₫\nThông số kỹ thuật: - Công nghệ màn hình: IPS LCD\n- Độ phân giải: Full HD+ (1080 x 2388 Pixels), Chính 50 MP & Phụ 2 MP, 16 MP\n- Kích thước màn hình: 6.64 inch\n- Hệ điều hành: Android 13\n- Vi xử lý: Qualcomm Qualcomm Snapdragon 680\n- Bộ nhớ trong: 128GB\n- RAM: 8GB\n- Mạng di động: Hỗ trợ 4G\n- Số khe SIM: 2 Nano SIM\n- Dung lượng pin: 5000 mAh\nKhuyến mãi: - KM 1\n- Sản phẩm đang thuộc chương trình Flash sale (Số lượng có hạn)']",Vivo Y16 4GB/128GB sử dụng công nghệ màn hình IPS LCD.,"[{'statement': 'Vivo Y16 4GB/128GB sử dụng công nghệ màn hình IPS LCD.', 'reason': [""Trong phần thông số kỹ thuật của sản phẩm 'vivo y16 4gb/128gb', có ghi rõ 'Công nghệ màn hình: IPS LCD'.""], 'verdict': 1}]",0.0,50.68,2025-08-20 17:24:31
187,Giá của điện thoại realme c30s 2gb/32gb là bao nhiêu?,"Giá của điện thoại realme c30s 2gb/32gb là 1,750,000 ₫.","['Tên sản phẩm: điện thoại realme c30s 2gb/32gb - chính hãng\nMàu: Màu Đen, Xanh\nGiá: 1,750,000 ₫\nThông số kỹ thuật: - Công nghệ màn hình: LCD\n- Độ phân giải: HD+ 720*1600, 8MP, 5MP\n- Kích thước màn hình: 6.5 inch\n- Hệ điều hành:   inchrealme UI Go Edition, Trên nền tảng Android 12 inch\n- Vi xử lý: Unisoc SC9863A1\n- Bộ nhớ trong: 32GB\n- RAM: 2GB\n- Mạng di động: Không hỗ trợ 5G\n- Số khe SIM: 2 nano SIM + 1 thẻ nhớ riêng\n- Dung lượng pin: 5000 mAh\nKhuyến mãi: - Giảm 5% không giới hạn khuyến mãi qua Homepaylater\n- Giảm 50% tối đa 700k khi mở thẻ tín dụng Vpbank trên SenID\n- Giảm 20% tối đa 500k khi mở thẻ tín dụng TPBank EVO\n- Giảm 1% tối đa 100.000đ khi thanh toán qua Zalopay\n\nTên sản phẩm: điện thoại realme c30s 3gb/64gb - chính hãng\nMàu: Xanh, Màu Đen\nGiá: 2,490,000 ₫\nThông số kỹ thuật: - Công nghệ màn hình: LCD\n- Độ phân giải: HD+ 720*1600, 8MP, 5MP\n- Kích thước màn hình: 6.5 inch\n- Hệ điều hành:   inchrealme UI Go Edition, Trên nền tảng Android 12 inch\n- Vi xử lý: Unisoc SC9863A1\n- Bộ nhớ trong: 64GB\n- RAM: 3GB\n- Mạng di động: Không hỗ trợ 5G\n- Số khe SIM: 2 nano SIM + 1 thẻ nhớ riêng\n- Dung lượng pin: 5000 mAh\nKhuyến mãi: - Giảm 5% không giới hạn khuyến mãi qua Homepaylater\n- Giảm 50% tối đa 700k khi mở thẻ tín dụng Vpbank trên SenID\n- Giảm 20% tối đa 500k khi mở thẻ tín dụng TPBank EVO\n- Giảm 1% tối đa 100.000đ khi thanh toán qua Zalopay\n\nTên sản phẩm: điện thoại realme c33 3gb/32gb - chính hãng\nMàu: Xanh biển, Đen Tuyền\nGiá: 2,290,000 ₫\nThông số kỹ thuật: - Công nghệ màn hình: LCD\n- Độ phân giải: HD+  720X1600 pixel, 50MP x 0.3 MP, 5MP\n- Kích thước màn hình: 6.5 inch\n- Hệ điều hành: realme UI S Edition, Trên nền tảng Android 12\n- Vi xử lý: Unisoc T612\n- Bộ nhớ trong: 32GB\n- RAM: 3GB\n- Số khe SIM: 2 nano SIM\n- Dung lượng pin: 5000 mAh\nKhuyến mãi: - Giảm 5% không giới hạn khuyến mãi qua Homepaylater\n- Giảm 50% tối đa 700k khi mở thẻ tín dụng Vpbank trên SenID\n- Giảm 20% tối đa 500k khi mở thẻ tín dụng TPBank EVO\n- Giảm 1% tối đa 100.000đ khi thanh toán qua Zalopay\n\nTên sản phẩm: điện thoại realme c3 - 3gb/32gb - chính hãng\nMàu: Không có thông tin\nGiá: Không có thông tin\nThông số kỹ thuật: - Công nghệ màn hình: IPS LCD\n- Độ phân giải: HD+ (720 x 1600 Pixels), Chính 12 MP & Phụ 2 MP, 2 MP, 5 MP\n- Kích thước màn hình: 6.5 inch\n- Bộ nhớ trong: 32 GB\n- RAM: 3GB\n- Mạng di động: Hỗ trợ 4G\n- Số khe SIM: 2 Nano SIM\n- Dung lượng pin: 5000 mAh\nKhuyến mãi: Không có khuyến mãi']",1 750 000 ₫,"[{'statement': 'Giá của điện thoại realme c30s 2gb/32gb là 1.750.000₫.', 'reason': [""Ngữ cảnh cung cấp thông tin về 'điện thoại realme c30s 2gb/32gb - chính hãng' có giá là 1,750,000 ₫.""], 'verdict': 1}]",0.0,61.25,2025-08-20 17:24:33
191,Màu sắc của vivo y22s 8gb/128gb là gì?,vivo y22s 8gb/128gb có màu Xanh Đen và Xanh Vàng.,"['Tên sản phẩm: vivo y22s 8gb/128gb - chính hãng\nMàu: Xanh Đen, Xanh Vàng\nGiá: 4,630,000 ₫\nThông số kỹ thuật: - Công nghệ màn hình: IPS LCD\n- Độ phân giải: HD+ (720 x 1612 Pixels), Chính 50 MP & Phụ 2 MP, 8 MP\n- Hệ điều hành: Android 12\n- Vi xử lý: Qualcomm Qualcomm Snapdragon 680\n- Bộ nhớ trong: 128 GB\n- RAM: 8GB\n- Mạng di động: Hỗ trợ 4G\n- Số khe SIM: 2 Nano SIM\n- Dung lượng pin: 5000 mAh\nKhuyến mãi: - Ưu đãi trả góp 0% qua Shinhan Finance hoặc Mirae Asset Finance\n- Giảm 5% không giới hạn khuyến mãi qua Homepaylater\n- Giảm thêm tới 700.000đ khi thanh toán qua Kredivo.\n- Giảm 50% tối đa 700k khi mở thẻ tín dụng Vpbank trên SenID\n- Giảm 20% tối đa 500k khi mở thẻ tín dụng TPBank EVO\n- Mở thẻ tín dụng VIB\n- Nhận Voucher 600.000đ\n- Giảm 1% tối đa 100.000đ khi thanh toán qua Zalopay\n\nTên sản phẩm: vivo y35 8gb/128gb - chính hãng\nMàu: Màu Vàng, Màu Đen\nGiá: 4,890,000 ₫\nThông số kỹ thuật: - Công nghệ màn hình: IPS LCD\n- Độ phân giải: Full HD+ (2408 x 1080 Pixels), Chính 50 MP & Phụ 2 MP, 2 MP, 16 MP\n- Kích thước màn hình: 6.58 inch\n- Hệ điều hành: Funtouch OS 12\n- Vi xử lý: Qualcomm Qualcomm Snapdragon 680\n- Bộ nhớ trong: 128 GB\n- RAM: 8GB\n- Mạng di động: Hỗ trợ mạng 4G\n- Số khe SIM: 2 Nano SIM\n- Dung lượng pin: 5000 mAh\nKhuyến mãi: - Ưu đãi trả góp 0% qua Shinhan Finance hoặc Mirae Asset Finance\n- Giảm 5% không giới hạn khuyến mãi qua Homepaylater\n- Giảm thêm tới 700.000đ khi thanh toán qua Kredivo.\n- Giảm 50% tối đa 700k khi mở thẻ tín dụng Vpbank trên SenID\n- Giảm 20% tối đa 500k khi mở thẻ tín dụng TPBank EVO\n- Mở thẻ tín dụng VIB\n- Nhận Voucher 600.000đ\n- Giảm 1% tối đa 100.000đ khi thanh toán qua Zalopay\n\nTên sản phẩm: điện thoại vivo y36 8gb/128gb- chính hãng\nMàu: Màu Đen, Xanh\nGiá: 4,690,000 ₫\nThông số kỹ thuật: - Công nghệ màn hình: IPS LCD\n- Độ phân giải: Full HD+ (1080 x 2388 Pixels), Chính 50 MP & Phụ 2 MP, 16 MP\n- Kích thước màn hình: 6.64 inch\n- Hệ điều hành: Android 13\n- Vi xử lý: Qualcomm Qualcomm Snapdragon 680\n- Bộ nhớ trong: 128GB\n- RAM: 8GB\n- Mạng di động: Hỗ trợ 4G\n- Số khe SIM: 2 Nano SIM\n- Dung lượng pin: 5000 mAh\nKhuyến mãi: - KM 1\n- Sản phẩm đang thuộc chương trình Flash sale (Số lượng có hạn)\n\nTên sản phẩm: vivo y16 4gb/128gb - chính hãng\nMàu: Màu Vàng, Màu Đen\nGiá: 3,450,000 ₫\nThông số kỹ thuật: - Công nghệ màn hình: IPS LCD\n- Độ phân giải: HD+ (720 x 1600 Pixels), Chính 13 MP & Phụ 2 MP, 5 MP\n- Hệ điều hành: Android 12\n- Vi xử lý: MediaTek Helio P35 8 nhân\n- Bộ nhớ trong: 128 GB\n- RAM: 4GB\n- Mạng di động: Hỗ trợ 4G\n- Số khe SIM: 2 Nano SIM\n- Dung lượng pin: 5000 mAh\nKhuyến mãi: - Ưu đãi trả góp 0% qua Shinhan Finance hoặc Mirae Asset Finance\n- Giảm 5% không giới hạn khuyến mãi qua Homepaylater\n- Giảm thêm tới 700.000đ khi thanh toán qua Kredivo.\n- Giảm 50% tối đa 700k khi mở thẻ tín dụng Vpbank trên SenID\n- Giảm 20% tối đa 500k khi mở thẻ tín dụng TPBank EVO\n- Mở thẻ tín dụng VIB\n- Nhận Voucher 600.000đ\n- Giảm 1% tối đa 100.000đ khi thanh toán qua Zalopay']",Màu sắc của vivo y22s 8gb/128gb là Xanh Đen và Xanh Vàng.,"[{'statement': 'Màu sắc của vivo y22s 8gb/128gb là Xanh Đen.', 'reason': [""The context lists the colors for the product 'vivo y22s 8gb/128gb - chính hãng' as 'Xanh Đen, Xanh Vàng'.""], 'verdict': 1}, {'statement': 'Màu sắc của vivo y22s 8gb/128gb là Xanh Vàng.', 'reason': [""The context lists the colors for the product 'vivo y22s 8gb/128gb - chính hãng' as 'Xanh Đen, Xanh Vàng'.""], 'verdict': 1}]",0.0,16.43,2025-08-20 17:24:49
190,Dung lượng pin của điện thoại iPhone 14 Plus (256GB) là bao nhiêu?,Dung lượng pin của điện thoại iPhone 14 Plus (256GB) là 4325 mAh.,"['Tên sản phẩm: điện thoại iphone 14 plus (256gb) - chính hãng vn/a\nMàu: Blue, Red, Purple, Starlight, Midnight\nGiá: 21,990,000 ₫\nThông số kỹ thuật: - Công nghệ màn hình: OLED\n- Độ phân giải: Super Retina XDR (1284 x 2778 Pixels), 2 camera 12 MP, 12 MP\n- Kích thước màn hình: 6.7 inch\n- Hệ điều hành: iOS 16\n- Vi xử lý: Apple A15\n- Bộ nhớ trong: 256 GB\n- RAM: 6GB\n- Mạng di động: Hỗ trợ 5G\n- Số khe SIM: 1 Nano SIM & 1 eSIM\n- Dung lượng pin: 4325 mAh\nKhuyến mãi: - KM 1\n- Ưu đãi trả góp 0% qua thẻ tín dụng\n\nTên sản phẩm: điện thoại iphone 14 plus (512gb) - chính hãng vn/a\nMàu: Blue, Yellow, Purple, Starlight, Midnight\nGiá: 24,990,000 ₫\nThông số kỹ thuật: - Công nghệ màn hình: OLED\n- Độ phân giải: Super Retina XDR (1284 x 2778 Pixels), 2 camera 12 MP, 12 MP\n- Kích thước màn hình: 6.7 inch\n- Hệ điều hành: iOS 16\n- Vi xử lý: Apple A15\n- Bộ nhớ trong: 512 GB\n- RAM: 6GB\n- Mạng di động: Hỗ trợ 5G\n- Số khe SIM: 1 Nano SIM & 1 eSIM\n- Dung lượng pin: 4325 mAh\nKhuyến mãi: - KM 1\n- Ưu đãi trả góp 0% qua thẻ tín dụng\n\nTên sản phẩm: điện thoại iphone 14 plus (128gb) - chính hãng vn/a\nMàu: Blue, Starlight, Midnight, Red, Yellow, Purple\nGiá: 18,990,000 ₫\nThông số kỹ thuật: - Công nghệ màn hình: OLED\n- Độ phân giải: Super Retina XDR (1284 x 2778 Pixels), 2 camera 12 MP, 12 MP\n- Kích thước màn hình: 6.7 inch\n- Hệ điều hành: iOS 16\n- Vi xử lý: Apple A15\n- Bộ nhớ trong: 128 GB\n- RAM: 6GB\n- Mạng di động: Hỗ trợ 5G\n- Số khe SIM: 1 Nano SIM & 1 eSIM\n- Dung lượng pin: 4325 mAh\nKhuyến mãi: - KM 1\n- Ưu đãi trả góp 0% qua thẻ tín dụng\n\nTên sản phẩm: điện thoại iphone 15 plus (256gb) - chính hãng vn/a\nMàu: Hồng, Xanh Lá, Màu Đen, Màu Vàng, Xanh Dương\nGiá: 24,390,000 ₫\nThông số kỹ thuật: - Công nghệ màn hình: Màn hình Super Retina XDR, Tấm nền OLED, Dynamic Island, Màn hình HDR, Tỷ lệ tương phản 2.000.000:1 , Màn hình có dải màu rộng (P3), Haptic Touch\n- Độ phân giải: 1290 x 2796, Chính: 48MP, khẩu độ ƒ/1.6, Ultra Wide: 12MP, khẩu độ ƒ/2.4, Camera trước TrueDepth 12MP, khẩu độ ƒ/1.9\n- Kích thước màn hình: 6.7 inch\n- Hệ điều hành: iOS 17\n- Vi xử lý: A16 Bionic\n- Bộ nhớ trong: 256GB\n- RAM: 6GB\n- Mạng di động: 2G, 3G, 4G, 5G\n- Số khe SIM: SIM kép (nano-SIM và eSIM), Hỗ trợ hai eSIM\nKhuyến mãi: - KM 1\n- Giảm thêm 100.000đ khi khách hàng thanh toán bằng hình thức chuyển khoản ngân hàng khi mua iPhone 15 Series.\n- KM 2\n- Ưu đãi trả góp 0% qua thẻ tín dụng']",Dung lượng pin của iPhone 14 Plus (256GB) là 4325 mAh.,"[{'statement': 'Dung lượng pin của iPhone 14 Plus (256GB) là 4325 mAh.', 'reason': [""The context provides specifications for the 'điện thoại iphone 14 plus (256gb)' and explicitly lists 'Dung lượng pin: 4325 mAh'.""], 'verdict': 1}]",0.0,18.64,2025-08-20 17:24:51
192,Dung lượng pin của nokia g11 plus 3gb/32gb là bao nhiêu?,Dung lượng pin của Nokia G11 Plus 3GB/32GB là 5000 mAh.,"['Tên sản phẩm: nokia g11 plus 3gb/32gb - chính hãng\nMàu: Không có thông tin\nGiá: Không có thông tin\nThông số kỹ thuật: - Công nghệ màn hình: TFT LCD\n- Độ phân giải: HD+ (720 x 1600 Pixels), Chính 50 MP & Phụ 2 MP, 8 MP\n- Hệ điều hành: Android 12\n- Vi xử lý: Unisoc T606 8 nhân\n- Bộ nhớ trong: 32 GB\n- RAM: 3GB\n- Mạng di động: Hỗ trợ 4G\n- Số khe SIM: 2 Nano SIM\n- Dung lượng pin: 5000 mAh\nKhuyến mãi: Không có khuyến mãi\n\nTên sản phẩm: điện thoại nokia g11 plus (3gb/64gb)  - chính hãng\nMàu: Không có thông tin\nGiá: Không có thông tin\nThông số kỹ thuật: - Công nghệ màn hình: TFT LCD\n- Độ phân giải: HD+ (720 x 1600 Pixels), Chính 50 MP & Phụ 2 MP, 8 MP\n- Hệ điều hành: Android 12\n- Vi xử lý: Unisoc T606 8 nhân\n- Bộ nhớ trong: 64GB\n- RAM: 3GB\n- Mạng di động: Hỗ trợ 4G\n- Số khe SIM: 2 Nano SIM\n- Dung lượng pin: 5000 mAh\nKhuyến mãi: Không có khuyến mãi\n\nTên sản phẩm: điện thoại nokia c21 plus (3gb/32gb) - chính hãng\nMàu: Không có thông tin\nGiá: Không có thông tin\nThông số kỹ thuật: - Độ phân giải: HD+ (720 x 1600 Pixels), Chính 13 MP & Phụ 2 MP\n- Hệ điều hành: Android 11 (Go Edition)\n- Vi xử lý: Spreadtrum SC9863A 8 nhân\n- Bộ nhớ trong: 32 GB\n- RAM: 3GB\n- Mạng di động: Hỗ trợ 4G\n- Số khe SIM: 2 Nano SIM\n- Dung lượng pin: 5050 mAh\nKhuyến mãi: Không có khuyến mãi\n\nTên sản phẩm: điện thoại nokia c21 plus (3gb/64gb) - chính hãng\nMàu: Không có thông tin\nGiá: Không có thông tin\nThông số kỹ thuật: - Công nghệ màn hình: Đang cập nhật\n- Độ phân giải: HD+ (720 x 1600 Pixels), Chính 13 MP & Phụ 2 MP\n- Hệ điều hành: Android 11 (Go Edition)\n- Vi xử lý: Spreadtrum SC9863A 8 nhân\n- Bộ nhớ trong: 64 GB\n- RAM: 3GB\n- Mạng di động: Hỗ trợ 4G\n- Số khe SIM: 2 Nano SIM\n- Dung lượng pin: 5050 mAh\nKhuyến mãi: Không có khuyến mãi']",Dung lượng pin của nokia g11 plus 3gb/32gb là 5000 mAh.,"[{'statement': 'Dung lượng pin của Nokia G11 Plus 3GB/32GB là 5000 mAh.', 'reason': [""Trong ngữ cảnh, sản phẩm 'nokia g11 plus 3gb/32gb - chính hãng' có thông số 'Dung lượng pin: 5000 mAh'.""], 'verdict': 1}]",0.0,17.23,2025-08-20 17:24:51
194,Giá của điện thoại iphone 14 (128gb) là bao nhiêu?,"Giá của điện thoại iphone 14 (128gb) là 16,290,000 ₫.","['Tên sản phẩm: điện thoại iphone 14 (128gb) - chính hãng vn/a\nMàu: Midnight, Blue, Purple, Red, Yellow, Starlight\nGiá: 16,290,000 ₫\nThông số kỹ thuật: - Công nghệ màn hình: Super Retina XDR\n- Độ phân giải: 2532 x 1170, 12MP x 12MP, 12MP\n- Kích thước màn hình: 6.1 inch\n- Hệ điều hành: iOS 16\n- Vi xử lý: A15 Bionic\n- Bộ nhớ trong: 128GB\n- RAM: 6GB\n- Mạng di động: 5G (sub ‑ 6 GHz và mmWave) với 4x4 MIMO8, Gigabit LTE với 4x4 MIMO và LAA8, Chip băng thông siêu rộng cho nhận thức về không gian, NFC với chế độ đọc, Thẻ Express có dự trữ năng lượng\n- Số khe SIM: 1 eSIM, 1 SIM vật lý\nKhuyến mãi: - KM 1\n- Ưu đãi mua combo 3 món củ sạc + dán màn hình + ốp lưng Mophie Zagg chỉ 985.000đ\n- KM 2\n- Ưu đãi trả góp 0% qua thẻ tín dụng\n\nTên sản phẩm: điện thoại iphone 14 plus (128gb) - chính hãng vn/a\nMàu: Blue, Starlight, Midnight, Red, Yellow, Purple\nGiá: 18,990,000 ₫\nThông số kỹ thuật: - Công nghệ màn hình: OLED\n- Độ phân giải: Super Retina XDR (1284 x 2778 Pixels), 2 camera 12 MP, 12 MP\n- Kích thước màn hình: 6.7 inch\n- Hệ điều hành: iOS 16\n- Vi xử lý: Apple A15\n- Bộ nhớ trong: 128 GB\n- RAM: 6GB\n- Mạng di động: Hỗ trợ 5G\n- Số khe SIM: 1 Nano SIM & 1 eSIM\n- Dung lượng pin: 4325 mAh\nKhuyến mãi: - KM 1\n- Ưu đãi trả góp 0% qua thẻ tín dụng\n\nTên sản phẩm: điện thoại iphone 14 plus (512gb) - chính hãng vn/a\nMàu: Blue, Yellow, Purple, Starlight, Midnight\nGiá: 24,990,000 ₫\nThông số kỹ thuật: - Công nghệ màn hình: OLED\n- Độ phân giải: Super Retina XDR (1284 x 2778 Pixels), 2 camera 12 MP, 12 MP\n- Kích thước màn hình: 6.7 inch\n- Hệ điều hành: iOS 16\n- Vi xử lý: Apple A15\n- Bộ nhớ trong: 512 GB\n- RAM: 6GB\n- Mạng di động: Hỗ trợ 5G\n- Số khe SIM: 1 Nano SIM & 1 eSIM\n- Dung lượng pin: 4325 mAh\nKhuyến mãi: - KM 1\n- Ưu đãi trả góp 0% qua thẻ tín dụng\n\nTên sản phẩm: điện thoại iphone 14 plus (256gb) - chính hãng vn/a\nMàu: Blue, Red, Purple, Starlight, Midnight\nGiá: 21,990,000 ₫\nThông số kỹ thuật: - Công nghệ màn hình: OLED\n- Độ phân giải: Super Retina XDR (1284 x 2778 Pixels), 2 camera 12 MP, 12 MP\n- Kích thước màn hình: 6.7 inch\n- Hệ điều hành: iOS 16\n- Vi xử lý: Apple A15\n- Bộ nhớ trong: 256 GB\n- RAM: 6GB\n- Mạng di động: Hỗ trợ 5G\n- Số khe SIM: 1 Nano SIM & 1 eSIM\n- Dung lượng pin: 4325 mAh\nKhuyến mãi: - KM 1\n- Ưu đãi trả góp 0% qua thẻ tín dụng']",Giá điện thoại iPhone 14 128GB là 16 290 000 đồng.,"[{'statement': 'Giá điện thoại iPhone 14 128GB là 16.290.000 đồng.', 'reason': [""The context explicitly states that the price for 'điện thoại iphone 14 (128gb)' is '16,290,000 ₫'.""], 'verdict': 1}]",0.0,21.34,2025-08-20 17:25:13
193,điện thoại di động tcl 30se có bao nhiêu dung lượng lưu trữ?,điện thoại di động tcl 30se có dung lượng lưu trữ là 128 GB.,"['Tên sản phẩm: điện thoại di động tcl 30se - cruze pro - 4gb/128gb - chính hãng\nMàu: SPACE GREY, ATLANTIC BLUE, GLACIAL BLUE\nGiá: 2,490,000 ₫\nThông số kỹ thuật: - Công nghệ màn hình: IPS LCD\n- Độ phân giải: HD+ (720 x 1600 Pixels), Chính 50 MP & Phụ 2 MP, 2 MP, 8 MP\n- Hệ điều hành: Android 12\n- Vi xử lý: MediaTek Helio G25 8 nhân\n- Bộ nhớ trong: 128 GB\n- RAM: 4GB\n- Mạng di động: Hỗ trợ 4G\n- Số khe SIM: 2 Nano SIM\n- Dung lượng pin: 5000 mAh\nKhuyến mãi: - Giảm 5% không giới hạn khuyến mãi qua Homepaylater\n- Giảm 50% tối đa 700k khi mở thẻ tín dụng Vpbank trên SenID\n- Giảm 20% tối đa 500k khi mở thẻ tín dụng TPBank EVO\n- Giảm 1% tối đa 100.000đ khi thanh toán qua Zalopay\n\nTên sản phẩm: điện thoại tcl 40 se (6gb/256gb) - chính hãng\nMàu: Màu Tím, Màu Xám\nGiá: 2,990,000 ₫\nThông số kỹ thuật: - Công nghệ màn hình: IPS LCD, 90Hz\n- Độ phân giải: HD+ (720 x 1600), Camera chính 50MP f/1.8, Camera chiều sâu 2MP f/2.4, Camera macro 2MP f/2.4, 8MP f/2.0\n- Kích thước màn hình: 6.75 inch\n- Hệ điều hành: Android 13\n- Vi xử lý: MediaTek Helio G37\n- Bộ nhớ trong: 256GB\n- RAM: 6GB\n- Mạng di động: 2G, 3G, 4G\n- Số khe SIM: 2 nano SIM\n- Dung lượng pin: 5010 mAh\nKhuyến mãi: - Giảm 5% không giới hạn khuyến mãi qua Homepaylater\n- Giảm 50% tối đa 700k khi mở thẻ tín dụng Vpbank trên SenID\n- Giảm 20% tối đa 500k khi mở thẻ tín dụng TPBank EVO\n- Mở thẻ tín dụng VIB\n- Nhận Voucher 600.000đ\n- Giảm 1% tối đa 100.000đ khi thanh toán qua Zalopay\n\nTên sản phẩm: điện thoại tcl 40 se (4gb/128gb) - chính hãng\nMàu: Màu Tím, Màu Xám\nGiá: 2,690,000 ₫\nThông số kỹ thuật: - Công nghệ màn hình: IPS LCD, 90Hz\n- Độ phân giải: HD+ (720 x 1600), Camera chính 50MP f/1.8, Camera chiều sâu 2MP f/2.4, Camera macro 2MP f/2.4, 8MP f/2.0\n- Kích thước màn hình: 6.75 inch\n- Hệ điều hành: Android 13\n- Vi xử lý: MediaTek Helio G37\n- Bộ nhớ trong: 128GB\n- RAM: 4GB\n- Mạng di động: 2G, 3G, 4G\n- Số khe SIM: 2 nano SIM\n- Dung lượng pin: 5010 mAh\nKhuyến mãi: - Giảm 5% không giới hạn khuyến mãi qua Homepaylater\n- Giảm 50% tối đa 700k khi mở thẻ tín dụng Vpbank trên SenID\n- Giảm 20% tối đa 500k khi mở thẻ tín dụng TPBank EVO\n- Giảm 1% tối đa 100.000đ khi thanh toán qua Zalopay\n\nTên sản phẩm: điện thoại di động tcl 30 - passat - chính hãng\nMàu: Tech Black, Muse Blue\nGiá: 2,990,000 ₫\nThông số kỹ thuật: - Công nghệ màn hình: AMOLED\n- Độ phân giải: Full HD+ (1080 x 2400 Pixels), Chính 50 MP & Phụ 2 MP, 2 MP, 13 MP\n- Kích thước màn hình: 6.7 inch\n- Hệ điều hành: Android 12\n- Vi xử lý: MediaTek Helio G37 8 nhân\n- Bộ nhớ trong: 128 GB\n- RAM: 4GB\n- Mạng di động: Hỗ trợ 4G\n- Số khe SIM: Đang cập nhật\n- Dung lượng pin: 5010 mAh\nKhuyến mãi: - Giảm 5% không giới hạn khuyến mãi qua Homepaylater\n- Giảm 50% tối đa 700k khi mở thẻ tín dụng Vpbank trên SenID\n- Giảm 20% tối đa 500k khi mở thẻ tín dụng TPBank EVO\n- Giảm 1% tối đa 100.000đ khi thanh toán qua Zalopay']",điện thoại di động tcl 30se có dung lượng lưu trữ 128 GB.,"[{'statement': 'Điện thoại di động TCL 30SE có dung lượng lưu trữ 128 GB.', 'reason': [""Ngữ cảnh cung cấp thông tin về sản phẩm 'điện thoại di động tcl 30se - cruze pro - 4gb/128gb - chính hãng' và trong phần thông số kỹ thuật có ghi 'Bộ nhớ trong: 128 GB'.""], 'verdict': 1}]",0.0,23.56,2025-08-20 17:25:13
195,Dung lượng pin của điện thoại di động tcl 30 là bao nhiêu?,Dung lượng pin của điện thoại di động TCL 30 là 5010 mAh.,"['Tên sản phẩm: điện thoại di động tcl 30 - passat - chính hãng\nMàu: Tech Black, Muse Blue\nGiá: 2,990,000 ₫\nThông số kỹ thuật: - Công nghệ màn hình: AMOLED\n- Độ phân giải: Full HD+ (1080 x 2400 Pixels), Chính 50 MP & Phụ 2 MP, 2 MP, 13 MP\n- Kích thước màn hình: 6.7 inch\n- Hệ điều hành: Android 12\n- Vi xử lý: MediaTek Helio G37 8 nhân\n- Bộ nhớ trong: 128 GB\n- RAM: 4GB\n- Mạng di động: Hỗ trợ 4G\n- Số khe SIM: Đang cập nhật\n- Dung lượng pin: 5010 mAh\nKhuyến mãi: - Giảm 5% không giới hạn khuyến mãi qua Homepaylater\n- Giảm 50% tối đa 700k khi mở thẻ tín dụng Vpbank trên SenID\n- Giảm 20% tối đa 500k khi mở thẻ tín dụng TPBank EVO\n- Giảm 1% tối đa 100.000đ khi thanh toán qua Zalopay\n\nTên sản phẩm: điện thoại di động tcl 30se - cruze pro - 4gb/128gb - chính hãng\nMàu: SPACE GREY, ATLANTIC BLUE, GLACIAL BLUE\nGiá: 2,490,000 ₫\nThông số kỹ thuật: - Công nghệ màn hình: IPS LCD\n- Độ phân giải: HD+ (720 x 1600 Pixels), Chính 50 MP & Phụ 2 MP, 2 MP, 8 MP\n- Hệ điều hành: Android 12\n- Vi xử lý: MediaTek Helio G25 8 nhân\n- Bộ nhớ trong: 128 GB\n- RAM: 4GB\n- Mạng di động: Hỗ trợ 4G\n- Số khe SIM: 2 Nano SIM\n- Dung lượng pin: 5000 mAh\nKhuyến mãi: - Giảm 5% không giới hạn khuyến mãi qua Homepaylater\n- Giảm 50% tối đa 700k khi mở thẻ tín dụng Vpbank trên SenID\n- Giảm 20% tối đa 500k khi mở thẻ tín dụng TPBank EVO\n- Giảm 1% tối đa 100.000đ khi thanh toán qua Zalopay\n\nTên sản phẩm: điện thoại di động tcl 40 nxtpaper 8gb/256gb - chính hãng\nMàu: Trắng\nGiá: 3,990,000 ₫\nThông số kỹ thuật: - Công nghệ màn hình: Tần số 90Hz, Đục lỗ (Nốt ruồi)\n- Độ phân giải: 2460x1080 pixels, Camera chính: 50MP, ƒ/1.8, PDAF, 1/2,76”, 0,64μm, Camera góc siêu rộng: 5MP, f/2.2 2MP, f/2.4, 1/5”, 1.75μm, 32MP, f/2.0\n- Kích thước màn hình: 6.78  inch\n- Vi xử lý: Mediatek Helio G88 (MT6769)\n- Bộ nhớ trong: 256GB\n- RAM: 8GB\n- Dung lượng pin: 5010 mAh\nKhuyến mãi: - KM 1\n- Tặng phiếu mua hàng 300.000đ.\n\nTên sản phẩm: điện thoại tcl 40 se (6gb/256gb) - chính hãng\nMàu: Màu Tím, Màu Xám\nGiá: 2,990,000 ₫\nThông số kỹ thuật: - Công nghệ màn hình: IPS LCD, 90Hz\n- Độ phân giải: HD+ (720 x 1600), Camera chính 50MP f/1.8, Camera chiều sâu 2MP f/2.4, Camera macro 2MP f/2.4, 8MP f/2.0\n- Kích thước màn hình: 6.75 inch\n- Hệ điều hành: Android 13\n- Vi xử lý: MediaTek Helio G37\n- Bộ nhớ trong: 256GB\n- RAM: 6GB\n- Mạng di động: 2G, 3G, 4G\n- Số khe SIM: 2 nano SIM\n- Dung lượng pin: 5010 mAh\nKhuyến mãi: - Giảm 5% không giới hạn khuyến mãi qua Homepaylater\n- Giảm 50% tối đa 700k khi mở thẻ tín dụng Vpbank trên SenID\n- Giảm 20% tối đa 500k khi mở thẻ tín dụng TPBank EVO\n- Mở thẻ tín dụng VIB\n- Nhận Voucher 600.000đ\n- Giảm 1% tối đa 100.000đ khi thanh toán qua Zalopay']",Dung lượng pin của điện thoại di động tcl 30 là 5010 mAh.,"[{'statement': 'Dung lượng pin của điện thoại di động tcl 30 là 5010 mAh.', 'reason': ['Trong phần thông tin về sản phẩm ""điện thoại di động tcl 30 - passat - chính hãng"", có ghi rõ ""Dung lượng pin: 5010 mAh"".'], 'verdict': 1}]",0.0,22.22,2025-08-20 17:25:14
196,Giá của điện thoại di dộng tcl 305 là bao nhiêu?,"Giá của điện thoại di động TCL 305 là 1,590,000 ₫.","['Tên sản phẩm: điện thoại di dộng tcl 305 - cruze lite - chính hãng\nMàu: SPACE GREY, ATLANTIC BLUE\nGiá: 1,590,000 ₫\nThông số kỹ thuật: - Công nghệ màn hình: IPS LCD\n- Độ phân giải: HD+ (720 x 1600 Pixels), Chính 13 MP & Phụ 2 MP, 2 MP, 5 MP\n- Hệ điều hành: Android 11\n- Vi xử lý: MediaTek MT6761 4 nhân (Helio A22)\n- Bộ nhớ trong: 32 GB\n- RAM: 2GB\n- Mạng di động: Hỗ trợ 4G\n- Số khe SIM: 2 Nano SIM\n- Dung lượng pin: 5000 mAh\nKhuyến mãi: - Giảm 5% không giới hạn khuyến mãi qua Homepaylater\n- Giảm 50% tối đa 700k khi mở thẻ tín dụng Vpbank trên SenID\n- Giảm 20% tối đa 500k khi mở thẻ tín dụng TPBank EVO\n- Giảm 1% tối đa 100.000đ khi thanh toán qua Zalopay\n\nTên sản phẩm: điện thoại tcl 406s (4gb/64gb) - chính hãng\nMàu: Màu Xám, Xanh Dương\nGiá: 1,990,000 ₫\nThông số kỹ thuật: - Công nghệ màn hình: IPS LCD\n- Độ phân giải: 720x1612, Camera chính 13MP f/2.2, Camera chiều sâu 2MP f/2.4, 5MP f/2.2\n- Kích thước màn hình: 6.6 inch\n- Hệ điều hành: Android 13\n- Vi xử lý: MediaTek Helio G25\n- Bộ nhớ trong: 64GB\n- RAM: 4GB\n- Mạng di động: 2G, 3G, 4G\n- Số khe SIM: 2 nano SIM\n- Dung lượng pin: 5000 mAh\nKhuyến mãi: - Giảm 5% không giới hạn khuyến mãi qua Homepaylater\n- Giảm 50% tối đa 700k khi mở thẻ tín dụng Vpbank trên SenID\n- Giảm 20% tối đa 500k khi mở thẻ tín dụng TPBank EVO\n- Giảm 1% tối đa 100.000đ khi thanh toán qua Zalopay\n\nTên sản phẩm: điện thoại tcl 408 (4gb/64gb) - chính hãng\nMàu: Xanh Dương, Màu Xám\nGiá: 2,090,000 ₫\nThông số kỹ thuật: - Công nghệ màn hình: IPS LCD\n- Độ phân giải: HD+ (720 x 1612), Camera chính 50MP f/1.8, Camera chiều sâu 2MP f/2.4, 8MP f/2.0\n- Kích thước màn hình: 6.6 inch\n- Hệ điều hành: Android 12\n- Vi xử lý: MediaTek MT6762\n- Bộ nhớ trong: 64GB\n- RAM: 4GB\n- Mạng di động: 2G, 3G, 4G\n- Số khe SIM: 2 nano SIM\n- Dung lượng pin: 5000 mAh\nKhuyến mãi: - Giảm 5% không giới hạn khuyến mãi qua Homepaylater\n- Giảm 50% tối đa 700k khi mở thẻ tín dụng Vpbank trên SenID\n- Giảm 20% tối đa 500k khi mở thẻ tín dụng TPBank EVO\n- Giảm 1% tối đa 100.000đ khi thanh toán qua Zalopay\n\nTên sản phẩm: điện thoại tcl 408 (4gb/128gb) - chính hãng\nMàu: Màu Xám, Xanh Dương\nGiá: 2,190,000 ₫\nThông số kỹ thuật: - Công nghệ màn hình: IPS LCD\n- Độ phân giải: HD+ (720 x 1612), Camera chính 50MP f/1.8, Camera chiều sâu 2MP f/2.4, 8MP f/2.0\n- Kích thước màn hình: 6.6 inch\n- Hệ điều hành: Android 12\n- Vi xử lý: MediaTek MT6762\n- Bộ nhớ trong: 128GB\n- RAM: 4GB\n- Mạng di động: 2G, 3G, 4G\n- Số khe SIM: 2 nano SIM\n- Dung lượng pin: 5000 mAh\nKhuyến mãi: - Giảm 5% không giới hạn khuyến mãi qua Homepaylater\n- Giảm 50% tối đa 700k khi mở thẻ tín dụng Vpbank trên SenID\n- Giảm 20% tối đa 500k khi mở thẻ tín dụng TPBank EVO\n- Giảm 1% tối đa 100.000đ khi thanh toán qua Zalopay']","Giá của điện thoại di dộng tcl 305 là 1,590,000 đồng.","[{'statement': 'Giá của điện thoại di động tcl 305 là 1,590,000 đồng.', 'reason': [""The context lists the product 'điện thoại di dộng tcl 305' and explicitly states its price ('Giá') is '1,590,000 ₫'.""], 'verdict': 1}]",0.0,24.44,2025-08-20 17:25:18
200,Giá của điện thoại nokia 8210 4g là bao nhiêu?,"Giá của điện thoại Nokia 8210 4G là 1,490,000 ₫.","['Tên sản phẩm: điện thoại nokia 8210 4g - chính hãng\nMàu: Màu Vàng, Xanh, Đỏ\nGiá: 1,490,000 ₫\nThông số kỹ thuật: - Công nghệ màn hình: Đang cập nhật\n- Độ phân giải: QVGA (240 x 320 Pixels), 0.3 MP\n- Hệ điều hành: Series 30+\n- Vi xử lý: Unisoc T107\n- Bộ nhớ trong: 128 MB\n- RAM: 48MB\n- Mạng di động: Hỗ trợ 4G\n- Số khe SIM: 2 Nano SIM\n- Dung lượng pin: 1450 mAh\nKhuyến mãi: - Giảm 5% không giới hạn khuyến mãi qua Homepaylater\n- Giảm 50% tối đa 700k khi mở thẻ tín dụng Vpbank trên SenID\n- Giảm 20% tối đa 500k khi mở thẻ tín dụng TPBank EVO\n- Giảm 1% tối đa 100.000đ khi thanh toán qua Zalopay\n\nTên sản phẩm: nokia 3210 4g - chính hãng\nMàu: Màu Vàng, Xanh, Màu Đen\nGiá: 1,590,000 ₫\nThông số kỹ thuật: - Công nghệ màn hình: IPS\n- Kích thước màn hình: 2.4 inch\n- Độ phân giải: 2MP\n- Hệ điều hành: S30+\n- Bộ nhớ trong: 128MB3\n- RAM: 64MB\n- Mạng di động: 2G, 3G, 4G, Hỗ trợ VoLTE2\n- Số khe SIM: Hai SIM Nano SIM + Nano SIM\n- Dung lượng pin: 1450mAh\nKhuyến mãi: Không có khuyến mãi\n\nTên sản phẩm: nokia 8000 4g chính hãng\nMàu: Không có thông tin\nGiá: Không có thông tin\nThông số kỹ thuật: - Công nghệ màn hình: TFT LCD\n- Độ phân giải: QVGA (240 x 320 Pixels), 2 MP, Không\n- Kích thước màn hình: 2.8 inch\n- Bộ nhớ trong: 4GB\n- RAM: 512 MB\n- Mạng di động: Hỗ trợ 4G\n- Số khe SIM: 2 Nano SIM\n- Dung lượng pin: 1500 mAh\nKhuyến mãi: Không có khuyến mãi\n\nTên sản phẩm: điện thoại nokia 6300 4g chính hãng\nMàu: Không có thông tin\nGiá: Không có thông tin\nThông số kỹ thuật: - Công nghệ màn hình: TFT LCD\n- Độ phân giải: QVGA (240 x 320 Pixels), VGA (480 x 640 pixels), Không\n- Kích thước màn hình: 2.4 inch\n- Bộ nhớ trong: 4GB\n- RAM: 512 MB\n- Mạng di động: Hỗ trợ 4G\n- Số khe SIM: 2 Nano SIM\n- Dung lượng pin: 1500 mAh\nKhuyến mãi: Không có khuyến mãi']","Giá điện thoại nokia 8210 4g là 1,490,000 ₫.","[{'statement': 'Giá điện thoại Nokia 8210 4G là 1,490,000 ₫.', 'reason': [""The context explicitly states that the price ('Giá') for the 'điện thoại nokia 8210 4g - chính hãng' is '1,490,000 ₫'.""], 'verdict': 1}]",0.0,11.31,2025-08-20 17:25:30
197,Số khe SIM của điện thoại iPhone 14 Plus (128GB) là bao nhiêu?,Điện thoại iPhone 14 Plus (128GB) có 1 khe Nano SIM cùng 1 eSIM.,"['Tên sản phẩm: điện thoại iphone 14 plus (128gb) - chính hãng vn/a\nMàu: Blue, Starlight, Midnight, Red, Yellow, Purple\nGiá: 18,990,000 ₫\nThông số kỹ thuật: - Công nghệ màn hình: OLED\n- Độ phân giải: Super Retina XDR (1284 x 2778 Pixels), 2 camera 12 MP, 12 MP\n- Kích thước màn hình: 6.7 inch\n- Hệ điều hành: iOS 16\n- Vi xử lý: Apple A15\n- Bộ nhớ trong: 128 GB\n- RAM: 6GB\n- Mạng di động: Hỗ trợ 5G\n- Số khe SIM: 1 Nano SIM & 1 eSIM\n- Dung lượng pin: 4325 mAh\nKhuyến mãi: - KM 1\n- Ưu đãi trả góp 0% qua thẻ tín dụng\n\nTên sản phẩm: điện thoại iphone 14 plus (256gb) - chính hãng vn/a\nMàu: Blue, Red, Purple, Starlight, Midnight\nGiá: 21,990,000 ₫\nThông số kỹ thuật: - Công nghệ màn hình: OLED\n- Độ phân giải: Super Retina XDR (1284 x 2778 Pixels), 2 camera 12 MP, 12 MP\n- Kích thước màn hình: 6.7 inch\n- Hệ điều hành: iOS 16\n- Vi xử lý: Apple A15\n- Bộ nhớ trong: 256 GB\n- RAM: 6GB\n- Mạng di động: Hỗ trợ 5G\n- Số khe SIM: 1 Nano SIM & 1 eSIM\n- Dung lượng pin: 4325 mAh\nKhuyến mãi: - KM 1\n- Ưu đãi trả góp 0% qua thẻ tín dụng\n\nTên sản phẩm: điện thoại iphone 14 plus (512gb) - chính hãng vn/a\nMàu: Blue, Yellow, Purple, Starlight, Midnight\nGiá: 24,990,000 ₫\nThông số kỹ thuật: - Công nghệ màn hình: OLED\n- Độ phân giải: Super Retina XDR (1284 x 2778 Pixels), 2 camera 12 MP, 12 MP\n- Kích thước màn hình: 6.7 inch\n- Hệ điều hành: iOS 16\n- Vi xử lý: Apple A15\n- Bộ nhớ trong: 512 GB\n- RAM: 6GB\n- Mạng di động: Hỗ trợ 5G\n- Số khe SIM: 1 Nano SIM & 1 eSIM\n- Dung lượng pin: 4325 mAh\nKhuyến mãi: - KM 1\n- Ưu đãi trả góp 0% qua thẻ tín dụng\n\nTên sản phẩm: điện thoại iphone 14 (128gb) - chính hãng vn/a\nMàu: Midnight, Blue, Purple, Red, Yellow, Starlight\nGiá: 16,290,000 ₫\nThông số kỹ thuật: - Công nghệ màn hình: Super Retina XDR\n- Độ phân giải: 2532 x 1170, 12MP x 12MP, 12MP\n- Kích thước màn hình: 6.1 inch\n- Hệ điều hành: iOS 16\n- Vi xử lý: A15 Bionic\n- Bộ nhớ trong: 128GB\n- RAM: 6GB\n- Mạng di động: 5G (sub ‑ 6 GHz và mmWave) với 4x4 MIMO8, Gigabit LTE với 4x4 MIMO và LAA8, Chip băng thông siêu rộng cho nhận thức về không gian, NFC với chế độ đọc, Thẻ Express có dự trữ năng lượng\n- Số khe SIM: 1 eSIM, 1 SIM vật lý\nKhuyến mãi: - KM 1\n- Ưu đãi mua combo 3 món củ sạc + dán màn hình + ốp lưng Mophie Zagg chỉ 985.000đ\n- KM 2\n- Ưu đãi trả góp 0% qua thẻ tín dụng']",Số khe SIM của điện thoại iPhone 14 Plus (128 GB) là 1 khe Nano SIM và 1 khe eSIM.,"[{'statement': 'Điện thoại iPhone 14 Plus (128GB) có 1 khe Nano SIM.', 'reason': [""Trong phần thông số kỹ thuật của 'điện thoại iphone 14 plus (128gb)', ngữ cảnh có ghi 'Số khe SIM: 1 Nano SIM & 1 eSIM'.""], 'verdict': 1}, {'statement': 'Điện thoại iPhone 14 Plus (128GB) có 1 khe eSIM.', 'reason': [""Trong phần thông số kỹ thuật của 'điện thoại iphone 14 plus (128gb)', ngữ cảnh có ghi 'Số khe SIM: 1 Nano SIM & 1 eSIM'.""], 'verdict': 1}]",0.0,23.27,2025-08-20 17:25:37
199,Bộ nhớ trong của samsung galaxy z flip4 là bao nhiêu?,Bộ nhớ trong của Samsung Galaxy Z Flip4 là 256GB.,"['Tên sản phẩm: samsung galaxy z flip4 - 256gb - chính hãng\nMàu: Không có thông tin\nGiá: Không có thông tin\nThông số kỹ thuật: - Công nghệ màn hình: Chính: Dynamic AMOLED 2X, Phụ: Super AMOLED\n- Độ phân giải: Chính: FHD+ (2640 x 1080 Pixels) x Phụ: (260 x 512 Pixels), 2 camera 12 MP, 10 MP\n- Kích thước màn hình: Chính 6.7 inch & Phụ 1.9 inch\n- Hệ điều hành: Android 12\n- Vi xử lý: Snapdragon 8+ Gen 1 8 nhân\n- Bộ nhớ trong: 256GB\n- RAM: 8GB\n- Mạng di động: Hỗ trợ 5G\n- Số khe SIM: 1 Nano SIM & 1 eSIM\n- Dung lượng pin: 3700 mAh\nKhuyến mãi: Không có khuyến mãi\n\nTên sản phẩm: \ufeff samsung galaxy z flip4 -128gb - chính hãng\nMàu: Không có thông tin\nGiá: Không có thông tin\nThông số kỹ thuật: - Công nghệ màn hình: Chính: Dynamic AMOLED 2X, Phụ: Super AMOLED\n- Độ phân giải: Chính: FHD+ (2640 x 1080 Pixels) x Phụ: (260 x 512 Pixels), 2 camera 12 MP, 10 MP\n- Kích thước màn hình: Chính 6.7 inch & Phụ 1.9 inch\n- Hệ điều hành: Android 12\n- Vi xử lý: Snapdragon 8+ Gen 1 8 nhân\n- Bộ nhớ trong: 128 GB\n- RAM: 8GB\n- Mạng di động: Hỗ trợ 5G\n- Số khe SIM: 1 Nano SIM & 1 eSIM\n- Dung lượng pin: 3700 mAh\nKhuyến mãi: Không có khuyến mãi\n\nTên sản phẩm: điện thoại samsung galaxy z flip5 8gb/256gb - chính hãng\nMàu: Xanh, Màu Tím, Kem, Màu Xám\nGiá: 16,990,000 ₫\nThông số kỹ thuật: - Công nghệ màn hình: Chính: Dynamic AMOLED 2X, Phụ: Super AMOLED, Tần số quét Chính: 120 Hz & Phụ: 60 Hz\n- Độ phân giải: MH Chính: FHD+ (2640 x 1080 Pixels), MH Phụ: HD+ (720 x 748 Pixels), 12 MP (2Camera), 10 MP\n- Kích thước màn hình: Chính 6.7 inch, 3.4 inch\n- Hệ điều hành: Android 13\n- Vi xử lý: Snapdragon 8 Gen 2\n- Bộ nhớ trong: 256GB\n- RAM: 8GB\n- Mạng di động: Hỗ trợ 5G\n- Số khe SIM: 1 Nano SIM & 1 eSIM\n- Dung lượng pin: 3700 mAh\nKhuyến mãi: - KM 1\n- Tặng gói Samsung care+ 6 tháng\n- KM 2\n- Tặng Ốp lưng thông minh Nhập hội linh hoạt Galaxy Z Flip5 trị giá 1.990.000đ\n- KM 3\n- Trả góp tới 06 tháng không lãi suất, trả trước 0 đồng với Samsung Finance+.\n\nTên sản phẩm: điện thoại  samsung galaxy z flip5 8gb/512gb - chính hãng\nMàu: Xanh, Kem, Màu Tím, Màu Xám\nGiá: 18,990,000 ₫\nThông số kỹ thuật: - Công nghệ màn hình: Chính: Dynamic AMOLED 2X, Phụ: Super AMOLED, Tần số quét Chính: 120 Hz & Phụ: 60 Hz\n- Độ phân giải: MH Chính: FHD+ (2640 x 1080 Pixels), MH Phụ: HD+ (720 x 748 Pixels), 12 MP (2Camera), 10 MP\n- Kích thước màn hình: Chính 6.7 inch, 3.4 inch\n- Hệ điều hành: Android 13\n- Vi xử lý: Snapdragon 8 Gen 2\n- Bộ nhớ trong: 512GB\n- RAM: 8GB\n- Mạng di động: Hỗ trợ 5G\n- Số khe SIM: 1 Nano SIM & 1 eSIM\n- Dung lượng pin: 3700 mAh\nKhuyến mãi: - KM 1\n- Tặng gói Samsung care+ 6 tháng\n- KM 2\n- Trả góp tới 06 tháng không lãi suất, trả trước 0 đồng với Samsung Finance+.\n- KM 3\n- Giảm thêm 1.000.000đ cho khách hàng thân thiết (Chi tiết LH 1900 2091)']",Bộ nhớ trong của Samsung Galaxy Z Flip4 là 256 GB.,"[{'statement': 'Bộ nhớ trong của Samsung Galaxy Z Flip4 là 256 GB.', 'reason': [""Ngữ cảnh có cung cấp thông tin về sản phẩm 'samsung galaxy z flip4 - 256gb - chính hãng' với 'Bộ nhớ trong: 256GB'.""], 'verdict': 1}]",0.0,32.89,2025-08-20 17:25:48
198,Điện thoại iPhone 14 Plus có những màu sắc nào có sẵn?,"Điện thoại iPhone 14 Plus có các màu sắc: Xanh lam, Đỏ, Tím, Ánh sao, Nửa đêm, Vàng.","['Tên sản phẩm: điện thoại iphone 14 plus (256gb) - chính hãng vn/a\nMàu: Blue, Red, Purple, Starlight, Midnight\nGiá: 21,990,000 ₫\nThông số kỹ thuật: - Công nghệ màn hình: OLED\n- Độ phân giải: Super Retina XDR (1284 x 2778 Pixels), 2 camera 12 MP, 12 MP\n- Kích thước màn hình: 6.7 inch\n- Hệ điều hành: iOS 16\n- Vi xử lý: Apple A15\n- Bộ nhớ trong: 256 GB\n- RAM: 6GB\n- Mạng di động: Hỗ trợ 5G\n- Số khe SIM: 1 Nano SIM & 1 eSIM\n- Dung lượng pin: 4325 mAh\nKhuyến mãi: - KM 1\n- Ưu đãi trả góp 0% qua thẻ tín dụng\n\nTên sản phẩm: điện thoại iphone 14 plus (512gb) - chính hãng vn/a\nMàu: Blue, Yellow, Purple, Starlight, Midnight\nGiá: 24,990,000 ₫\nThông số kỹ thuật: - Công nghệ màn hình: OLED\n- Độ phân giải: Super Retina XDR (1284 x 2778 Pixels), 2 camera 12 MP, 12 MP\n- Kích thước màn hình: 6.7 inch\n- Hệ điều hành: iOS 16\n- Vi xử lý: Apple A15\n- Bộ nhớ trong: 512 GB\n- RAM: 6GB\n- Mạng di động: Hỗ trợ 5G\n- Số khe SIM: 1 Nano SIM & 1 eSIM\n- Dung lượng pin: 4325 mAh\nKhuyến mãi: - KM 1\n- Ưu đãi trả góp 0% qua thẻ tín dụng\n\nTên sản phẩm: điện thoại iphone 14 plus (128gb) - chính hãng vn/a\nMàu: Blue, Starlight, Midnight, Red, Yellow, Purple\nGiá: 18,990,000 ₫\nThông số kỹ thuật: - Công nghệ màn hình: OLED\n- Độ phân giải: Super Retina XDR (1284 x 2778 Pixels), 2 camera 12 MP, 12 MP\n- Kích thước màn hình: 6.7 inch\n- Hệ điều hành: iOS 16\n- Vi xử lý: Apple A15\n- Bộ nhớ trong: 128 GB\n- RAM: 6GB\n- Mạng di động: Hỗ trợ 5G\n- Số khe SIM: 1 Nano SIM & 1 eSIM\n- Dung lượng pin: 4325 mAh\nKhuyến mãi: - KM 1\n- Ưu đãi trả góp 0% qua thẻ tín dụng\n\nTên sản phẩm: điện thoại iphone 14 (128gb) - chính hãng vn/a\nMàu: Midnight, Blue, Purple, Red, Yellow, Starlight\nGiá: 16,290,000 ₫\nThông số kỹ thuật: - Công nghệ màn hình: Super Retina XDR\n- Độ phân giải: 2532 x 1170, 12MP x 12MP, 12MP\n- Kích thước màn hình: 6.1 inch\n- Hệ điều hành: iOS 16\n- Vi xử lý: A15 Bionic\n- Bộ nhớ trong: 128GB\n- RAM: 6GB\n- Mạng di động: 5G (sub ‑ 6 GHz và mmWave) với 4x4 MIMO8, Gigabit LTE với 4x4 MIMO và LAA8, Chip băng thông siêu rộng cho nhận thức về không gian, NFC với chế độ đọc, Thẻ Express có dự trữ năng lượng\n- Số khe SIM: 1 eSIM, 1 SIM vật lý\nKhuyến mãi: - KM 1\n- Ưu đãi mua combo 3 món củ sạc + dán màn hình + ốp lưng Mophie Zagg chỉ 985.000đ\n- KM 2\n- Ưu đãi trả góp 0% qua thẻ tín dụng']","iPhone 14 Plus hiện có sẵn các màu: Blue, Red, Purple, Starlight, Midnight, Yellow.","[{'statement': 'Điện thoại iPhone 14 Plus có sẵn màu Blue.', 'reason': ['The context confirms that the iPhone 14 Plus is available in Blue for the 128GB, 256GB, and 512GB versions.'], 'verdict': 1}, {'statement': 'Điện thoại iPhone 14 Plus có sẵn màu Red.', 'reason': ['The context confirms that the iPhone 14 Plus is available in Red for the 128GB and 256GB versions.'], 'verdict': 1}, {'statement': 'Điện thoại iPhone 14 Plus có sẵn màu Purple.', 'reason': ['The context confirms that the iPhone 14 Plus is available in Purple for the 128GB, 256GB, and 512GB versions.'], 'verdict': 1}, {'statement': 'Điện thoại iPhone 14 Plus có sẵn màu Starlight.', 'reason': ['The context confirms that the iPhone 14 Plus is available in Starlight for the 128GB, 256GB, and 512GB versions.'], 'verdict': 1}, {'statement': 'Điện thoại iPhone 14 Plus có sẵn màu Midnight.', 'reason': ['The context confirms that the iPhone 14 Plus is available in Midnight for the 128GB, 256GB, and 512GB versions.'], 'verdict': 1}, {'statement': 'Điện thoại iPhone 14 Plus có sẵn màu Yellow.', 'reason': ['The context confirms that the iPhone 14 Plus is available in Yellow for the 128GB and 512GB versions.'], 'verdict': 1}]",0.0,63.02,2025-08-20 17:26:17
202,Điện thoại Nokia G11 Plus sử dụng hệ điều hành nào?,Điện thoại Nokia G11 Plus sử dụng hệ điều hành Android 12.,"['Tên sản phẩm: điện thoại nokia g11 plus (3gb/64gb)  - chính hãng\nMàu: Không có thông tin\nGiá: Không có thông tin\nThông số kỹ thuật: - Công nghệ màn hình: TFT LCD\n- Độ phân giải: HD+ (720 x 1600 Pixels), Chính 50 MP & Phụ 2 MP, 8 MP\n- Hệ điều hành: Android 12\n- Vi xử lý: Unisoc T606 8 nhân\n- Bộ nhớ trong: 64GB\n- RAM: 3GB\n- Mạng di động: Hỗ trợ 4G\n- Số khe SIM: 2 Nano SIM\n- Dung lượng pin: 5000 mAh\nKhuyến mãi: Không có khuyến mãi\n\nTên sản phẩm: nokia g11 plus 3gb/32gb - chính hãng\nMàu: Không có thông tin\nGiá: Không có thông tin\nThông số kỹ thuật: - Công nghệ màn hình: TFT LCD\n- Độ phân giải: HD+ (720 x 1600 Pixels), Chính 50 MP & Phụ 2 MP, 8 MP\n- Hệ điều hành: Android 12\n- Vi xử lý: Unisoc T606 8 nhân\n- Bộ nhớ trong: 32 GB\n- RAM: 3GB\n- Mạng di động: Hỗ trợ 4G\n- Số khe SIM: 2 Nano SIM\n- Dung lượng pin: 5000 mAh\nKhuyến mãi: Không có khuyến mãi\n\nTên sản phẩm: điện thoại nokia g10 - chính hãng\nMàu: Không có thông tin\nGiá: Không có thông tin\nThông số kỹ thuật: - Công nghệ màn hình: IPS LCD\n- Độ phân giải: HD+ (720 x 1600 Pixels), Chính 13 MP & Phụ 2 MP, 2 MP, 8 MP\n- Hệ điều hành: Android 11\n- Vi xử lý: MediaTek Helio G25 8 nhân\n- Bộ nhớ trong: 64 GB\n- RAM: 4GB\n- Mạng di động: Hỗ trợ 4G\n- Số khe SIM: 2 Nano SIM\n- Dung lượng pin: 5050 mAh\nKhuyến mãi: Không có khuyến mãi\n\nTên sản phẩm: điện thoại nokia c21 plus (2gb/64gb) - chính hãng\nMàu: Không có thông tin\nGiá: Không có thông tin\nThông số kỹ thuật: - Công nghệ màn hình: Đang cập nhật\n- Độ phân giải: HD+ (720 x 1600 Pixels), Chính 13 MP & Phụ 2 MP\n- Hệ điều hành: Android 11 (Go Edition)\n- Vi xử lý: Spreadtrum SC9863A 8 nhân\n- Bộ nhớ trong: 64 GB\n- RAM: 2GB\n- Mạng di động: Hỗ trợ 4G\n- Số khe SIM: 2 Nano SIM\n- Dung lượng pin: 5050 mAh\nKhuyến mãi: Không có khuyến mãi']",Hệ điều hành của điện thoại Nokia G11 Plus là Android 12.,"[{'statement': 'Hệ điều hành của điện thoại Nokia G11 Plus là Android 12.', 'reason': [""Ngữ cảnh liệt kê hai phiên bản của 'nokia g11 plus' (3GB/64GB và 3GB/32GB) và cả hai đều có thông số 'Hệ điều hành: Android 12'.""], 'verdict': 1}]",0.0,41.97,2025-08-20 17:26:20
203,Samsung Galaxy Z Fold4 có bộ nhớ trong bao nhiêu?,Samsung Galaxy Z Fold4 có các tùy chọn bộ nhớ trong là 512GB hoặc 256GB.,"['Tên sản phẩm: samsung galaxy z fold4 - 512gb -chính hãng\nMàu: Không có thông tin\nGiá: Không có thông tin\nThông số kỹ thuật: - Công nghệ màn hình: Dynamic AMOLED 2X\n- Độ phân giải: Chính: QXGA+ (2176 x 1812 Pixels) & Phụ: HD+ (2316 x 904 Pixels), Chính 50 MP & Phụ 12 MP, 10 MP, 10 MP & 4 MP\n- Kích thước màn hình: Chính 7.6 inch & 6.2 inch\n- Hệ điều hành: Android 12\n- Vi xử lý: Snapdragon 8+ Gen 1 8 nhân\n- Bộ nhớ trong: 512GB\n- RAM: 12GB\n- Mạng di động: Hỗ trợ 5G\n- Số khe SIM: 1 Nano SIM & 1 eSIM\n- Dung lượng pin: 4400 mAh\nKhuyến mãi: Không có khuyến mãi\n\nTên sản phẩm: samsung galaxy z fold4 - 256gb - chính hãng\nMàu: Không có thông tin\nGiá: Không có thông tin\nThông số kỹ thuật: - Công nghệ màn hình: Dynamic AMOLED 2X\n- Độ phân giải: Chính: QXGA+ (2176 x 1812 Pixels) & Phụ: HD+ (2316 x 904 Pixels), Chính 50 MP & Phụ 12 MP, 10 MP, 10 MP & 4 MP\n- Kích thước màn hình: Chính 7.6 inch & 6.2 inch\n- Hệ điều hành: Android 12\n- Vi xử lý: Snapdragon 8+ Gen 1 8 nhân\n- Bộ nhớ trong: 256 GB\n- RAM: 12GB\n- Mạng di động: Hỗ trợ 5G\n- Số khe SIM: 1 Nano SIM & 1 eSIM\n- Dung lượng pin: 4400 mAh\nKhuyến mãi: Không có khuyến mãi\n\nTên sản phẩm: điện thoại samsung galaxy z fold5 12gb/512gb - chính hãng\nMàu: Xanh, Màu Đen, Kem\nGiá: 30,990,000 ₫\nThông số kỹ thuật: - Công nghệ màn hình: Dynamic AMOLED 2X, Tần số quét 120 Hz, Infinity Flex, Màn hình phụ: Infinity-O\n- Độ phân giải: 2176 x 1812 (QXGA+), Màn hình phụ: 2316 x 904 (HD+), 50 MP + 12 MP + 10 MP, Camera trước ở màn hình phụ: 10 MP, Camera ẩn dưới màn hình: 4 MP\n- Kích thước màn hình: 7.6 inch, 6.2 inch\n- Hệ điều hành: OneUI 5.1.1 / Android 13\n- Vi xử lý: Qualcomm Snapdragon 8 Gen 2\n- Bộ nhớ trong: 512GB\n- RAM: 12GB\n- Mạng di động: Hỗ trợ 5G\n- Số khe SIM: Nano-sim & E-sim\n- Dung lượng pin: 4400 mAh\nKhuyến mãi: - KM 1\n- Tặng gói Samsung care+ 6 tháng\n- KM 2\n- Trả góp tới 06 tháng không lãi suất, trả trước 0 đồng với Samsung Finance+.\n\nTên sản phẩm: điện thoại samsung galaxy z fold5 12gb/256gb - chính hãng\nMàu: Xanh, Màu Đen, Kem\nGiá: 28,990,000 ₫\nThông số kỹ thuật: - Công nghệ màn hình: Dynamic AMOLED 2X, Tần số quét 120 Hz, Infinity Flex, Màn hình phụ: Infinity-O\n- Độ phân giải: 2176 x 1812 (QXGA+), Màn hình phụ: 2316 x 904 (HD+), 50 MP + 12 MP + 10 MP, Camera trước ở màn hình phụ: 10 MP, Camera ẩn dưới màn hình: 4 MP\n- Kích thước màn hình: 7.6 inch, 6.2 inch\n- Hệ điều hành: OneUI 5.1.1 / Android 13\n- Vi xử lý: Qualcomm Snapdragon 8 Gen 2\n- Bộ nhớ trong: 256GB\n- RAM: 12GB\n- Mạng di động: Hỗ trợ 5G\n- Số khe SIM: Nano-sim & E-sim\n- Dung lượng pin: 4400 mAh\nKhuyến mãi: - KM 1\n- Tặng gói Samsung care+ 6 tháng\n- KM 2\n- Trả góp tới 06 tháng không lãi suất, trả trước 0 đồng với Samsung Finance+.\n- KM 3\n- Giảm thêm 500.000đ cho khách hàng thân thiết (Chi tiết LH 1900 2091)']",Samsung Galaxy Z Fold4 có bộ nhớ trong 512GB hoặc 256GB.,"[{'statement': 'Samsung Galaxy Z Fold4 có bộ nhớ trong 512GB.', 'reason': [""Trong ngữ cảnh có đề cập đến sản phẩm 'samsung galaxy z fold4 - 512gb -chính hãng' với thông số kỹ thuật 'Bộ nhớ trong: 512GB'.""], 'verdict': 1}, {'statement': 'Samsung Galaxy Z Fold4 có bộ nhớ trong 256GB.', 'reason': [""Trong ngữ cảnh có đề cập đến sản phẩm 'samsung galaxy z fold4 - 256gb - chính hãng' với thông số kỹ thuật 'Bộ nhớ trong: 256 GB'.""], 'verdict': 1}]",0.0,36.81,2025-08-20 17:26:26
204,Hệ điều hành của điện thoại vivo t1 5g là gì?,Hệ điều hành của điện thoại vivo t1 5g là Android 12.,"['Tên sản phẩm: điện thoại vivo t1 5g - chính hãng\nMàu: Màu Đen, Xanh\nGiá: 7,250,000 ₫\nThông số kỹ thuật: - Công nghệ màn hình: 6.44 inch FHD+ AMOLED\n- Độ phân giải: 64MP x 8MP x 2MP, 16MP\n- Hệ điều hành: Android 12\n- Vi xử lý: SDM 778G\n- Bộ nhớ trong: 128GB\n- RAM: 8GB\n- Dung lượng pin: 4700 mAh\nKhuyến mãi: - Ưu đãi trả góp 0% qua Shinhan Finance hoặc Mirae Asset Finance\n- Giảm 5% không giới hạn khuyến mãi qua Homepaylater\n- Giảm thêm tới 700.000đ khi thanh toán qua Kredivo.\n- Giảm 50% tối đa 700k khi mở thẻ tín dụng Vpbank trên SenID\n- Giảm 20% tối đa 500k khi mở thẻ tín dụng TPBank EVO\n- Mở thẻ tín dụng VIB\n- Nhận Voucher 600.000đ\n- Giảm 1% tối đa 100.000đ khi thanh toán qua Zalopay\n\nTên sản phẩm: điện thoại vivo t1x 8gb/128gb- chính hãng\nMàu: Màu Đen, Xanh\nGiá: 5,390,000 ₫\nThông số kỹ thuật: - Công nghệ màn hình: 6.58” FHD+ LCD màn hình Halo\n- Độ phân giải: 50MP x 2MP x 2MP, 8MP\n- Hệ điều hành: Android 12\n- Vi xử lý: SDM 680\n- Bộ nhớ trong: 128GB\n- RAM: 8GB\n- Dung lượng pin: 5000 mAh\nKhuyến mãi: - Ưu đãi trả góp 0% qua Shinhan Finance hoặc Mirae Asset Finance\n- Giảm 5% không giới hạn khuyến mãi qua Homepaylater\n- Giảm thêm tới 700.000đ khi thanh toán qua Kredivo.\n- Giảm 50% tối đa 700k khi mở thẻ tín dụng Vpbank trên SenID\n- Giảm 20% tối đa 500k khi mở thẻ tín dụng TPBank EVO\n- Mở thẻ tín dụng VIB\n- Nhận Voucher 600.000đ\n- Giảm 1% tối đa 100.000đ khi thanh toán qua Zalopay\n\nTên sản phẩm: điện thoại vivo t1x 4gb/64gb- chính hãng\nMàu: Xanh, Màu Đen\nGiá: 3,490,000 ₫\nThông số kỹ thuật: - Công nghệ màn hình: 6.58” FHD+ LCD màn hình Halo\n- Độ phân giải: 50MP x 2MP x 2MP, 8MP\n- Hệ điều hành: Android 12\n- Vi xử lý: Qualcomm Snapdragon 680\n- Bộ nhớ trong: 64GB\n- RAM: 4GB(+1GB)\n- Dung lượng pin: 5000 mAh\nKhuyến mãi: - Ưu đãi trả góp 0% qua Shinhan Finance hoặc Mirae Asset Finance\n- Giảm 5% không giới hạn khuyến mãi qua Homepaylater\n- Giảm thêm tới 700.000đ khi thanh toán qua Kredivo.\n- Giảm 50% tối đa 700k khi mở thẻ tín dụng Vpbank trên SenID\n- Giảm 20% tối đa 500k khi mở thẻ tín dụng TPBank EVO\n- Mở thẻ tín dụng VIB\n- Nhận Voucher 600.000đ\n- Giảm 1% tối đa 100.000đ khi thanh toán qua Zalopay\n\nTên sản phẩm: điện thoại vivo v29e - 5g - chính hãng\nMàu: Đen đại ngàn, Xanh sông băng\nGiá: 7,990,000 ₫\nThông số kỹ thuật: - Công nghệ màn hình: AMOLED, 120 Hz\n- Độ phân giải: 2400x1080 (FHD+), 64MP (f/1.79) + 8MP (f/2.2), 50MP (f/2.0)\n- Kích thước màn hình: 6.67 inch\n- Hệ điều hành: Funtouch OS 13\n- Vi xử lý: Qualcomm Snapdragon 695\n- Bộ nhớ trong: 256GB\n- RAM: 8GB\n- Mạng di động: 5G\n- Số khe SIM: 2 nano SIM\n- Dung lượng pin: 4800 mAh, 4700 mAh\nKhuyến mãi: - KM 1\n- Sản phẩm đang thuộc chương trình Flash sale (Số lượng có hạn)']",Hệ điều hành của điện thoại vivo t1 5g là Android 12.,"[{'statement': 'Hệ điều hành của điện thoại vivo t1 5g là Android 12.', 'reason': [""Trong phần thông số kỹ thuật của sản phẩm 'điện thoại vivo t1 5g', ngữ cảnh đã đề cập rằng 'Hệ điều hành: Android 12'.""], 'verdict': 1}]",0.0,14.99,2025-08-20 17:26:33
201,Điện thoại vivo t1x có ưu đãi gì khi thanh toán?,"Điện thoại vivo T1x có ưu đãi trả góp 0% qua Shinhan Finance hoặc Mirae Asset Finance, giảm 5% không giới hạn khuyến mãi qua Homepaylater, giảm thêm tới 700.000đ khi thanh toán qua Kredivo, giảm 50% tối đa 700k khi mở thẻ tín dụng Vpbank trên SenID, giảm 20% tối đa 500k khi mở thẻ tín dụng TPBank EVO, mở thẻ tín dụng VIB nhận Voucher 600.000đ giảm 1% tối đa 100.000đ khi thanh toán qua Zalopay.","['Tên sản phẩm: điện thoại vivo t1x 4gb/64gb- chính hãng\nMàu: Xanh, Màu Đen\nGiá: 3,490,000 ₫\nThông số kỹ thuật: - Công nghệ màn hình: 6.58” FHD+ LCD màn hình Halo\n- Độ phân giải: 50MP x 2MP x 2MP, 8MP\n- Hệ điều hành: Android 12\n- Vi xử lý: Qualcomm Snapdragon 680\n- Bộ nhớ trong: 64GB\n- RAM: 4GB(+1GB)\n- Dung lượng pin: 5000 mAh\nKhuyến mãi: - Ưu đãi trả góp 0% qua Shinhan Finance hoặc Mirae Asset Finance\n- Giảm 5% không giới hạn khuyến mãi qua Homepaylater\n- Giảm thêm tới 700.000đ khi thanh toán qua Kredivo.\n- Giảm 50% tối đa 700k khi mở thẻ tín dụng Vpbank trên SenID\n- Giảm 20% tối đa 500k khi mở thẻ tín dụng TPBank EVO\n- Mở thẻ tín dụng VIB\n- Nhận Voucher 600.000đ\n- Giảm 1% tối đa 100.000đ khi thanh toán qua Zalopay\n\nTên sản phẩm: điện thoại vivo t1x 8gb/128gb- chính hãng\nMàu: Màu Đen, Xanh\nGiá: 5,390,000 ₫\nThông số kỹ thuật: - Công nghệ màn hình: 6.58” FHD+ LCD màn hình Halo\n- Độ phân giải: 50MP x 2MP x 2MP, 8MP\n- Hệ điều hành: Android 12\n- Vi xử lý: SDM 680\n- Bộ nhớ trong: 128GB\n- RAM: 8GB\n- Dung lượng pin: 5000 mAh\nKhuyến mãi: - Ưu đãi trả góp 0% qua Shinhan Finance hoặc Mirae Asset Finance\n- Giảm 5% không giới hạn khuyến mãi qua Homepaylater\n- Giảm thêm tới 700.000đ khi thanh toán qua Kredivo.\n- Giảm 50% tối đa 700k khi mở thẻ tín dụng Vpbank trên SenID\n- Giảm 20% tối đa 500k khi mở thẻ tín dụng TPBank EVO\n- Mở thẻ tín dụng VIB\n- Nhận Voucher 600.000đ\n- Giảm 1% tối đa 100.000đ khi thanh toán qua Zalopay\n\nTên sản phẩm: điện thoại vivo t1 5g - chính hãng\nMàu: Màu Đen, Xanh\nGiá: 7,250,000 ₫\nThông số kỹ thuật: - Công nghệ màn hình: 6.44 inch FHD+ AMOLED\n- Độ phân giải: 64MP x 8MP x 2MP, 16MP\n- Hệ điều hành: Android 12\n- Vi xử lý: SDM 778G\n- Bộ nhớ trong: 128GB\n- RAM: 8GB\n- Dung lượng pin: 4700 mAh\nKhuyến mãi: - Ưu đãi trả góp 0% qua Shinhan Finance hoặc Mirae Asset Finance\n- Giảm 5% không giới hạn khuyến mãi qua Homepaylater\n- Giảm thêm tới 700.000đ khi thanh toán qua Kredivo.\n- Giảm 50% tối đa 700k khi mở thẻ tín dụng Vpbank trên SenID\n- Giảm 20% tối đa 500k khi mở thẻ tín dụng TPBank EVO\n- Mở thẻ tín dụng VIB\n- Nhận Voucher 600.000đ\n- Giảm 1% tối đa 100.000đ khi thanh toán qua Zalopay\n\nTên sản phẩm: vivo v25 5g 8gb/128gb - chính hãng\nMàu: Màu Vàng, Màu Đen\nGiá: 7,990,000 ₫\nThông số kỹ thuật: - Công nghệ màn hình: AMOLED\n- Độ phân giải: 1080 x 2040 Pixel, 64MP x 8MP x 2MP, 50MP\n- Kích thước màn hình: 6.44  inch\n- Hệ điều hành: Android 12\n- Vi xử lý: MediaTek Dimensity 900\n- Bộ nhớ trong: 128 GB\n- RAM: 8GB\n- Số khe SIM: 2 Nano SIM\n- Dung lượng pin: 4500 mAh\nKhuyến mãi: - Ưu đãi trả góp 0% qua Shinhan Finance hoặc Mirae Asset Finance\n- Giảm 5% không giới hạn khuyến mãi qua Homepaylater\n- Giảm thêm tới 700.000đ khi thanh toán qua Kredivo.\n- Giảm 50% tối đa 700k khi mở thẻ tín dụng Vpbank trên SenID\n- Giảm 20% tối đa 500k khi mở thẻ tín dụng TPBank EVO\n- Mở thẻ tín dụng VIB\n- Nhận Voucher 600.000đ\n- Giảm 1% tối đa 100.000đ khi thanh toán qua Zalopay']",Ưu đãi trả góp 0 % qua Shinhan Finance hoặc Mirae Asset Finance; giảm 5 % không giới hạn qua Homepaylater; giảm thêm tới 700.000 đ khi thanh toán qua Kredivo; giảm 50 % tối đa 700k khi mở thẻ tín dụng Vpbank trên SenID; giảm 20 % tối đa 500k khi mở thẻ tín dụng TPBank EVO; nhận voucher 600.000 đ; giảm 1 % tối đa 100.000 đ khi thanh toán qua Zalopay.,"[{'statement': 'Khi mua điện thoại vivo t1x, có ưu đãi trả góp 0% qua Shinhan Finance.', 'reason': ['Nguồn thông tin xác nhận rằng có ưu đãi trả góp 0% qua Shinhan Finance cho cả hai phiên bản của điện thoại vivo t1x (4gb/64gb và 8gb/128gb).'], 'verdict': 1}, {'statement': 'Khi mua điện thoại vivo t1x, có ưu đãi trả góp 0% qua Mirae Asset Finance.', 'reason': ['Nguồn thông tin xác nhận rằng có ưu đãi trả góp 0% qua Mirae Asset Finance cho cả hai phiên bản của điện thoại vivo t1x (4gb/64gb và 8gb/128gb).'], 'verdict': 1}, {'statement': 'Khách hàng được giảm 5% không giới hạn khi thanh toán mua điện thoại vivo t1x qua Homepaylater.', 'reason': ['Nguồn thông tin xác nhận rằng có ưu đãi giảm 5% không giới hạn qua Homepaylater cho cả hai phiên bản của điện thoại vivo t1x.'], 'verdict': 1}, {'statement': 'Khách hàng được giảm thêm tới 700.000 đ khi thanh toán mua điện thoại vivo t1x qua Kredivo.', 'reason': ['Nguồn thông tin xác nhận rằng có ưu đãi giảm thêm tới 700.000đ khi thanh toán qua Kredivo cho cả hai phiên bản của điện thoại vivo t1x.'], 'verdict': 1}, {'statement': 'Khách hàng được giảm 50% tối đa 700.000đ khi mở thẻ tín dụng Vpbank trên SenID để mua điện thoại vivo t1x.', 'reason': ['Nguồn thông tin xác nhận rằng có ưu đãi giảm 50% tối đa 700k khi mở thẻ tín dụng Vpbank trên SenID cho cả hai phiên bản của điện thoại vivo t1x.'], 'verdict': 1}, {'statement': 'Khách hàng được giảm 20% tối đa 500.000đ khi mở thẻ tín dụng TPBank EVO để mua điện thoại vivo t1x.', 'reason': ['Nguồn thông tin xác nhận rằng có ưu đãi giảm 20% tối đa 500k khi mở thẻ tín dụng TPBank EVO cho cả hai phiên bản của điện thoại vivo t1x.'], 'verdict': 1}, {'statement': 'Khi mua điện thoại vivo t1x, khách hàng có cơ hội nhận voucher 600.000 đ.', 'reason': ['Nguồn thông tin xác nhận rằng có chương trình nhận Voucher 600.000đ cho cả hai phiên bản của điện thoại vivo t1x.'], 'verdict': 1}, {'statement': 'Khách hàng được giảm 1% tối đa 100.000 đ khi thanh toán mua điện thoại vivo t1x qua Zalopay.', 'reason': ['Nguồn thông tin xác nhận rằng có ưu đãi giảm 1% tối đa 100.000đ khi thanh toán qua Zalopay cho cả hai phiên bản của điện thoại vivo t1x.'], 'verdict': 1}]",0.0,73.74,2025-08-20 17:26:45
205,Samsung Galaxy Z Fold4 có dung lượng pin là bao nhiêu?,Samsung Galaxy Z Fold4 có dung lượng pin là 4400 mAh.,"['Tên sản phẩm: samsung galaxy z fold4 - 256gb - chính hãng\nMàu: Không có thông tin\nGiá: Không có thông tin\nThông số kỹ thuật: - Công nghệ màn hình: Dynamic AMOLED 2X\n- Độ phân giải: Chính: QXGA+ (2176 x 1812 Pixels) & Phụ: HD+ (2316 x 904 Pixels), Chính 50 MP & Phụ 12 MP, 10 MP, 10 MP & 4 MP\n- Kích thước màn hình: Chính 7.6 inch & 6.2 inch\n- Hệ điều hành: Android 12\n- Vi xử lý: Snapdragon 8+ Gen 1 8 nhân\n- Bộ nhớ trong: 256 GB\n- RAM: 12GB\n- Mạng di động: Hỗ trợ 5G\n- Số khe SIM: 1 Nano SIM & 1 eSIM\n- Dung lượng pin: 4400 mAh\nKhuyến mãi: Không có khuyến mãi\n\nTên sản phẩm: samsung galaxy z fold4 - 512gb -chính hãng\nMàu: Không có thông tin\nGiá: Không có thông tin\nThông số kỹ thuật: - Công nghệ màn hình: Dynamic AMOLED 2X\n- Độ phân giải: Chính: QXGA+ (2176 x 1812 Pixels) & Phụ: HD+ (2316 x 904 Pixels), Chính 50 MP & Phụ 12 MP, 10 MP, 10 MP & 4 MP\n- Kích thước màn hình: Chính 7.6 inch & 6.2 inch\n- Hệ điều hành: Android 12\n- Vi xử lý: Snapdragon 8+ Gen 1 8 nhân\n- Bộ nhớ trong: 512GB\n- RAM: 12GB\n- Mạng di động: Hỗ trợ 5G\n- Số khe SIM: 1 Nano SIM & 1 eSIM\n- Dung lượng pin: 4400 mAh\nKhuyến mãi: Không có khuyến mãi\n\nTên sản phẩm: điện thoại samsung galaxy z fold5 12gb/256gb - chính hãng\nMàu: Xanh, Màu Đen, Kem\nGiá: 28,990,000 ₫\nThông số kỹ thuật: - Công nghệ màn hình: Dynamic AMOLED 2X, Tần số quét 120 Hz, Infinity Flex, Màn hình phụ: Infinity-O\n- Độ phân giải: 2176 x 1812 (QXGA+), Màn hình phụ: 2316 x 904 (HD+), 50 MP + 12 MP + 10 MP, Camera trước ở màn hình phụ: 10 MP, Camera ẩn dưới màn hình: 4 MP\n- Kích thước màn hình: 7.6 inch, 6.2 inch\n- Hệ điều hành: OneUI 5.1.1 / Android 13\n- Vi xử lý: Qualcomm Snapdragon 8 Gen 2\n- Bộ nhớ trong: 256GB\n- RAM: 12GB\n- Mạng di động: Hỗ trợ 5G\n- Số khe SIM: Nano-sim & E-sim\n- Dung lượng pin: 4400 mAh\nKhuyến mãi: - KM 1\n- Tặng gói Samsung care+ 6 tháng\n- KM 2\n- Trả góp tới 06 tháng không lãi suất, trả trước 0 đồng với Samsung Finance+.\n- KM 3\n- Giảm thêm 500.000đ cho khách hàng thân thiết (Chi tiết LH 1900 2091)\n\nTên sản phẩm: điện thoại samsung galaxy z fold5 12gb/512gb - chính hãng\nMàu: Xanh, Màu Đen, Kem\nGiá: 30,990,000 ₫\nThông số kỹ thuật: - Công nghệ màn hình: Dynamic AMOLED 2X, Tần số quét 120 Hz, Infinity Flex, Màn hình phụ: Infinity-O\n- Độ phân giải: 2176 x 1812 (QXGA+), Màn hình phụ: 2316 x 904 (HD+), 50 MP + 12 MP + 10 MP, Camera trước ở màn hình phụ: 10 MP, Camera ẩn dưới màn hình: 4 MP\n- Kích thước màn hình: 7.6 inch, 6.2 inch\n- Hệ điều hành: OneUI 5.1.1 / Android 13\n- Vi xử lý: Qualcomm Snapdragon 8 Gen 2\n- Bộ nhớ trong: 512GB\n- RAM: 12GB\n- Mạng di động: Hỗ trợ 5G\n- Số khe SIM: Nano-sim & E-sim\n- Dung lượng pin: 4400 mAh\nKhuyến mãi: - KM 1\n- Tặng gói Samsung care+ 6 tháng\n- KM 2\n- Trả góp tới 06 tháng không lãi suất, trả trước 0 đồng với Samsung Finance+.']",Samsung Galaxy Z Fold4 có dung lượng pin 4400 mAh.,"[{'statement': 'Samsung Galaxy Z Fold4 có dung lượng pin 4400 mAh.', 'reason': [""Trong ngữ cảnh, cả hai phiên bản của 'samsung galaxy z fold4' (256gb và 512gb) đều được liệt kê với 'Dung lượng pin: 4400 mAh'.""], 'verdict': 1}]",0.0,29.95,2025-08-20 17:26:51
207,Mức dung lượng RAM của vivo y02s là bao nhiêu?,Mức dung lượng RAM của vivo y02s là 3GB.,"['Tên sản phẩm: vivo y02s - 3gb/32gb - chính hãng\nMàu: Đen Kim Sa, Xanh ánh kim\nGiá: 2,790,000 ₫\nThông số kỹ thuật: - Công nghệ màn hình: IPS LCD\n- Độ phân giải: HD+ (720 x 1600 Pixels), 8 MP, 5 MP\n- Hệ điều hành: Android 12\n- Vi xử lý: MediaTek Helio P35 8 nhân\n- Bộ nhớ trong: 32 GB\n- RAM: 3GB\n- Mạng di động: Hỗ trợ 4G\n- Số khe SIM: Đang cập nhật\n- Dung lượng pin: 5000 mAh\nKhuyến mãi: - Giảm 5% không giới hạn khuyến mãi qua Homepaylater\n- Giảm 50% tối đa 700k khi mở thẻ tín dụng Vpbank trên SenID\n- Giảm 20% tối đa 500k khi mở thẻ tín dụng TPBank EVO\n- Giảm 1% tối đa 100.000đ khi thanh toán qua Zalopay\n\nTên sản phẩm: điện thoại vivo y02a - chính hãng\nMàu: Không có thông tin\nGiá: Không có thông tin\nThông số kỹ thuật: - Công nghệ màn hình: LCD (IPS)\n- Độ phân giải: 1600 × 720 (HD+), 8 MP  f/2.0, 5MP f/2.2\n- Kích thước màn hình: 6.51 inch\n- Hệ điều hành: Funtouch OS 12 (Android 12 Go edition)\n- Vi xử lý: MediaTek Helio P35\n- Bộ nhớ trong: 32 GB\n- RAM: 3GB\n- Mạng di động: 4G\n- Dung lượng pin: 5000 mAh\nKhuyến mãi: Không có khuyến mãi\n\nTên sản phẩm: điện thoại vivo y02t 4gb/64gb- chính hãng\nMàu: Không có thông tin\nGiá: Không có thông tin\nThông số kỹ thuật: - Công nghệ màn hình: LCD (IPS)\n- Độ phân giải: 1600 × 720 (HD+), 8 MP, 5 MP\n- Kích thước màn hình: 6.51  inch\n- Hệ điều hành: Funtouch OS 13 (Android 13 edition)\n- Vi xử lý: Helio P35\n- Bộ nhớ trong: 64GB\n- RAM: 4GB\n- Mạng di động: 4G\n- Số khe SIM: 2 nano SIMs + 1 microSD\n- Dung lượng pin: 5000 mAh\nKhuyến mãi: Không có khuyến mãi\n\nTên sản phẩm: vivo y02 - chính hãng\nMàu: Không có thông tin\nGiá: Không có thông tin\nThông số kỹ thuật: - Công nghệ màn hình: LCD (IPS)\n- Độ phân giải: 1600 × 720 (HD+), 8 MP, 5 MP\n- Kích thước màn hình: 6.51\n- Hệ điều hành: Funtouch OS 12 (Android 12 Go edition)\n- Vi xử lý: MediaTek Helio P22\n- Bộ nhớ trong: 32 GB\n- RAM: 2GB\n- Số khe SIM: 3 khe\n- Dung lượng pin: 5000 mAh\nKhuyến mãi: Không có khuyến mãi']",RAM của vivo y02s là 3GB.,"[{'statement': 'RAM của vivo y02s là 3GB.', 'reason': [""Thông tin này được xác nhận trong phần thông số kỹ thuật của sản phẩm 'vivo y02s - 3gb/32gb - chính hãng', trong đó ghi rõ 'RAM: 3GB'.""], 'verdict': 1}]",0.0,24.69,2025-08-20 17:26:59
209,Dung lượng pin của điện thoại di động masstel fami 60 4g là bao nhiêu?,Dung lượng pin của điện thoại di động Masstel Fami 60 4G là 2000 mAh.,"['Tên sản phẩm: điện thoại di động masstel fami 60 4g - chính hãng\nMàu: Gold, Black\nGiá: 740,000 ₫\nThông số kỹ thuật: - Công nghệ màn hình: TFT LCD\n- Độ phân giải: 176 x 220 Pixels, Không có\n- Hệ điều hành: Không có\n- Vi xử lý: Unisoc UIS8910\n- Bộ nhớ trong: 24 MB\n- RAM: 16GB\n- Mạng di động: Hỗ trợ 4G VoLTE\n- Số khe SIM: 2 Nano SIM\n- Dung lượng pin: 2000 mAh\nKhuyến mãi: - Giảm 5% không giới hạn khuyến mãi qua Homepaylater\n- Giảm 50% tối đa 700k khi mở thẻ tín dụng Vpbank trên SenID\n- Giảm 20% tối đa 500k khi mở thẻ tín dụng TPBank EVO\n- Giảm 1% tối đa 100.000đ khi thanh toán qua Zalopay\n\nTên sản phẩm: điện thoại di động masstel fami 12 4g - chính hãng\nMàu: Navy, Gold, Màu Đen\nGiá: 650,000 ₫\nThông số kỹ thuật: - Công nghệ màn hình: QQVGA\n- Độ phân giải: 128*160, 0.08MP\n- Kích thước màn hình: 1.77 inch\n- Bộ nhớ trong: 256MB\n- RAM: 48MB\n- Số khe SIM: 2 nano SIM\n- Dung lượng pin: 1400 mAh\nKhuyến mãi: - Giảm 5% không giới hạn khuyến mãi qua Homepaylater\n- Giảm 50% tối đa 700k khi mở thẻ tín dụng Vpbank trên SenID\n- Giảm 20% tối đa 500k khi mở thẻ tín dụng TPBank EVO\n- Giảm 1% tối đa 100.000đ khi thanh toán qua Zalopay\n\nTên sản phẩm: điện thoại di động masstel fami 12s 4g - chính hãng\nMàu: Màu Đen, Xanh\nGiá: 600,000 ₫\nThông số kỹ thuật: - Công nghệ màn hình: QQVGA\n- Kích thước màn hình: 1.77 inch\n- Dung lượng pin: 1400 mAh\nKhuyến mãi: - Giảm 5% không giới hạn khuyến mãi qua Homepaylater\n- Giảm 50% tối đa 700k khi mở thẻ tín dụng Vpbank trên SenID\n- Giảm 20% tối đa 500k khi mở thẻ tín dụng TPBank EVO\n- Giảm 1% tối đa 100.000đ khi thanh toán qua Zalopay\n\nTên sản phẩm: điện thoại masstel fami p20 - chính hãng (máy người già)\nMàu: Không có thông tin\nGiá: Không có thông tin\nThông số kỹ thuật: - Công nghệ màn hình: TFT LCD\n- Độ phân giải: 176 x 220 Pixels, 0.08 MP, Không\n- Kích thước màn hình: 2.2 inch\n- Bộ nhớ trong: Không\n- RAM: Không\n- Mạng di động: Hỗ trợ 2G (không kết nối internet)\n- Số khe SIM: 2 SIM thường\n- Dung lượng pin: 1400 mAh\nKhuyến mãi: Không có khuyến mãi']",Dung lượng pin của điện thoại di động Masstel Fami 60 4G là 2000 mAh.,"[{'statement': 'Dung lượng pin của điện thoại di động Masstel Fami 60 4G là 2000 mAh.', 'reason': [""The context provides the specifications for the 'điện thoại di động masstel fami 60 4g' and lists its 'Dung lượng pin' (battery capacity) as '2000 mAh'.""], 'verdict': 1}]",0.0,17.71,2025-08-20 17:27:10
210,Điện thoại di động izi 10 4G hỗ trợ công nghệ mạng nào?,Điện thoại di động izi 10 4G hỗ trợ công nghệ mạng 4G VoLTE.,"['Tên sản phẩm: điện thoại di động izi 10 4g - chính hãng\nMàu: Black - Red, Black\nGiá: 500,000 ₫\nThông số kỹ thuật: - Công nghệ màn hình: TFT LCD\n- Độ phân giải: 128 x 160 Pixels, Không có, Không có\n- Hệ điều hành: Không có\n- Vi xử lý: Unisoc UMS9117\n- Bộ nhớ trong: 128 MB\n- RAM: 48MB\n- Mạng di động: Hỗ trợ 4G VoLTE\n- Số khe SIM: 2 Nano SIM\n- Dung lượng pin: 1000 mAh\nKhuyến mãi: - Giảm 5% không giới hạn khuyến mãi qua Homepaylater\n- Giảm 50% tối đa 700k khi mở thẻ tín dụng Vpbank trên SenID\n- Giảm 20% tối đa 500k khi mở thẻ tín dụng TPBank EVO\n- Giảm 1% tối đa 100.000đ khi thanh toán qua Zalopay\n\nTên sản phẩm: điện thoại di động masstel izi 12 4g - chính hãng\nMàu: Blue, Màu Đen, Black - Red\nGiá: 450,000 ₫\nThông số kỹ thuật: - Công nghệ màn hình: QQVGA, Màu màn hình: 262K\n- Độ phân giải: 128*160\n- Kích thước màn hình: 1.77 inch\n- Vi xử lý: ums9117\n- Bộ nhớ trong: 128MB\n- RAM: 48MB\n- Mạng di động:   inchGSM: 900/1800MHz  WCMA: 900/2100MHz, 4G-LTE: B1/3/7/ 8/20 inch\n- Số khe SIM: 2 nano SIM\n- Dung lượng pin: 1000 mAh\nKhuyến mãi: - Giảm 5% không giới hạn khuyến mãi qua Homepaylater\n- Giảm 50% tối đa 700k khi mở thẻ tín dụng Vpbank trên SenID\n- Giảm 20% tối đa 500k khi mở thẻ tín dụng TPBank EVO\n- Giảm 1% tối đa 100.000đ khi thanh toán qua Zalopay\n\nTên sản phẩm: điện thoại di động masstel izi t2 4g - chính hãng\nMàu: Xanh, Màu Đen\nGiá: 480,000 ₫\nThông số kỹ thuật: - Công nghệ màn hình: QVGA, Màu màn hình: 16.7M\n- Độ phân giải: 240*320\n- Kích thước màn hình: 2.4 inch\n- Vi xử lý: T107 (UMS9117)\n- Bộ nhớ trong: ROM 128MB, Danh bạ lưu được 2000 số\n- RAM: 48MB\n- Mạng di động: GSM: 900/1800MHz, WCDMA: 900/2100 MHz, 4G-LTE: B1/ 3/ 7/ 8/ 20\n- Số khe SIM: 2 nano SIM\n- Dung lượng pin: 1800 mAh\nKhuyến mãi: - Giảm 5% không giới hạn khuyến mãi qua Homepaylater\n- Giảm 50% tối đa 700k khi mở thẻ tín dụng Vpbank trên SenID\n- Giảm 20% tối đa 500k khi mở thẻ tín dụng TPBank EVO\n- Giảm 1% tối đa 100.000đ khi thanh toán qua Zalopay\n\nTên sản phẩm: điện thoại di động masstel izi 20 4g - chính hãng\nMàu: Không có thông tin\nGiá: Không có thông tin\nThông số kỹ thuật: - Công nghệ màn hình: QQVGA, Màu: 262K\n- Độ phân giải: 128*160\n- Kích thước màn hình: 1.77 inch\n- Vi xử lý: UMS9117\n- Bộ nhớ trong: 128MB\n- RAM: 48MB\n- Dung lượng pin: 1700 mAh\nKhuyến mãi: Không có khuyến mãi']",Điện thoại di động izi 10 4G hỗ trợ công nghệ mạng 4G VoLTE.,"[{'statement': 'Điện thoại di động izi 10 4G hỗ trợ công nghệ mạng 4G VoLTE.', 'reason': [""Trong phần thông tin về sản phẩm 'điện thoại di động izi 10 4g - chính hãng', mục 'Mạng di động' có ghi 'Hỗ trợ 4G VoLTE'.""], 'verdict': 1}]",0.0,15.67,2025-08-20 17:27:16
211,Màu sắc của nubia redmagic 7 obsidian 12gb 128gb là gì?,Màu sắc của nubia redmagic 7 obsidian 12gb 128gb là màu OBSIDIAN.,"['Tên sản phẩm: nubia redmagic 7 obsidian 12gb 128gb - chính hãng\nMàu: OBSIDIAN\nGiá: 15,990,000 ₫\nThông số kỹ thuật: Không có thông tin\nKhuyến mãi: - Ưu đãi trả góp 0% qua Shinhan Finance hoặc Mirae Asset Finance\n- Giảm 5% không giới hạn khuyến mãi qua Homepaylater\n- Giảm thêm tới 700.000đ khi thanh toán qua Kredivo.\n- Giảm 50% tối đa 700k khi mở thẻ tín dụng Vpbank trên SenID\n- Giảm 20% tối đa 500k khi mở thẻ tín dụng TPBank EVO\n- Mở thẻ tín dụng VIB\n- Nhận Voucher 600.000đ\n\nTên sản phẩm: điện thoại nubia redmagic 7 pusar 16gb 256gb - chính hãng\nMàu: PUSAR\nGiá: 18,990,000 ₫\nThông số kỹ thuật: Không có thông tin\nKhuyến mãi: - Ưu đãi trả góp 0% qua Shinhan Finance hoặc Mirae Asset Finance\n- Giảm 5% không giới hạn khuyến mãi qua Homepaylater\n- Giảm thêm tới 700.000đ khi thanh toán qua Kredivo.\n- Giảm 50% tối đa 700k khi mở thẻ tín dụng Vpbank trên SenID\n- Giảm 20% tối đa 500k khi mở thẻ tín dụng TPBank EVO\n- Mở thẻ tín dụng VIB\n- Nhận Voucher 600.000đ\n\nTên sản phẩm: điện thoại nubia red magic 8 pro\nMàu: Không có thông tin\nGiá: Giá: Liên hệ\nThông số kỹ thuật: - Công nghệ màn hình: AMOLED\n- Độ phân giải: 1116 x 2480 pixels, Camera góc rộng: 50MP, f/1.8, 1/1.57 inch, 1.0µm, PDAF, Camera góc siêu rộng: 8MP, f/2.2, 120˚, 13mm, 1/4.0 inch, 1.12µm, Camera macro: 2 MP, f/2.4, Camera góc rộng: 16MP\n- Kích thước màn hình: 6.8 inch\n- Hệ điều hành: Android 13\n- Vi xử lý: Snapdragon 8 Gen 2 (4 nm)\n- Bộ nhớ trong: 128 GB\n- RAM: 8GB\n- Mạng di động: 5G\n- Số khe SIM: 2 SIM (Nano-SIM)\n- Dung lượng pin: 6000 mAh\nKhuyến mãi: - Giảm 5% không giới hạn khuyến mãi qua Homepaylater\n- Giảm 50% tối đa 700k khi mở thẻ tín dụng Vpbank trên SenID\n- Giảm 20% tối đa 500k khi mở thẻ tín dụng TPBank EVO\n\nTên sản phẩm: điện thoại redmi note 12 (8gb/128gb) - chính hãng\nMàu: Xanh Lá, Màu Vàng, Xanh Dương, Màu Đen\nGiá: 3,990,000 ₫\nThông số kỹ thuật: - Công nghệ màn hình: Dot Display - AMOLED, Tần số quét 120Hz, Gam màu chuẩn DCI-P3\n- Độ phân giải: 1080x2400, Camera Chính 50MP f/1.8, Camera Góc siêu rộng 8MP f/2.2, Góc Rộng 120°, Camera Cận cảnh 2MP f/2.4, 13MP f/2.45\n- Kích thước màn hình: 6.67 inch\n- Hệ điều hành: MIUI 14 Trên nền tảng Android 13\n- Vi xử lý: Qualcomm Snapdragon 685\n- Bộ nhớ trong: 128GB\n- RAM: 8GB\n- Mạng di động: 2G, 3G, 4G\n- Số khe SIM: 2 nano SIM\n- Dung lượng pin: 5000 mAh\nKhuyến mãi: - Ưu đãi trả góp 0% qua Shinhan Finance hoặc Mirae Asset Finance\n- Giảm 5% không giới hạn khuyến mãi qua Homepaylater\n- Giảm thêm tới 700.000đ khi thanh toán qua Kredivo.\n- Giảm 50% tối đa 700k khi mở thẻ tín dụng Vpbank trên SenID\n- Giảm 20% tối đa 500k khi mở thẻ tín dụng TPBank EVO\n- Mở thẻ tín dụng VIB\n- Nhận Voucher 600.000đ\n- Giảm 1% tối đa 100.000đ khi thanh toán qua Zalopay']",Màu của nubia redmagic 7 obsidian 12gb 128gb là OBSIDIAN.,"[{'statement': 'Màu của nubia redmagic 7 obsidian 12gb 128gb là OBSIDIAN.', 'reason': [""Trong ngữ cảnh, sản phẩm 'nubia redmagic 7 obsidian 12gb 128gb - chính hãng' được liệt kê với màu 'OBSIDIAN'.""], 'verdict': 1}]",0.0,11.38,2025-08-20 17:27:22
206,Điện thoại itel Vision 1 Pro có màn hình kích thước bao nhiêu?,Điện thoại itel Vision 1 Pro có màn hình kích thước 6.52 inch.,"['Tên sản phẩm: điện thoại itel vision 1 pro (3gb/32gb) - chính hãng\nMàu: Không có thông tin\nGiá: Không có thông tin\nThông số kỹ thuật: - Công nghệ màn hình: IPS LCD\n- Độ phân giải: HD+ (720 x 1600 Pixels), Chính 8 MP & Phụ VGA, 5 MP\n- Kích thước màn hình: 6.52 inch\n- Hệ điều hành: Android 10 (Go Edition)\n- Vi xử lý: Spreadtrum SC9832E\n- Bộ nhớ trong: 32 GB\n- RAM: 3GB\n- Mạng di động: Hỗ trợ 4G\n- Số khe SIM: 2 Nano SIM, Hỗ trợ 4G\n- Dung lượng pin: 4000 mAh\nKhuyến mãi: Không có khuyến mãi\n\nTên sản phẩm: điện thoại itel magic x pro - 2 sim, 4g - chính hãng\nMàu: Đen, Xanh Dương\nGiá: 650,000 ₫\nThông số kỹ thuật: - Công nghệ màn hình: TN\n- Độ phân giải: QVGA (240×320), 0.3MP\n- Kích thước màn hình: 2.4 inch\n- Vi xử lý: USM9117\n- Bộ nhớ trong: 128 MB\n- RAM: 64MB\n- Mạng di động: 2G, 3G, 4G\n- Số khe SIM: 2 Micro SIM\n- Dung lượng pin: 2500 mAh\nKhuyến mãi: - Giảm 5% không giới hạn khuyến mãi qua Homepaylater\n- Giảm 50% tối đa 700k khi mở thẻ tín dụng Vpbank trên SenID\n- Giảm 20% tối đa 500k khi mở thẻ tín dụng TPBank EVO\n- Giảm 1% tối đa 100.000đ khi thanh toán qua Zalopay\n\nTên sản phẩm: điện thoại itel s23 (8gb/128gb) - chính hãng\nMàu: Đen, Trắng\nGiá: 2,490,000 ₫\nThông số kỹ thuật: - Công nghệ màn hình: IPS LCD, 90Hz\n- Độ phân giải: HD+ (720x1612), Camera chính 50 MP f/1.6 AF, Camera phụ 0.08 MP, 8 MP\n- Kích thước màn hình: 6.56 inch\n- Hệ điều hành: Android 12\n- Vi xử lý: Unisoc T606\n- Bộ nhớ trong: 128GB\n- RAM: 8GB\n- Mạng di động: 2G, 3G, 4G\n- Số khe SIM: 2 nano SIM\n- Dung lượng pin: 5000 mAh\nKhuyến mãi: - KM 1\n- Sản phẩm đang thuộc chương trình Flash sale (Số lượng có hạn)\n\nTên sản phẩm: điện thoại itel it9010 - 2 sim, 4g - chính hãng\nMàu: Xanh Dương, Xanh Lá\nGiá: 420,000 ₫\nThông số kỹ thuật: - Công nghệ màn hình: LCD\n- Độ phân giải: QQVGA (128x160), 0.08 MP\n- Kích thước màn hình: 1.77 inch\n- Bộ nhớ trong: 128 MB\n- RAM: 48MB\n- Mạng di động: 2G, 3G, 4G\n- Số khe SIM: 2 Micro SIM\n- Dung lượng pin: 1000 mAh\nKhuyến mãi: - Giảm 5% không giới hạn khuyến mãi qua Homepaylater\n- Giảm 50% tối đa 700k khi mở thẻ tín dụng Vpbank trên SenID\n- Giảm 20% tối đa 500k khi mở thẻ tín dụng TPBank EVO\n- Giảm 1% tối đa 100.000đ khi thanh toán qua Zalopay']",Kích thước màn hình của điện thoại itel Vision 1 Pro là 6.52 inch.,"[{'statement': 'Điện thoại itel Vision 1 Pro có kích thước màn hình là 6.52 inch.', 'reason': [""Trong phần thông số kỹ thuật của sản phẩm 'điện thoại itel vision 1 pro (3gb/32gb) - chính hãng', có ghi rõ 'Kích thước màn hình: 6.52 inch'.""], 'verdict': 1}]",0.0,56.44,2025-08-20 17:27:24
208,Bộ nhớ trong của samsung galaxy z flip4 là bao nhiêu?,Bộ nhớ trong của Samsung Galaxy Z Flip4 là 256GB.,"['Tên sản phẩm: samsung galaxy z flip4 - 256gb - chính hãng\nMàu: Không có thông tin\nGiá: Không có thông tin\nThông số kỹ thuật: - Công nghệ màn hình: Chính: Dynamic AMOLED 2X, Phụ: Super AMOLED\n- Độ phân giải: Chính: FHD+ (2640 x 1080 Pixels) x Phụ: (260 x 512 Pixels), 2 camera 12 MP, 10 MP\n- Kích thước màn hình: Chính 6.7 inch & Phụ 1.9 inch\n- Hệ điều hành: Android 12\n- Vi xử lý: Snapdragon 8+ Gen 1 8 nhân\n- Bộ nhớ trong: 256GB\n- RAM: 8GB\n- Mạng di động: Hỗ trợ 5G\n- Số khe SIM: 1 Nano SIM & 1 eSIM\n- Dung lượng pin: 3700 mAh\nKhuyến mãi: Không có khuyến mãi\n\nTên sản phẩm: \ufeff samsung galaxy z flip4 -128gb - chính hãng\nMàu: Không có thông tin\nGiá: Không có thông tin\nThông số kỹ thuật: - Công nghệ màn hình: Chính: Dynamic AMOLED 2X, Phụ: Super AMOLED\n- Độ phân giải: Chính: FHD+ (2640 x 1080 Pixels) x Phụ: (260 x 512 Pixels), 2 camera 12 MP, 10 MP\n- Kích thước màn hình: Chính 6.7 inch & Phụ 1.9 inch\n- Hệ điều hành: Android 12\n- Vi xử lý: Snapdragon 8+ Gen 1 8 nhân\n- Bộ nhớ trong: 128 GB\n- RAM: 8GB\n- Mạng di động: Hỗ trợ 5G\n- Số khe SIM: 1 Nano SIM & 1 eSIM\n- Dung lượng pin: 3700 mAh\nKhuyến mãi: Không có khuyến mãi\n\nTên sản phẩm: điện thoại samsung galaxy z flip5 8gb/256gb - chính hãng\nMàu: Xanh, Màu Tím, Kem, Màu Xám\nGiá: 16,990,000 ₫\nThông số kỹ thuật: - Công nghệ màn hình: Chính: Dynamic AMOLED 2X, Phụ: Super AMOLED, Tần số quét Chính: 120 Hz & Phụ: 60 Hz\n- Độ phân giải: MH Chính: FHD+ (2640 x 1080 Pixels), MH Phụ: HD+ (720 x 748 Pixels), 12 MP (2Camera), 10 MP\n- Kích thước màn hình: Chính 6.7 inch, 3.4 inch\n- Hệ điều hành: Android 13\n- Vi xử lý: Snapdragon 8 Gen 2\n- Bộ nhớ trong: 256GB\n- RAM: 8GB\n- Mạng di động: Hỗ trợ 5G\n- Số khe SIM: 1 Nano SIM & 1 eSIM\n- Dung lượng pin: 3700 mAh\nKhuyến mãi: - KM 1\n- Tặng gói Samsung care+ 6 tháng\n- KM 2\n- Tặng Ốp lưng thông minh Nhập hội linh hoạt Galaxy Z Flip5 trị giá 1.990.000đ\n- KM 3\n- Trả góp tới 06 tháng không lãi suất, trả trước 0 đồng với Samsung Finance+.\n\nTên sản phẩm: điện thoại  samsung galaxy z flip5 8gb/512gb - chính hãng\nMàu: Xanh, Kem, Màu Tím, Màu Xám\nGiá: 18,990,000 ₫\nThông số kỹ thuật: - Công nghệ màn hình: Chính: Dynamic AMOLED 2X, Phụ: Super AMOLED, Tần số quét Chính: 120 Hz & Phụ: 60 Hz\n- Độ phân giải: MH Chính: FHD+ (2640 x 1080 Pixels), MH Phụ: HD+ (720 x 748 Pixels), 12 MP (2Camera), 10 MP\n- Kích thước màn hình: Chính 6.7 inch, 3.4 inch\n- Hệ điều hành: Android 13\n- Vi xử lý: Snapdragon 8 Gen 2\n- Bộ nhớ trong: 512GB\n- RAM: 8GB\n- Mạng di động: Hỗ trợ 5G\n- Số khe SIM: 1 Nano SIM & 1 eSIM\n- Dung lượng pin: 3700 mAh\nKhuyến mãi: - KM 1\n- Tặng gói Samsung care+ 6 tháng\n- KM 2\n- Trả góp tới 06 tháng không lãi suất, trả trước 0 đồng với Samsung Finance+.\n- KM 3\n- Giảm thêm 1.000.000đ cho khách hàng thân thiết (Chi tiết LH 1900 2091)']",Bộ nhớ trong của Samsung Galaxy Z Flip4 là 256 GB ở phiên bản 256 GB hoặc 128 GB ở phiên bản 128 GB.,"[{'statement': 'Bộ nhớ trong của Samsung Galaxy Z Flip4 là 256 GB ở phiên bản 256 GB.', 'reason': [""Trong ngữ cảnh, sản phẩm 'samsung galaxy z flip4 - 256gb - chính hãng' được liệt kê với thông số kỹ thuật 'Bộ nhớ trong: 256GB'.""], 'verdict': 1}, {'statement': 'Bộ nhớ trong của Samsung Galaxy Z Flip4 là 128 GB ở phiên bản 128 GB.', 'reason': [""Trong ngữ cảnh, sản phẩm 'samsung galaxy z flip4 -128gb - chính hãng' được liệt kê với thông số kỹ thuật 'Bộ nhớ trong: 128 GB'.""], 'verdict': 1}]",0.0,49.16,2025-08-20 17:27:35
212,Điện thoại realme c35 có loại vi xử lý nào?,Điện thoại realme c35 có vi xử lý Unisoc T616 8 nhân.,"['Tên sản phẩm: điện thoại realme c35 - 4gb/128gb - chính hãng\nMàu: Màu Đen, Xanh\nGiá: 4,490,000 ₫\nThông số kỹ thuật: - Công nghệ màn hình: IPS LCD\n- Độ phân giải: Full HD+ (1080 x 2408 Pixels), Chính 50 MP & Phụ 2 MP, 0.3 MP, 8 MP\n- Kích thước màn hình: 6.6 inch\n- Hệ điều hành: Android 11\n- Vi xử lý: Unisoc T616 8 nhân\n- Bộ nhớ trong: 128 GB\n- RAM: 4GB\n- Mạng di động: Hỗ trợ 4G\n- Số khe SIM: 2 Nano SIM\n- Dung lượng pin: 5000 mAh\nKhuyến mãi: - Ưu đãi trả góp 0% qua Shinhan Finance hoặc Mirae Asset Finance\n- Giảm 5% không giới hạn khuyến mãi qua Homepaylater\n- Giảm thêm tới 700.000đ khi thanh toán qua Kredivo.\n- Giảm 50% tối đa 700k khi mở thẻ tín dụng Vpbank trên SenID\n- Giảm 20% tối đa 500k khi mở thẻ tín dụng TPBank EVO\n- Mở thẻ tín dụng VIB\n- Nhận Voucher 600.000đ\n- Giảm 1% tối đa 100.000đ khi thanh toán qua Zalopay\n\nTên sản phẩm: điện thoại realme c35 - 4gb/64gb - chính hãng\nMàu: Màu Đen, Xanh\nGiá: 3,090,000 ₫\nThông số kỹ thuật: - Công nghệ màn hình: IPS LCD\n- Độ phân giải: Full HD+ (1080 x 2408 Pixels), Chính 50 MP & Phụ 2 MP, 0.3 MP, 8 MP\n- Hệ điều hành: Android 11\n- Vi xử lý: Unisoc T616 8 nhân\n- Bộ nhớ trong: 64 GB\n- RAM: 4GB\n- Mạng di động: Hỗ trợ 4G\n- Số khe SIM: 2 Nano SIM\n- Dung lượng pin: 5000 mAh\nKhuyến mãi: - Ưu đãi trả góp 0% qua Shinhan Finance hoặc Mirae Asset Finance\n- Giảm 5% không giới hạn khuyến mãi qua Homepaylater\n- Giảm thêm tới 700.000đ khi thanh toán qua Kredivo.\n- Giảm 50% tối đa 700k khi mở thẻ tín dụng Vpbank trên SenID\n- Giảm 20% tối đa 500k khi mở thẻ tín dụng TPBank EVO\n- Mở thẻ tín dụng VIB\n- Nhận Voucher 600.000đ\n- Giảm 1% tối đa 100.000đ khi thanh toán qua Zalopay\n\nTên sản phẩm: điện thoại realme c25 - chính hãng\nMàu: Không có thông tin\nGiá: Không có thông tin\nThông số kỹ thuật: - Công nghệ màn hình: IPS LCD\n- Độ phân giải: HD+ (720 x 1600 Pixels), Chính 48 MP & Phụ 2 MP, 2 MP, 8 MP\n- Hệ điều hành: Android 11\n- Vi xử lý: MediaTek Helio G70\n- Bộ nhớ trong: 128 GB\n- RAM: 4GB\n- Mạng di động: Hỗ trợ 4G\n- Số khe SIM: 2 Nano SIM\n- Dung lượng pin: 6000 mAh\nKhuyến mãi: Không có khuyến mãi\n\nTên sản phẩm: điện thoại realme c15 - chính hãng\nMàu: Không có thông tin\nGiá: Không có thông tin\nThông số kỹ thuật: - Công nghệ màn hình: IPS LCD\n- Độ phân giải: HD+ (720 x 1600 Pixels), Chính 13 & Phụ 8 MP, 2 MP, 2 MP, 8 MP\n- Hệ điều hành: Android 10\n- Vi xử lý: Snapdragon 460 8 nhân\n- Bộ nhớ trong: 64 GB\n- RAM: 4GB\n- Mạng di động: Hỗ trợ 4G\n- Số khe SIM: 2 Nano SIM\n- Dung lượng pin: 6000 mAh\nKhuyến mãi: Không có khuyến mãi']",Vi xử lý: Unisoc T616 8 nhân,"[{'statement': 'Điện thoại realme c35 sử dụng vi xử lý Unisoc T616 8 nhân.', 'reason': [""Trong ngữ cảnh được cung cấp, cả hai phiên bản của điện thoại realme c35 (4gb/128gb và 4gb/64gb) đều có thông số kỹ thuật ghi rõ 'Vi xử lý: Unisoc T616 8 nhân'.""], 'verdict': 1}]",0.0,19.19,2025-08-20 17:27:36
214,Giá của điện thoại nubia redmagic 7 pusar 16gb 256gb - chính hãng là bao nhiêu?,"Giá của điện thoại nubia redmagic 7 pusar 16gb 256gb - chính hãng là 18,990,000 ₫.","['Tên sản phẩm: điện thoại nubia redmagic 7 pusar 16gb 256gb - chính hãng\nMàu: PUSAR\nGiá: 18,990,000 ₫\nThông số kỹ thuật: Không có thông tin\nKhuyến mãi: - Ưu đãi trả góp 0% qua Shinhan Finance hoặc Mirae Asset Finance\n- Giảm 5% không giới hạn khuyến mãi qua Homepaylater\n- Giảm thêm tới 700.000đ khi thanh toán qua Kredivo.\n- Giảm 50% tối đa 700k khi mở thẻ tín dụng Vpbank trên SenID\n- Giảm 20% tối đa 500k khi mở thẻ tín dụng TPBank EVO\n- Mở thẻ tín dụng VIB\n- Nhận Voucher 600.000đ\n\nTên sản phẩm: nubia redmagic 7 obsidian 12gb 128gb - chính hãng\nMàu: OBSIDIAN\nGiá: 15,990,000 ₫\nThông số kỹ thuật: Không có thông tin\nKhuyến mãi: - Ưu đãi trả góp 0% qua Shinhan Finance hoặc Mirae Asset Finance\n- Giảm 5% không giới hạn khuyến mãi qua Homepaylater\n- Giảm thêm tới 700.000đ khi thanh toán qua Kredivo.\n- Giảm 50% tối đa 700k khi mở thẻ tín dụng Vpbank trên SenID\n- Giảm 20% tối đa 500k khi mở thẻ tín dụng TPBank EVO\n- Mở thẻ tín dụng VIB\n- Nhận Voucher 600.000đ\n\nTên sản phẩm: điện thoại nubia red magic 8 pro\nMàu: Không có thông tin\nGiá: Giá: Liên hệ\nThông số kỹ thuật: - Công nghệ màn hình: AMOLED\n- Độ phân giải: 1116 x 2480 pixels, Camera góc rộng: 50MP, f/1.8, 1/1.57 inch, 1.0µm, PDAF, Camera góc siêu rộng: 8MP, f/2.2, 120˚, 13mm, 1/4.0 inch, 1.12µm, Camera macro: 2 MP, f/2.4, Camera góc rộng: 16MP\n- Kích thước màn hình: 6.8 inch\n- Hệ điều hành: Android 13\n- Vi xử lý: Snapdragon 8 Gen 2 (4 nm)\n- Bộ nhớ trong: 128 GB\n- RAM: 8GB\n- Mạng di động: 5G\n- Số khe SIM: 2 SIM (Nano-SIM)\n- Dung lượng pin: 6000 mAh\nKhuyến mãi: - Giảm 5% không giới hạn khuyến mãi qua Homepaylater\n- Giảm 50% tối đa 700k khi mở thẻ tín dụng Vpbank trên SenID\n- Giảm 20% tối đa 500k khi mở thẻ tín dụng TPBank EVO\n\nTên sản phẩm: điện thoại nubia neo 5g 8gb/256gb - chính hãng\nMàu: Màu Vàng, Màu Đen\nGiá: 4,290,000 ₫\nThông số kỹ thuật: - Công nghệ màn hình: ISP LCD, 120Hz\n- Độ phân giải: Full HD+ (1080 x 2408 pixels), 50 MP (góc rộng), 2 MP, 8 MP\n- Kích thước màn hình: 6.6  inch\n- Vi xử lý: Unisoc T820\n- Bộ nhớ trong: 256GB, UFS 2.2\n- RAM: 8GB\n- Số khe SIM: 2 SIM, Nano SIM\n- Dung lượng pin: 4500 mAh\nKhuyến mãi: - KM 1\n- Sản phẩm đang thuộc chương trình Flash sale (Số lượng có hạn)']","Giá của điện thoại Nubia RedMagic 7 PUSAR 16GB 256GB - chính hãng là 18,990,000 ₫.","[{'statement': 'Giá của điện thoại Nubia RedMagic 7 PUSAR 16GB 256GB - chính hãng là 18,990,000 ₫.', 'reason': [""Thông tin trong ngữ cảnh xác nhận rằng 'Tên sản phẩm: điện thoại nubia redmagic 7 pusar 16gb 256gb - chính hãng' có 'Giá: 18,990,000 ₫'.""], 'verdict': 1}]",0.0,18.33,2025-08-20 17:27:43
215,Điện thoại Nokia C21 Plus có bộ nhớ trong là bao nhiêu?,Bộ nhớ trong của điện thoại Nokia C21 Plus là 32GB.,"['Tên sản phẩm: điện thoại nokia c21 plus (2gb/32gb) - chính hãng\nMàu: Không có thông tin\nGiá: Không có thông tin\nThông số kỹ thuật: - Công nghệ màn hình: TFT LCD\n- Độ phân giải: HD+ (720 x 1600 Pixels), Chính 13 MP & Phụ 2 MP\n- Hệ điều hành: Android 11 (Go Edition)\n- Vi xử lý: Spreadtrum SC9863A 8 nhân\n- Bộ nhớ trong: 32GB\n- RAM: 2GB\n- Mạng di động: Hỗ trợ 4G\n- Số khe SIM: 2 Nano SIM\n- Dung lượng pin: 4000 mAh\nKhuyến mãi: Không có khuyến mãi\n\nTên sản phẩm: điện thoại nokia c21 plus (3gb/32gb) - chính hãng\nMàu: Không có thông tin\nGiá: Không có thông tin\nThông số kỹ thuật: - Độ phân giải: HD+ (720 x 1600 Pixels), Chính 13 MP & Phụ 2 MP\n- Hệ điều hành: Android 11 (Go Edition)\n- Vi xử lý: Spreadtrum SC9863A 8 nhân\n- Bộ nhớ trong: 32 GB\n- RAM: 3GB\n- Mạng di động: Hỗ trợ 4G\n- Số khe SIM: 2 Nano SIM\n- Dung lượng pin: 5050 mAh\nKhuyến mãi: Không có khuyến mãi\n\nTên sản phẩm: điện thoại nokia c21 plus (2gb/64gb) - chính hãng\nMàu: Không có thông tin\nGiá: Không có thông tin\nThông số kỹ thuật: - Công nghệ màn hình: Đang cập nhật\n- Độ phân giải: HD+ (720 x 1600 Pixels), Chính 13 MP & Phụ 2 MP\n- Hệ điều hành: Android 11 (Go Edition)\n- Vi xử lý: Spreadtrum SC9863A 8 nhân\n- Bộ nhớ trong: 64 GB\n- RAM: 2GB\n- Mạng di động: Hỗ trợ 4G\n- Số khe SIM: 2 Nano SIM\n- Dung lượng pin: 5050 mAh\nKhuyến mãi: Không có khuyến mãi\n\nTên sản phẩm: điện thoại nokia c21 plus (3gb/64gb) - chính hãng\nMàu: Không có thông tin\nGiá: Không có thông tin\nThông số kỹ thuật: - Công nghệ màn hình: Đang cập nhật\n- Độ phân giải: HD+ (720 x 1600 Pixels), Chính 13 MP & Phụ 2 MP\n- Hệ điều hành: Android 11 (Go Edition)\n- Vi xử lý: Spreadtrum SC9863A 8 nhân\n- Bộ nhớ trong: 64 GB\n- RAM: 3GB\n- Mạng di động: Hỗ trợ 4G\n- Số khe SIM: 2 Nano SIM\n- Dung lượng pin: 5050 mAh\nKhuyến mãi: Không có khuyến mãi']","Bộ nhớ trong của Nokia C21 Plus là 32 GB ở các phiên bản 2GB/32GB và 3GB/32GB, hoặc 64 GB ở các phiên bản 2GB/64GB và 3GB/64GB.","[{'statement': 'Điện thoại Nokia C21 Plus có phiên bản bộ nhớ trong 32GB với RAM 2GB.', 'reason': [""Thông tin được xác nhận trong ngữ cảnh đầu tiên: 'Tên sản phẩm: điện thoại nokia c21 plus (2gb/32gb) - chính hãng', 'Bộ nhớ trong: 32GB', 'RAM: 2GB'.""], 'verdict': 1}, {'statement': 'Điện thoại Nokia C21 Plus có phiên bản bộ nhớ trong 32GB với RAM 3GB.', 'reason': [""Thông tin được xác nhận trong ngữ cảnh thứ hai: 'Tên sản phẩm: điện thoại nokia c21 plus (3gb/32gb) - chính hãng', 'Bộ nhớ trong: 32 GB', 'RAM: 3GB'.""], 'verdict': 1}, {'statement': 'Điện thoại Nokia C21 Plus có phiên bản bộ nhớ trong 64GB với RAM 2GB.', 'reason': [""Thông tin được xác nhận trong ngữ cảnh thứ ba: 'Tên sản phẩm: điện thoại nokia c21 plus (2gb/64gb) - chính hãng', 'Bộ nhớ trong: 64 GB', 'RAM: 2GB'.""], 'verdict': 1}, {'statement': 'Điện thoại Nokia C21 Plus có phiên bản bộ nhớ trong 64GB với RAM 3GB.', 'reason': [""Thông tin được xác nhận trong ngữ cảnh cuối cùng: 'Tên sản phẩm: điện thoại nokia c21 plus (3gb/64gb) - chính hãng', 'Bộ nhớ trong: 64 GB', 'RAM: 3GB'.""], 'verdict': 1}]",0.0,65.76,2025-08-20 17:28:42
217,Màu sắc nào điện thoại vivo t1x 4gb/64gb có sẵn?,"Điện thoại vivo T1x 4GB/64GB có sẵn hai màu: Xanh, Màu Đen.","['Tên sản phẩm: điện thoại vivo t1x 4gb/64gb- chính hãng\nMàu: Xanh, Màu Đen\nGiá: 3,490,000 ₫\nThông số kỹ thuật: - Công nghệ màn hình: 6.58” FHD+ LCD màn hình Halo\n- Độ phân giải: 50MP x 2MP x 2MP, 8MP\n- Hệ điều hành: Android 12\n- Vi xử lý: Qualcomm Snapdragon 680\n- Bộ nhớ trong: 64GB\n- RAM: 4GB(+1GB)\n- Dung lượng pin: 5000 mAh\nKhuyến mãi: - Ưu đãi trả góp 0% qua Shinhan Finance hoặc Mirae Asset Finance\n- Giảm 5% không giới hạn khuyến mãi qua Homepaylater\n- Giảm thêm tới 700.000đ khi thanh toán qua Kredivo.\n- Giảm 50% tối đa 700k khi mở thẻ tín dụng Vpbank trên SenID\n- Giảm 20% tối đa 500k khi mở thẻ tín dụng TPBank EVO\n- Mở thẻ tín dụng VIB\n- Nhận Voucher 600.000đ\n- Giảm 1% tối đa 100.000đ khi thanh toán qua Zalopay\n\nTên sản phẩm: điện thoại vivo t1x 8gb/128gb- chính hãng\nMàu: Màu Đen, Xanh\nGiá: 5,390,000 ₫\nThông số kỹ thuật: - Công nghệ màn hình: 6.58” FHD+ LCD màn hình Halo\n- Độ phân giải: 50MP x 2MP x 2MP, 8MP\n- Hệ điều hành: Android 12\n- Vi xử lý: SDM 680\n- Bộ nhớ trong: 128GB\n- RAM: 8GB\n- Dung lượng pin: 5000 mAh\nKhuyến mãi: - Ưu đãi trả góp 0% qua Shinhan Finance hoặc Mirae Asset Finance\n- Giảm 5% không giới hạn khuyến mãi qua Homepaylater\n- Giảm thêm tới 700.000đ khi thanh toán qua Kredivo.\n- Giảm 50% tối đa 700k khi mở thẻ tín dụng Vpbank trên SenID\n- Giảm 20% tối đa 500k khi mở thẻ tín dụng TPBank EVO\n- Mở thẻ tín dụng VIB\n- Nhận Voucher 600.000đ\n- Giảm 1% tối đa 100.000đ khi thanh toán qua Zalopay\n\nTên sản phẩm: điện thoại vivo t1 5g - chính hãng\nMàu: Màu Đen, Xanh\nGiá: 7,250,000 ₫\nThông số kỹ thuật: - Công nghệ màn hình: 6.44 inch FHD+ AMOLED\n- Độ phân giải: 64MP x 8MP x 2MP, 16MP\n- Hệ điều hành: Android 12\n- Vi xử lý: SDM 778G\n- Bộ nhớ trong: 128GB\n- RAM: 8GB\n- Dung lượng pin: 4700 mAh\nKhuyến mãi: - Ưu đãi trả góp 0% qua Shinhan Finance hoặc Mirae Asset Finance\n- Giảm 5% không giới hạn khuyến mãi qua Homepaylater\n- Giảm thêm tới 700.000đ khi thanh toán qua Kredivo.\n- Giảm 50% tối đa 700k khi mở thẻ tín dụng Vpbank trên SenID\n- Giảm 20% tối đa 500k khi mở thẻ tín dụng TPBank EVO\n- Mở thẻ tín dụng VIB\n- Nhận Voucher 600.000đ\n- Giảm 1% tối đa 100.000đ khi thanh toán qua Zalopay\n\nTên sản phẩm: điện thoại vivo y02t 4gb/64gb- chính hãng\nMàu: Không có thông tin\nGiá: Không có thông tin\nThông số kỹ thuật: - Công nghệ màn hình: LCD (IPS)\n- Độ phân giải: 1600 × 720 (HD+), 8 MP, 5 MP\n- Kích thước màn hình: 6.51  inch\n- Hệ điều hành: Funtouch OS 13 (Android 13 edition)\n- Vi xử lý: Helio P35\n- Bộ nhớ trong: 64GB\n- RAM: 4GB\n- Mạng di động: 4G\n- Số khe SIM: 2 nano SIMs + 1 microSD\n- Dung lượng pin: 5000 mAh\nKhuyến mãi: Không có khuyến mãi']",Xanh và Màu Đen,"[{'statement': 'Điện thoại vivo t1x 4gb/64gb có sẵn màu Xanh.', 'reason': [""Trong ngữ cảnh được cung cấp, sản phẩm 'điện thoại vivo t1x 4gb/64gb- chính hãng' có liệt kê màu 'Xanh'.""], 'verdict': 1}, {'statement': 'Điện thoại vivo t1x 4gb/64gb có sẵn màu Đen.', 'reason': [""Trong ngữ cảnh được cung cấp, sản phẩm 'điện thoại vivo t1x 4gb/64gb- chính hãng' có liệt kê màu 'Màu Đen'.""], 'verdict': 1}]",0.0,64.77,2025-08-20 17:28:49
213,Dung lượng pin của điện thoại nokia c21 plus là bao nhiêu?,5050 mAh,"['Tên sản phẩm: điện thoại nokia c21 plus (3gb/32gb) - chính hãng\nMàu: Không có thông tin\nGiá: Không có thông tin\nThông số kỹ thuật: - Độ phân giải: HD+ (720 x 1600 Pixels), Chính 13 MP & Phụ 2 MP\n- Hệ điều hành: Android 11 (Go Edition)\n- Vi xử lý: Spreadtrum SC9863A 8 nhân\n- Bộ nhớ trong: 32 GB\n- RAM: 3GB\n- Mạng di động: Hỗ trợ 4G\n- Số khe SIM: 2 Nano SIM\n- Dung lượng pin: 5050 mAh\nKhuyến mãi: Không có khuyến mãi\n\nTên sản phẩm: điện thoại nokia c21 plus (2gb/32gb) - chính hãng\nMàu: Không có thông tin\nGiá: Không có thông tin\nThông số kỹ thuật: - Công nghệ màn hình: TFT LCD\n- Độ phân giải: HD+ (720 x 1600 Pixels), Chính 13 MP & Phụ 2 MP\n- Hệ điều hành: Android 11 (Go Edition)\n- Vi xử lý: Spreadtrum SC9863A 8 nhân\n- Bộ nhớ trong: 32GB\n- RAM: 2GB\n- Mạng di động: Hỗ trợ 4G\n- Số khe SIM: 2 Nano SIM\n- Dung lượng pin: 4000 mAh\nKhuyến mãi: Không có khuyến mãi\n\nTên sản phẩm: điện thoại nokia c21 plus (3gb/64gb) - chính hãng\nMàu: Không có thông tin\nGiá: Không có thông tin\nThông số kỹ thuật: - Công nghệ màn hình: Đang cập nhật\n- Độ phân giải: HD+ (720 x 1600 Pixels), Chính 13 MP & Phụ 2 MP\n- Hệ điều hành: Android 11 (Go Edition)\n- Vi xử lý: Spreadtrum SC9863A 8 nhân\n- Bộ nhớ trong: 64 GB\n- RAM: 3GB\n- Mạng di động: Hỗ trợ 4G\n- Số khe SIM: 2 Nano SIM\n- Dung lượng pin: 5050 mAh\nKhuyến mãi: Không có khuyến mãi\n\nTên sản phẩm: điện thoại nokia c21 plus (2gb/64gb) - chính hãng\nMàu: Không có thông tin\nGiá: Không có thông tin\nThông số kỹ thuật: - Công nghệ màn hình: Đang cập nhật\n- Độ phân giải: HD+ (720 x 1600 Pixels), Chính 13 MP & Phụ 2 MP\n- Hệ điều hành: Android 11 (Go Edition)\n- Vi xử lý: Spreadtrum SC9863A 8 nhân\n- Bộ nhớ trong: 64 GB\n- RAM: 2GB\n- Mạng di động: Hỗ trợ 4G\n- Số khe SIM: 2 Nano SIM\n- Dung lượng pin: 5050 mAh\nKhuyến mãi: Không có khuyến mãi']",Dung lượng pin của điện thoại Nokia C21 Plus là 5050 mAh cho các phiên bản 3GB/32GB và 3GB/64GB; phiên bản 2GB/32GB chỉ 4000 mAh.,"[{'statement': 'Dung lượng pin của điện thoại Nokia C21 Plus phiên bản 3GB/32GB là 5050 mAh.', 'reason': ['The context confirms that the Nokia C21 Plus (3GB/32GB) has a battery capacity of 5050 mAh.'], 'verdict': 1}, {'statement': 'Dung lượng pin của điện thoại Nokia C21 Plus phiên bản 3GB/64GB là 5050 mAh.', 'reason': ['The context confirms that the Nokia C21 Plus (3GB/64GB) has a battery capacity of 5050 mAh.'], 'verdict': 1}, {'statement': 'Phiên bản 2GB/32GB của điện thoại Nokia C21 Plus có dung lượng pin 4000 mAh.', 'reason': ['The context confirms that the Nokia C21 Plus (2GB/32GB) has a battery capacity of 4000 mAh.'], 'verdict': 1}]",0.0,88.08,2025-08-20 17:28:51
218,Điện thoại realme C35 có dung lượng RAM là bao nhiêu?,Điện thoại realme C35 có dung lượng RAM là 4GB.,"['Tên sản phẩm: điện thoại realme c35 - 4gb/128gb - chính hãng\nMàu: Màu Đen, Xanh\nGiá: 4,490,000 ₫\nThông số kỹ thuật: - Công nghệ màn hình: IPS LCD\n- Độ phân giải: Full HD+ (1080 x 2408 Pixels), Chính 50 MP & Phụ 2 MP, 0.3 MP, 8 MP\n- Kích thước màn hình: 6.6 inch\n- Hệ điều hành: Android 11\n- Vi xử lý: Unisoc T616 8 nhân\n- Bộ nhớ trong: 128 GB\n- RAM: 4GB\n- Mạng di động: Hỗ trợ 4G\n- Số khe SIM: 2 Nano SIM\n- Dung lượng pin: 5000 mAh\nKhuyến mãi: - Ưu đãi trả góp 0% qua Shinhan Finance hoặc Mirae Asset Finance\n- Giảm 5% không giới hạn khuyến mãi qua Homepaylater\n- Giảm thêm tới 700.000đ khi thanh toán qua Kredivo.\n- Giảm 50% tối đa 700k khi mở thẻ tín dụng Vpbank trên SenID\n- Giảm 20% tối đa 500k khi mở thẻ tín dụng TPBank EVO\n- Mở thẻ tín dụng VIB\n- Nhận Voucher 600.000đ\n- Giảm 1% tối đa 100.000đ khi thanh toán qua Zalopay\n\nTên sản phẩm: điện thoại realme c35 - 4gb/64gb - chính hãng\nMàu: Màu Đen, Xanh\nGiá: 3,090,000 ₫\nThông số kỹ thuật: - Công nghệ màn hình: IPS LCD\n- Độ phân giải: Full HD+ (1080 x 2408 Pixels), Chính 50 MP & Phụ 2 MP, 0.3 MP, 8 MP\n- Hệ điều hành: Android 11\n- Vi xử lý: Unisoc T616 8 nhân\n- Bộ nhớ trong: 64 GB\n- RAM: 4GB\n- Mạng di động: Hỗ trợ 4G\n- Số khe SIM: 2 Nano SIM\n- Dung lượng pin: 5000 mAh\nKhuyến mãi: - Ưu đãi trả góp 0% qua Shinhan Finance hoặc Mirae Asset Finance\n- Giảm 5% không giới hạn khuyến mãi qua Homepaylater\n- Giảm thêm tới 700.000đ khi thanh toán qua Kredivo.\n- Giảm 50% tối đa 700k khi mở thẻ tín dụng Vpbank trên SenID\n- Giảm 20% tối đa 500k khi mở thẻ tín dụng TPBank EVO\n- Mở thẻ tín dụng VIB\n- Nhận Voucher 600.000đ\n- Giảm 1% tối đa 100.000đ khi thanh toán qua Zalopay\n\nTên sản phẩm: điện thoại realme c3 - 3gb/32gb - chính hãng\nMàu: Không có thông tin\nGiá: Không có thông tin\nThông số kỹ thuật: - Công nghệ màn hình: IPS LCD\n- Độ phân giải: HD+ (720 x 1600 Pixels), Chính 12 MP & Phụ 2 MP, 2 MP, 5 MP\n- Kích thước màn hình: 6.5 inch\n- Bộ nhớ trong: 32 GB\n- RAM: 3GB\n- Mạng di động: Hỗ trợ 4G\n- Số khe SIM: 2 Nano SIM\n- Dung lượng pin: 5000 mAh\nKhuyến mãi: Không có khuyến mãi\n\nTên sản phẩm: điện thoại realme c33 3gb/32gb - chính hãng\nMàu: Xanh biển, Đen Tuyền\nGiá: 2,290,000 ₫\nThông số kỹ thuật: - Công nghệ màn hình: LCD\n- Độ phân giải: HD+  720X1600 pixel, 50MP x 0.3 MP, 5MP\n- Kích thước màn hình: 6.5 inch\n- Hệ điều hành: realme UI S Edition, Trên nền tảng Android 12\n- Vi xử lý: Unisoc T612\n- Bộ nhớ trong: 32GB\n- RAM: 3GB\n- Số khe SIM: 2 nano SIM\n- Dung lượng pin: 5000 mAh\nKhuyến mãi: - Giảm 5% không giới hạn khuyến mãi qua Homepaylater\n- Giảm 50% tối đa 700k khi mở thẻ tín dụng Vpbank trên SenID\n- Giảm 20% tối đa 500k khi mở thẻ tín dụng TPBank EVO\n- Giảm 1% tối đa 100.000đ khi thanh toán qua Zalopay']",RAM của điện thoại realme C35 là 4 GB.,"[{'statement': 'Điện thoại realme C35 có dung lượng RAM là 4 GB.', 'reason': ['Ngữ cảnh cung cấp thông tin về hai phiên bản của điện thoại realme C35 (bộ nhớ trong 128GB và 64GB) và cả hai đều có RAM là 4GB.'], 'verdict': 1}]",0.0,14.75,2025-08-20 17:28:58
219,Kích thước bộ nhớ trong của điện thoại samsung galaxy a23 là bao nhiêu?,Kích thước bộ nhớ trong của điện thoại Samsung Galaxy A23 là 128GB.,"['Tên sản phẩm: điện thoại samsung galaxy a23 4gb/128gb - chính hãng\nMàu: Không có thông tin\nGiá: Không có thông tin\nThông số kỹ thuật: - Công nghệ màn hình: PLS TFT LCD\n- Độ phân giải: Full HD+ (1080 x 2408 Pixels), Chính 50 MP & Phụ 5 MP, 2 MP, 2 MP, 8 MP\n- Hệ điều hành: Android 12\n- Vi xử lý: Qualcomm Qualcomm Snapdragon 680\n- Bộ nhớ trong: 128 GB\n- RAM: 4GB\n- Mạng di động: Hỗ trợ 4G\n- Số khe SIM: 2 Nano SIM\n- Dung lượng pin: 5000 mAh\nKhuyến mãi: Không có khuyến mãi\n\nTên sản phẩm: samsung galaxy a23 5g - chính hãng\nMàu: Không có thông tin\nGiá: Không có thông tin\nThông số kỹ thuật: - Công nghệ màn hình: PLS LCD\n- Độ phân giải: 1080 x 2408 pixels, 50.0 MP x 5.0 MP x 2.0 MP x 2.0 MP, 8.0 MP\n- Kích thước màn hình: 6.6 inch\n- Hệ điều hành: Android 12\n- Vi xử lý: SnapDragon 695 5G\n- Bộ nhớ trong: 128 GB\n- RAM: 4GB\n- Mạng di động: Hỗ trợ 5G\n- Số khe SIM: SIM Kép\n- Dung lượng pin: 5000 mAh\nKhuyến mãi: Không có khuyến mãi\n\nTên sản phẩm: điện thoại samsung galaxy s23 - 8gb/128gb - chính hãng\nMàu: Không có thông tin\nGiá: Không có thông tin\nThông số kỹ thuật: - Độ phân giải: 2340 x 1080 (Màn hình phẳng FHD+), 50MP x 12MP x10MP, 12MP\n- Kích thước màn hình: 6.1  inch\n- Vi xử lý: Snapdragon® 8 Gen 2 Mobile Platform for Galaxy\n- Bộ nhớ trong: 128GB\n- RAM: 8GB\n- Mạng di động: Hỗ trợ 5G\n- Dung lượng pin: 3900 mAh\nKhuyến mãi: Không có khuyến mãi\n\nTên sản phẩm: điện thoại samsung galaxy s23 - 8gb/256gb - chính hãng\nMàu: Không có thông tin\nGiá: Không có thông tin\nThông số kỹ thuật: - Độ phân giải: 2340 x 1080 (Màn hình phẳng FHD+), 50MP x 12MP x10MP, 12MP\n- Kích thước màn hình: 6.1  inch\n- Vi xử lý: Snapdragon® 8 Gen 2 Mobile Platform for Galaxy\n- Bộ nhớ trong: 256GB\n- RAM: 8GB\n- Mạng di động: Hỗ trợ 5G\n- Dung lượng pin: 3900 mAh\nKhuyến mãi: Không có khuyến mãi']",Bộ nhớ trong của điện thoại Samsung Galaxy A23 là 128 GB.,"[{'statement': 'Bộ nhớ trong của điện thoại Samsung Galaxy A23 là 128 GB.', 'reason': ['Ngữ cảnh đề cập đến hai phiên bản của Samsung Galaxy A23 (4G và 5G) và cả hai đều có bộ nhớ trong là 128GB.'], 'verdict': 1}]",0.0,10.17,2025-08-20 17:29:00
220,Điện thoại Xiaomi Redmi 10C 4GB/128GB sử dụng vi xử lý nào?,Điện thoại Xiaomi Redmi 10C 4GB/128GB sử dụng vi xử lý Qualcomm Snapdragon 680.,"['Tên sản phẩm: điện thoại xiaomi redmi 10c 4gb/128gb chính hãng\nMàu: Không có thông tin\nGiá: Không có thông tin\nThông số kỹ thuật: - Công nghệ màn hình: IPS LCD\n- Độ phân giải: HD+ (720 x 1600 Pixels), • 50MP main camera, - f/1.8, - 4-in-1 pixel binning, • 2MP depth camera, - f/2.4, 5MP front camera, - f/2.2\n- Kích thước màn hình: 6.71 inch\n- Hệ điều hành: Android 11\n- Vi xử lý: Qualcomm Snapdragon 680\n- Bộ nhớ trong: 128 GB\n- RAM: 4GB\n- Số khe SIM: 2 Nano SIM\n- Dung lượng pin: 5000 mAh\nKhuyến mãi: Không có khuyến mãi\n\nTên sản phẩm: điện thoại xiaomi redmi note 10 6gb/128gb - chính hãng\nMàu: Không có thông tin\nGiá: Không có thông tin\nThông số kỹ thuật: - Công nghệ màn hình: AMOLED\n- Độ phân giải: Full HD+ (1080 x 2400 Pixels), Chính 48 MP & Phụ 8 MP, 2 MP, 2 MP, 13 MP\n- Kích thước màn hình: 6.43 inch\n- Hệ điều hành: Android 11\n- Vi xử lý: Snapdragon 678 8 nhân\n- Bộ nhớ trong: 128 GB\n- RAM: 6GB\n- Mạng di động: Hỗ trợ 4G\n- Số khe SIM: 2 Nano SIM\n- Dung lượng pin: 5000 mAh\nKhuyến mãi: Không có khuyến mãi\n\nTên sản phẩm: điện thoại xiaomi redmi note 10 5g - chính hãng\nMàu: Không có thông tin\nGiá: Không có thông tin\nThông số kỹ thuật: - Công nghệ màn hình: IPS LCD\n- Độ phân giải: Full HD+ (1080 x 2400 Pixels), Chính 48 MP & Phụ 2 MP, 2 MP, 8 MP\n- Hệ điều hành: Android 11\n- Vi xử lý: MediaTek Dimensity 700 8 nhân\n- Bộ nhớ trong: 128 GB\n- RAM: 4GB\n- Mạng di động: Hỗ trợ 5G\n- Số khe SIM: 2 Nano SIM\n- Dung lượng pin: 5000 mAh\nKhuyến mãi: Không có khuyến mãi\n\nTên sản phẩm: điện thoại xiaomi redmi 12 8gb/128gb\nMàu: Bạc, Màu Đen, Xanh Dương\nGiá: 3,490,000 ₫\nThông số kỹ thuật: - Độ phân giải: Full HD, 2460 × 1080, 396ppi, Camera chính 50MP, - Khẩu độ f/1.8, Camera selfie 8MP, - f/2.1\n- Cổng kết nối: Type-C\n- Trọng lượng: 198.5g\n- Công nghệ màn hình: FHD+ LCD\n- Kích thước màn hình: 6.79 inch\n- Hệ điều hành: MIUI 14 trên nền Android 13\n- Vi xử lý: MediaTek Helio G88\n- Bộ nhớ trong: 128GB\n- RAM: 8GB\n- Số khe SIM: SIM1 + Khe kết hợp (SIM hoặc thẻ microSD)\n- Dung lượng pin: 5,000mAh (typ)4\nKhuyến mãi: - Ưu đãi trả góp 0% qua Shinhan Finance hoặc Mirae Asset Finance\n- Giảm 5% không giới hạn khuyến mãi qua Homepaylater\n- Giảm thêm tới 700.000đ khi thanh toán qua Kredivo.\n- Giảm 50% tối đa 700k khi mở thẻ tín dụng Vpbank trên SenID\n- Giảm 20% tối đa 500k khi mở thẻ tín dụng TPBank EVO\n- Mở thẻ tín dụng VIB\n- Nhận Voucher 600.000đ\n- Giảm 1% tối đa 100.000đ khi thanh toán qua Zalopay']",Vi xử lý của điện thoại Xiaomi Redmi 10C 4GB/128GB là Qualcomm Snapdragon 680.,"[{'statement': 'Điện thoại Xiaomi Redmi 10C 4GB/128GB sử dụng vi xử lý Qualcomm Snapdragon 680.', 'reason': [""Thông tin này được xác nhận trong ngữ cảnh, dưới phần thông tin sản phẩm 'điện thoại xiaomi redmi 10c 4gb/128gb chính hãng', có mục 'Vi xử lý: Qualcomm Snapdragon 680'.""], 'verdict': 1}]",0.0,17.06,2025-08-20 17:29:10
221,Công nghệ màn hình của điện thoại Samsung Galaxy A33 5G là gì?,Công nghệ màn hình của Samsung Galaxy A33 5G là Super AMOLED.,"['Tên sản phẩm: điện thoại samsung galaxy a33 5g - chính hãng\nMàu: Không có thông tin\nGiá: Không có thông tin\nThông số kỹ thuật: - Công nghệ màn hình: Super AMOLED\n- Độ phân giải: Full HD+ (1080 x 2400 Pixels), Chính 48 MP & Phụ 8 MP, 5 MP, 2 MP, 13 MP\n- Kích thước màn hình: 6.4 inch\n- Hệ điều hành: Android 12\n- Vi xử lý: Exynos 1280 8 nhân\n- Bộ nhớ trong: 128 GB\n- RAM: 6GB\n- Mạng di động: Hỗ trợ 5G\n- Số khe SIM: 2 Nano SIM (SIM 2 chung khe thẻ nhớ)\n- Dung lượng pin: 5000 mAh, 25 W, Sạc pin nhanh\nKhuyến mãi: Không có khuyến mãi\n\nTên sản phẩm: samsung galaxy a53 5g - chính hãng\nMàu: Không có thông tin\nGiá: Không có thông tin\nThông số kỹ thuật: - Công nghệ màn hình: Super AMOLED\n- Độ phân giải: Full HD+ (1080 x 2400 Pixels), Chính 64 MP & Phụ 12 MP, 5 MP, 5 MP, 32 MP\n- Hệ điều hành: Android 12\n- Vi xử lý: Exynos 1280 8 nhân\n- Bộ nhớ trong: 128 GB\n- RAM: 8GB\n- Mạng di động: Hỗ trợ 5G\n- Số khe SIM: 2 Nano SIM (SIM 2 chung khe thẻ nhớ)\n- Dung lượng pin: 5000 mAh\nKhuyến mãi: Không có khuyến mãi\n\nTên sản phẩm: điện thoại samsung galaxy a34 5g 8gb/128gb - chính hãng\nMàu: Không có thông tin\nGiá: Không có thông tin\nThông số kỹ thuật: - Công nghệ màn hình: Super AMOLED , 120Hz ,19.5:9\n- Độ phân giải: FHD+, 8MP F2.2 (Siêu Rộng), 48MP F1.8 OIS (Rộng), 5MP F2.4 (Cận cảnh), 13MP F2.2\n- Kích thước màn hình: 6.6 inch\n- Vi xử lý: Dimensity 1080 – 5nm, (Octa Core 2 x 2.6GHz + 6 x 2.0GHz)\n- Bộ nhớ trong: 128GB\n- RAM: 8GB\n- Mạng di động: 5G\n- Dung lượng pin: 5000 mAh\nKhuyến mãi: Không có khuyến mãi\n\nTên sản phẩm: samsung galaxy a23 5g - chính hãng\nMàu: Không có thông tin\nGiá: Không có thông tin\nThông số kỹ thuật: - Công nghệ màn hình: PLS LCD\n- Độ phân giải: 1080 x 2408 pixels, 50.0 MP x 5.0 MP x 2.0 MP x 2.0 MP, 8.0 MP\n- Kích thước màn hình: 6.6 inch\n- Hệ điều hành: Android 12\n- Vi xử lý: SnapDragon 695 5G\n- Bộ nhớ trong: 128 GB\n- RAM: 4GB\n- Mạng di động: Hỗ trợ 5G\n- Số khe SIM: SIM Kép\n- Dung lượng pin: 5000 mAh\nKhuyến mãi: Không có khuyến mãi']",Công nghệ màn hình của điện thoại Samsung Galaxy A33 5G là Super AMOLED.,"[{'statement': 'Công nghệ màn hình của điện thoại Samsung Galaxy A33 5G là Super AMOLED.', 'reason': ['Trong ngữ cảnh có thông tin về sản phẩm ""điện thoại samsung galaxy a33 5g - chính hãng"" và thông số kỹ thuật ""Công nghệ màn hình: Super AMOLED"" được liệt kê.'], 'verdict': 1}]",0.0,12.23,2025-08-20 17:29:11
222,Điện thoại itel 9210 4g có hỗ trợ mạng di động nào?,Điện thoại itel 9210 4g hỗ trợ mạng di động 4G.,"['Tên sản phẩm: điện thoại itel 9210 4g - chính hãng\nMàu: Không có thông tin\nGiá: Không có thông tin\nThông số kỹ thuật: - Công nghệ màn hình: LCD\n- Độ phân giải: QVGA (240 x 320 Pixels), 0.3 MP\n- Kích thước màn hình: 2.4 inch\n- Hệ điều hành: Không có\n- Bộ nhớ trong: 128 MB\n- RAM: 64MB\n- Mạng di động: Hỗ trợ 4G\n- Số khe SIM: 2 Micro SIM\n- Dung lượng pin: 1900 mAh\nKhuyến mãi: Không có khuyến mãi\n\nTên sản phẩm: điện thoại itel it9010 - 2 sim, 4g - chính hãng\nMàu: Xanh Dương, Xanh Lá\nGiá: 420,000 ₫\nThông số kỹ thuật: - Công nghệ màn hình: LCD\n- Độ phân giải: QQVGA (128x160), 0.08 MP\n- Kích thước màn hình: 1.77 inch\n- Bộ nhớ trong: 128 MB\n- RAM: 48MB\n- Mạng di động: 2G, 3G, 4G\n- Số khe SIM: 2 Micro SIM\n- Dung lượng pin: 1000 mAh\nKhuyến mãi: - Giảm 5% không giới hạn khuyến mãi qua Homepaylater\n- Giảm 50% tối đa 700k khi mở thẻ tín dụng Vpbank trên SenID\n- Giảm 20% tối đa 500k khi mở thẻ tín dụng TPBank EVO\n- Giảm 1% tối đa 100.000đ khi thanh toán qua Zalopay\n\nTên sản phẩm: điện thoại itel magic x pro - 2 sim, 4g - chính hãng\nMàu: Đen, Xanh Dương\nGiá: 650,000 ₫\nThông số kỹ thuật: - Công nghệ màn hình: TN\n- Độ phân giải: QVGA (240×320), 0.3MP\n- Kích thước màn hình: 2.4 inch\n- Vi xử lý: USM9117\n- Bộ nhớ trong: 128 MB\n- RAM: 64MB\n- Mạng di động: 2G, 3G, 4G\n- Số khe SIM: 2 Micro SIM\n- Dung lượng pin: 2500 mAh\nKhuyến mãi: - Giảm 5% không giới hạn khuyến mãi qua Homepaylater\n- Giảm 50% tối đa 700k khi mở thẻ tín dụng Vpbank trên SenID\n- Giảm 20% tối đa 500k khi mở thẻ tín dụng TPBank EVO\n- Giảm 1% tối đa 100.000đ khi thanh toán qua Zalopay\n\nTên sản phẩm: điện thoại nokia 8210 4g - chính hãng\nMàu: Màu Vàng, Xanh, Đỏ\nGiá: 1,490,000 ₫\nThông số kỹ thuật: - Công nghệ màn hình: Đang cập nhật\n- Độ phân giải: QVGA (240 x 320 Pixels), 0.3 MP\n- Hệ điều hành: Series 30+\n- Vi xử lý: Unisoc T107\n- Bộ nhớ trong: 128 MB\n- RAM: 48MB\n- Mạng di động: Hỗ trợ 4G\n- Số khe SIM: 2 Nano SIM\n- Dung lượng pin: 1450 mAh\nKhuyến mãi: - Giảm 5% không giới hạn khuyến mãi qua Homepaylater\n- Giảm 50% tối đa 700k khi mở thẻ tín dụng Vpbank trên SenID\n- Giảm 20% tối đa 500k khi mở thẻ tín dụng TPBank EVO\n- Giảm 1% tối đa 100.000đ khi thanh toán qua Zalopay']",Điện thoại itel 9210 4g chỉ hỗ trợ mạng 4G.,"[{'statement': 'Điện thoại itel 9210 4g chỉ hỗ trợ mạng 4G.', 'reason': [""Ngữ cảnh chỉ nói rằng điện thoại itel 9210 4g 'Hỗ trợ 4G', không có thông tin nào cho biết nó 'chỉ' hỗ trợ mạng 4G mà không hỗ trợ các mạng khác như 2G hay 3G.""], 'verdict': 0}]",1.0,18.2,2025-08-20 17:29:19
225,Kích thước màn hình của điện thoại di động masstel izi 20 4g là bao nhiêu?,Kích thước màn hình của điện thoại di động masstel izi 20 4g là 1.77 inch.,"['Tên sản phẩm: điện thoại di động masstel izi 20 4g - chính hãng\nMàu: Không có thông tin\nGiá: Không có thông tin\nThông số kỹ thuật: - Công nghệ màn hình: QQVGA, Màu: 262K\n- Độ phân giải: 128*160\n- Kích thước màn hình: 1.77 inch\n- Vi xử lý: UMS9117\n- Bộ nhớ trong: 128MB\n- RAM: 48MB\n- Dung lượng pin: 1700 mAh\nKhuyến mãi: Không có khuyến mãi\n\nTên sản phẩm: điện thoại di động masstel izi t2 4g - chính hãng\nMàu: Xanh, Màu Đen\nGiá: 480,000 ₫\nThông số kỹ thuật: - Công nghệ màn hình: QVGA, Màu màn hình: 16.7M\n- Độ phân giải: 240*320\n- Kích thước màn hình: 2.4 inch\n- Vi xử lý: T107 (UMS9117)\n- Bộ nhớ trong: ROM 128MB, Danh bạ lưu được 2000 số\n- RAM: 48MB\n- Mạng di động: GSM: 900/1800MHz, WCDMA: 900/2100 MHz, 4G-LTE: B1/ 3/ 7/ 8/ 20\n- Số khe SIM: 2 nano SIM\n- Dung lượng pin: 1800 mAh\nKhuyến mãi: - Giảm 5% không giới hạn khuyến mãi qua Homepaylater\n- Giảm 50% tối đa 700k khi mở thẻ tín dụng Vpbank trên SenID\n- Giảm 20% tối đa 500k khi mở thẻ tín dụng TPBank EVO\n- Giảm 1% tối đa 100.000đ khi thanh toán qua Zalopay\n\nTên sản phẩm: điện thoại di động masstel izi 12 4g - chính hãng\nMàu: Blue, Màu Đen, Black - Red\nGiá: 450,000 ₫\nThông số kỹ thuật: - Công nghệ màn hình: QQVGA, Màu màn hình: 262K\n- Độ phân giải: 128*160\n- Kích thước màn hình: 1.77 inch\n- Vi xử lý: ums9117\n- Bộ nhớ trong: 128MB\n- RAM: 48MB\n- Mạng di động:   inchGSM: 900/1800MHz  WCMA: 900/2100MHz, 4G-LTE: B1/3/7/ 8/20 inch\n- Số khe SIM: 2 nano SIM\n- Dung lượng pin: 1000 mAh\nKhuyến mãi: - Giảm 5% không giới hạn khuyến mãi qua Homepaylater\n- Giảm 50% tối đa 700k khi mở thẻ tín dụng Vpbank trên SenID\n- Giảm 20% tối đa 500k khi mở thẻ tín dụng TPBank EVO\n- Giảm 1% tối đa 100.000đ khi thanh toán qua Zalopay\n\nTên sản phẩm: điện thoại di động masstel izi 30 - chính hãng\nMàu: Màu Vàng, Màu Đen\nGiá: 600,000 ₫\nThông số kỹ thuật: - Công nghệ màn hình: QVGA, Màu màn hình 16.7M\n- Độ phân giải: 240*320\n- Kích thước màn hình: 2.4 inch\n- Vi xử lý: T107 (UMS9117)\n- Bộ nhớ trong: 128MB\n- RAM: 48MB\n- Mạng di động: GSM: 900/1800MHz, WCDMA: 900/2100 MHz, 4G-LTE: B1/ 3/ 7/ 8/ 20\n- Số khe SIM: 2 nano SIM\n- Dung lượng pin: 1800 mAh\nKhuyến mãi: - Giảm 5% không giới hạn khuyến mãi qua Homepaylater\n- Giảm 50% tối đa 700k khi mở thẻ tín dụng Vpbank trên SenID\n- Giảm 20% tối đa 500k khi mở thẻ tín dụng TPBank EVO\n- Giảm 1% tối đa 100.000đ khi thanh toán qua Zalopay']",Kích thước màn hình của điện thoại di động masstel izi 20 4g là 1.77 inch.,"[{'statement': 'Kích thước màn hình của điện thoại di động masstel izi 20 4g là 1.77 inch.', 'reason': [""Trong ngữ cảnh, thông tin về sản phẩm 'điện thoại di động masstel izi 20 4g' có ghi rõ 'Kích thước màn hình: 1.77 inch'.""], 'verdict': 1}]",0.0,10.57,2025-08-20 17:29:31
224,Masstel Fami 12 4G có những chương trình khuyến mãi nào hiện tại?,"Masstel Fami 12 4G hiện có các chương trình khuyến mãi sau: giảm 5% không giới hạn qua Homepaylater, giảm 50% tối đa 700k khi mở thẻ tín dụng Vpbank trên SenID, giảm 20% tối đa 500k khi mở thẻ tín dụng TPBank EVO, và giảm 1% tối đa 100.000đ khi thanh toán qua Zalopay.","['Tên sản phẩm: điện thoại di động masstel fami 12 4g - chính hãng\nMàu: Navy, Gold, Màu Đen\nGiá: 650,000 ₫\nThông số kỹ thuật: - Công nghệ màn hình: QQVGA\n- Độ phân giải: 128*160, 0.08MP\n- Kích thước màn hình: 1.77 inch\n- Bộ nhớ trong: 256MB\n- RAM: 48MB\n- Số khe SIM: 2 nano SIM\n- Dung lượng pin: 1400 mAh\nKhuyến mãi: - Giảm 5% không giới hạn khuyến mãi qua Homepaylater\n- Giảm 50% tối đa 700k khi mở thẻ tín dụng Vpbank trên SenID\n- Giảm 20% tối đa 500k khi mở thẻ tín dụng TPBank EVO\n- Giảm 1% tối đa 100.000đ khi thanh toán qua Zalopay\n\nTên sản phẩm: điện thoại di động masstel fami 12s 4g - chính hãng\nMàu: Màu Đen, Xanh\nGiá: 600,000 ₫\nThông số kỹ thuật: - Công nghệ màn hình: QQVGA\n- Kích thước màn hình: 1.77 inch\n- Dung lượng pin: 1400 mAh\nKhuyến mãi: - Giảm 5% không giới hạn khuyến mãi qua Homepaylater\n- Giảm 50% tối đa 700k khi mở thẻ tín dụng Vpbank trên SenID\n- Giảm 20% tối đa 500k khi mở thẻ tín dụng TPBank EVO\n- Giảm 1% tối đa 100.000đ khi thanh toán qua Zalopay\n\nTên sản phẩm: điện thoại di động masstel fami 60 4g - chính hãng\nMàu: Gold, Black\nGiá: 740,000 ₫\nThông số kỹ thuật: - Công nghệ màn hình: TFT LCD\n- Độ phân giải: 176 x 220 Pixels, Không có\n- Hệ điều hành: Không có\n- Vi xử lý: Unisoc UIS8910\n- Bộ nhớ trong: 24 MB\n- RAM: 16GB\n- Mạng di động: Hỗ trợ 4G VoLTE\n- Số khe SIM: 2 Nano SIM\n- Dung lượng pin: 2000 mAh\nKhuyến mãi: - Giảm 5% không giới hạn khuyến mãi qua Homepaylater\n- Giảm 50% tối đa 700k khi mở thẻ tín dụng Vpbank trên SenID\n- Giảm 20% tối đa 500k khi mở thẻ tín dụng TPBank EVO\n- Giảm 1% tối đa 100.000đ khi thanh toán qua Zalopay\n\nTên sản phẩm: điện thoại di động masstel izi 12 4g - chính hãng\nMàu: Blue, Màu Đen, Black - Red\nGiá: 450,000 ₫\nThông số kỹ thuật: - Công nghệ màn hình: QQVGA, Màu màn hình: 262K\n- Độ phân giải: 128*160\n- Kích thước màn hình: 1.77 inch\n- Vi xử lý: ums9117\n- Bộ nhớ trong: 128MB\n- RAM: 48MB\n- Mạng di động:   inchGSM: 900/1800MHz  WCMA: 900/2100MHz, 4G-LTE: B1/3/7/ 8/20 inch\n- Số khe SIM: 2 nano SIM\n- Dung lượng pin: 1000 mAh\nKhuyến mãi: - Giảm 5% không giới hạn khuyến mãi qua Homepaylater\n- Giảm 50% tối đa 700k khi mở thẻ tín dụng Vpbank trên SenID\n- Giảm 20% tối đa 500k khi mở thẻ tín dụng TPBank EVO\n- Giảm 1% tối đa 100.000đ khi thanh toán qua Zalopay']","Masstel Fami 12 4G hiện đang được khuyến mãi:

- Giảm 5 % không giới hạn khi thanh toán qua Homepaylater  
- Giảm 50 % tối đa 700k khi mở thẻ tín dụng Vpbank trên SenID  
- Giảm 20 % tối đa 500k khi mở thẻ tín dụng TPBank EVO  
- Giảm 1 % tối đa 100.000đ khi thanh toán qua Zalopay","[{'statement': 'Masstel Fami 12 4G có chương trình khuyến mãi giảm 5% không giới hạn khi thanh toán qua Homepaylater.', 'reason': [""The context explicitly lists 'Giảm 5% không giới hạn khuyến mãi qua Homepaylater' as a promotion for the 'điện thoại di động masstel fami 12 4g'.""], 'verdict': 1}, {'statement': 'Masstel Fami 12 4G có chương trình khuyến mãi giảm 50% tối đa 700k khi mở thẻ tín dụng Vpbank trên SenID.', 'reason': [""The context explicitly lists 'Giảm 50% tối đa 700k khi mở thẻ tín dụng Vpbank trên SenID' as a promotion for the 'điện thoại di động masstel fami 12 4g'.""], 'verdict': 1}, {'statement': 'Masstel Fami 12 4G có chương trình khuyến mãi giảm 20% tối đa 500k khi mở thẻ tín dụng TPBank EVO.', 'reason': [""The context explicitly lists 'Giảm 20% tối đa 500k khi mở thẻ tín dụng TPBank EVO' as a promotion for the 'điện thoại di động masstel fami 12 4g'.""], 'verdict': 1}, {'statement': 'Masstel Fami 12 4G có chương trình khuyến mãi giảm 1% tối đa 100.000đ khi thanh toán qua Zalopay.', 'reason': [""The context explicitly lists 'Giảm 1% tối đa 100.000đ khi thanh toán qua Zalopay' as a promotion for the 'điện thoại di động masstel fami 12 4g'.""], 'verdict': 1}]",0.0,19.48,2025-08-20 17:29:31
223,Vi xử lý của samsung galaxy a73 5g là gì?,Vi xử lý của Samsung Galaxy A73 5G là Snapdragon 778G 5G 8 nhân.,"['Tên sản phẩm: samsung galaxy a73 5g - chính hãng\nMàu: Không có thông tin\nGiá: Không có thông tin\nThông số kỹ thuật: - Công nghệ màn hình: Super AMOLED Plus\n- Độ phân giải: Full HD+ (1080 x 2400 Pixels), Chính 108 MP & Phụ 12 MP, 5 MP, 5 MP, 32 MP\n- Kích thước màn hình: 6.7 inch\n- Vi xử lý: Snapdragon 778G 5G 8 nhân\n- Bộ nhớ trong: 128GB\n- RAM: 8GB\n- Số khe SIM: 2 Nano SIM (SIM 2 chung khe thẻ nhớ)\n- Dung lượng pin: Li-Ion 5000 mAh\nKhuyến mãi: Không có khuyến mãi\n\nTên sản phẩm: samsung galaxy a53 5g - chính hãng\nMàu: Không có thông tin\nGiá: Không có thông tin\nThông số kỹ thuật: - Công nghệ màn hình: Super AMOLED\n- Độ phân giải: Full HD+ (1080 x 2400 Pixels), Chính 64 MP & Phụ 12 MP, 5 MP, 5 MP, 32 MP\n- Hệ điều hành: Android 12\n- Vi xử lý: Exynos 1280 8 nhân\n- Bộ nhớ trong: 128 GB\n- RAM: 8GB\n- Mạng di động: Hỗ trợ 5G\n- Số khe SIM: 2 Nano SIM (SIM 2 chung khe thẻ nhớ)\n- Dung lượng pin: 5000 mAh\nKhuyến mãi: Không có khuyến mãi\n\nTên sản phẩm: samsung galaxy a23 5g - chính hãng\nMàu: Không có thông tin\nGiá: Không có thông tin\nThông số kỹ thuật: - Công nghệ màn hình: PLS LCD\n- Độ phân giải: 1080 x 2408 pixels, 50.0 MP x 5.0 MP x 2.0 MP x 2.0 MP, 8.0 MP\n- Kích thước màn hình: 6.6 inch\n- Hệ điều hành: Android 12\n- Vi xử lý: SnapDragon 695 5G\n- Bộ nhớ trong: 128 GB\n- RAM: 4GB\n- Mạng di động: Hỗ trợ 5G\n- Số khe SIM: SIM Kép\n- Dung lượng pin: 5000 mAh\nKhuyến mãi: Không có khuyến mãi\n\nTên sản phẩm: điện thoại samsung galaxy a33 5g - chính hãng\nMàu: Không có thông tin\nGiá: Không có thông tin\nThông số kỹ thuật: - Công nghệ màn hình: Super AMOLED\n- Độ phân giải: Full HD+ (1080 x 2400 Pixels), Chính 48 MP & Phụ 8 MP, 5 MP, 2 MP, 13 MP\n- Kích thước màn hình: 6.4 inch\n- Hệ điều hành: Android 12\n- Vi xử lý: Exynos 1280 8 nhân\n- Bộ nhớ trong: 128 GB\n- RAM: 6GB\n- Mạng di động: Hỗ trợ 5G\n- Số khe SIM: 2 Nano SIM (SIM 2 chung khe thẻ nhớ)\n- Dung lượng pin: 5000 mAh, 25 W, Sạc pin nhanh\nKhuyến mãi: Không có khuyến mãi']",Vi xử lý của Samsung Galaxy A73 5G là Snapdragon 778G 5G với 8 nhân.,"[{'statement': 'Vi xử lý của Samsung Galaxy A73 5G là Snapdragon 778G 5G.', 'reason': [""Trong ngữ cảnh, thông số kỹ thuật của sản phẩm 'samsung galaxy a73 5g' có ghi 'Vi xử lý: Snapdragon 778G 5G 8 nhân'.""], 'verdict': 1}, {'statement': 'Vi xử lý Snapdragon 778G 5G có 8 nhân.', 'reason': [""Trong ngữ cảnh, thông số kỹ thuật của sản phẩm 'samsung galaxy a73 5g' có ghi 'Vi xử lý: Snapdragon 778G 5G 8 nhân', điều này xác nhận vi xử lý có 8 nhân.""], 'verdict': 1}]",0.0,28.77,2025-08-20 17:29:39
229,Kích thước màn hình của điện thoại samsung galaxy s21 fe (5g) là bao nhiêu?,Kích thước màn hình của điện thoại samsung galaxy s21 fe (5g) là 6.4 inch.,"['Tên sản phẩm: điện thoại samsung galaxy s21 fe (5g) - 8gb/128gb - chính hãng\nMàu: Không có thông tin\nGiá: Không có thông tin\nThông số kỹ thuật: - Công nghệ màn hình: Dynamic AMOLED 2X\n- Độ phân giải: Full HD+ (1080 x 2340 Pixels), Chính 12 MP & Phụ 12 MP, 8 MP, 32 MP\n- Kích thước màn hình: 6.4 inch\n- Vi xử lý: Exynos 2100 8 nhân\n- RAM: 8GB\n- Dung lượng pin: 4520 mAh\nKhuyến mãi: Không có khuyến mãi\n\nTên sản phẩm: điện thoại samsung galaxy s23 fe 5g 8gb/256gb - chính hãng\nMàu: Màu Xám, Màu Tím\nGiá: 14,890,000 ₫\nThông số kỹ thuật: - Công nghệ màn hình: Dynamic AMOLED 2X, Tần số làm tươi màn hình: 120 Hz\n- Độ phân giải: 1080 x 2340 (FHD+), Góc rộng: 50MP, Góc siêu rộng: 12MP, Zoom quang 3X: 8MP, 10MP (F2.4)\n- Kích thước màn hình: 6.4 inch\n- Hệ điều hành: Android\n- Vi xử lý: Exynos 2200\n- Bộ nhớ trong: 256GB\n- RAM: 8GB\n- Mạng di động: Có hỗ trợ 5G\n- Số khe SIM: SIM Kép (SIM 1 + SIM 2 or Embedded SIM)\n- Dung lượng pin: 4500 mAh\nKhuyến mãi: - KM 1\n- Trả góp tới 06 tháng không lãi suất, trả trước 0 đồng với Samsung Finance+.\n- KM 2\n- Giảm thêm 1.900.000đ\n\nTên sản phẩm: điện thoại samsung galaxy s23 fe 5g 8gb/128gb - chính hãng\nMàu: Màu Xám, Màu Tím\nGiá: 12,890,000 ₫\nThông số kỹ thuật: - Công nghệ màn hình: Dynamic AMOLED 2X, Tần số làm tươi màn hình: 120 Hz\n- Độ phân giải: 1080 x 2340 (FHD+), Góc rộng: 50MP, Góc siêu rộng: 12MP, Zoom quang 3X: 8MP, 10MP (F2.4)\n- Kích thước màn hình: 6.4 inch\n- Hệ điều hành: Android\n- Vi xử lý: Exynos 2200\n- Bộ nhớ trong: 128GB\n- RAM: 8GB\n- Mạng di động: Có hỗ trợ 5G\n- Số khe SIM: SIM Kép (SIM 1 + SIM 2 or Embedded SIM)\n- Dung lượng pin: 4500 mAh\nKhuyến mãi: - KM 1\n- Trả góp tới 06 tháng không lãi suất, trả trước 0 đồng với Samsung Finance+.\n- KM 2\n- Giảm thêm 1.100.000đ\n\nTên sản phẩm: điện thoại samsung galaxy s20 fe 256gb - chính hãng\nMàu: Không có thông tin\nGiá: Không có thông tin\nThông số kỹ thuật: - Công nghệ màn hình: Super AMOLED\n- Độ phân giải: Full HD+ (1080 x 2400 Pixels), Chính 12 MP & Phụ 12 MP, 8 MP, 32 MP\n- Hệ điều hành: Android 11\n- Vi xử lý: Snapdragon 865 8 nhân\n- Bộ nhớ trong: 256 GB\n- RAM: 8GB\n- Mạng di động: Hỗ trợ 4G\n- Số khe SIM: 2 Nano SIM (SIM 2 chung khe thẻ nhớ)\n- Dung lượng pin: 4500 mAh\nKhuyến mãi: Không có khuyến mãi']",Kích thước màn hình của điện thoại Samsung Galaxy S21 FE (5G) là 6.4 inch.,"[{'statement': 'Kích thước màn hình của điện thoại Samsung Galaxy S21 FE (5G) là 6.4 inch.', 'reason': [""The context explicitly states that the screen size for the 'điện thoại samsung galaxy s21 fe (5g)' is 6.4 inches.""], 'verdict': 1}]",0.0,16.03,2025-08-20 17:30:13
227,Công nghệ màn hình của điện thoại xiaomi 12 là gì?,"Công nghệ màn hình của điện thoại xiaomi 12 là AMOLED, 1 tỷ màu, HDR10+, 120Hz, tỷ lệ 20:9, kích thước 6.28 inch với độ phân giải Full HD+ (1080 x 2400 pixels) cùng Corning Gorilla Glass Victus, cảm biến vân tay trong màn hình cảm ứng điện dung đa điểm.","['Tên sản phẩm: điện thoại xiaomi 12 - chính hãng\nMàu: Không có thông tin\nGiá: Không có thông tin\nThông số kỹ thuật: - Công nghệ màn hình: AMOLED, 1 tỷ màu, HDR10+, 120Hz, tỷ lệ 20:9, 6.28  inch, Full HD+ (1080 x 2400 pixels), Corning Gorilla Glass Victus, Cảm biến vân tay trong màn hình, Cảm ứng điện dung đa điểm\n- Độ phân giải: 1080 x 2400 pixels, 50 MP, f/1.9, 26mm (góc rộng), PDAF, OIS, 13 MP, f/2.4, 12mm, 123˚ (góc siêu rộng), 5 MP, 50mm (telephoto macro), AF, Quay phim: 8K@24fps (HDR10), 4K@30fps (HDR10+), 1080p@30/120/240/960fps, 720p@1920fps, gyro-EIS, 32 MP, 26mm (góc rộng), Quay phim: 1080p@30/60fps, 720p@120fps\n- Kích thước màn hình: 6.28  inch\n- Vi xử lý: Qualcomm SM8450 Snapdragon 8 Gen 1 (4 nm), 8 nhân (1x3.00 GHz & 3x2.50 GHz & 4x1.80 GHz), GPU: Adreno 730\n- Bộ nhớ trong: 256GB\n- RAM: 8GB\n- Mạng di động: 5G\n- Số khe SIM: 2 SIM, Nano SIM\n- Dung lượng pin: Li-Po 4500 mAh, Power Delivery 3.0, Quick Charge 4+\nKhuyến mãi: Không có khuyến mãi\n\nTên sản phẩm: điện thoại xiaomi 12s ultra\nMàu: Không có thông tin\nGiá: Giá: Liên hệ\nThông số kỹ thuật: - Công nghệ màn hình: AMOLED\n- Độ phân giải: 1440 x 3200 pixels (QHD+), Camera góc rộng: 50.3 MP, f/1.9, PDAF, OIS, Tele kính tiềm vọng: 48 MP, f / 4.1, PDAF, OIS, zoom quang 5x, Camera góc siêu rộng: 48 MP, f / 2.2, Camera góc rộng: 32 MP, f/2.5\n- Kích thước màn hình: 6.73  inch\n- Hệ điều hành: Android 12, MIUI 13\n- Vi xử lý: Snapdragon 8+ gen 1 (4 nm)\n- Bộ nhớ trong: 256 GB\n- RAM: 8GB\n- Số khe SIM: 2 SIM (Nano-SIM)\n- Dung lượng pin: 4860 mAh\nKhuyến mãi: - Giảm 5% không giới hạn khuyến mãi qua Homepaylater\n- Giảm 50% tối đa 700k khi mở thẻ tín dụng Vpbank trên SenID\n- Giảm 20% tối đa 500k khi mở thẻ tín dụng TPBank EVO\n\nTên sản phẩm: điện thoại xiaomi redmi 12 8gb/128gb\nMàu: Bạc, Màu Đen, Xanh Dương\nGiá: 3,490,000 ₫\nThông số kỹ thuật: - Độ phân giải: Full HD, 2460 × 1080, 396ppi, Camera chính 50MP, - Khẩu độ f/1.8, Camera selfie 8MP, - f/2.1\n- Cổng kết nối: Type-C\n- Trọng lượng: 198.5g\n- Công nghệ màn hình: FHD+ LCD\n- Kích thước màn hình: 6.79 inch\n- Hệ điều hành: MIUI 14 trên nền Android 13\n- Vi xử lý: MediaTek Helio G88\n- Bộ nhớ trong: 128GB\n- RAM: 8GB\n- Số khe SIM: SIM1 + Khe kết hợp (SIM hoặc thẻ microSD)\n- Dung lượng pin: 5,000mAh (typ)4\nKhuyến mãi: - Ưu đãi trả góp 0% qua Shinhan Finance hoặc Mirae Asset Finance\n- Giảm 5% không giới hạn khuyến mãi qua Homepaylater\n- Giảm thêm tới 700.000đ khi thanh toán qua Kredivo.\n- Giảm 50% tối đa 700k khi mở thẻ tín dụng Vpbank trên SenID\n- Giảm 20% tối đa 500k khi mở thẻ tín dụng TPBank EVO\n- Mở thẻ tín dụng VIB\n- Nhận Voucher 600.000đ\n- Giảm 1% tối đa 100.000đ khi thanh toán qua Zalopay\n\nTên sản phẩm: điện thoại xiaomi 12t (8gb/128gb) - chính hãng\nMàu: Không có thông tin\nGiá: Không có thông tin\nThông số kỹ thuật: - Công nghệ màn hình: AMOLED DotDisplay\n- Độ phân giải: 1220x2712, Ba camera 108MP+8MP+2MP, 20MP\n- Kích thước màn hình: 6.67 inch\n- Hệ điều hành: MIUI 13, Android 12\n- Vi xử lý: Dimensity 8100-Ultra\n- Bộ nhớ trong: 128GB\n- RAM: 8GB\n- Mạng di động: Hỗ trợ 5G\n- Số khe SIM: 2 nano SIM\n- Dung lượng pin: 5000 mAh\nKhuyến mãi: Không có khuyến mãi']","Công nghệ màn hình của Xiaomi 12 là AMOLED Full HD+ (1080 × 2400 pixels), tần số quét 120Hz, hỗ trợ HDR10+, màu 1 tỷ màu, sử dụng Corning Gorilla Glass Victus, tích hợp cảm biến vân tay trong màn hình, cảm ứng điện dung đa điểm.","[{'statement': 'Công nghệ màn hình của Xiaomi 12 là AMOLED Full HD+ với độ phân giải 1080 x 2400 pixels.', 'reason': ['The context confirms that the screen technology for the Xiaomi 12 is AMOLED, Full HD+ with a resolution of 1080 x 2400 pixels.'], 'verdict': 1}, {'statement': 'Màn hình của Xiaomi 12 có tần số quét 120Hz.', 'reason': ['The context explicitly states that the Xiaomi 12 has a 120Hz screen.'], 'verdict': 1}, {'statement': 'Màn hình của Xiaomi 12 hỗ trợ HDR10+.', 'reason': ['The context lists HDR10+ as one of the screen technologies for the Xiaomi 12.'], 'verdict': 1}, {'statement': 'Màn hình của Xiaomi 12 có thể hiển thị 1 tỷ màu.', 'reason': [""The context specifies '1 tỷ màu' (1 billion colors) for the Xiaomi 12's screen.""], 'verdict': 1}, {'statement': 'Màn hình của Xiaomi 12 sử dụng kính Corning Gorilla Glass Victus.', 'reason': ['The context confirms that the Xiaomi 12 uses Corning Gorilla Glass Victus.'], 'verdict': 1}, {'statement': 'Xiaomi 12 có cảm biến vân tay tích hợp trong màn hình.', 'reason': [""The context states that the Xiaomi 12 has an in-display fingerprint sensor ('Cảm biến vân tay trong màn hình').""], 'verdict': 1}, {'statement': 'Màn hình của Xiaomi 12 là loại cảm ứng điện dung đa điểm.', 'reason': [""The context lists 'Cảm ứng điện dung đa điểm' (capacitive multi-touch) as a feature of the Xiaomi 12's screen.""], 'verdict': 1}]",0.0,43.18,2025-08-20 17:30:16
228,Giá của điện thoại di động xor x2 prime gold là bao nhiêu?,"Giá của điện thoại di động XOR X2 Prime Gold là 485,000,000 ₫.","['Tên sản phẩm: điện thoại điện thoại di động xor x2 prime gold - chính hãng\nMàu: PRIME GOLD\nGiá: 485,000,000 ₫\nThông số kỹ thuật: - Công nghệ màn hình: Kính màn hình: Sapphire\n- Hệ điều hành: Hệ điều hành XOR được xây dựng riêng biệt\nKhuyến mãi: - KM 1\n- Đồng hồ thông minh Garmin Fenix 7 Pro\n- Sapphire Solar\n- Chính Hãng\n\nTên sản phẩm: điện thoại xor titanium x2 classic bundle - chính hãng\nMàu: Đen mạnh mẽ\nGiá: 139,000,000 ₫\nThông số kỹ thuật: - Công nghệ màn hình: Kính màn hình: Sapphire\n- Hệ điều hành: Hệ điều hành XOR được xây dựng riêng biệt\nKhuyến mãi: - Giảm 5% không giới hạn khuyến mãi qua Homepaylater\n- Giảm 50% tối đa 700k khi mở thẻ tín dụng Vpbank trên SenID\n- Giảm 20% tối đa 500k khi mở thẻ tín dụng TPBank EVO\n\nTên sản phẩm: điện thoại xor titanium x2 ebony bundle - chính hãng\nMàu: Black\nGiá: 179,000,000 ₫\nThông số kỹ thuật: - Công nghệ màn hình: Kính màn hình: Sapphire\n- Hệ điều hành: Hệ điều hành XOR được xây dựng riêng biệt\nKhuyến mãi: - Giảm 5% không giới hạn khuyến mãi qua Homepaylater\n- Giảm 50% tối đa 700k khi mở thẻ tín dụng Vpbank trên SenID\n- Giảm 20% tối đa 500k khi mở thẻ tín dụng TPBank EVO\n\nTên sản phẩm: điện thoại di động honor x5 plus 4gb/64gb- chính hãng\nMàu: Màu Đen, Xanh\nGiá: 2,290,000 ₫\nThông số kỹ thuật: - Công nghệ màn hình: TFT LCD, 90Hz, Màn hình giọt nước\n- Độ phân giải: 720 × 1612, Camera 50 MP (f/1.8), Camera chân dung 2MP (f/2.4), 5 MP (f/2.2)\n- Kích thước màn hình: 6.56  inch\n- Hệ điều hành: MagicOS 7.1（Dựa trên Android 13）\n- Vi xử lý: MediaTek Helio G36\n- Bộ nhớ trong: 64GB\n- RAM: 4GB\n- Mạng di động: 4G (LTE TDD/LTE FDD), 3G (WCDMA), 2G (GSM)\n- Dung lượng pin: 5200 mAh\nKhuyến mãi: - KM 1\n- Tặng phiếu mua hàng 300.000đ.']","Giá của điện thoại di động xor x2 prime gold là 485,000,000 ₫.","[{'statement': 'Giá của điện thoại di động xor x2 prime gold là 485,000,000 ₫.', 'reason': [""The context lists the product 'điện thoại điện thoại di động xor x2 prime gold - chính hãng' and its corresponding price ('Giá') as '485,000,000 ₫'.""], 'verdict': 1}]",0.0,40.64,2025-08-20 17:30:21
230,Samsung Galaxy S22 sử dụng hệ điều hành nào?,Samsung Galaxy S22 sử dụng hệ điều hành Android 12.,"['Tên sản phẩm: điện thoại samsung galaxy s22 - 8gb/256gb - chính hãng\nMàu: Không có thông tin\nGiá: Không có thông tin\nThông số kỹ thuật: - Công nghệ màn hình: Dynamic AMOLED 2X, 10 - 120 Hz, Infinity O\n- Độ phân giải: 2340 x 1080, 12MP (UW) + 50MP (W) + 10MP (Tele), 10MP\n- Kích thước màn hình: 6.1 inch\n- Hệ điều hành: Android 12\n- Vi xử lý: Snapdragon® 8 Gen 1 (4nm)\n- Bộ nhớ trong: 256GB\n- RAM: 8GB\n- Mạng di động: Hỗ trợ 5G\n- Số khe SIM: 1 nano SIM + 1 e-SIM\n- Dung lượng pin: 3700 mAh\nKhuyến mãi: Không có khuyến mãi\n\nTên sản phẩm: điện thoại samsung galaxy s22 - 8gb/128gb - chính hãng\nMàu: Không có thông tin\nGiá: Không có thông tin\nThông số kỹ thuật: - Công nghệ màn hình: Dynamic AMOLED 2X, 10 - 120 Hz, Infinity O\n- Độ phân giải: 2340 x 1080, 12MP (UW) + 50MP (W) + 10MP (Tele), 10MP\n- Kích thước màn hình: 6.1 inch\n- Hệ điều hành: Android 12\n- Vi xử lý: Snapdragon® 8 Gen 1 (4nm)\n- Bộ nhớ trong: 128GB\n- RAM: 8GB\n- Mạng di động: Hỗ trợ 5G\n- Số khe SIM: 1 nano SIM + 1 e-SIM\n- Dung lượng pin: 3700 mAh\nKhuyến mãi: Không có khuyến mãi\n\nTên sản phẩm: điện thoại samsung galaxy s23 - 8gb/128gb - chính hãng\nMàu: Không có thông tin\nGiá: Không có thông tin\nThông số kỹ thuật: - Độ phân giải: 2340 x 1080 (Màn hình phẳng FHD+), 50MP x 12MP x10MP, 12MP\n- Kích thước màn hình: 6.1  inch\n- Vi xử lý: Snapdragon® 8 Gen 2 Mobile Platform for Galaxy\n- Bộ nhớ trong: 128GB\n- RAM: 8GB\n- Mạng di động: Hỗ trợ 5G\n- Dung lượng pin: 3900 mAh\nKhuyến mãi: Không có khuyến mãi\n\nTên sản phẩm: điện thoại samsung galaxy s23 - 8gb/256gb - chính hãng\nMàu: Không có thông tin\nGiá: Không có thông tin\nThông số kỹ thuật: - Độ phân giải: 2340 x 1080 (Màn hình phẳng FHD+), 50MP x 12MP x10MP, 12MP\n- Kích thước màn hình: 6.1  inch\n- Vi xử lý: Snapdragon® 8 Gen 2 Mobile Platform for Galaxy\n- Bộ nhớ trong: 256GB\n- RAM: 8GB\n- Mạng di động: Hỗ trợ 5G\n- Dung lượng pin: 3900 mAh\nKhuyến mãi: Không có khuyến mãi']",Hệ điều hành của Samsung Galaxy S22 là Android 12.,"[{'statement': 'Hệ điều hành của Samsung Galaxy S22 là Android 12.', 'reason': [""The context lists two Samsung Galaxy S22 models (256GB and 128GB versions), and for both, the 'Hệ điều hành' (Operating System) is specified as 'Android 12'.""], 'verdict': 1}]",0.0,11.87,2025-08-20 17:30:26
231,Dung lượng pin của điện thoại di động Masstel Izi 12 4G là bao nhiêu?,Dung lượng pin của điện thoại di động Masstel Izi 12 4G là 1000 mAh.,"['Tên sản phẩm: điện thoại di động masstel izi 12 4g - chính hãng\nMàu: Blue, Màu Đen, Black - Red\nGiá: 450,000 ₫\nThông số kỹ thuật: - Công nghệ màn hình: QQVGA, Màu màn hình: 262K\n- Độ phân giải: 128*160\n- Kích thước màn hình: 1.77 inch\n- Vi xử lý: ums9117\n- Bộ nhớ trong: 128MB\n- RAM: 48MB\n- Mạng di động:   inchGSM: 900/1800MHz  WCMA: 900/2100MHz, 4G-LTE: B1/3/7/ 8/20 inch\n- Số khe SIM: 2 nano SIM\n- Dung lượng pin: 1000 mAh\nKhuyến mãi: - Giảm 5% không giới hạn khuyến mãi qua Homepaylater\n- Giảm 50% tối đa 700k khi mở thẻ tín dụng Vpbank trên SenID\n- Giảm 20% tối đa 500k khi mở thẻ tín dụng TPBank EVO\n- Giảm 1% tối đa 100.000đ khi thanh toán qua Zalopay\n\nTên sản phẩm: điện thoại di động masstel izi t2 4g - chính hãng\nMàu: Xanh, Màu Đen\nGiá: 480,000 ₫\nThông số kỹ thuật: - Công nghệ màn hình: QVGA, Màu màn hình: 16.7M\n- Độ phân giải: 240*320\n- Kích thước màn hình: 2.4 inch\n- Vi xử lý: T107 (UMS9117)\n- Bộ nhớ trong: ROM 128MB, Danh bạ lưu được 2000 số\n- RAM: 48MB\n- Mạng di động: GSM: 900/1800MHz, WCDMA: 900/2100 MHz, 4G-LTE: B1/ 3/ 7/ 8/ 20\n- Số khe SIM: 2 nano SIM\n- Dung lượng pin: 1800 mAh\nKhuyến mãi: - Giảm 5% không giới hạn khuyến mãi qua Homepaylater\n- Giảm 50% tối đa 700k khi mở thẻ tín dụng Vpbank trên SenID\n- Giảm 20% tối đa 500k khi mở thẻ tín dụng TPBank EVO\n- Giảm 1% tối đa 100.000đ khi thanh toán qua Zalopay\n\nTên sản phẩm: điện thoại di động masstel izi 20 4g - chính hãng\nMàu: Không có thông tin\nGiá: Không có thông tin\nThông số kỹ thuật: - Công nghệ màn hình: QQVGA, Màu: 262K\n- Độ phân giải: 128*160\n- Kích thước màn hình: 1.77 inch\n- Vi xử lý: UMS9117\n- Bộ nhớ trong: 128MB\n- RAM: 48MB\n- Dung lượng pin: 1700 mAh\nKhuyến mãi: Không có khuyến mãi\n\nTên sản phẩm: điện thoại di động masstel izi 15 - chính hãng\nMàu: Màu Đen, Xanh, Đỏ Đen\nGiá: 450,000 ₫\nThông số kỹ thuật: - Công nghệ màn hình: QQVGA, Màu màn hình: 262K\n- Độ phân giải: 128*160\n- Kích thước màn hình: 1.77  inch\n- Vi xử lý: T107 (UMS9117)\n- Bộ nhớ trong: 128MB\n- Mạng di động: GSM 900/1800MHz, WCDMA: 900/2100 MHz, 4G-LTE: B1/ 3/ 7/ 8/20\n- Số khe SIM: 2 nano SIM\n- Dung lượng pin: 1000 mAh\nKhuyến mãi: - Giảm 5% không giới hạn khuyến mãi qua Homepaylater\n- Giảm 50% tối đa 700k khi mở thẻ tín dụng Vpbank trên SenID\n- Giảm 20% tối đa 500k khi mở thẻ tín dụng TPBank EVO\n- Giảm 1% tối đa 100.000đ khi thanh toán qua Zalopay']",Dung lượng pin của điện thoại Masstel Izi 12 4G là 1000 mAh.,"[{'statement': 'Dung lượng pin của điện thoại Masstel Izi 12 4G là 1000 mAh.', 'reason': [""Trong phần thông số kỹ thuật của sản phẩm 'điện thoại di động masstel izi 12 4g', có ghi rõ 'Dung lượng pin: 1000 mAh'.""], 'verdict': 1}]",0.0,16.79,2025-08-20 17:30:33
232,Điện thoại Redmi Note 11 Pro 5G có công nghệ màn hình nào?,Công nghệ màn hình của điện thoại Redmi Note 11 Pro 5G là AMOLED.,"['Tên sản phẩm: điện thoại redmi note 11 pro 5g (8gb/128gb) - chính hãng\nMàu: Màu Xám, Trắng, Xanh Dương\nGiá: 5,590,000 ₫\nThông số kỹ thuật: - Công nghệ màn hình: AMOLED\n- Độ phân giải: Full HD+ (1080 x 2400 Pixels), Chính 108 MP & Phụ 8 MP, 2 MP, 16 MP\n- Hệ điều hành: Android 11\n- Vi xử lý: Qualcomm Snapdragon 695 5G 8 nhân\n- Bộ nhớ trong: 128 GB\n- RAM: 8GB\n- Mạng di động: Hỗ trợ 5G\n- Số khe SIM: 2 Nano SIM (SIM 2 chung khe thẻ nhớ)\n- Dung lượng pin: 5000 mAh\nKhuyến mãi: - Ưu đãi trả góp 0% qua Shinhan Finance hoặc Mirae Asset Finance\n- Giảm 5% không giới hạn khuyến mãi qua Homepaylater\n- Giảm thêm tới 700.000đ khi thanh toán qua Kredivo.\n- Giảm 50% tối đa 700k khi mở thẻ tín dụng Vpbank trên SenID\n- Giảm 20% tối đa 500k khi mở thẻ tín dụng TPBank EVO\n- Mở thẻ tín dụng VIB\n- Nhận Voucher 600.000đ\n- Giảm 1% tối đa 100.000đ khi thanh toán qua Zalopay\n\nTên sản phẩm: điện thoại redmi note 11 pro (8gb/128gb) - chính hãng\nMàu: Không có thông tin\nGiá: Không có thông tin\nThông số kỹ thuật: - Công nghệ màn hình: AMOLED\n- Độ phân giải: Full HD+ (1080 x 2400 Pixels), Chính 108 MP & Phụ 8 MP, 2 MP, 2 MP, 16 MP\n- Kích thước màn hình: 6.67 inch\n- Hệ điều hành: Android 11\n- Vi xử lý: MediaTek Helio G96 8 nhân\n- Bộ nhớ trong: 128 GB\n- RAM: 8GB\n- Mạng di động: Hỗ trợ 4G\n- Số khe SIM: 2 Nano SIM (SIM 2 chung khe thẻ nhớ)\n- Dung lượng pin: 5000 mAh\nKhuyến mãi: Không có khuyến mãi\n\nTên sản phẩm: điện thoại redmi note 12 pro 5g (8gb/256gb) - chính hãng\nMàu: Màu Đen, Xanh Dương, Trắng\nGiá: 7,290,000 ₫\nThông số kỹ thuật: - Công nghệ màn hình: Dot Display, AMOLED, Tần số quét màn hình lên đến 120Hz, Gam màu rộng DCI-P3, Hỗ trợ Dolby Vision®\n- Độ phân giải: 1080x2400, Camerca góc rộng 50MP cảm biến IMX766 OIS 50MP - f/1.88, Camera siêu rộng 8MP - f/2.2, FOV 119°, Camera Macro 2MP - f/2.4, 16MP - f/2.45\n- Kích thước màn hình: 6.67 inch\n- Hệ điều hành: MIUI 14 trên nền tảng Android 12\n- Vi xử lý: MediaTek Dimensity 1080\n- Bộ nhớ trong: 256GB\n- RAM: 8GB\n- Mạng di động: 2G, 3G, 4G, 5G\n- Số khe SIM: 2 nano SIM\n- Dung lượng pin: 5000 mAh\nKhuyến mãi: - Ưu đãi trả góp 0% qua Shinhan Finance hoặc Mirae Asset Finance\n- Giảm 5% không giới hạn khuyến mãi qua Homepaylater\n- Giảm thêm tới 700.000đ khi thanh toán qua Kredivo.\n- Giảm 50% tối đa 700k khi mở thẻ tín dụng Vpbank trên SenID\n- Giảm 20% tối đa 500k khi mở thẻ tín dụng TPBank EVO\n- Mở thẻ tín dụng VIB\n- Nhận Voucher 600.000đ\n- Giảm 1% tối đa 100.000đ khi thanh toán qua Zalopay\n\nTên sản phẩm: điện thoại xiaomi redmi note 10 5g - chính hãng\nMàu: Không có thông tin\nGiá: Không có thông tin\nThông số kỹ thuật: - Công nghệ màn hình: IPS LCD\n- Độ phân giải: Full HD+ (1080 x 2400 Pixels), Chính 48 MP & Phụ 2 MP, 2 MP, 8 MP\n- Hệ điều hành: Android 11\n- Vi xử lý: MediaTek Dimensity 700 8 nhân\n- Bộ nhớ trong: 128 GB\n- RAM: 4GB\n- Mạng di động: Hỗ trợ 5G\n- Số khe SIM: 2 Nano SIM\n- Dung lượng pin: 5000 mAh\nKhuyến mãi: Không có khuyến mãi']",Công nghệ màn hình của điện thoại Redmi Note 11 Pro 5G là AMOLED.,"[{'statement': 'Công nghệ màn hình của điện thoại Redmi Note 11 Pro 5G là AMOLED.', 'reason': [""Trong phần thông số kỹ thuật của sản phẩm 'điện thoại redmi note 11 pro 5g (8gb/128gb) - chính hãng', ngữ cảnh đã nêu rõ 'Công nghệ màn hình: AMOLED'.""], 'verdict': 1}]",0.0,12.67,2025-08-20 17:30:35
233,Điện thoại oppo reno7 z 5g sử dụng hệ điều hành nào?,Điện thoại Oppo Reno7 Z 5G sử dụng hệ điều hành ColorOS 12.,"['Tên sản phẩm: điện thoại oppo reno7 z 5g - chính hãng\nMàu: Không có thông tin\nGiá: Không có thông tin\nThông số kỹ thuật: - Công nghệ màn hình: AMOLED\n- Độ phân giải: 2400 x 1080 FHD+, 60Hz\n- Kích thước màn hình: 6.43 inch\n- Hệ điều hành: ColorOS 12\n- Vi xử lý: SDM6375 5G, Octa-core\n- Bộ nhớ trong: 128GB\n- RAM: 8GB\n- Số khe SIM: 2 Nano SIM + MicroSD\n- Dung lượng pin: 4500 mAh\nKhuyến mãi: Không có khuyến mãi\n\nTên sản phẩm: điện thoại oppo reno10 5g (8gb/256gb) - chính hãng\nMàu: Xanh Dương, Màu Xám\nGiá: 8,990,000 ₫\nThông số kỹ thuật: - Công nghệ màn hình: 3D AMOLED, Tỉ lệ màn hình: 93.0%, Chế độ sống động: 100% DCI-P3, Chế độ bình thường: 100% sRGB, Màn hình 1.07 tỷ màu (10 bit)\n- Độ phân giải: FHD+ (1080 x 2412), Camera chính: 64MP; f/1.7; FOV 81°; ống kinh 6P; hỗ trợ AF; sử dụng động cơ vòng lặp mở., Telephoto: 32MP; f/2.0; FOV 49°; ống kính 6P; hỗ trợ AF; sử dụng động cơ vòng lặp mở., Góc mở rộng: 8MP; f/2.2; FOV 112°; ống kính 5P, cố định tiêu cự., Hỗ trợ 2x zoom quang học hybrid và 20x zoom kỹ thuật số., 32MP; f/2.4; FOV 89°; ống kính 5P lens, không hỗ trợ AF hay OIS\n- Kích thước màn hình: 6.7 inch\n- Hệ điều hành: ColorOS 13.1 trên nền tảng Android 13\n- Vi xử lý: MediaTek Dimensity 7050\n- Bộ nhớ trong: 256GB\n- RAM: 8GB\n- Mạng di động: 2G, 3G, 4G, 5G\n- Số khe SIM: 2 nano SIM\n- Dung lượng pin: 5000 mAh\nKhuyến mãi: - Thu cũ đổi mới lên đời OPPO Find N3 series: Tiết kiệm lên tới 20 triệu đồng\n- Trả góp 0% với Home Credit.\n- Ưu đãi trả góp 0% qua Shinhan Finance hoặc Mirae Asset Finance\n- Giảm 5% không giới hạn khuyến mãi qua Homepaylater\n- Giảm thêm tới 700.000đ khi thanh toán qua Kredivo.\n- Giảm 50% tối đa 700k khi mở thẻ tín dụng Vpbank trên SenID\n- Giảm 20% tối đa 500k khi mở thẻ tín dụng TPBank EVO\n- Mở thẻ tín dụng VIB\n- Nhận Voucher 600.000đ\n- Giảm 1% tối đa 100.000đ khi thanh toán qua Zalopay\n\nTên sản phẩm: điện thoại oppo reno11 f 5g (8gb/256gb) - chính hãng\nMàu: Xanh Đen, Xanh\nGiá: 8,290,000 ₫\nThông số kỹ thuật: - Công nghệ màn hình: AMOLED, Tần số quét tối đa 120Hz, Tần số lấy mẫu cảm ứng tối đa 240Hz, Màn hình 1.07 tỷ màu (10 bit), Độ phủ màu 100% DCI-P3, 100% sRGB\n- Độ phân giải: 1080x2412, Camera chính: 64MP; f/1.7; FOV 81°; AF, Camera góc rộng: 8MP; f/2.2; FOV 112°, Camera macro: 2MP; f/2.4; FOV 89°, 32MP; f/2.4; FOV 90°\n- Kích thước màn hình: 6.7 inch\n- Hệ điều hành: ColorOS 14.0 trên nền tảng Android 14\n- Vi xử lý: MediaTek Dimensity 7050\n- Bộ nhớ trong: 256GB\n- RAM: 8GB\n- Mạng di động: 2G, 3G, 4G, 5G\n- Số khe SIM: 2 nano SIM\n- Dung lượng pin: 5000 mAh\nKhuyến mãi: - KM 1\n- Tặng phiếu mua hàng 400.000đ\n\nTên sản phẩm: điện thoại oppo reno10 5g (8gb/128gb) - chính hãng\nMàu: Xanh Dương\nGiá: 7,890,000 ₫\nThông số kỹ thuật: - Công nghệ màn hình: 3D AMOLED, Tỉ lệ màn hình: 93.0%, Chế độ sống động: 100% DCI-P3, Chế độ bình thường: 100% sRGB, Màn hình 1.07 tỷ màu (10 bit)\n- Độ phân giải: FHD+ (1080 x 2412), Camera chính: 64MP; f/1.7; FOV 81°; ống kinh 6P; hỗ trợ AF; sử dụng động cơ vòng lặp mở., Telephoto: 32MP; f/2.0; FOV 49°; ống kính 6P; hỗ trợ AF; sử dụng động cơ vòng lặp mở., Góc mở rộng: 8MP; f/2.2; FOV 112°; ống kính 5P, cố định tiêu cự., Hỗ trợ 2x zoom quang học hybrid và 20x zoom kỹ thuật số., 32MP; f/2.4; FOV 89°; ống kính 5P lens, không hỗ trợ AF hay OIS\n- Kích thước màn hình: 6.7 inch\n- Hệ điều hành: ColorOS 13.1 trên nền tảng Android 13\n- Vi xử lý: MediaTek Dimensity 7050\n- Bộ nhớ trong: 128GB\n- RAM: 8GB\n- Mạng di động: 2G, 3G, 4G, 5G\n- Số khe SIM: 2 nano SIM\n- Dung lượng pin: 5000 mAh\nKhuyến mãi: - Thu cũ đổi mới lên đời OPPO Find N3 series: Tiết kiệm lên tới 20 triệu đồng\n- Trả góp 0% với Home Credit.\n- Ưu đãi trả góp 0% qua Shinhan Finance hoặc Mirae Asset Finance\n- Giảm 5% không giới hạn khuyến mãi qua Homepaylater\n- Giảm thêm tới 700.000đ khi thanh toán qua Kredivo.\n- Giảm 50% tối đa 700k khi mở thẻ tín dụng Vpbank trên SenID\n- Giảm 20% tối đa 500k khi mở thẻ tín dụng TPBank EVO\n- Mở thẻ tín dụng VIB\n- Nhận Voucher 600.000đ\n- Giảm 1% tối đa 100.000đ khi thanh toán qua Zalopay']",Hệ điều hành là ColorOS 12.,"[{'statement': 'Điện thoại Oppo Reno7 Z 5G sử dụng hệ điều hành ColorOS 12.', 'reason': [""Trong ngữ cảnh được cung cấp, dưới tên sản phẩm 'điện thoại oppo reno7 z 5g - chính hãng', mục 'Hệ điều hành' được ghi rõ là 'ColorOS 12'.""], 'verdict': 1}]",0.0,15.54,2025-08-20 17:30:43
236,Giảm giá nào được áp dụng khi mua điện thoại xor titanium x2 classic bundle?,- Giảm 5% không giới hạn khuyến mãi qua Homepaylater - Giảm 50% tối đa 700k khi mở thẻ tín dụng Vpbank trên SenID - Giảm 20% tối đa 500k khi mở thẻ tín dụng TPBank EVO,"['Tên sản phẩm: điện thoại xor titanium x2 classic bundle - chính hãng\nMàu: Đen mạnh mẽ\nGiá: 139,000,000 ₫\nThông số kỹ thuật: - Công nghệ màn hình: Kính màn hình: Sapphire\n- Hệ điều hành: Hệ điều hành XOR được xây dựng riêng biệt\nKhuyến mãi: - Giảm 5% không giới hạn khuyến mãi qua Homepaylater\n- Giảm 50% tối đa 700k khi mở thẻ tín dụng Vpbank trên SenID\n- Giảm 20% tối đa 500k khi mở thẻ tín dụng TPBank EVO\n\nTên sản phẩm: điện thoại xor titanium x2 ebony bundle - chính hãng\nMàu: Black\nGiá: 179,000,000 ₫\nThông số kỹ thuật: - Công nghệ màn hình: Kính màn hình: Sapphire\n- Hệ điều hành: Hệ điều hành XOR được xây dựng riêng biệt\nKhuyến mãi: - Giảm 5% không giới hạn khuyến mãi qua Homepaylater\n- Giảm 50% tối đa 700k khi mở thẻ tín dụng Vpbank trên SenID\n- Giảm 20% tối đa 500k khi mở thẻ tín dụng TPBank EVO\n\nTên sản phẩm: điện thoại điện thoại di động xor x2 prime gold - chính hãng\nMàu: PRIME GOLD\nGiá: 485,000,000 ₫\nThông số kỹ thuật: - Công nghệ màn hình: Kính màn hình: Sapphire\n- Hệ điều hành: Hệ điều hành XOR được xây dựng riêng biệt\nKhuyến mãi: - KM 1\n- Đồng hồ thông minh Garmin Fenix 7 Pro\n- Sapphire Solar\n- Chính Hãng\n\nTên sản phẩm: điện thoại di động philips xenium e527 4g - chính hãng\nMàu: Black\nGiá: 850,000 ₫\nThông số kỹ thuật: - Kích thước màn hình: 2.4  inch\n- Bộ nhớ trong: 24MB\n- RAM: 16MB\n- Dung lượng pin: 1700 mAh\nKhuyến mãi: - Giảm 5% không giới hạn khuyến mãi qua Homepaylater\n- Giảm 50% tối đa 700k khi mở thẻ tín dụng Vpbank trên SenID\n- Giảm 20% tối đa 500k khi mở thẻ tín dụng TPBank EVO\n- Giảm 1% tối đa 100.000đ khi thanh toán qua Zalopay']","Giảm 5% không giới hạn khi thanh toán qua Homepaylater;  
Giảm 50% tối đa 700 k khi mở thẻ tín dụng Vpbank trên SenID;  
Giảm 20% tối đa 500 k khi mở thẻ tín dụng TPBank EVO.","[{'statement': 'Khi mua điện thoại xor titanium x2 classic bundle, khách hàng được giảm 5% không giới hạn khi thanh toán qua Homepaylater.', 'reason': [""Thông tin này được xác nhận trong phần 'Khuyến mãi' của sản phẩm 'điện thoại xor titanium x2 classic bundle - chính hãng' trong ngữ cảnh.""], 'verdict': 1}, {'statement': 'Khi mua điện thoại xor titanium x2 classic bundle, khách hàng được giảm 50% tối đa 700k khi mở thẻ tín dụng Vpbank trên SenID.', 'reason': [""Thông tin này được xác nhận trong phần 'Khuyến mãi' của sản phẩm 'điện thoại xor titanium x2 classic bundle - chính hãng' trong ngữ cảnh.""], 'verdict': 1}, {'statement': 'Khi mua điện thoại xor titanium x2 classic bundle, khách hàng được giảm 20% tối đa 500k khi mở thẻ tín dụng TPBank EVO.', 'reason': [""Thông tin này được xác nhận trong phần 'Khuyến mãi' của sản phẩm 'điện thoại xor titanium x2 classic bundle - chính hãng' trong ngữ cảnh.""], 'verdict': 1}]",0.0,29.16,2025-08-20 17:31:13
234,Màu sắc của điện thoại xor titanium x2 ebony bundle là gì?,Màu sắc của điện thoại xor titanium x2 ebony bundle là đen.,"['Tên sản phẩm: điện thoại xor titanium x2 ebony bundle - chính hãng\nMàu: Black\nGiá: 179,000,000 ₫\nThông số kỹ thuật: - Công nghệ màn hình: Kính màn hình: Sapphire\n- Hệ điều hành: Hệ điều hành XOR được xây dựng riêng biệt\nKhuyến mãi: - Giảm 5% không giới hạn khuyến mãi qua Homepaylater\n- Giảm 50% tối đa 700k khi mở thẻ tín dụng Vpbank trên SenID\n- Giảm 20% tối đa 500k khi mở thẻ tín dụng TPBank EVO\n\nTên sản phẩm: điện thoại xor titanium x2 classic bundle - chính hãng\nMàu: Đen mạnh mẽ\nGiá: 139,000,000 ₫\nThông số kỹ thuật: - Công nghệ màn hình: Kính màn hình: Sapphire\n- Hệ điều hành: Hệ điều hành XOR được xây dựng riêng biệt\nKhuyến mãi: - Giảm 5% không giới hạn khuyến mãi qua Homepaylater\n- Giảm 50% tối đa 700k khi mở thẻ tín dụng Vpbank trên SenID\n- Giảm 20% tối đa 500k khi mở thẻ tín dụng TPBank EVO\n\nTên sản phẩm: điện thoại điện thoại di động xor x2 prime gold - chính hãng\nMàu: PRIME GOLD\nGiá: 485,000,000 ₫\nThông số kỹ thuật: - Công nghệ màn hình: Kính màn hình: Sapphire\n- Hệ điều hành: Hệ điều hành XOR được xây dựng riêng biệt\nKhuyến mãi: - KM 1\n- Đồng hồ thông minh Garmin Fenix 7 Pro\n- Sapphire Solar\n- Chính Hãng\n\nTên sản phẩm: điện thoại blackberry key 2 - chính hãng\nMàu: Không có thông tin\nGiá: Không có thông tin\nThông số kỹ thuật: - Công nghệ màn hình: IPS LCD\n- Độ phân giải: 1080 x 1620 Pixels, 2 camera 12 MP, 8 MP\n- Kích thước màn hình: 4.5 inch\n- Bộ nhớ trong: 64 GB\n- RAM: 6GB\n- Mạng di động: Hỗ trợ 4G\n- Số khe SIM: 2 Nano SIM\n- Dung lượng pin: 3500 mAh\nKhuyến mãi: Không có khuyến mãi']",Màu sắc của điện thoại XOR Titanium X2 Ebony Bundle là màu Black.,"[{'statement': 'Màu sắc của điện thoại XOR Titanium X2 Ebony Bundle là màu đen.', 'reason': [""Thông tin trong ngữ cảnh cho biết sản phẩm 'điện thoại xor titanium x2 ebony bundle - chính hãng' có màu 'Black', tức là màu đen.""], 'verdict': 1}]",0.0,51.9,2025-08-20 17:31:26
235,Kích thước màn hình của điện thoại redmi note 11 pro (8gb/128gb) - chính hãng là bao nhiêu?,6.67 inch,"['Tên sản phẩm: điện thoại redmi note 11 pro (8gb/128gb) - chính hãng\nMàu: Không có thông tin\nGiá: Không có thông tin\nThông số kỹ thuật: - Công nghệ màn hình: AMOLED\n- Độ phân giải: Full HD+ (1080 x 2400 Pixels), Chính 108 MP & Phụ 8 MP, 2 MP, 2 MP, 16 MP\n- Kích thước màn hình: 6.67 inch\n- Hệ điều hành: Android 11\n- Vi xử lý: MediaTek Helio G96 8 nhân\n- Bộ nhớ trong: 128 GB\n- RAM: 8GB\n- Mạng di động: Hỗ trợ 4G\n- Số khe SIM: 2 Nano SIM (SIM 2 chung khe thẻ nhớ)\n- Dung lượng pin: 5000 mAh\nKhuyến mãi: Không có khuyến mãi\n\nTên sản phẩm: điện thoại redmi note 11 pro 5g (8gb/128gb) - chính hãng\nMàu: Màu Xám, Trắng, Xanh Dương\nGiá: 5,590,000 ₫\nThông số kỹ thuật: - Công nghệ màn hình: AMOLED\n- Độ phân giải: Full HD+ (1080 x 2400 Pixels), Chính 108 MP & Phụ 8 MP, 2 MP, 16 MP\n- Hệ điều hành: Android 11\n- Vi xử lý: Qualcomm Snapdragon 695 5G 8 nhân\n- Bộ nhớ trong: 128 GB\n- RAM: 8GB\n- Mạng di động: Hỗ trợ 5G\n- Số khe SIM: 2 Nano SIM (SIM 2 chung khe thẻ nhớ)\n- Dung lượng pin: 5000 mAh\nKhuyến mãi: - Ưu đãi trả góp 0% qua Shinhan Finance hoặc Mirae Asset Finance\n- Giảm 5% không giới hạn khuyến mãi qua Homepaylater\n- Giảm thêm tới 700.000đ khi thanh toán qua Kredivo.\n- Giảm 50% tối đa 700k khi mở thẻ tín dụng Vpbank trên SenID\n- Giảm 20% tối đa 500k khi mở thẻ tín dụng TPBank EVO\n- Mở thẻ tín dụng VIB\n- Nhận Voucher 600.000đ\n- Giảm 1% tối đa 100.000đ khi thanh toán qua Zalopay\n\nTên sản phẩm: điện thoại redmi note 13 pro (8gb/128gb) - chính hãng\nMàu: Màu Tím, Đen, Xanh Lá\nGiá: 6,890,000 ₫\nThông số kỹ thuật: - Công nghệ màn hình: AMOLED 120Hz, Tỉ lệ tương phản 5.000.000:1, Màn hình 10-bit màu, 100% DCI-P3, Màn hình Sunlight, Chứng nhận mức ánh sáng xanh thấp (Giải pháp phần cứng) của TÜV Rheinland | Chứng nhận thân thiện với đặc điểm sinh học của TÜV Rheinland | Chứng nhận không nhấp nháy của TÜV Rheinland | Chế độ đọc\n- Độ phân giải: 1080x2400, Camera chính 200MP f/1.65 OIS, Camera góc siêu rộng 8MP f/2.2, Camera Macro 2MP f/2.4, Camera trước 16MP f/2.4\n- Kích thước màn hình: 6.67 inch\n- Hệ điều hành: MIUI 14 trên nền tảng Android 13\n- Vi xử lý: MediaTek Helio G99 Ultra\n- Bộ nhớ trong: 128GB\n- RAM: 8GB\n- Mạng di động: 2G, 3G, 4G\n- Số khe SIM: 2 nano SIM\n- Dung lượng pin: 5000 mAh\nKhuyến mãi: - KM 1\n- Tặng Vipcare 1 đổi 1 ( nhập lại 600.000)\n\nTên sản phẩm: điện thoại redmi note 12 (4gb/128gb) - chính hãng\nMàu: Màu Đen, Xanh Dương, Xanh Lá\nGiá: 3,590,000 ₫\nThông số kỹ thuật: - Công nghệ màn hình: Dot Display - AMOLED, Tần số quét 120Hz, Gam màu chuẩn DCI-P3\n- Độ phân giải: 1080x2400, Camera Chính 50MP f/1.8, Camera Góc siêu rộng 8MP f/2.2, Góc Rộng 120°, Camera Cận cảnh 2MP f/2.4, 13MP f/2.45\n- Kích thước màn hình: 6.67 inch\n- Hệ điều hành: MIUI 14 Trên nền tảng Android 13\n- Vi xử lý: Qualcomm Snapdragon 685\n- Bộ nhớ trong: 128GB\n- RAM: 4GB\n- Mạng di động: 2G, 3G, 4G\n- Số khe SIM: 2 nano SIM\n- Dung lượng pin: 5000 mAh\nKhuyến mãi: - KM 1\n- Sản phẩm đang thuộc chương trình Flash sale (Số lượng có hạn)']",Kích thước màn hình của điện thoại Redmi Note 11 Pro (8GB/128GB) – chính hãng là 6.67 inch.,"[{'statement': 'Kích thước màn hình của điện thoại Redmi Note 11 Pro (8GB/128GB) – chính hãng là 6.67 inch.', 'reason': [""Trong phần thông tin về sản phẩm 'điện thoại redmi note 11 pro (8gb/128gb) - chính hãng', có ghi rõ 'Kích thước màn hình: 6.67 inch'.""], 'verdict': 1}]",0.0,53.44,2025-08-20 17:31:29
237,Kích thước màn hình của điện thoại samsung galaxy s22 là bao nhiêu?,Kích thước màn hình của điện thoại Samsung Galaxy S22 là 6.1 inch.,"['Tên sản phẩm: điện thoại samsung galaxy s22 - 8gb/256gb - chính hãng\nMàu: Không có thông tin\nGiá: Không có thông tin\nThông số kỹ thuật: - Công nghệ màn hình: Dynamic AMOLED 2X, 10 - 120 Hz, Infinity O\n- Độ phân giải: 2340 x 1080, 12MP (UW) + 50MP (W) + 10MP (Tele), 10MP\n- Kích thước màn hình: 6.1 inch\n- Hệ điều hành: Android 12\n- Vi xử lý: Snapdragon® 8 Gen 1 (4nm)\n- Bộ nhớ trong: 256GB\n- RAM: 8GB\n- Mạng di động: Hỗ trợ 5G\n- Số khe SIM: 1 nano SIM + 1 e-SIM\n- Dung lượng pin: 3700 mAh\nKhuyến mãi: Không có khuyến mãi\n\nTên sản phẩm: điện thoại samsung galaxy s22 - 8gb/128gb - chính hãng\nMàu: Không có thông tin\nGiá: Không có thông tin\nThông số kỹ thuật: - Công nghệ màn hình: Dynamic AMOLED 2X, 10 - 120 Hz, Infinity O\n- Độ phân giải: 2340 x 1080, 12MP (UW) + 50MP (W) + 10MP (Tele), 10MP\n- Kích thước màn hình: 6.1 inch\n- Hệ điều hành: Android 12\n- Vi xử lý: Snapdragon® 8 Gen 1 (4nm)\n- Bộ nhớ trong: 128GB\n- RAM: 8GB\n- Mạng di động: Hỗ trợ 5G\n- Số khe SIM: 1 nano SIM + 1 e-SIM\n- Dung lượng pin: 3700 mAh\nKhuyến mãi: Không có khuyến mãi\n\nTên sản phẩm: điện thoại samsung galaxy s23 - 8gb/256gb - chính hãng\nMàu: Không có thông tin\nGiá: Không có thông tin\nThông số kỹ thuật: - Độ phân giải: 2340 x 1080 (Màn hình phẳng FHD+), 50MP x 12MP x10MP, 12MP\n- Kích thước màn hình: 6.1  inch\n- Vi xử lý: Snapdragon® 8 Gen 2 Mobile Platform for Galaxy\n- Bộ nhớ trong: 256GB\n- RAM: 8GB\n- Mạng di động: Hỗ trợ 5G\n- Dung lượng pin: 3900 mAh\nKhuyến mãi: Không có khuyến mãi\n\nTên sản phẩm: điện thoại samsung galaxy s23 - 8gb/128gb - chính hãng\nMàu: Không có thông tin\nGiá: Không có thông tin\nThông số kỹ thuật: - Độ phân giải: 2340 x 1080 (Màn hình phẳng FHD+), 50MP x 12MP x10MP, 12MP\n- Kích thước màn hình: 6.1  inch\n- Vi xử lý: Snapdragon® 8 Gen 2 Mobile Platform for Galaxy\n- Bộ nhớ trong: 128GB\n- RAM: 8GB\n- Mạng di động: Hỗ trợ 5G\n- Dung lượng pin: 3900 mAh\nKhuyến mãi: Không có khuyến mãi']",Kích thước màn hình của điện thoại Samsung Galaxy S22 là 6.1 inch.,"[{'statement': 'Kích thước màn hình của điện thoại Samsung Galaxy S22 là 6.1 inch.', 'reason': ['Ngữ cảnh cung cấp thông tin về hai phiên bản của điện thoại Samsung Galaxy S22 (8gb/128gb và 8gb/256gb), và cả hai đều có thông số ""Kích thước màn hình: 6.1 inch"".'], 'verdict': 1}]",0.0,19.4,2025-08-20 17:31:33
238,Điện thoại iPhone 13 mini (256GB) hỗ trợ mạng di động nào?,Điện thoại iPhone 13 mini (256GB) hỗ trợ 5G.,"['Tên sản phẩm: điện thoại iphone 13 mini (256gb) - chính hãng vn/a\nMàu: Không có thông tin\nGiá: Không có thông tin\nThông số kỹ thuật: - Công nghệ màn hình: OLED\n- Độ phân giải: Full HD+ (1080 x 2340 Pixels), 2 camera 12 MP, 12 MP\n- Hệ điều hành: iOS 15\n- Vi xử lý: Apple A15\n- Bộ nhớ trong: 256 GB\n- RAM: 4GB\n- Mạng di động: Hỗ trợ 5G\n- Số khe SIM: 1 Nano SIM & 1 eSIM\nKhuyến mãi: Không có khuyến mãi\n\nTên sản phẩm: điện thoại iphone 13 (128gb) - chính hãng vn/a\nMàu: Green, Red, Midnight, Pink, Blue, Starlight\nGiá: 13,190,000 ₫\nThông số kỹ thuật: - Công nghệ màn hình: OLED\n- Độ phân giải: 1170 x 2532 Pixels, 2 camera 12 MP, 12 MP\n- Hệ điều hành: iOS 15\n- Vi xử lý: Apple A15\n- Bộ nhớ trong: 128 GB\n- RAM: 4GB\n- Mạng di động: Hỗ trợ 5G\n- Số khe SIM: 1 Nano SIM & 1 eSIM\nKhuyến mãi: - KM 1\n- Ưu đãi trả góp 0% qua thẻ tín dụng\n\nTên sản phẩm: điện thoại iphone 14 (128gb) - chính hãng vn/a\nMàu: Midnight, Blue, Purple, Red, Yellow, Starlight\nGiá: 16,290,000 ₫\nThông số kỹ thuật: - Công nghệ màn hình: Super Retina XDR\n- Độ phân giải: 2532 x 1170, 12MP x 12MP, 12MP\n- Kích thước màn hình: 6.1 inch\n- Hệ điều hành: iOS 16\n- Vi xử lý: A15 Bionic\n- Bộ nhớ trong: 128GB\n- RAM: 6GB\n- Mạng di động: 5G (sub ‑ 6 GHz và mmWave) với 4x4 MIMO8, Gigabit LTE với 4x4 MIMO và LAA8, Chip băng thông siêu rộng cho nhận thức về không gian, NFC với chế độ đọc, Thẻ Express có dự trữ năng lượng\n- Số khe SIM: 1 eSIM, 1 SIM vật lý\nKhuyến mãi: - KM 1\n- Ưu đãi mua combo 3 món củ sạc + dán màn hình + ốp lưng Mophie Zagg chỉ 985.000đ\n- KM 2\n- Ưu đãi trả góp 0% qua thẻ tín dụng\n\nTên sản phẩm: điện thoại iphone 15 (256gb) - chính hãng vn/a\nMàu: Xanh Dương, Màu Vàng, Màu Đen, Xanh Lá, Hồng\nGiá: 22,290,000 ₫\nThông số kỹ thuật: - Công nghệ màn hình: Màn hình Super Retina XDR, Tấm nền OLED, Dynamic Island, Màn hình HDR, Tỷ lệ tương phản 2.000.000:1 , Màn hình có dải màu rộng (P3), Haptic Touch\n- Độ phân giải: 1179 x 2556, Chính: 48MP, khẩu độ ƒ/1.6, Ultra Wide: 12MP, khẩu độ ƒ/2.4, Camera trước TrueDepth 12MP, khẩu độ ƒ/1.9\n- Kích thước màn hình: 6.1 inch\n- Hệ điều hành: iOS 17\n- Vi xử lý: A16 Bionic\n- Bộ nhớ trong: 256GB\n- RAM: 6GB\n- Mạng di động: 2G, 3G, 4G, 5G\n- Số khe SIM: SIM kép (nano-SIM và eSIM), Hỗ trợ hai eSIM\nKhuyến mãi: - KM 1\n- Giảm thêm 100.000đ khi khách hàng thanh toán bằng hình thức chuyển khoản ngân hàng khi mua iPhone 15 Series.\n- KM 2\n- Ưu đãi trả góp 0% qua thẻ tín dụng']",Hỗ trợ mạng 5G.,"[{'statement': 'Điện thoại iPhone 13 mini (256GB) hỗ trợ mạng 5G.', 'reason': [""The context provides technical specifications for the 'điện thoại iphone 13 mini (256gb)' which explicitly states 'Mạng di động: Hỗ trợ 5G' (Mobile network: Supports 5G).""], 'verdict': 1}]",0.0,15.82,2025-08-20 17:31:43
240,Điện thoại Xiaomi Redmi Note 10 5G có hệ điều hành nào?,Điện thoại Xiaomi Redmi Note 10 5G sử dụng hệ điều hành Android 11.,"['Tên sản phẩm: điện thoại xiaomi redmi note 10 5g - chính hãng\nMàu: Không có thông tin\nGiá: Không có thông tin\nThông số kỹ thuật: - Công nghệ màn hình: IPS LCD\n- Độ phân giải: Full HD+ (1080 x 2400 Pixels), Chính 48 MP & Phụ 2 MP, 2 MP, 8 MP\n- Hệ điều hành: Android 11\n- Vi xử lý: MediaTek Dimensity 700 8 nhân\n- Bộ nhớ trong: 128 GB\n- RAM: 4GB\n- Mạng di động: Hỗ trợ 5G\n- Số khe SIM: 2 Nano SIM\n- Dung lượng pin: 5000 mAh\nKhuyến mãi: Không có khuyến mãi\n\nTên sản phẩm: điện thoại xiaomi redmi note 10 6gb/128gb - chính hãng\nMàu: Không có thông tin\nGiá: Không có thông tin\nThông số kỹ thuật: - Công nghệ màn hình: AMOLED\n- Độ phân giải: Full HD+ (1080 x 2400 Pixels), Chính 48 MP & Phụ 8 MP, 2 MP, 2 MP, 13 MP\n- Kích thước màn hình: 6.43 inch\n- Hệ điều hành: Android 11\n- Vi xử lý: Snapdragon 678 8 nhân\n- Bộ nhớ trong: 128 GB\n- RAM: 6GB\n- Mạng di động: Hỗ trợ 4G\n- Số khe SIM: 2 Nano SIM\n- Dung lượng pin: 5000 mAh\nKhuyến mãi: Không có khuyến mãi\n\nTên sản phẩm: điện thoại redmi note 11 pro 5g (8gb/128gb) - chính hãng\nMàu: Màu Xám, Trắng, Xanh Dương\nGiá: 5,590,000 ₫\nThông số kỹ thuật: - Công nghệ màn hình: AMOLED\n- Độ phân giải: Full HD+ (1080 x 2400 Pixels), Chính 108 MP & Phụ 8 MP, 2 MP, 16 MP\n- Hệ điều hành: Android 11\n- Vi xử lý: Qualcomm Snapdragon 695 5G 8 nhân\n- Bộ nhớ trong: 128 GB\n- RAM: 8GB\n- Mạng di động: Hỗ trợ 5G\n- Số khe SIM: 2 Nano SIM (SIM 2 chung khe thẻ nhớ)\n- Dung lượng pin: 5000 mAh\nKhuyến mãi: - Ưu đãi trả góp 0% qua Shinhan Finance hoặc Mirae Asset Finance\n- Giảm 5% không giới hạn khuyến mãi qua Homepaylater\n- Giảm thêm tới 700.000đ khi thanh toán qua Kredivo.\n- Giảm 50% tối đa 700k khi mở thẻ tín dụng Vpbank trên SenID\n- Giảm 20% tối đa 500k khi mở thẻ tín dụng TPBank EVO\n- Mở thẻ tín dụng VIB\n- Nhận Voucher 600.000đ\n- Giảm 1% tối đa 100.000đ khi thanh toán qua Zalopay\n\nTên sản phẩm: điện thoại redmi note 12 pro 5g (8gb/256gb) - chính hãng\nMàu: Màu Đen, Xanh Dương, Trắng\nGiá: 7,290,000 ₫\nThông số kỹ thuật: - Công nghệ màn hình: Dot Display, AMOLED, Tần số quét màn hình lên đến 120Hz, Gam màu rộng DCI-P3, Hỗ trợ Dolby Vision®\n- Độ phân giải: 1080x2400, Camerca góc rộng 50MP cảm biến IMX766 OIS 50MP - f/1.88, Camera siêu rộng 8MP - f/2.2, FOV 119°, Camera Macro 2MP - f/2.4, 16MP - f/2.45\n- Kích thước màn hình: 6.67 inch\n- Hệ điều hành: MIUI 14 trên nền tảng Android 12\n- Vi xử lý: MediaTek Dimensity 1080\n- Bộ nhớ trong: 256GB\n- RAM: 8GB\n- Mạng di động: 2G, 3G, 4G, 5G\n- Số khe SIM: 2 nano SIM\n- Dung lượng pin: 5000 mAh\nKhuyến mãi: - Ưu đãi trả góp 0% qua Shinhan Finance hoặc Mirae Asset Finance\n- Giảm 5% không giới hạn khuyến mãi qua Homepaylater\n- Giảm thêm tới 700.000đ khi thanh toán qua Kredivo.\n- Giảm 50% tối đa 700k khi mở thẻ tín dụng Vpbank trên SenID\n- Giảm 20% tối đa 500k khi mở thẻ tín dụng TPBank EVO\n- Mở thẻ tín dụng VIB\n- Nhận Voucher 600.000đ\n- Giảm 1% tối đa 100.000đ khi thanh toán qua Zalopay']",Hệ điều hành của điện thoại Xiaomi Redmi Note 10 5G là Android 11.,"[{'statement': 'Hệ điều hành của điện thoại Xiaomi Redmi Note 10 5G là Android 11.', 'reason': [""Ngữ cảnh cung cấp thông tin về 'điện thoại xiaomi redmi note 10 5g' và cho biết hệ điều hành của nó là Android 11.""], 'verdict': 1}]",0.0,17.8,2025-08-20 17:31:52
239,Điện thoại Nokia G10 có dung lượng pin bao nhiêu?,Điện thoại Nokia G10 có dung lượng pin 5050 mAh.,"['Tên sản phẩm: điện thoại nokia g10 - chính hãng\nMàu: Không có thông tin\nGiá: Không có thông tin\nThông số kỹ thuật: - Công nghệ màn hình: IPS LCD\n- Độ phân giải: HD+ (720 x 1600 Pixels), Chính 13 MP & Phụ 2 MP, 2 MP, 8 MP\n- Hệ điều hành: Android 11\n- Vi xử lý: MediaTek Helio G25 8 nhân\n- Bộ nhớ trong: 64 GB\n- RAM: 4GB\n- Mạng di động: Hỗ trợ 4G\n- Số khe SIM: 2 Nano SIM\n- Dung lượng pin: 5050 mAh\nKhuyến mãi: Không có khuyến mãi\n\nTên sản phẩm: nokia g11 plus 3gb/32gb - chính hãng\nMàu: Không có thông tin\nGiá: Không có thông tin\nThông số kỹ thuật: - Công nghệ màn hình: TFT LCD\n- Độ phân giải: HD+ (720 x 1600 Pixels), Chính 50 MP & Phụ 2 MP, 8 MP\n- Hệ điều hành: Android 12\n- Vi xử lý: Unisoc T606 8 nhân\n- Bộ nhớ trong: 32 GB\n- RAM: 3GB\n- Mạng di động: Hỗ trợ 4G\n- Số khe SIM: 2 Nano SIM\n- Dung lượng pin: 5000 mAh\nKhuyến mãi: Không có khuyến mãi\n\nTên sản phẩm: điện thoại nokia g11 plus (3gb/64gb)  - chính hãng\nMàu: Không có thông tin\nGiá: Không có thông tin\nThông số kỹ thuật: - Công nghệ màn hình: TFT LCD\n- Độ phân giải: HD+ (720 x 1600 Pixels), Chính 50 MP & Phụ 2 MP, 8 MP\n- Hệ điều hành: Android 12\n- Vi xử lý: Unisoc T606 8 nhân\n- Bộ nhớ trong: 64GB\n- RAM: 3GB\n- Mạng di động: Hỗ trợ 4G\n- Số khe SIM: 2 Nano SIM\n- Dung lượng pin: 5000 mAh\nKhuyến mãi: Không có khuyến mãi\n\nTên sản phẩm: điện thoại nokia c21 plus (3gb/64gb) - chính hãng\nMàu: Không có thông tin\nGiá: Không có thông tin\nThông số kỹ thuật: - Công nghệ màn hình: Đang cập nhật\n- Độ phân giải: HD+ (720 x 1600 Pixels), Chính 13 MP & Phụ 2 MP\n- Hệ điều hành: Android 11 (Go Edition)\n- Vi xử lý: Spreadtrum SC9863A 8 nhân\n- Bộ nhớ trong: 64 GB\n- RAM: 3GB\n- Mạng di động: Hỗ trợ 4G\n- Số khe SIM: 2 Nano SIM\n- Dung lượng pin: 5050 mAh\nKhuyến mãi: Không có khuyến mãi']",Điện thoại Nokia G10 có dung lượng pin 5050 mAh.,"[{'statement': 'Điện thoại Nokia G10 có dung lượng pin 5050 mAh.', 'reason': [""Thông tin trong ngữ cảnh có đề cập đến 'Tên sản phẩm: điện thoại nokia g10 - chính hãng' và trong phần thông số kỹ thuật của sản phẩm này có ghi 'Dung lượng pin: 5050 mAh'.""], 'verdict': 1}]",0.0,39.46,2025-08-20 17:32:10
243,Màn hình của điện thoại oppo a16k 3gb/32gb có độ phân giải bao nhiêu?,"Màn hình của điện thoại Oppo A16k 3GB/32GB có độ phân giải HD+, tức là 720 x 1600 pixels.","['Tên sản phẩm: điện thoại oppo a16k 3gb/32gb - chính hãng\nMàu: Không có thông tin\nGiá: Không có thông tin\nThông số kỹ thuật: - Công nghệ màn hình: IPS LCD\n- Độ phân giải: HD+ (720 x 1600 Pixels), 13 MP, 5 MP\n- Kích thước màn hình: 6.52 inch\n- Hệ điều hành: Android 11\n- Vi xử lý: MediaTek Helio G35\n- Bộ nhớ trong: 32 GB\n- RAM: 3GB\n- Mạng di động: Hỗ trợ 4G\n- Số khe SIM: 2 Nano SIM\n- Dung lượng pin: 4230 mAh\nKhuyến mãi: Không có khuyến mãi\n\nTên sản phẩm: oppo a16k 4gb/64gb - chính hãng\nMàu: Không có thông tin\nGiá: Không có thông tin\nThông số kỹ thuật: - Công nghệ màn hình: IPS LCD\n- Độ phân giải: HD+ (720 x 1600 Pixels), 13 MP, 5MP\n- Hệ điều hành: Android 11\n- Vi xử lý: MediaTek MT6765 8 nhân\n- Bộ nhớ trong: 64 GB\n- RAM: 4GB\n- Mạng di động: Hỗ trợ 4G\n- Số khe SIM: 2 Nano SIM\n- Dung lượng pin: 4230 mAh\nKhuyến mãi: Không có khuyến mãi\n\nTên sản phẩm: oppo a12 - 3gb/32gb - chính hãng\nMàu: Không có thông tin\nGiá: Không có thông tin\nThông số kỹ thuật: - Công nghệ màn hình: IPS LCD\n- Độ phân giải: HD+ (720 x 1520 Pixels), Chính 13 MP & Phụ 2 MP, 5 MP\n- Kích thước màn hình: 6.22 inch\n- Bộ nhớ trong: 32 GB\n- RAM: 3GB\n- Mạng di động: Hỗ trợ 4G\n- Số khe SIM: 2 Nano SIM\n- Dung lượng pin: 4230 mAh\nKhuyến mãi: Không có khuyến mãi\n\nTên sản phẩm: điện thoại oppo a17k (3gb/64gb) - chính hãng\nMàu: Màu Vàng, Xanh\nGiá: 2,690,000 ₫\nThông số kỹ thuật: - Công nghệ màn hình: LCD\n- Độ phân giải: 720 x 1612 (HD+), 8 MP, 5 MP\n- Kích thước màn hình: 6.56  inch\n- Hệ điều hành: ColorOS 12.1.1, nền tảng Android 12\n- Vi xử lý: Helio G35, tối đa 2.3GHz\n- Bộ nhớ trong: 64GB\n- RAM: 3GB\n- Mạng di động: 2G, 3G, 4G\n- Số khe SIM: Dual nano-SIM\n- Dung lượng pin: 5000 mAh\nKhuyến mãi: - Trả góp 0% với Home Credit.\n- Giảm 5% không giới hạn khuyến mãi qua Homepaylater\n- Giảm 50% tối đa 700k khi mở thẻ tín dụng Vpbank trên SenID\n- Giảm 20% tối đa 500k khi mở thẻ tín dụng TPBank EVO\n- Giảm 1% tối đa 100.000đ khi thanh toán qua Zalopay']",Độ phân giải màn hình của điện thoại Oppo A16k 3GB/32GB là 720 x 1600 pixel.,"[{'statement': 'Độ phân giải màn hình của điện thoại Oppo A16k 3GB/32GB là 720 x 1600 pixel.', 'reason': ['Trong phần thông tin sản phẩm ""điện thoại oppo a16k 3gb/32gb - chính hãng"", thông số kỹ thuật ghi rõ ""Độ phân giải: HD+ (720 x 1600 Pixels)"".'], 'verdict': 1}]",0.0,23.6,2025-08-20 17:32:17
241,Hệ điều hành nào được sử dụng trên điện thoại xiaomi redmi 9t 4gb/64gb?,Điện thoại Xiaomi Redmi 9T 4GB/64GB sử dụng hệ điều hành Android 10.,"['Tên sản phẩm: điện thoại xiaomi redmi 9t 4gb/64gb - chính hãng\nMàu: Không có thông tin\nGiá: Không có thông tin\nThông số kỹ thuật: - Công nghệ màn hình: IPS LCD\n- Độ phân giải: Full HD+ (1080 x 2340 Pixels), Chính 48 MP & Phụ 8 MP, 2 MP, 2 MP, 8 MP\n- Hệ điều hành: Android 10\n- Vi xử lý: Snapdragon 662 8 nhân\n- Bộ nhớ trong: 64 GB\n- RAM: 4GB\n- Mạng di động: Hỗ trợ 4G\n- Số khe SIM: 2 Nano SIM\n- Dung lượng pin: 6000 mAh\nKhuyến mãi: Không có khuyến mãi\n\nTên sản phẩm: điện thoại xiaomi redmi note 9s - 4gb/64gb - chính hãng dgw\nMàu: Không có thông tin\nGiá: Không có thông tin\nThông số kỹ thuật: - Công nghệ màn hình: IPS LCD\n- Độ phân giải: Full HD+ (1080 x 2400 Pixels), Chính 48 MP & Phụ 8 MP, 5 MP, 2 MP, 16 MP\n- Kích thước màn hình: 6.67 inch\n- Hệ điều hành: Android 10\n- Vi xử lý: Snapdragon 720G 8 nhân\n- Bộ nhớ trong: 64 GB\n- RAM: 4GB\n- Mạng di động: Hỗ trợ 4G\n- Số khe SIM: 2 Nano SIM\n- Dung lượng pin: 5020 mAh\nKhuyến mãi: Không có khuyến mãi\n\nTên sản phẩm: điện thoại xiaomi redmi 9t 6gb/128gb - chính hãng\nMàu: Không có thông tin\nGiá: Không có thông tin\nThông số kỹ thuật: Không có thông tin\nKhuyến mãi: Không có khuyến mãi\n\nTên sản phẩm: điện thoại xiaomi redmi 9 - 3gb/32gb - chính hãng dgw\nMàu: Không có thông tin\nGiá: Không có thông tin\nThông số kỹ thuật: - Công nghệ màn hình: IPS LCD\n- Độ phân giải: Full HD+ (1080 x 2340 Pixels), Chính 13 MP & Phụ 8 MP, 5 MP, 2 MP, 8 MP\n- Kích thước màn hình: 6.53 inch\n- Hệ điều hành: Android 10\n- Vi xử lý: MediaTek Helio G80 8 nhân\n- Bộ nhớ trong: 32 GB\n- RAM: 3GB\n- Mạng di động: Hỗ trợ 4G\n- Số khe SIM: 2 Nano SIM\n- Dung lượng pin: 5020 mAh\nKhuyến mãi: Không có khuyến mãi']",Hệ điều hành là Android 10.,"[{'statement': 'Điện thoại Xiaomi Redmi 9T 4GB/64GB sử dụng hệ điều hành Android 10.', 'reason': [""Trong ngữ cảnh có đề cập đến sản phẩm 'điện thoại xiaomi redmi 9t 4gb/64gb - chính hãng' và trong phần thông số kỹ thuật của sản phẩm này có ghi 'Hệ điều hành: Android 10'.""], 'verdict': 1}]",0.0,41.59,2025-08-20 17:32:26
244,Điện thoại nokia 110 4g có màu sắc nào?,Điện thoại Nokia 110 4G có màu xanh blue màu đen.,"['Tên sản phẩm: điện thoại nokia 110 4g - chính hãng\nMàu: Blue, Black\nGiá: 640,000 ₫\nThông số kỹ thuật: Không có thông tin\nKhuyến mãi: - Giảm 5% không giới hạn khuyến mãi qua Homepaylater\n- Giảm 50% tối đa 700k khi mở thẻ tín dụng Vpbank trên SenID\n- Giảm 20% tối đa 500k khi mở thẻ tín dụng TPBank EVO\n- Giảm 1% tối đa 100.000đ khi thanh toán qua Zalopay\n\nTên sản phẩm: điện thoại nokia 110 4g pro - chính hãng\nMàu: Màu Tím, Xanh than\nGiá: 670,000 ₫\nThông số kỹ thuật: - Công nghệ màn hình: IPS\n- Độ phân giải: QQVGA, QVGA\n- Kích thước màn hình: 1.77 inch\n- Hệ điều hành: S30+\n- Vi xử lý: Unisoc T107\n- Mạng di động: 2G, 3G, 4G, Hỗ trợ VoLTE\n- Số khe SIM: 2 nano SIM\n- Dung lượng pin: 1450 mAh\nKhuyến mãi: - Giảm 5% không giới hạn khuyến mãi qua Homepaylater\n- Giảm 50% tối đa 700k khi mở thẻ tín dụng Vpbank trên SenID\n- Giảm 20% tối đa 500k khi mở thẻ tín dụng TPBank EVO\n- Giảm 1% tối đa 100.000đ khi thanh toán qua Zalopay\n\nTên sản phẩm: nokia 3210 4g - chính hãng\nMàu: Màu Vàng, Xanh, Màu Đen\nGiá: 1,590,000 ₫\nThông số kỹ thuật: - Công nghệ màn hình: IPS\n- Kích thước màn hình: 2.4 inch\n- Độ phân giải: 2MP\n- Hệ điều hành: S30+\n- Bộ nhớ trong: 128MB3\n- RAM: 64MB\n- Mạng di động: 2G, 3G, 4G, Hỗ trợ VoLTE2\n- Số khe SIM: Hai SIM Nano SIM + Nano SIM\n- Dung lượng pin: 1450mAh\nKhuyến mãi: Không có khuyến mãi\n\nTên sản phẩm: điện thoại nokia 8210 4g - chính hãng\nMàu: Màu Vàng, Xanh, Đỏ\nGiá: 1,490,000 ₫\nThông số kỹ thuật: - Công nghệ màn hình: Đang cập nhật\n- Độ phân giải: QVGA (240 x 320 Pixels), 0.3 MP\n- Hệ điều hành: Series 30+\n- Vi xử lý: Unisoc T107\n- Bộ nhớ trong: 128 MB\n- RAM: 48MB\n- Mạng di động: Hỗ trợ 4G\n- Số khe SIM: 2 Nano SIM\n- Dung lượng pin: 1450 mAh\nKhuyến mãi: - Giảm 5% không giới hạn khuyến mãi qua Homepaylater\n- Giảm 50% tối đa 700k khi mở thẻ tín dụng Vpbank trên SenID\n- Giảm 20% tối đa 500k khi mở thẻ tín dụng TPBank EVO\n- Giảm 1% tối đa 100.000đ khi thanh toán qua Zalopay']",Màu xanh dương và đen.,"[{'statement': 'Điện thoại Nokia 110 4G có màu xanh dương.', 'reason': [""Ngữ cảnh cung cấp thông tin về sản phẩm 'điện thoại nokia 110 4g - chính hãng' và liệt kê màu sắc là 'Blue' (Xanh dương).""], 'verdict': 1}, {'statement': 'Điện thoại Nokia 110 4G có màu đen.', 'reason': [""Ngữ cảnh cung cấp thông tin về sản phẩm 'điện thoại nokia 110 4g - chính hãng' và liệt kê màu sắc là 'Black' (Đen).""], 'verdict': 1}]",0.0,16.47,2025-08-20 17:32:27
245,Điện thoại di động Philips Xenium E527 4G có giá bao nhiêu?,"Giá của điện thoại di động Philips Xenium E527 4G là 850,000 ₫.","['Tên sản phẩm: điện thoại di động philips xenium e527 4g - chính hãng\nMàu: Black\nGiá: 850,000 ₫\nThông số kỹ thuật: - Kích thước màn hình: 2.4  inch\n- Bộ nhớ trong: 24MB\n- RAM: 16MB\n- Dung lượng pin: 1700 mAh\nKhuyến mãi: - Giảm 5% không giới hạn khuyến mãi qua Homepaylater\n- Giảm 50% tối đa 700k khi mở thẻ tín dụng Vpbank trên SenID\n- Giảm 20% tối đa 500k khi mở thẻ tín dụng TPBank EVO\n- Giảm 1% tối đa 100.000đ khi thanh toán qua Zalopay\n\nTên sản phẩm: điện thoại di động honor x5 plus 4gb/64gb- chính hãng\nMàu: Màu Đen, Xanh\nGiá: 2,290,000 ₫\nThông số kỹ thuật: - Công nghệ màn hình: TFT LCD, 90Hz, Màn hình giọt nước\n- Độ phân giải: 720 × 1612, Camera 50 MP (f/1.8), Camera chân dung 2MP (f/2.4), 5 MP (f/2.2)\n- Kích thước màn hình: 6.56  inch\n- Hệ điều hành: MagicOS 7.1（Dựa trên Android 13）\n- Vi xử lý: MediaTek Helio G36\n- Bộ nhớ trong: 64GB\n- RAM: 4GB\n- Mạng di động: 4G (LTE TDD/LTE FDD), 3G (WCDMA), 2G (GSM)\n- Dung lượng pin: 5200 mAh\nKhuyến mãi: - KM 1\n- Tặng phiếu mua hàng 300.000đ.\n\nTên sản phẩm: điện thoại nokia 8210 4g - chính hãng\nMàu: Màu Vàng, Xanh, Đỏ\nGiá: 1,490,000 ₫\nThông số kỹ thuật: - Công nghệ màn hình: Đang cập nhật\n- Độ phân giải: QVGA (240 x 320 Pixels), 0.3 MP\n- Hệ điều hành: Series 30+\n- Vi xử lý: Unisoc T107\n- Bộ nhớ trong: 128 MB\n- RAM: 48MB\n- Mạng di động: Hỗ trợ 4G\n- Số khe SIM: 2 Nano SIM\n- Dung lượng pin: 1450 mAh\nKhuyến mãi: - Giảm 5% không giới hạn khuyến mãi qua Homepaylater\n- Giảm 50% tối đa 700k khi mở thẻ tín dụng Vpbank trên SenID\n- Giảm 20% tối đa 500k khi mở thẻ tín dụng TPBank EVO\n- Giảm 1% tối đa 100.000đ khi thanh toán qua Zalopay\n\nTên sản phẩm: điện thoại xor titanium x2 ebony bundle - chính hãng\nMàu: Black\nGiá: 179,000,000 ₫\nThông số kỹ thuật: - Công nghệ màn hình: Kính màn hình: Sapphire\n- Hệ điều hành: Hệ điều hành XOR được xây dựng riêng biệt\nKhuyến mãi: - Giảm 5% không giới hạn khuyến mãi qua Homepaylater\n- Giảm 50% tối đa 700k khi mở thẻ tín dụng Vpbank trên SenID\n- Giảm 20% tối đa 500k khi mở thẻ tín dụng TPBank EVO']","Điện thoại di động Philips Xenium E527 4G có giá 850,000 ₫.","[{'statement': 'Điện thoại di động Philips Xenium E527 4G có giá 850,000 ₫.', 'reason': [""Ngữ cảnh cung cấp thông tin cho sản phẩm 'điện thoại di động philips xenium e527 4g' với giá là '850,000 ₫'.""], 'verdict': 1}]",0.0,14.29,2025-08-20 17:32:32
242,Điện thoại Poco M4 Pro 5G có những khuyến mãi nào?,"Điện thoại Poco M4 Pro 5G có các khuyến mãi như ưu đãi trả góp 0% qua Shinhan Finance hoặc Mirae Asset Finance, giảm 5% không giới hạn khuyến mãi qua Homepaylater, giảm thêm tới 700.000đ khi thanh toán qua Kredivo, giảm 50% tối đa 700k khi mở thẻ tín dụng Vpbank trên SenID, giảm 20% tối đa 500k khi mở thẻ tín dụng TPBank EVO, mở thẻ tín dụng VIB - nhận voucher 600.000đ giảm 1% tối đa 100.000đ khi thanh toán qua Zalopay.","['Tên sản phẩm: điện thoại poco m4 pro 5g  (4gb/64gb) - chính hãng\nMàu: Màu Vàng, Màu Đen, Xanh\nGiá: 4,290,000 ₫\nThông số kỹ thuật: - Công nghệ màn hình: IPS LCD\n- Độ phân giải: Full HD+ (1080 x 2400 Pixels), Chính 50 MP & Phụ 8 MP, 16 MP\n- Hệ điều hành: Android 11\n- Vi xử lý: MediaTek Dimensity 810 5G 8 nhân\n- Bộ nhớ trong: 64 GB\n- RAM: 4GB\n- Mạng di động: Hỗ trợ 5G\n- Số khe SIM: 2 Nano SIM\n- Dung lượng pin: 5000 mAh\nKhuyến mãi: - Ưu đãi trả góp 0% qua Shinhan Finance hoặc Mirae Asset Finance\n- Giảm 5% không giới hạn khuyến mãi qua Homepaylater\n- Giảm thêm tới 700.000đ khi thanh toán qua Kredivo.\n- Giảm 50% tối đa 700k khi mở thẻ tín dụng Vpbank trên SenID\n- Giảm 20% tối đa 500k khi mở thẻ tín dụng TPBank EVO\n- Mở thẻ tín dụng VIB\n- Nhận Voucher 600.000đ\n- Giảm 1% tối đa 100.000đ khi thanh toán qua Zalopay\n\nTên sản phẩm: điện thoại poco f2 pro - 6gb/128gb - chính hãng\nMàu: Không có thông tin\nGiá: Không có thông tin\nThông số kỹ thuật: - Công nghệ màn hình: Super AMOLED\n- Độ phân giải: Full HD+ (1080 x 2400 Pixels), Chính 64 MP & Phụ 13 MP, 5 MP, 2 MP, 20 MP\n- Kích thước màn hình: 6.67 inch\n- Hệ điều hành: Android 10, MIUI 11\n- Vi xử lý: Qualcomm SM8250 Snapdragon 865 (7 nm+)\n- Bộ nhớ trong: 128 GB\n- RAM: 6GB\n- Mạng di động: Hỗ trợ 5G\n- Số khe SIM: 2 Nano SIM\n- Dung lượng pin: 4700 mAh\nKhuyến mãi: Không có khuyến mãi\n\nTên sản phẩm: điện thoại poco f2 pro - 8gb/256gb - chính hãng\nMàu: Không có thông tin\nGiá: Không có thông tin\nThông số kỹ thuật: - Công nghệ màn hình: Super AMOLED\n- Độ phân giải: Full HD+ (1080 x 2400 Pixels), Chính 64 MP & Phụ 13 MP, 5 MP, 2 MP, 20 MP\n- Kích thước màn hình: 6.67 inch\n- Hệ điều hành: Android 10, MIUI 11\n- Vi xử lý: Qualcomm SM8250 Snapdragon 865 (7 nm+)\n- Bộ nhớ trong: 256 GB\n- RAM: 8GB\n- Mạng di động: Hỗ trợ 5G\n- Số khe SIM: 2 Nano SIM\n- Dung lượng pin: 4700 mAh\nKhuyến mãi: Không có khuyến mãi\n\nTên sản phẩm: điện thoại redmi note 12 pro 5g (8gb/256gb) - chính hãng\nMàu: Màu Đen, Xanh Dương, Trắng\nGiá: 7,290,000 ₫\nThông số kỹ thuật: - Công nghệ màn hình: Dot Display, AMOLED, Tần số quét màn hình lên đến 120Hz, Gam màu rộng DCI-P3, Hỗ trợ Dolby Vision®\n- Độ phân giải: 1080x2400, Camerca góc rộng 50MP cảm biến IMX766 OIS 50MP - f/1.88, Camera siêu rộng 8MP - f/2.2, FOV 119°, Camera Macro 2MP - f/2.4, 16MP - f/2.45\n- Kích thước màn hình: 6.67 inch\n- Hệ điều hành: MIUI 14 trên nền tảng Android 12\n- Vi xử lý: MediaTek Dimensity 1080\n- Bộ nhớ trong: 256GB\n- RAM: 8GB\n- Mạng di động: 2G, 3G, 4G, 5G\n- Số khe SIM: 2 nano SIM\n- Dung lượng pin: 5000 mAh\nKhuyến mãi: - Ưu đãi trả góp 0% qua Shinhan Finance hoặc Mirae Asset Finance\n- Giảm 5% không giới hạn khuyến mãi qua Homepaylater\n- Giảm thêm tới 700.000đ khi thanh toán qua Kredivo.\n- Giảm 50% tối đa 700k khi mở thẻ tín dụng Vpbank trên SenID\n- Giảm 20% tối đa 500k khi mở thẻ tín dụng TPBank EVO\n- Mở thẻ tín dụng VIB\n- Nhận Voucher 600.000đ\n- Giảm 1% tối đa 100.000đ khi thanh toán qua Zalopay']","Ưu đãi trả góp 0 % qua Shinhan Finance hoặc Mirae Asset Finance, giảm 5 % không giới hạn khuyến mãi qua Homepaylater, giảm thêm tới 700.000 đ khi thanh toán qua Kredivo, giảm 50 % tối đa 700k khi mở thẻ tín dụng Vpbank trên SenID, giảm 20 % tối đa 500k khi mở thẻ tín dụng TPBank EVO, mở thẻ tín dụng VIB, nhận voucher 600.000 đ, giảm 1 % tối đa 100.000 đ khi thanh toán qua Zalopay.","[{'statement': 'Điện thoại Poco M4 Pro 5G có ưu đãi trả góp 0% qua Shinhan Finance hoặc Mirae Asset Finance.', 'reason': [""The context for the Poco M4 Pro 5G phone explicitly lists 'Ưu đãi trả góp 0% qua Shinhan Finance hoặc Mirae Asset Finance' as a promotion.""], 'verdict': 1}, {'statement': 'Khi mua điện thoại Poco M4 Pro 5G, khách hàng được giảm 5% không giới hạn khuyến mãi qua Homepaylater.', 'reason': [""The context for the Poco M4 Pro 5G phone explicitly lists 'Giảm 5% không giới hạn khuyến mãi qua Homepaylater' as a promotion.""], 'verdict': 1}, {'statement': 'Khi mua điện thoại Poco M4 Pro 5G, khách hàng được giảm thêm tới 700.000đ khi thanh toán qua Kredivo.', 'reason': [""The context for the Poco M4 Pro 5G phone explicitly lists 'Giảm thêm tới 700.000đ khi thanh toán qua Kredivo' as a promotion.""], 'verdict': 1}, {'statement': 'Khi mua điện thoại Poco M4 Pro 5G, khách hàng được giảm 50% tối đa 700.000đ khi mở thẻ tín dụng Vpbank trên SenID.', 'reason': [""The context for the Poco M4 Pro 5G phone explicitly lists 'Giảm 50% tối đa 700k khi mở thẻ tín dụng Vpbank trên SenID' as a promotion, where '700k' is equivalent to '700.000đ'.""], 'verdict': 1}, {'statement': 'Khi mua điện thoại Poco M4 Pro 5G, khách hàng được giảm 20% tối đa 500.000đ khi mở thẻ tín dụng TPBank EVO.', 'reason': [""The context for the Poco M4 Pro 5G phone explicitly lists 'Giảm 20% tối đa 500k khi mở thẻ tín dụng TPBank EVO' as a promotion, where '500k' is equivalent to '500.000đ'.""], 'verdict': 1}, {'statement': 'Khi mua điện thoại Poco M4 Pro 5G và mở thẻ tín dụng VIB, khách hàng sẽ nhận được voucher 600.000đ.', 'reason': [""The context for the Poco M4 Pro 5G phone lists 'Mở thẻ tín dụng VIB' and 'Nhận Voucher 600.000đ' as consecutive promotions. The statement correctly combines these two related points.""], 'verdict': 1}, {'statement': 'Khi mua điện thoại Poco M4 Pro 5G, khách hàng được giảm 1% tối đa 100.000đ khi thanh toán qua Zalopay.', 'reason': [""The context for the Poco M4 Pro 5G phone explicitly lists 'Giảm 1% tối đa 100.000đ khi thanh toán qua Zalopay' as a promotion.""], 'verdict': 1}]",0.0,52.73,2025-08-20 17:32:43
249,Hệ điều hành của điện thoại realme c25 là gì?,Hệ điều hành của điện thoại realme c25 là Android 11,"['Tên sản phẩm: điện thoại realme c25 - chính hãng\nMàu: Không có thông tin\nGiá: Không có thông tin\nThông số kỹ thuật: - Công nghệ màn hình: IPS LCD\n- Độ phân giải: HD+ (720 x 1600 Pixels), Chính 48 MP & Phụ 2 MP, 2 MP, 8 MP\n- Hệ điều hành: Android 11\n- Vi xử lý: MediaTek Helio G70\n- Bộ nhớ trong: 128 GB\n- RAM: 4GB\n- Mạng di động: Hỗ trợ 4G\n- Số khe SIM: 2 Nano SIM\n- Dung lượng pin: 6000 mAh\nKhuyến mãi: Không có khuyến mãi\n\nTên sản phẩm: điện thoại realme c20 - chính hãng\nMàu: Không có thông tin\nGiá: Không có thông tin\nThông số kỹ thuật: - Công nghệ màn hình: LCD\n- Độ phân giải: HD+ (720 x 1600 Pixels), 8 MP, 5 MP\n- Kích thước màn hình: 6.5 inch\n- Hệ điều hành: Android 10\n- Vi xử lý: MediaTek Helio G35 8 nhân\n- Bộ nhớ trong: 32 GB\n- RAM: 2GB\n- Mạng di động: Hỗ trợ 4G\n- Số khe SIM: 2 Nano SIM\n- Dung lượng pin: 5000 mAh\nKhuyến mãi: Không có khuyến mãi\n\nTên sản phẩm: điện thoại realme c35 - 4gb/64gb - chính hãng\nMàu: Màu Đen, Xanh\nGiá: 3,090,000 ₫\nThông số kỹ thuật: - Công nghệ màn hình: IPS LCD\n- Độ phân giải: Full HD+ (1080 x 2408 Pixels), Chính 50 MP & Phụ 2 MP, 0.3 MP, 8 MP\n- Hệ điều hành: Android 11\n- Vi xử lý: Unisoc T616 8 nhân\n- Bộ nhớ trong: 64 GB\n- RAM: 4GB\n- Mạng di động: Hỗ trợ 4G\n- Số khe SIM: 2 Nano SIM\n- Dung lượng pin: 5000 mAh\nKhuyến mãi: - Ưu đãi trả góp 0% qua Shinhan Finance hoặc Mirae Asset Finance\n- Giảm 5% không giới hạn khuyến mãi qua Homepaylater\n- Giảm thêm tới 700.000đ khi thanh toán qua Kredivo.\n- Giảm 50% tối đa 700k khi mở thẻ tín dụng Vpbank trên SenID\n- Giảm 20% tối đa 500k khi mở thẻ tín dụng TPBank EVO\n- Mở thẻ tín dụng VIB\n- Nhận Voucher 600.000đ\n- Giảm 1% tối đa 100.000đ khi thanh toán qua Zalopay\n\nTên sản phẩm: điện thoại realme c15 - chính hãng\nMàu: Không có thông tin\nGiá: Không có thông tin\nThông số kỹ thuật: - Công nghệ màn hình: IPS LCD\n- Độ phân giải: HD+ (720 x 1600 Pixels), Chính 13 & Phụ 8 MP, 2 MP, 2 MP, 8 MP\n- Hệ điều hành: Android 10\n- Vi xử lý: Snapdragon 460 8 nhân\n- Bộ nhớ trong: 64 GB\n- RAM: 4GB\n- Mạng di động: Hỗ trợ 4G\n- Số khe SIM: 2 Nano SIM\n- Dung lượng pin: 6000 mAh\nKhuyến mãi: Không có khuyến mãi']",Android 11,"[{'statement': 'Hệ điều hành của điện thoại realme c25 là Android 11.', 'reason': [""The context provides information for the product 'điện thoại realme c25 - chính hãng' and under its specifications, it lists 'Hệ điều hành: Android 11'.""], 'verdict': 1}]",0.0,34.01,2025-08-20 17:33:18
248,Bộ nhớ trong của điện thoại vsmart star 5 là bao nhiêu?,Bộ nhớ trong của điện thoại Vsmart Star 5 là 32 GB.,"['Tên sản phẩm: điện thoại vsmart star 5 - 3gb/32gb - chính hãng\nMàu: Không có thông tin\nGiá: Không có thông tin\nThông số kỹ thuật: - Công nghệ màn hình: IPS LCD\n- Độ phân giải: HD+ (720 x 1600 Pixels), Chính 13 MP & Phụ 2 MP, 2 MP, 8 MP\n- Kích thước màn hình: 6.52 inch\n- Hệ điều hành: Android 11\n- Vi xử lý: MediaTek Helio G35 8 nhân\n- Bộ nhớ trong: 32 GB\n- RAM: 3GB\n- Mạng di động: Hỗ trợ 4G\n- Số khe SIM: 2 Nano SIM\n- Dung lượng pin: 5000 mAh\nKhuyến mãi: Không có khuyến mãi\n\nTên sản phẩm: điện thoại vsmart aris - 8gb/128gb - chính hãng\nMàu: Không có thông tin\nGiá: Không có thông tin\nThông số kỹ thuật: - Công nghệ màn hình: AMOLED\n- Độ phân giải: Full HD+ (1080 x 2340 Pixels), Chính 64 MP & Phụ 8 MP, 8 MP, 2 MP, 20 MP\n- Hệ điều hành: Android 10\n- Vi xử lý: Snapdragon 730 8 nhân\n- Bộ nhớ trong: 128 GB\n- RAM: 8GB\n- Mạng di động: Hỗ trợ 4G\n- Số khe SIM: 2 Nano SIM\n- Dung lượng pin: 4000 mAh\nKhuyến mãi: Không có khuyến mãi\n\nTên sản phẩm: điện thoại vsmart joy 3 4gb/64gb white pearl - chính hãng\nMàu: Không có thông tin\nGiá: Không có thông tin\nThông số kỹ thuật: - Công nghệ màn hình: IPS LCD\n- Độ phân giải: HD+ (720 x 1600 Pixels), Chính 13 MP & Phụ 8 MP, 2 MP, 8 MP\n- Kích thước màn hình: 6.5 inch\n- Bộ nhớ trong: 64 GB\n- RAM: 4GB\n- Mạng di động: Hỗ trợ 4G\n- Số khe SIM: 2 Nano SIM\n- Dung lượng pin: 5000 mAh\nKhuyến mãi: Không có khuyến mãi\n\nTên sản phẩm: điện thoại di động honor x5 plus 4gb/64gb- chính hãng\nMàu: Màu Đen, Xanh\nGiá: 2,290,000 ₫\nThông số kỹ thuật: - Công nghệ màn hình: TFT LCD, 90Hz, Màn hình giọt nước\n- Độ phân giải: 720 × 1612, Camera 50 MP (f/1.8), Camera chân dung 2MP (f/2.4), 5 MP (f/2.2)\n- Kích thước màn hình: 6.56  inch\n- Hệ điều hành: MagicOS 7.1（Dựa trên Android 13）\n- Vi xử lý: MediaTek Helio G36\n- Bộ nhớ trong: 64GB\n- RAM: 4GB\n- Mạng di động: 4G (LTE TDD/LTE FDD), 3G (WCDMA), 2G (GSM)\n- Dung lượng pin: 5200 mAh\nKhuyến mãi: - KM 1\n- Tặng phiếu mua hàng 300.000đ.']",Bộ nhớ trong của điện thoại Vsmart Star 5 là 32 GB.,"[{'statement': 'Bộ nhớ trong của điện thoại Vsmart Star 5 là 32 GB.', 'reason': [""The context provides specifications for the 'điện thoại vsmart star 5' and lists its 'Bộ nhớ trong' (internal memory) as '32 GB'.""], 'verdict': 1}]",0.0,54.66,2025-08-20 17:33:28
246,iPhone 13 (128GB) có màu nào?,"iPhone 13 (128GB) có các màu Green, Red, Midnight, Pink, Blue, Starlight.","['Tên sản phẩm: điện thoại iphone 13 (128gb) - chính hãng vn/a\nMàu: Green, Red, Midnight, Pink, Blue, Starlight\nGiá: 13,190,000 ₫\nThông số kỹ thuật: - Công nghệ màn hình: OLED\n- Độ phân giải: 1170 x 2532 Pixels, 2 camera 12 MP, 12 MP\n- Hệ điều hành: iOS 15\n- Vi xử lý: Apple A15\n- Bộ nhớ trong: 128 GB\n- RAM: 4GB\n- Mạng di động: Hỗ trợ 5G\n- Số khe SIM: 1 Nano SIM & 1 eSIM\nKhuyến mãi: - KM 1\n- Ưu đãi trả góp 0% qua thẻ tín dụng\n\nTên sản phẩm: điện thoại iphone 14 (128gb) - chính hãng vn/a\nMàu: Midnight, Blue, Purple, Red, Yellow, Starlight\nGiá: 16,290,000 ₫\nThông số kỹ thuật: - Công nghệ màn hình: Super Retina XDR\n- Độ phân giải: 2532 x 1170, 12MP x 12MP, 12MP\n- Kích thước màn hình: 6.1 inch\n- Hệ điều hành: iOS 16\n- Vi xử lý: A15 Bionic\n- Bộ nhớ trong: 128GB\n- RAM: 6GB\n- Mạng di động: 5G (sub ‑ 6 GHz và mmWave) với 4x4 MIMO8, Gigabit LTE với 4x4 MIMO và LAA8, Chip băng thông siêu rộng cho nhận thức về không gian, NFC với chế độ đọc, Thẻ Express có dự trữ năng lượng\n- Số khe SIM: 1 eSIM, 1 SIM vật lý\nKhuyến mãi: - KM 1\n- Ưu đãi mua combo 3 món củ sạc + dán màn hình + ốp lưng Mophie Zagg chỉ 985.000đ\n- KM 2\n- Ưu đãi trả góp 0% qua thẻ tín dụng\n\nTên sản phẩm: điện thoại iphone 13 mini (256gb) - chính hãng vn/a\nMàu: Không có thông tin\nGiá: Không có thông tin\nThông số kỹ thuật: - Công nghệ màn hình: OLED\n- Độ phân giải: Full HD+ (1080 x 2340 Pixels), 2 camera 12 MP, 12 MP\n- Hệ điều hành: iOS 15\n- Vi xử lý: Apple A15\n- Bộ nhớ trong: 256 GB\n- RAM: 4GB\n- Mạng di động: Hỗ trợ 5G\n- Số khe SIM: 1 Nano SIM & 1 eSIM\nKhuyến mãi: Không có khuyến mãi\n\nTên sản phẩm: điện thoại iphone 12 (128gb) - chính hãng vn/a\nMàu: Black, Blue, White, Red, Green, Purple\nGiá: 12,990,000 ₫\nThông số kỹ thuật: - Công nghệ màn hình: OLED\n- Độ phân giải: 1170 x 2532 Pixels, 2 camera 12 MP, 12 MP\n- Kích thước màn hình: 6.1 inch\n- Hệ điều hành: iOS 14\n- Vi xử lý: Apple A14 Bionic 6 nhân\n- Bộ nhớ trong: 128 GB\n- RAM: 4GB\n- Mạng di động: Hỗ trợ 5G\n- Số khe SIM: 1 Nano SIM & 1 eSIM\n- Dung lượng pin: 2815 mAh\nKhuyến mãi: - KM 1\n- Khuyến mãi mua thêm: Sạc nhanh Apple iPhone 20W Type-C\n- Chính hãng với giá chỉ 490.000đ\n- KM 2\n- Ưu đãi trả góp 0% qua thẻ tín dụng']","Green, Red, Midnight, Pink, Blue, Starlight","[{'statement': 'iPhone 13 (128GB) có màu Green.', 'reason': [""The context lists the colors for the iPhone 13 (128GB) as 'Green, Red, Midnight, Pink, Blue, Starlight', which includes Green.""], 'verdict': 1}, {'statement': 'iPhone 13 (128GB) có màu Red.', 'reason': [""The context lists the colors for the iPhone 13 (128GB) as 'Green, Red, Midnight, Pink, Blue, Starlight', which includes Red.""], 'verdict': 1}, {'statement': 'iPhone 13 (128GB) có màu Midnight.', 'reason': [""The context lists the colors for the iPhone 13 (128GB) as 'Green, Red, Midnight, Pink, Blue, Starlight', which includes Midnight.""], 'verdict': 1}, {'statement': 'iPhone 13 (128GB) có màu Pink.', 'reason': [""The context lists the colors for the iPhone 13 (128GB) as 'Green, Red, Midnight, Pink, Blue, Starlight', which includes Pink.""], 'verdict': 1}, {'statement': 'iPhone 13 (128GB) có màu Blue.', 'reason': [""The context lists the colors for the iPhone 13 (128GB) as 'Green, Red, Midnight, Pink, Blue, Starlight', which includes Blue.""], 'verdict': 1}, {'statement': 'iPhone 13 (128GB) có màu Starlight.', 'reason': [""The context lists the colors for the iPhone 13 (128GB) as 'Green, Red, Midnight, Pink, Blue, Starlight', which includes Starlight.""], 'verdict': 1}]",0.0,66.16,2025-08-20 17:33:33
250,Điện thoại Samsung Galaxy A02s có bao nhiêu RAM?,Điện thoại Samsung Galaxy A02s có RAM 4GB.,"['Tên sản phẩm: điện thoại samsung galaxy a02s 4gb/64gb - chính hãng\nMàu: Không có thông tin\nGiá: Không có thông tin\nThông số kỹ thuật: - Công nghệ màn hình: PLS TFT LCD\n- Độ phân giải: HD+ (720 x 1600 Pixels), Chính 13 MP & Phụ 2 MP, 2 MP, 5 MP\n- Kích thước màn hình: 6.5 inch\n- Hệ điều hành: Android 10\n- Vi xử lý: Snapdragon 450 8 nhân\n- Bộ nhớ trong: 64 GB\n- RAM: 4GB\n- Mạng di động: Hỗ trợ 4G\n- Số khe SIM: 2 Nano SIM\n- Dung lượng pin: 5000 mAh\nKhuyến mãi: Không có khuyến mãi\n\nTên sản phẩm: điện thoại samsung galaxy a05s - 4gb/128gb - chính hãng\nMàu: Xanh, Màu Đen, Bạc\nGiá: 3,590,000 ₫\nThông số kỹ thuật: - Công nghệ màn hình: PLS LCD, 90Hz\n- Độ phân giải: FHD+ (2400 x 1080), 50MP (F1.8) AF, 2MP (F2.4), 2MP (F2.4), 13MP (F2.0)\n- Kích thước màn hình: 6.7 inch\n- Hệ điều hành: One UI 5.1\n- Vi xử lý: Qualcomm Snapdragon 680\n- Bộ nhớ trong: 128GB\n- RAM: 4GB\n- Dung lượng pin: 5000 mAh\nKhuyến mãi: - KM 1\n- Giảm thêm 300.000đ\n\nTên sản phẩm: samsung galaxy a04s (4gb/64gb) - chính hãng\nMàu: Không có thông tin\nGiá: Không có thông tin\nThông số kỹ thuật: - Công nghệ màn hình: IPS LCD\n- Độ phân giải: HD+ (720 x 1600 Pixels), Chính 50 MP & Phụ 2 MP, 2 MP, 5 MP\n- Hệ điều hành: Android 12\n- Vi xử lý: Exynos 850 8 nhân\n- RAM: 4GB\n- Mạng di động: Hỗ trợ 4G\n- Số khe SIM: 2 Nano SIM\n- Dung lượng pin: 5000 mAh\nKhuyến mãi: Không có khuyến mãi\n\nTên sản phẩm: samsung galaxy a05s - 6gb/128gb (bhđt)\nMàu: Màu Đen, Xanh, Bạc\nGiá: 3,490,000 ₫\nThông số kỹ thuật: - Công nghệ màn hình: PLS LCD, 90Hz\n- Độ phân giải: FHD+ (2400 x 1080), 50MP (F1.8) AF, 2MP (F2.4), 2MP (F2.4), 13MP (F2.0)\n- Kích thước màn hình: 6.7 inch\n- Hệ điều hành: One UI 5.1\n- Vi xử lý: Qualcomm Snapdragon 680\n- Bộ nhớ trong: 128GB\n- RAM: 6GB\n- Dung lượng pin: 5000 mAh\nKhuyến mãi: - Ưu đãi trả góp 0% qua Shinhan Finance hoặc Mirae Asset Finance\n- Giảm 5% không giới hạn khuyến mãi qua Homepaylater\n- Giảm thêm tới 700.000đ khi thanh toán qua Kredivo.\n- Giảm 50% tối đa 700k khi mở thẻ tín dụng Vpbank trên SenID\n- Giảm 20% tối đa 500k khi mở thẻ tín dụng TPBank EVO\n- Mở thẻ tín dụng VIB\n- Nhận Voucher 600.000đ\n- Giảm 1% tối đa 100.000đ khi thanh toán qua Zalopay']",Điện thoại Samsung Galaxy A02s có 4GB RAM.,"[{'statement': 'Điện thoại Samsung Galaxy A02s có 4GB RAM.', 'reason': [""Trong ngữ cảnh có đề cập đến sản phẩm 'điện thoại samsung galaxy a02s 4gb/64gb - chính hãng' và trong phần thông số kỹ thuật của sản phẩm này có ghi 'RAM: 4GB'.""], 'verdict': 1}]",0.0,14.03,2025-08-20 17:33:33
247,Có những chương trình khuyến mãi nào cho điện thoại Nokia 105 4G?,"Điện thoại Nokia 105 4G có những chương trình khuyến mãi như sau: Giảm 5% không giới hạn khi sử dụng Homepaylater, giảm 50% tối đa 700.000₫ khi mở thẻ tín dụng Vpbank trên SenID, giảm 20% tối đa 500.000₫ khi mở thẻ tín dụng TPBank EVO, giảm 1% tối đa 100.000₫ khi thanh toán qua Zalopay.","['Tên sản phẩm: điện thoại nokia 105 4g - chính hãng\nMàu: Blue, Black\nGiá: 590,000 ₫\nThông số kỹ thuật: Không có thông tin\nKhuyến mãi: - Giảm 5% không giới hạn khuyến mãi qua Homepaylater\n- Giảm 50% tối đa 700k khi mở thẻ tín dụng Vpbank trên SenID\n- Giảm 20% tối đa 500k khi mở thẻ tín dụng TPBank EVO\n- Giảm 1% tối đa 100.000đ khi thanh toán qua Zalopay\n\nTên sản phẩm: nokia 105 4g pro - chính hãng\nMàu: Xanh Lá, Màu Đen\nGiá: 640,000 ₫\nThông số kỹ thuật: - Công nghệ màn hình: IPS\n- Độ phân giải: QQVGA\n- Kích thước màn hình: 1.77 inch\n- Hệ điều hành: S30+\n- Vi xử lý: Unisoc T107\n- Mạng di động: 2G, 3G, 4G, Hỗ trợ VoLTE\n- Số khe SIM: 2 nano SIM\n- Dung lượng pin: 1450 mAh\nKhuyến mãi: - Giảm 5% không giới hạn khuyến mãi qua Homepaylater\n- Giảm 50% tối đa 700k khi mở thẻ tín dụng Vpbank trên SenID\n- Giảm 20% tối đa 500k khi mở thẻ tín dụng TPBank EVO\n- Giảm 1% tối đa 100.000đ khi thanh toán qua Zalopay\n\nTên sản phẩm: điện thoại nokia 110 4g - chính hãng\nMàu: Blue, Black\nGiá: 640,000 ₫\nThông số kỹ thuật: Không có thông tin\nKhuyến mãi: - Giảm 5% không giới hạn khuyến mãi qua Homepaylater\n- Giảm 50% tối đa 700k khi mở thẻ tín dụng Vpbank trên SenID\n- Giảm 20% tối đa 500k khi mở thẻ tín dụng TPBank EVO\n- Giảm 1% tối đa 100.000đ khi thanh toán qua Zalopay\n\nTên sản phẩm: điện thoại nokia 110 4g pro - chính hãng\nMàu: Màu Tím, Xanh than\nGiá: 670,000 ₫\nThông số kỹ thuật: - Công nghệ màn hình: IPS\n- Độ phân giải: QQVGA, QVGA\n- Kích thước màn hình: 1.77 inch\n- Hệ điều hành: S30+\n- Vi xử lý: Unisoc T107\n- Mạng di động: 2G, 3G, 4G, Hỗ trợ VoLTE\n- Số khe SIM: 2 nano SIM\n- Dung lượng pin: 1450 mAh\nKhuyến mãi: - Giảm 5% không giới hạn khuyến mãi qua Homepaylater\n- Giảm 50% tối đa 700k khi mở thẻ tín dụng Vpbank trên SenID\n- Giảm 20% tối đa 500k khi mở thẻ tín dụng TPBank EVO\n- Giảm 1% tối đa 100.000đ khi thanh toán qua Zalopay']","- Giảm 5% không giới hạn khuyến mãi qua Homepaylater  
- Giảm 50% tối đa 700k khi mở thẻ tín dụng Vpbank trên SenID  
- Giảm 20% tối đa 500k khi mở thẻ tín dụng TPBank EVO  
- Giảm 1% tối đa 100.000đ khi thanh toán qua Zalopay","[{'statement': 'Có chương trình giảm 5% không giới hạn khuyến mãi qua Homepaylater cho điện thoại Nokia 105 4G.', 'reason': [""Thông tin này được xác nhận trong ngữ cảnh, dưới mục khuyến mãi của sản phẩm 'điện thoại nokia 105 4g - chính hãng'.""], 'verdict': 1}, {'statement': 'Có chương trình giảm 50% tối đa 700k khi mở thẻ tín dụng Vpbank trên SenID cho điện thoại Nokia 105 4G.', 'reason': [""Thông tin này được xác nhận trong ngữ cảnh, dưới mục khuyến mãi của sản phẩm 'điện thoại nokia 105 4g - chính hãng'.""], 'verdict': 1}, {'statement': 'Có chương trình giảm 20% tối đa 500k khi mở thẻ tín dụng TPBank EVO cho điện thoại Nokia 105 4G.', 'reason': [""Thông tin này được xác nhận trong ngữ cảnh, dưới mục khuyến mãi của sản phẩm 'điện thoại nokia 105 4g - chính hãng'.""], 'verdict': 1}, {'statement': 'Có chương trình giảm 1% tối đa 100.000đ khi thanh toán qua Zalopay cho điện thoại Nokia 105 4G.', 'reason': [""Thông tin này được xác nhận trong ngữ cảnh, dưới mục khuyến mãi của sản phẩm 'điện thoại nokia 105 4g - chính hãng'.""], 'verdict': 1}]",0.0,66.71,2025-08-20 17:33:35
251,Camera chính của điện thoại samsung galaxy a10s có độ phân giải bao nhiêu?,Camera chính của điện thoại Samsung Galaxy A10s có độ phân giải 13 MP.,"['Tên sản phẩm: điện thoại samsung galaxy a10s - chính hãng\nMàu: Không có thông tin\nGiá: Không có thông tin\nThông số kỹ thuật: - Công nghệ màn hình: IPS TFT\n- Độ phân giải: HD+ (720 x 1520 Pixels), Chính 13 MP & Phụ 2 MP, 8 MP\n- Kích thước màn hình: 6.2 inch\n- Hệ điều hành: Android 9 (Pie)\n- Vi xử lý: MediaTek MT6762 8 nhân (Helio P22)\n- Bộ nhớ trong: 32 GB\n- RAM: 2GB\n- Mạng di động: Hỗ trợ 4G\n- Số khe SIM: 2 Nano SIM\n- Dung lượng pin: 4000 mAh\nKhuyến mãi: Không có khuyến mãi\n\nTên sản phẩm: điện thoại samsung galaxy a05s - 4gb/128gb - chính hãng\nMàu: Xanh, Màu Đen, Bạc\nGiá: 3,590,000 ₫\nThông số kỹ thuật: - Công nghệ màn hình: PLS LCD, 90Hz\n- Độ phân giải: FHD+ (2400 x 1080), 50MP (F1.8) AF, 2MP (F2.4), 2MP (F2.4), 13MP (F2.0)\n- Kích thước màn hình: 6.7 inch\n- Hệ điều hành: One UI 5.1\n- Vi xử lý: Qualcomm Snapdragon 680\n- Bộ nhớ trong: 128GB\n- RAM: 4GB\n- Dung lượng pin: 5000 mAh\nKhuyến mãi: - KM 1\n- Giảm thêm 300.000đ\n\nTên sản phẩm: điện thoại samsung galaxy a11 - chính hãng\nMàu: Không có thông tin\nGiá: Không có thông tin\nThông số kỹ thuật: - Công nghệ màn hình: PLS TFT LCD\n- Độ phân giải: HD+ (720 x 1560 Pixels), Chính 13 MP & Phụ 5 MP, 2 MP, 8 MP\n- Kích thước màn hình: 6.4 inch\n- Bộ nhớ trong: 32 GB\n- RAM: 3GB\n- Mạng di động: Hỗ trợ 4G\n- Số khe SIM: 2 Nano SIM\n- Dung lượng pin: 4000 mAh\nKhuyến mãi: Không có khuyến mãi\n\nTên sản phẩm: samsung galaxy a04s (4gb/64gb) - chính hãng\nMàu: Không có thông tin\nGiá: Không có thông tin\nThông số kỹ thuật: - Công nghệ màn hình: IPS LCD\n- Độ phân giải: HD+ (720 x 1600 Pixels), Chính 50 MP & Phụ 2 MP, 2 MP, 5 MP\n- Hệ điều hành: Android 12\n- Vi xử lý: Exynos 850 8 nhân\n- RAM: 4GB\n- Mạng di động: Hỗ trợ 4G\n- Số khe SIM: 2 Nano SIM\n- Dung lượng pin: 5000 mAh\nKhuyến mãi: Không có khuyến mãi']",Camera chính có độ phân giải 13 megapixel.,"[{'statement': 'Camera chính của điện thoại Samsung Galaxy A10s có độ phân giải 13 megapixel.', 'reason': ['Trong thông tin về sản phẩm ""điện thoại samsung galaxy a10s"", mục ""Độ phân giải"" có ghi ""Chính 13 MP & Phụ 2 MP, 8 MP"", điều này xác nhận camera chính có độ phân giải 13 MP.'], 'verdict': 1}]",0.0,29.34,2025-08-20 17:33:58
255,Dung lượng pin của điện thoại nokia c20 là bao nhiêu?,Điện thoại Nokia C20 có dung lượng pin 2950 mAh.,"['Tên sản phẩm: điện thoại nokia c20 - chính hãng\nMàu: Vàng phù sa, Xanh thiên thạch\nGiá: 1,480,000 ₫\nThông số kỹ thuật: - Công nghệ màn hình: IPS LCD\n- Độ phân giải: HD+ (720 x 1600 Pixels), 5 MP, 5 MP\n- Hệ điều hành: Android 11 (Go Edition)\n- Bộ nhớ trong: 32 GB\n- RAM: 2GB\n- Mạng di động: Hỗ trợ 4G\n- Số khe SIM: 2 Nano SIM\n- Dung lượng pin: 2950 mAh\nKhuyến mãi: - Giảm 5% không giới hạn khuyến mãi qua Homepaylater\n- Giảm 50% tối đa 700k khi mở thẻ tín dụng Vpbank trên SenID\n- Giảm 20% tối đa 500k khi mở thẻ tín dụng TPBank EVO\n- Giảm 1% tối đa 100.000đ khi thanh toán qua Zalopay\n\nTên sản phẩm: điện thoại realme c20 - chính hãng\nMàu: Không có thông tin\nGiá: Không có thông tin\nThông số kỹ thuật: - Công nghệ màn hình: LCD\n- Độ phân giải: HD+ (720 x 1600 Pixels), 8 MP, 5 MP\n- Kích thước màn hình: 6.5 inch\n- Hệ điều hành: Android 10\n- Vi xử lý: MediaTek Helio G35 8 nhân\n- Bộ nhớ trong: 32 GB\n- RAM: 2GB\n- Mạng di động: Hỗ trợ 4G\n- Số khe SIM: 2 Nano SIM\n- Dung lượng pin: 5000 mAh\nKhuyến mãi: Không có khuyến mãi\n\nTên sản phẩm: điện thoại nokia c21 plus (2gb/64gb) - chính hãng\nMàu: Không có thông tin\nGiá: Không có thông tin\nThông số kỹ thuật: - Công nghệ màn hình: Đang cập nhật\n- Độ phân giải: HD+ (720 x 1600 Pixels), Chính 13 MP & Phụ 2 MP\n- Hệ điều hành: Android 11 (Go Edition)\n- Vi xử lý: Spreadtrum SC9863A 8 nhân\n- Bộ nhớ trong: 64 GB\n- RAM: 2GB\n- Mạng di động: Hỗ trợ 4G\n- Số khe SIM: 2 Nano SIM\n- Dung lượng pin: 5050 mAh\nKhuyến mãi: Không có khuyến mãi\n\nTên sản phẩm: điện thoại nokia c21 plus (3gb/64gb) - chính hãng\nMàu: Không có thông tin\nGiá: Không có thông tin\nThông số kỹ thuật: - Công nghệ màn hình: Đang cập nhật\n- Độ phân giải: HD+ (720 x 1600 Pixels), Chính 13 MP & Phụ 2 MP\n- Hệ điều hành: Android 11 (Go Edition)\n- Vi xử lý: Spreadtrum SC9863A 8 nhân\n- Bộ nhớ trong: 64 GB\n- RAM: 3GB\n- Mạng di động: Hỗ trợ 4G\n- Số khe SIM: 2 Nano SIM\n- Dung lượng pin: 5050 mAh\nKhuyến mãi: Không có khuyến mãi']",Dung lượng pin của điện thoại Nokia C20 là 2950 mAh.,"[{'statement': 'Dung lượng pin của điện thoại Nokia C20 là 2950 mAh.', 'reason': [""Trong phần thông tin về sản phẩm 'điện thoại nokia c20 - chính hãng', ngữ cảnh đã ghi rõ 'Dung lượng pin: 2950 mAh'.""], 'verdict': 1}]",0.0,18.31,2025-08-20 17:34:17
253,Điện thoại Samsung Galaxy S20 FE 256GB sử dụng hệ điều hành gì?,Điện thoại Samsung Galaxy S20 FE 256GB sử dụng hệ điều hành Android 11.,"['Tên sản phẩm: điện thoại samsung galaxy s20 fe 256gb - chính hãng\nMàu: Không có thông tin\nGiá: Không có thông tin\nThông số kỹ thuật: - Công nghệ màn hình: Super AMOLED\n- Độ phân giải: Full HD+ (1080 x 2400 Pixels), Chính 12 MP & Phụ 12 MP, 8 MP, 32 MP\n- Hệ điều hành: Android 11\n- Vi xử lý: Snapdragon 865 8 nhân\n- Bộ nhớ trong: 256 GB\n- RAM: 8GB\n- Mạng di động: Hỗ trợ 4G\n- Số khe SIM: 2 Nano SIM (SIM 2 chung khe thẻ nhớ)\n- Dung lượng pin: 4500 mAh\nKhuyến mãi: Không có khuyến mãi\n\nTên sản phẩm: điện thoại samsung galaxy s23 fe 5g 8gb/256gb - chính hãng\nMàu: Màu Xám, Màu Tím\nGiá: 14,890,000 ₫\nThông số kỹ thuật: - Công nghệ màn hình: Dynamic AMOLED 2X, Tần số làm tươi màn hình: 120 Hz\n- Độ phân giải: 1080 x 2340 (FHD+), Góc rộng: 50MP, Góc siêu rộng: 12MP, Zoom quang 3X: 8MP, 10MP (F2.4)\n- Kích thước màn hình: 6.4 inch\n- Hệ điều hành: Android\n- Vi xử lý: Exynos 2200\n- Bộ nhớ trong: 256GB\n- RAM: 8GB\n- Mạng di động: Có hỗ trợ 5G\n- Số khe SIM: SIM Kép (SIM 1 + SIM 2 or Embedded SIM)\n- Dung lượng pin: 4500 mAh\nKhuyến mãi: - KM 1\n- Trả góp tới 06 tháng không lãi suất, trả trước 0 đồng với Samsung Finance+.\n- KM 2\n- Giảm thêm 1.900.000đ\n\nTên sản phẩm: điện thoại samsung galaxy s21 fe (5g) - 8gb/128gb - chính hãng\nMàu: Không có thông tin\nGiá: Không có thông tin\nThông số kỹ thuật: - Công nghệ màn hình: Dynamic AMOLED 2X\n- Độ phân giải: Full HD+ (1080 x 2340 Pixels), Chính 12 MP & Phụ 12 MP, 8 MP, 32 MP\n- Kích thước màn hình: 6.4 inch\n- Vi xử lý: Exynos 2100 8 nhân\n- RAM: 8GB\n- Dung lượng pin: 4520 mAh\nKhuyến mãi: Không có khuyến mãi\n\nTên sản phẩm: điện thoại samsung galaxy s23 fe 5g 8gb/128gb - chính hãng\nMàu: Màu Xám, Màu Tím\nGiá: 12,890,000 ₫\nThông số kỹ thuật: - Công nghệ màn hình: Dynamic AMOLED 2X, Tần số làm tươi màn hình: 120 Hz\n- Độ phân giải: 1080 x 2340 (FHD+), Góc rộng: 50MP, Góc siêu rộng: 12MP, Zoom quang 3X: 8MP, 10MP (F2.4)\n- Kích thước màn hình: 6.4 inch\n- Hệ điều hành: Android\n- Vi xử lý: Exynos 2200\n- Bộ nhớ trong: 128GB\n- RAM: 8GB\n- Mạng di động: Có hỗ trợ 5G\n- Số khe SIM: SIM Kép (SIM 1 + SIM 2 or Embedded SIM)\n- Dung lượng pin: 4500 mAh\nKhuyến mãi: - KM 1\n- Trả góp tới 06 tháng không lãi suất, trả trước 0 đồng với Samsung Finance+.\n- KM 2\n- Giảm thêm 1.100.000đ']",Hệ điều hành Android 11.,"[{'statement': 'Điện thoại Samsung Galaxy S20 FE 256GB sử dụng hệ điều hành Android 11.', 'reason': [""Trong thông số kỹ thuật của sản phẩm 'điện thoại samsung galaxy s20 fe 256gb - chính hãng', có ghi rõ 'Hệ điều hành: Android 11'.""], 'verdict': 1}]",0.0,52.54,2025-08-20 17:34:27
252,Điện thoại xiaomi redmi note 10 sử dụng vi xử lý nào?,Điện thoại Xiaomi Redmi Note 10 sử dụng vi xử lý Snapdragon 678 8 nhân.,"['Tên sản phẩm: điện thoại xiaomi redmi note 10 6gb/128gb - chính hãng\nMàu: Không có thông tin\nGiá: Không có thông tin\nThông số kỹ thuật: - Công nghệ màn hình: AMOLED\n- Độ phân giải: Full HD+ (1080 x 2400 Pixels), Chính 48 MP & Phụ 8 MP, 2 MP, 2 MP, 13 MP\n- Kích thước màn hình: 6.43 inch\n- Hệ điều hành: Android 11\n- Vi xử lý: Snapdragon 678 8 nhân\n- Bộ nhớ trong: 128 GB\n- RAM: 6GB\n- Mạng di động: Hỗ trợ 4G\n- Số khe SIM: 2 Nano SIM\n- Dung lượng pin: 5000 mAh\nKhuyến mãi: Không có khuyến mãi\n\nTên sản phẩm: điện thoại xiaomi redmi note 10 5g - chính hãng\nMàu: Không có thông tin\nGiá: Không có thông tin\nThông số kỹ thuật: - Công nghệ màn hình: IPS LCD\n- Độ phân giải: Full HD+ (1080 x 2400 Pixels), Chính 48 MP & Phụ 2 MP, 2 MP, 8 MP\n- Hệ điều hành: Android 11\n- Vi xử lý: MediaTek Dimensity 700 8 nhân\n- Bộ nhớ trong: 128 GB\n- RAM: 4GB\n- Mạng di động: Hỗ trợ 5G\n- Số khe SIM: 2 Nano SIM\n- Dung lượng pin: 5000 mAh\nKhuyến mãi: Không có khuyến mãi\n\nTên sản phẩm: điện thoại xiaomi redmi 10c 4gb/128gb chính hãng\nMàu: Không có thông tin\nGiá: Không có thông tin\nThông số kỹ thuật: - Công nghệ màn hình: IPS LCD\n- Độ phân giải: HD+ (720 x 1600 Pixels), • 50MP main camera, - f/1.8, - 4-in-1 pixel binning, • 2MP depth camera, - f/2.4, 5MP front camera, - f/2.2\n- Kích thước màn hình: 6.71 inch\n- Hệ điều hành: Android 11\n- Vi xử lý: Qualcomm Snapdragon 680\n- Bộ nhớ trong: 128 GB\n- RAM: 4GB\n- Số khe SIM: 2 Nano SIM\n- Dung lượng pin: 5000 mAh\nKhuyến mãi: Không có khuyến mãi\n\nTên sản phẩm: điện thoại redmi note 13 (6gb/128gb) - chính hãng\nMàu: Xanh Lá, Đen, Màu Vàng\nGiá: 4,690,000 ₫\nThông số kỹ thuật: - Công nghệ màn hình: AMOLED 120Hz, Tỉ lệ tương phản 5.000.000:1, 100% DCI-P3, Màn hình Sunlight, Chứng nhận mức ánh sáng xanh thấp (Giải pháp phần cứng) của TÜV Rheinland | Chứng nhận thân thiện với đặc điểm sinh học của TÜV Rheinland | Chứng nhận không nhấp nháy của TÜV Rheinland | Chế độ đọc\n- Độ phân giải: 1080x2400, Camera chính 108MP f/1.75, Camera góc siêu rộng 8MP f/2.2, Camera Macro 2MP, Camera trước 16MP f/2.4\n- Kích thước màn hình: 6.67 inch\n- Hệ điều hành: MIUI 14 trên nền tảng Android 13\n- Vi xử lý: Qualcomm Snapdragon 685\n- Bộ nhớ trong: 128GB\n- RAM: 6GB\n- Mạng di động: 2G, 3G, 4G\n- Số khe SIM: 2 nano SIM\n- Dung lượng pin: 5000 mAh\nKhuyến mãi: - KM 1\n- Tặng Vipcare 1 đổi 1 ( nhập lại 400.000)']",Vi xử lý Snapdragon 678 8 nhân.,"[{'statement': 'Điện thoại Xiaomi Redmi Note 10 sử dụng vi xử lý Snapdragon 678 8 nhân.', 'reason': ['Thông tin trong ngữ cảnh xác nhận rằng ""điện thoại xiaomi redmi note 10 6gb/128gb - chính hãng"" có vi xử lý ""Snapdragon 678 8 nhân"".'], 'verdict': 1}]",0.0,54.68,2025-08-20 17:34:29
254,Dung lượng pin của oppo a54 là bao nhiêu?,5000 mAh,"['Tên sản phẩm: oppo a54 - chính hãng\nMàu: Không có thông tin\nGiá: Không có thông tin\nThông số kỹ thuật: - Công nghệ màn hình: IPS LCD\n- Độ phân giải: HD+ (720 x 1600 Pixels), Chính 13 MP & Phụ 2 MP, 2 MP, 16 MP\n- Hệ điều hành: Android 10\n- Vi xử lý: MediaTek Helio P35 8 nhân\n- Bộ nhớ trong: 128 GB\n- RAM: 4GB\n- Mạng di động: Hỗ trợ 4G\n- Số khe SIM: 2 Nano SIM\n- Dung lượng pin: 5000 mAh\nKhuyến mãi: Không có khuyến mãi\n\nTên sản phẩm: oppo a53 - 4gb/128gb - chính hãng\nMàu: Không có thông tin\nGiá: Không có thông tin\nThông số kỹ thuật: - Công nghệ màn hình: IPS LCD\n- Độ phân giải: HD+ (720 x 1600 Pixels), Chính 13 MP & Phụ 2 MP, 2 MP, 16 MP\n- Kích thước màn hình: 6.5 inch\n- Bộ nhớ trong: 128 GB\n- RAM: 4GB\n- Mạng di động: Hỗ trợ 4G\n- Số khe SIM: 2 Nano SIM\n- Dung lượng pin: 5000 mAh\nKhuyến mãi: Không có khuyến mãi\n\nTên sản phẩm: oppo a17 4gb/64gb pin 5000mah - chính hãng\nMàu: Màu Đen, Xanh\nGiá: 3,590,000 ₫\nThông số kỹ thuật: - Công nghệ màn hình: IPS LCD\n- Độ phân giải: HD+ (720 x 1612 Pixels), Chính 50 MP & Phụ 0.3 MP, 5 MP\n- Hệ điều hành: Android 12\n- Vi xử lý: MediaTek Helio G35 8 nhân\n- RAM: 4GB\n- Mạng di động: Hỗ trợ 4G\n- Số khe SIM: 2 Nano SIM\n- Dung lượng pin: 5000 mAh\nKhuyến mãi: - Trả góp 0% với Home Credit.\n- Ưu đãi trả góp 0% qua Shinhan Finance hoặc Mirae Asset Finance\n- Giảm 5% không giới hạn khuyến mãi qua Homepaylater\n- Giảm thêm tới 700.000đ khi thanh toán qua Kredivo.\n- Giảm 50% tối đa 700k khi mở thẻ tín dụng Vpbank trên SenID\n- Giảm 20% tối đa 500k khi mở thẻ tín dụng TPBank EVO\n- Mở thẻ tín dụng VIB\n- Nhận Voucher 600.000đ\n- Giảm 1% tối đa 100.000đ khi thanh toán qua Zalopay\n\nTên sản phẩm: oppo a12 - 3gb/32gb - chính hãng\nMàu: Không có thông tin\nGiá: Không có thông tin\nThông số kỹ thuật: - Công nghệ màn hình: IPS LCD\n- Độ phân giải: HD+ (720 x 1520 Pixels), Chính 13 MP & Phụ 2 MP, 5 MP\n- Kích thước màn hình: 6.22 inch\n- Bộ nhớ trong: 32 GB\n- RAM: 3GB\n- Mạng di động: Hỗ trợ 4G\n- Số khe SIM: 2 Nano SIM\n- Dung lượng pin: 4230 mAh\nKhuyến mãi: Không có khuyến mãi']",Dung lượng pin của Oppo A54 là 5000 mAh.,"[{'statement': 'Dung lượng pin của Oppo A54 là 5000 mAh.', 'reason': [""The context provides specifications for the product 'oppo a54 - chính hãng' and lists the battery capacity ('Dung lượng pin') as 5000 mAh.""], 'verdict': 1}]",0.0,54.34,2025-08-20 17:34:30
256,Điện thoại xiaomi redmi 9t có dung lượng lưu trữ như thế nào?,Điện thoại Xiaomi Redmi 9T có dung lượng lưu trữ trong là 64 GB.,"['Tên sản phẩm: điện thoại xiaomi redmi 9t 4gb/64gb - chính hãng\nMàu: Không có thông tin\nGiá: Không có thông tin\nThông số kỹ thuật: - Công nghệ màn hình: IPS LCD\n- Độ phân giải: Full HD+ (1080 x 2340 Pixels), Chính 48 MP & Phụ 8 MP, 2 MP, 2 MP, 8 MP\n- Hệ điều hành: Android 10\n- Vi xử lý: Snapdragon 662 8 nhân\n- Bộ nhớ trong: 64 GB\n- RAM: 4GB\n- Mạng di động: Hỗ trợ 4G\n- Số khe SIM: 2 Nano SIM\n- Dung lượng pin: 6000 mAh\nKhuyến mãi: Không có khuyến mãi\n\nTên sản phẩm: điện thoại xiaomi redmi 9t 6gb/128gb - chính hãng\nMàu: Không có thông tin\nGiá: Không có thông tin\nThông số kỹ thuật: Không có thông tin\nKhuyến mãi: Không có khuyến mãi\n\nTên sản phẩm: điện thoại xiaomi redmi 9 - 3gb/32gb - chính hãng dgw\nMàu: Không có thông tin\nGiá: Không có thông tin\nThông số kỹ thuật: - Công nghệ màn hình: IPS LCD\n- Độ phân giải: Full HD+ (1080 x 2340 Pixels), Chính 13 MP & Phụ 8 MP, 5 MP, 2 MP, 8 MP\n- Kích thước màn hình: 6.53 inch\n- Hệ điều hành: Android 10\n- Vi xử lý: MediaTek Helio G80 8 nhân\n- Bộ nhớ trong: 32 GB\n- RAM: 3GB\n- Mạng di động: Hỗ trợ 4G\n- Số khe SIM: 2 Nano SIM\n- Dung lượng pin: 5020 mAh\nKhuyến mãi: Không có khuyến mãi\n\nTên sản phẩm: điện thoại xiaomi redmi note 9 - 4gb/128gb - chính hãng dgw\nMàu: Không có thông tin\nGiá: Không có thông tin\nThông số kỹ thuật: - Công nghệ màn hình: IPS LCD\n- Độ phân giải: Full HD+ (1080 x 2340 Pixels), Chính 48 MP & Phụ 8 MP, 2 MP, 2 MP, 13 MP\n- Kích thước màn hình: 6.53 inch\n- Hệ điều hành: Android 10\n- Vi xử lý: MediaTek Helio G85 8 nhân\n- Bộ nhớ trong: 128 GB\n- RAM: 4GB\n- Mạng di động: Hỗ trợ 4G\n- Số khe SIM: 2 Nano SIM\n- Dung lượng pin: 5020 mAh\nKhuyến mãi: Không có khuyến mãi']","Điện thoại Xiaomi Redmi 9T có bộ nhớ trong 64 GB trong phiên bản 4 GB/64 GB, hoặc 128 GB trong phiên bản 6 GB/128 GB.","[{'statement': 'Điện thoại Xiaomi Redmi 9T có bộ nhớ trong 64 GB trong phiên bản 4 GB/64 GB.', 'reason': [""Thông tin này được xác nhận bởi ngữ cảnh, trong đó có sản phẩm 'điện thoại xiaomi redmi 9t 4gb/64gb - chính hãng' với thông số kỹ thuật 'Bộ nhớ trong: 64 GB'.""], 'verdict': 1}, {'statement': 'Điện thoại Xiaomi Redmi 9T có bộ nhớ trong 128 GB trong phiên bản 6 GB/128 GB.', 'reason': [""Ngữ cảnh có đề cập đến sản phẩm 'điện thoại xiaomi redmi 9t 6gb/128gb - chính hãng' nhưng lại ghi rằng 'Thông số kỹ thuật: Không có thông tin', do đó không có cơ sở để xác nhận dung lượng bộ nhớ trong là 128GB.""], 'verdict': 0}]",0.5,14.43,2025-08-20 17:34:33
258,Màu sắc nào có sẵn cho điện thoại nokia 215 4g?,"Điện thoại Nokia 215 4G có sẵn màu Đen, Cyan.","['Tên sản phẩm: điện thoại nokia 215 4g - chính hãng\nMàu: Black, Cyan\nGiá: 950,000 ₫\nThông số kỹ thuật: - Công nghệ màn hình: TFT LCD\n- Độ phân giải: QVGA (240 x 320 Pixels), Không, Không\n- Kích thước màn hình: 2.4 inch\n- Bộ nhớ trong: Không\n- RAM: Không\n- Mạng di động: Hỗ trợ 4G\n- Số khe SIM: 2 Nano SIM\n- Dung lượng pin: 1150 mAh\nKhuyến mãi: - Giảm 5% không giới hạn khuyến mãi qua Homepaylater\n- Giảm 50% tối đa 700k khi mở thẻ tín dụng Vpbank trên SenID\n- Giảm 20% tối đa 500k khi mở thẻ tín dụng TPBank EVO\n- Giảm 1% tối đa 100.000đ khi thanh toán qua Zalopay\n\nTên sản phẩm: nokia 220 4g - chính hãng\nMàu: Màu Đen, Cam đào\nGiá: 990,000 ₫\nThông số kỹ thuật: - Công nghệ màn hình: Màn hình LCD\n- Kích thước màn hình: 2.8 inch\n- Hệ điều hành: S30+\n- Vi xử lý: Unisoc T107\n- Bộ nhớ trong: 128MB\n- RAM: 64MB |\n- Số khe SIM: Hai SIM Nano SIM + Nano SIM\n- Dung lượng pin: 1450mAh\nKhuyến mãi: Không có khuyến mãi\n\nTên sản phẩm: nokia 3210 4g - chính hãng\nMàu: Màu Vàng, Xanh, Màu Đen\nGiá: 1,590,000 ₫\nThông số kỹ thuật: - Công nghệ màn hình: IPS\n- Kích thước màn hình: 2.4 inch\n- Độ phân giải: 2MP\n- Hệ điều hành: S30+\n- Bộ nhớ trong: 128MB3\n- RAM: 64MB\n- Mạng di động: 2G, 3G, 4G, Hỗ trợ VoLTE2\n- Số khe SIM: Hai SIM Nano SIM + Nano SIM\n- Dung lượng pin: 1450mAh\nKhuyến mãi: Không có khuyến mãi\n\nTên sản phẩm: điện thoại nokia 105 4g - chính hãng\nMàu: Blue, Black\nGiá: 590,000 ₫\nThông số kỹ thuật: Không có thông tin\nKhuyến mãi: - Giảm 5% không giới hạn khuyến mãi qua Homepaylater\n- Giảm 50% tối đa 700k khi mở thẻ tín dụng Vpbank trên SenID\n- Giảm 20% tối đa 500k khi mở thẻ tín dụng TPBank EVO\n- Giảm 1% tối đa 100.000đ khi thanh toán qua Zalopay']","Màu sắc: Black, Cyan","[{'statement': 'Điện thoại Nokia 215 4G có sẵn màu Đen.', 'reason': [""Ngữ cảnh đề cập đến sản phẩm 'điện thoại nokia 215 4g' và liệt kê màu sắc có sẵn là 'Black, Cyan'.""], 'verdict': 1}, {'statement': 'Điện thoại Nokia 215 4G có sẵn màu Xanh lơ (Cyan).', 'reason': [""Ngữ cảnh đề cập đến sản phẩm 'điện thoại nokia 215 4g' và liệt kê màu sắc có sẵn là 'Black, Cyan'.""], 'verdict': 1}]",0.0,22.1,2025-08-20 17:34:52
259,Điện thoại nokia 6300 4g hỗ trợ mạng di động nào?,Điện thoại Nokia 6300 4G hỗ trợ mạng di động 4G.,"['Tên sản phẩm: điện thoại nokia 6300 4g chính hãng\nMàu: Không có thông tin\nGiá: Không có thông tin\nThông số kỹ thuật: - Công nghệ màn hình: TFT LCD\n- Độ phân giải: QVGA (240 x 320 Pixels), VGA (480 x 640 pixels), Không\n- Kích thước màn hình: 2.4 inch\n- Bộ nhớ trong: 4GB\n- RAM: 512 MB\n- Mạng di động: Hỗ trợ 4G\n- Số khe SIM: 2 Nano SIM\n- Dung lượng pin: 1500 mAh\nKhuyến mãi: Không có khuyến mãi\n\nTên sản phẩm: nokia 3210 4g - chính hãng\nMàu: Màu Vàng, Xanh, Màu Đen\nGiá: 1,590,000 ₫\nThông số kỹ thuật: - Công nghệ màn hình: IPS\n- Kích thước màn hình: 2.4 inch\n- Độ phân giải: 2MP\n- Hệ điều hành: S30+\n- Bộ nhớ trong: 128MB3\n- RAM: 64MB\n- Mạng di động: 2G, 3G, 4G, Hỗ trợ VoLTE2\n- Số khe SIM: Hai SIM Nano SIM + Nano SIM\n- Dung lượng pin: 1450mAh\nKhuyến mãi: Không có khuyến mãi\n\nTên sản phẩm: điện thoại nokia 8210 4g - chính hãng\nMàu: Màu Vàng, Xanh, Đỏ\nGiá: 1,490,000 ₫\nThông số kỹ thuật: - Công nghệ màn hình: Đang cập nhật\n- Độ phân giải: QVGA (240 x 320 Pixels), 0.3 MP\n- Hệ điều hành: Series 30+\n- Vi xử lý: Unisoc T107\n- Bộ nhớ trong: 128 MB\n- RAM: 48MB\n- Mạng di động: Hỗ trợ 4G\n- Số khe SIM: 2 Nano SIM\n- Dung lượng pin: 1450 mAh\nKhuyến mãi: - Giảm 5% không giới hạn khuyến mãi qua Homepaylater\n- Giảm 50% tối đa 700k khi mở thẻ tín dụng Vpbank trên SenID\n- Giảm 20% tối đa 500k khi mở thẻ tín dụng TPBank EVO\n- Giảm 1% tối đa 100.000đ khi thanh toán qua Zalopay\n\nTên sản phẩm: nokia 8000 4g chính hãng\nMàu: Không có thông tin\nGiá: Không có thông tin\nThông số kỹ thuật: - Công nghệ màn hình: TFT LCD\n- Độ phân giải: QVGA (240 x 320 Pixels), 2 MP, Không\n- Kích thước màn hình: 2.8 inch\n- Bộ nhớ trong: 4GB\n- RAM: 512 MB\n- Mạng di động: Hỗ trợ 4G\n- Số khe SIM: 2 Nano SIM\n- Dung lượng pin: 1500 mAh\nKhuyến mãi: Không có khuyến mãi']",Điện thoại nokia 6300 4g hỗ trợ mạng di động 4G.,"[{'statement': 'Điện thoại nokia 6300 4g hỗ trợ mạng di động 4G.', 'reason': ['Trong phần thông số kỹ thuật của sản phẩm ""điện thoại nokia 6300 4g chính hãng"", có ghi rõ ""Mạng di động: Hỗ trợ 4G"".'], 'verdict': 1}]",0.0,22.23,2025-08-20 17:34:53
260,Dung lượng pin của điện thoại realme c15 là bao nhiêu?,Dung lượng pin của điện thoại realme c15 là 6000 mAh.,"['Tên sản phẩm: điện thoại realme c15 - chính hãng\nMàu: Không có thông tin\nGiá: Không có thông tin\nThông số kỹ thuật: - Công nghệ màn hình: IPS LCD\n- Độ phân giải: HD+ (720 x 1600 Pixels), Chính 13 & Phụ 8 MP, 2 MP, 2 MP, 8 MP\n- Hệ điều hành: Android 10\n- Vi xử lý: Snapdragon 460 8 nhân\n- Bộ nhớ trong: 64 GB\n- RAM: 4GB\n- Mạng di động: Hỗ trợ 4G\n- Số khe SIM: 2 Nano SIM\n- Dung lượng pin: 6000 mAh\nKhuyến mãi: Không có khuyến mãi\n\nTên sản phẩm: điện thoại realme c25 - chính hãng\nMàu: Không có thông tin\nGiá: Không có thông tin\nThông số kỹ thuật: - Công nghệ màn hình: IPS LCD\n- Độ phân giải: HD+ (720 x 1600 Pixels), Chính 48 MP & Phụ 2 MP, 2 MP, 8 MP\n- Hệ điều hành: Android 11\n- Vi xử lý: MediaTek Helio G70\n- Bộ nhớ trong: 128 GB\n- RAM: 4GB\n- Mạng di động: Hỗ trợ 4G\n- Số khe SIM: 2 Nano SIM\n- Dung lượng pin: 6000 mAh\nKhuyến mãi: Không có khuyến mãi\n\nTên sản phẩm: điện thoại realme c51 3gb/64gb - chính hãng\nMàu: Màu Đen, Xanh\nGiá: 2,790,000 ₫\nThông số kỹ thuật: - Công nghệ màn hình: Tần số quét 90Hz\n- Độ phân giải: HD, 50M+QVGA, 5MP\n- Kích thước màn hình: 6.74 inch\n- Bộ nhớ trong: 64GB\n- RAM: 3GB\n- Dung lượng pin: 5000 mAh\nKhuyến mãi: - KM 1\n- Tặng Bộ quà Hoàng Hà (Chi tiết liên hệ 1900.2091)\n\nTên sản phẩm: điện thoại realme c35 - 4gb/64gb - chính hãng\nMàu: Màu Đen, Xanh\nGiá: 3,090,000 ₫\nThông số kỹ thuật: - Công nghệ màn hình: IPS LCD\n- Độ phân giải: Full HD+ (1080 x 2408 Pixels), Chính 50 MP & Phụ 2 MP, 0.3 MP, 8 MP\n- Hệ điều hành: Android 11\n- Vi xử lý: Unisoc T616 8 nhân\n- Bộ nhớ trong: 64 GB\n- RAM: 4GB\n- Mạng di động: Hỗ trợ 4G\n- Số khe SIM: 2 Nano SIM\n- Dung lượng pin: 5000 mAh\nKhuyến mãi: - Ưu đãi trả góp 0% qua Shinhan Finance hoặc Mirae Asset Finance\n- Giảm 5% không giới hạn khuyến mãi qua Homepaylater\n- Giảm thêm tới 700.000đ khi thanh toán qua Kredivo.\n- Giảm 50% tối đa 700k khi mở thẻ tín dụng Vpbank trên SenID\n- Giảm 20% tối đa 500k khi mở thẻ tín dụng TPBank EVO\n- Mở thẻ tín dụng VIB\n- Nhận Voucher 600.000đ\n- Giảm 1% tối đa 100.000đ khi thanh toán qua Zalopay']",Dung lượng pin của điện thoại realme c15 là 6000 mAh.,"[{'statement': 'Dung lượng pin của điện thoại realme c15 là 6000 mAh.', 'reason': [""Thông tin trong ngữ cảnh cho sản phẩm 'điện thoại realme c15 - chính hãng' ghi rõ 'Dung lượng pin: 6000 mAh'.""], 'verdict': 1}]",0.0,39.58,2025-08-20 17:35:13
257,Điện thoại realme c20 có kích thước màn hình bao nhiêu inch?,Kích thước màn hình điện thoại realme c20 là 6.5 inch.,"['Tên sản phẩm: điện thoại realme c20 - chính hãng\nMàu: Không có thông tin\nGiá: Không có thông tin\nThông số kỹ thuật: - Công nghệ màn hình: LCD\n- Độ phân giải: HD+ (720 x 1600 Pixels), 8 MP, 5 MP\n- Kích thước màn hình: 6.5 inch\n- Hệ điều hành: Android 10\n- Vi xử lý: MediaTek Helio G35 8 nhân\n- Bộ nhớ trong: 32 GB\n- RAM: 2GB\n- Mạng di động: Hỗ trợ 4G\n- Số khe SIM: 2 Nano SIM\n- Dung lượng pin: 5000 mAh\nKhuyến mãi: Không có khuyến mãi\n\nTên sản phẩm: điện thoại nokia c20 - chính hãng\nMàu: Vàng phù sa, Xanh thiên thạch\nGiá: 1,480,000 ₫\nThông số kỹ thuật: - Công nghệ màn hình: IPS LCD\n- Độ phân giải: HD+ (720 x 1600 Pixels), 5 MP, 5 MP\n- Hệ điều hành: Android 11 (Go Edition)\n- Bộ nhớ trong: 32 GB\n- RAM: 2GB\n- Mạng di động: Hỗ trợ 4G\n- Số khe SIM: 2 Nano SIM\n- Dung lượng pin: 2950 mAh\nKhuyến mãi: - Giảm 5% không giới hạn khuyến mãi qua Homepaylater\n- Giảm 50% tối đa 700k khi mở thẻ tín dụng Vpbank trên SenID\n- Giảm 20% tối đa 500k khi mở thẻ tín dụng TPBank EVO\n- Giảm 1% tối đa 100.000đ khi thanh toán qua Zalopay\n\nTên sản phẩm: điện thoại realme c25 - chính hãng\nMàu: Không có thông tin\nGiá: Không có thông tin\nThông số kỹ thuật: - Công nghệ màn hình: IPS LCD\n- Độ phân giải: HD+ (720 x 1600 Pixels), Chính 48 MP & Phụ 2 MP, 2 MP, 8 MP\n- Hệ điều hành: Android 11\n- Vi xử lý: MediaTek Helio G70\n- Bộ nhớ trong: 128 GB\n- RAM: 4GB\n- Mạng di động: Hỗ trợ 4G\n- Số khe SIM: 2 Nano SIM\n- Dung lượng pin: 6000 mAh\nKhuyến mãi: Không có khuyến mãi\n\nTên sản phẩm: điện thoại realme c30s 2gb/32gb - chính hãng\nMàu: Màu Đen, Xanh\nGiá: 1,750,000 ₫\nThông số kỹ thuật: - Công nghệ màn hình: LCD\n- Độ phân giải: HD+ 720*1600, 8MP, 5MP\n- Kích thước màn hình: 6.5 inch\n- Hệ điều hành:   inchrealme UI Go Edition, Trên nền tảng Android 12 inch\n- Vi xử lý: Unisoc SC9863A1\n- Bộ nhớ trong: 32GB\n- RAM: 2GB\n- Mạng di động: Không hỗ trợ 5G\n- Số khe SIM: 2 nano SIM + 1 thẻ nhớ riêng\n- Dung lượng pin: 5000 mAh\nKhuyến mãi: - Giảm 5% không giới hạn khuyến mãi qua Homepaylater\n- Giảm 50% tối đa 700k khi mở thẻ tín dụng Vpbank trên SenID\n- Giảm 20% tối đa 500k khi mở thẻ tín dụng TPBank EVO\n- Giảm 1% tối đa 100.000đ khi thanh toán qua Zalopay']",Kích thước màn hình của điện thoại realme c20 là 6.5 inch.,"[{'statement': 'Kích thước màn hình của điện thoại realme c20 là 6.5 inch.', 'reason': [""Trong phần thông số kỹ thuật của sản phẩm 'điện thoại realme c20 - chính hãng', có ghi rõ 'Kích thước màn hình: 6.5 inch'.""], 'verdict': 1}]",0.0,54.94,2025-08-20 17:35:23
262,Oppo A93 có bộ nhớ trong bao nhiêu?,Oppo A93 có bộ nhớ trong 128 GB.,"['Tên sản phẩm: oppo a93 - 8gb/128gb - chính hãng\nMàu: Không có thông tin\nGiá: Không có thông tin\nThông số kỹ thuật: - Công nghệ màn hình: AMOLED\n- Độ phân giải: Full HD+ (1080 x 2400 Pixels), Chính 48 MP & Phụ 8 MP, 2 MP, 2 MP, Chính 16 MP & Phụ 2 MP\n- Hệ điều hành: Android 10\n- Vi xử lý: MediaTek Helio P95 8 nhân\n- Bộ nhớ trong: 128 GB\n- RAM: 8GB\n- Mạng di động: Hỗ trợ 4G\n- Số khe SIM: 2 Nano SIM\n- Dung lượng pin: 4000 mAh\nKhuyến mãi: Không có khuyến mãi\n\nTên sản phẩm: oppo a92 - 8gb/128gb - chính hãng\nMàu: Không có thông tin\nGiá: Không có thông tin\nThông số kỹ thuật: - Công nghệ màn hình: TFT LCD\n- Độ phân giải: Full HD+ (1080 x 2400 Pixels), Chính 48 MP & Phụ 8 MP, 2 MP, 2 MP, 16 MP\n- Kích thước màn hình: 6.5 inch\n- Bộ nhớ trong: 128 GB\n- RAM: 8GB\n- Mạng di động: Hỗ trợ 4G\n- Số khe SIM: 2 Nano SIM\n- Dung lượng pin: 5000 mAh\nKhuyến mãi: Không có khuyến mãi\n\nTên sản phẩm: oppo a53 - 4gb/128gb - chính hãng\nMàu: Không có thông tin\nGiá: Không có thông tin\nThông số kỹ thuật: - Công nghệ màn hình: IPS LCD\n- Độ phân giải: HD+ (720 x 1600 Pixels), Chính 13 MP & Phụ 2 MP, 2 MP, 16 MP\n- Kích thước màn hình: 6.5 inch\n- Bộ nhớ trong: 128 GB\n- RAM: 4GB\n- Mạng di động: Hỗ trợ 4G\n- Số khe SIM: 2 Nano SIM\n- Dung lượng pin: 5000 mAh\nKhuyến mãi: Không có khuyến mãi\n\nTên sản phẩm: điện thoại oppo a78 - 8gb/256gb - chính hãng\nMàu: Xanh, Màu Đen\nGiá: 6,590,000 ₫\nThông số kỹ thuật: - Công nghệ màn hình: 90Hz, AMOLED\n- Độ phân giải: 1080 x 2400 (FHD+), 50 MP (chính) + 2 MP (Xóa phông) - (F/1.8 + F/2.4), 8 MP (F/2.0)\n- Kích thước màn hình: 6.4 inch\n- Hệ điều hành: ColorOS 13.1.1, nền tảng Android 13\n- Vi xử lý: Qualcomm Qualcomm Snapdragon 680, tối đa 2.4GHz\n- Bộ nhớ trong: 256GB\n- RAM: 8GB\n- Mạng di động: GSM: 850/900/1800/1900, WCDMA: 850/900/2100, LTE: Band 1/3/5/7/8/20/28/38/40/41\n- Số khe SIM: Dual nano-SIM + 1 thẻ nhớ\n- Dung lượng pin: 5000 mAh\nKhuyến mãi: - KM 1\n- Tặng phiếu mua hàng 300.000đ.']",Bộ nhớ trong của Oppo A93 là 128 GB.,"[{'statement': 'Bộ nhớ trong của Oppo A93 là 128 GB.', 'reason': [""Trong ngữ cảnh được cung cấp, thông tin về sản phẩm 'oppo a93 - 8gb/128gb - chính hãng' có ghi rõ 'Bộ nhớ trong: 128 GB'.""], 'verdict': 1}]",0.0,32.59,2025-08-20 17:35:27
261,Dung lượng RAM của điện thoại xiaomi poco x3 là bao nhiêu?,Dung lượng RAM của điện thoại Xiaomi Poco X3 là 6GB.,"['Tên sản phẩm: điện thoại xiaomi poco x3 6gb/128gb - chính hãng dgw\nMàu: Không có thông tin\nGiá: Không có thông tin\nThông số kỹ thuật: - Công nghệ màn hình: IPS LCD\n- Độ phân giải: Full HD+ (1080 x 2400 Pixels), Tần số quét 120Hz, Chính 64 MP & Phụ 13 MP, 2 MP, 2 MP, 20 MP\n- Kích thước màn hình: 6.67 inch\n- Hệ điều hành: Android 10\n- Vi xử lý: Snapdragon 732G 8 nhân\n- Bộ nhớ trong: 128 GB\n- RAM: 6GB\n- Mạng di động: Hỗ trợ 4G\n- Số khe SIM: 2 Nano SIM (SIM 1 chung khe thẻ nhớ)\n- Dung lượng pin: 5160 mAh\nKhuyến mãi: Không có khuyến mãi\n\nTên sản phẩm: điện thoại xiaomi poco x3 6gb/64gb - chính hãng dgw\nMàu: Không có thông tin\nGiá: Không có thông tin\nThông số kỹ thuật: - Công nghệ màn hình: IPS LCD\n- Độ phân giải: Full HD+ (1080 x 2400 Pixels), Tần số quét 120Hz, Chính 64 MP & Phụ 13 MP, 2 MP, 2 MP, 20 MP\n- Kích thước màn hình: 6.67 inch\n- Hệ điều hành: Android 10\n- Vi xử lý: Snapdragon 732G 8 nhân\n- Bộ nhớ trong: 64 GB\n- RAM: 6GB\n- Mạng di động: Hỗ trợ 4G\n- Số khe SIM: 2 Nano SIM (SIM 1 chung khe thẻ nhớ)\n- Dung lượng pin: 5160 mAh\nKhuyến mãi: Không có khuyến mãi\n\nTên sản phẩm: điện thoại poco x6 5g (8gb/256gb) - chính hãng\nMàu: Xanh Dương, Đen, Trắng\nGiá: 6,990,000 ₫\nThông số kỹ thuật: - Công nghệ màn hình: CrystalRes 1.5K Flow AMOLED DotDisplay, Tỷ lệ khung hình: 20: 9, Tỷ lệ tương phản: 5.000.000:1, Gam màu: 100% DCI-P3, Màn hình HDR chuyên nghiệp, Tốc độ làm mới: Lên đến 120Hz, Tốc độ lấy mẫu cảm ứng: 240Hz, Hỗ trợ chế độ ánh sáng mặt trời, Hỗ trợ chế độ chu kỳ, Hỗ trợ chế độ đọc\n- Độ phân giải: 1220x2712, Cảm biến góc rộng 64MP f/1.79, Cảm biến góc siêu rộng 8MP f/2.2, Cảm biến macro 2MP f/2.4, Camera trước 16MP f/2.45\n- Kích thước màn hình: 6.67 inch\n- Hệ điều hành: MIUI 14 cho POCO trên nền tảng Android\n- Vi xử lý: Snapdragon 7s Gen 2\n- Bộ nhớ trong: 256GB\n- RAM: 8GB\n- Mạng di động: 2G. 3G, 4G, 5G\n- Số khe SIM: 2 nano SIM\n- Dung lượng pin: 5100 mAh\nKhuyến mãi: - KM 1\n- Sản phẩm đang thuộc chương trình Flash sale (Số lượng có hạn)\n\nTên sản phẩm: điện thoại poco c65 (8gb/256gb) - chính hãng\nMàu: Xanh Dương, Màu Đen\nGiá: 2,990,000 ₫\nThông số kỹ thuật: - Công nghệ màn hình: IPS LCD\n- Độ phân giải: 600 x 720 pixels (HD+), 50MP, f/1.8, 8MP, f/2.0\n- Kích thước màn hình: 6.74 inches\n- Hệ điều hành: Hệ điều hành MIUI 14\n- Vi xử lý: MediaTek Helio G85 processor\n- Bộ nhớ trong: 256GB\n- RAM: 8 GB\n- Dung lượng pin: 5000 mAh 18W\nKhuyến mãi: - Giảm 20% tối đa 500k khi mở thẻ tín dụng TPBank EVO']",Dung lượng RAM của điện thoại Xiaomi Poco X3 là 6GB.,"[{'statement': 'Dung lượng RAM của điện thoại Xiaomi Poco X3 là 6GB.', 'reason': [""Trong ngữ cảnh được cung cấp, có hai sản phẩm có tên 'điện thoại xiaomi poco x3' và cả hai đều có thông số 'RAM: 6GB'.""], 'verdict': 1}]",0.0,38.09,2025-08-20 17:35:31
263,Kích thước màn hình của nokia 8000 4g chính hãng là bao nhiêu?,Kích thước màn hình của Nokia 8000 4G chính hãng là 2.8 inch.,"['Tên sản phẩm: nokia 8000 4g chính hãng\nMàu: Không có thông tin\nGiá: Không có thông tin\nThông số kỹ thuật: - Công nghệ màn hình: TFT LCD\n- Độ phân giải: QVGA (240 x 320 Pixels), 2 MP, Không\n- Kích thước màn hình: 2.8 inch\n- Bộ nhớ trong: 4GB\n- RAM: 512 MB\n- Mạng di động: Hỗ trợ 4G\n- Số khe SIM: 2 Nano SIM\n- Dung lượng pin: 1500 mAh\nKhuyến mãi: Không có khuyến mãi\n\nTên sản phẩm: điện thoại nokia 8210 4g - chính hãng\nMàu: Màu Vàng, Xanh, Đỏ\nGiá: 1,490,000 ₫\nThông số kỹ thuật: - Công nghệ màn hình: Đang cập nhật\n- Độ phân giải: QVGA (240 x 320 Pixels), 0.3 MP\n- Hệ điều hành: Series 30+\n- Vi xử lý: Unisoc T107\n- Bộ nhớ trong: 128 MB\n- RAM: 48MB\n- Mạng di động: Hỗ trợ 4G\n- Số khe SIM: 2 Nano SIM\n- Dung lượng pin: 1450 mAh\nKhuyến mãi: - Giảm 5% không giới hạn khuyến mãi qua Homepaylater\n- Giảm 50% tối đa 700k khi mở thẻ tín dụng Vpbank trên SenID\n- Giảm 20% tối đa 500k khi mở thẻ tín dụng TPBank EVO\n- Giảm 1% tối đa 100.000đ khi thanh toán qua Zalopay\n\nTên sản phẩm: nokia 3210 4g - chính hãng\nMàu: Màu Vàng, Xanh, Màu Đen\nGiá: 1,590,000 ₫\nThông số kỹ thuật: - Công nghệ màn hình: IPS\n- Kích thước màn hình: 2.4 inch\n- Độ phân giải: 2MP\n- Hệ điều hành: S30+\n- Bộ nhớ trong: 128MB3\n- RAM: 64MB\n- Mạng di động: 2G, 3G, 4G, Hỗ trợ VoLTE2\n- Số khe SIM: Hai SIM Nano SIM + Nano SIM\n- Dung lượng pin: 1450mAh\nKhuyến mãi: Không có khuyến mãi\n\nTên sản phẩm: điện thoại nokia 6300 4g chính hãng\nMàu: Không có thông tin\nGiá: Không có thông tin\nThông số kỹ thuật: - Công nghệ màn hình: TFT LCD\n- Độ phân giải: QVGA (240 x 320 Pixels), VGA (480 x 640 pixels), Không\n- Kích thước màn hình: 2.4 inch\n- Bộ nhớ trong: 4GB\n- RAM: 512 MB\n- Mạng di động: Hỗ trợ 4G\n- Số khe SIM: 2 Nano SIM\n- Dung lượng pin: 1500 mAh\nKhuyến mãi: Không có khuyến mãi']",Kích thước màn hình của nokia 8000 4g chính hãng là 2.8 inch.,"[{'statement': 'Kích thước màn hình của nokia 8000 4g chính hãng là 2.8 inch.', 'reason': [""Trong ngữ cảnh, thông tin về sản phẩm 'nokia 8000 4g chính hãng' có mục 'Thông số kỹ thuật' ghi rõ 'Kích thước màn hình: 2.8 inch'.""], 'verdict': 1}]",0.0,18.58,2025-08-20 17:35:33
265,Điện thoại Xiaomi Mi 11 có kích thước màn hình bao nhiêu inch?,Xiaomi Mi 11 có kích thước màn hình 6.81 inch.,"['Tên sản phẩm: điện thoại xiaomi mi 11 8gb/256gb 5g - chính hãng\nMàu: Không có thông tin\nGiá: Không có thông tin\nThông số kỹ thuật: - Công nghệ màn hình: AMOLED\n- Độ phân giải: 2K+ (1440 x 3200 Pixels), Chính 108 MP & Phụ 13 MP, 5 MP, 20 MP\n- Kích thước màn hình: 6.81 inch\n- Hệ điều hành: Android 11\n- Vi xử lý: Qualcomm Snapdragon 888\n- Bộ nhớ trong: 256 GB\n- RAM: 8GB\n- Mạng di động: Hỗ trợ 5G\n- Số khe SIM: 2 Nano SIM\n- Dung lượng pin: 4600 mAh\nKhuyến mãi: Không có khuyến mãi\n\nTên sản phẩm: điện thoại xiaomi 12 - chính hãng\nMàu: Không có thông tin\nGiá: Không có thông tin\nThông số kỹ thuật: - Công nghệ màn hình: AMOLED, 1 tỷ màu, HDR10+, 120Hz, tỷ lệ 20:9, 6.28  inch, Full HD+ (1080 x 2400 pixels), Corning Gorilla Glass Victus, Cảm biến vân tay trong màn hình, Cảm ứng điện dung đa điểm\n- Độ phân giải: 1080 x 2400 pixels, 50 MP, f/1.9, 26mm (góc rộng), PDAF, OIS, 13 MP, f/2.4, 12mm, 123˚ (góc siêu rộng), 5 MP, 50mm (telephoto macro), AF, Quay phim: 8K@24fps (HDR10), 4K@30fps (HDR10+), 1080p@30/120/240/960fps, 720p@1920fps, gyro-EIS, 32 MP, 26mm (góc rộng), Quay phim: 1080p@30/60fps, 720p@120fps\n- Kích thước màn hình: 6.28  inch\n- Vi xử lý: Qualcomm SM8450 Snapdragon 8 Gen 1 (4 nm), 8 nhân (1x3.00 GHz & 3x2.50 GHz & 4x1.80 GHz), GPU: Adreno 730\n- Bộ nhớ trong: 256GB\n- RAM: 8GB\n- Mạng di động: 5G\n- Số khe SIM: 2 SIM, Nano SIM\n- Dung lượng pin: Li-Po 4500 mAh, Power Delivery 3.0, Quick Charge 4+\nKhuyến mãi: Không có khuyến mãi\n\nTên sản phẩm: điện thoại redmi note 11 pro (8gb/128gb) - chính hãng\nMàu: Không có thông tin\nGiá: Không có thông tin\nThông số kỹ thuật: - Công nghệ màn hình: AMOLED\n- Độ phân giải: Full HD+ (1080 x 2400 Pixels), Chính 108 MP & Phụ 8 MP, 2 MP, 2 MP, 16 MP\n- Kích thước màn hình: 6.67 inch\n- Hệ điều hành: Android 11\n- Vi xử lý: MediaTek Helio G96 8 nhân\n- Bộ nhớ trong: 128 GB\n- RAM: 8GB\n- Mạng di động: Hỗ trợ 4G\n- Số khe SIM: 2 Nano SIM (SIM 2 chung khe thẻ nhớ)\n- Dung lượng pin: 5000 mAh\nKhuyến mãi: Không có khuyến mãi\n\nTên sản phẩm: điện thoại redmi note 11 pro 5g (8gb/128gb) - chính hãng\nMàu: Màu Xám, Trắng, Xanh Dương\nGiá: 5,590,000 ₫\nThông số kỹ thuật: - Công nghệ màn hình: AMOLED\n- Độ phân giải: Full HD+ (1080 x 2400 Pixels), Chính 108 MP & Phụ 8 MP, 2 MP, 16 MP\n- Hệ điều hành: Android 11\n- Vi xử lý: Qualcomm Snapdragon 695 5G 8 nhân\n- Bộ nhớ trong: 128 GB\n- RAM: 8GB\n- Mạng di động: Hỗ trợ 5G\n- Số khe SIM: 2 Nano SIM (SIM 2 chung khe thẻ nhớ)\n- Dung lượng pin: 5000 mAh\nKhuyến mãi: - Ưu đãi trả góp 0% qua Shinhan Finance hoặc Mirae Asset Finance\n- Giảm 5% không giới hạn khuyến mãi qua Homepaylater\n- Giảm thêm tới 700.000đ khi thanh toán qua Kredivo.\n- Giảm 50% tối đa 700k khi mở thẻ tín dụng Vpbank trên SenID\n- Giảm 20% tối đa 500k khi mở thẻ tín dụng TPBank EVO\n- Mở thẻ tín dụng VIB\n- Nhận Voucher 600.000đ\n- Giảm 1% tối đa 100.000đ khi thanh toán qua Zalopay']","Kích thước màn hình của điện thoại Xiaomi Mi 11 là 6,81 inch.","[{'statement': 'Kích thước màn hình của điện thoại Xiaomi Mi 11 là 6,81 inch.', 'reason': [""Ngữ cảnh cung cấp thông tin về 'điện thoại xiaomi mi 11' và trong phần thông số kỹ thuật có mục 'Kích thước màn hình: 6.81 inch'.""], 'verdict': 1}]",0.0,16.09,2025-08-20 17:35:44
266,Kích thước màn hình của nokia 3.4 là bao nhiêu?,Kích thước màn hình của nokia 3.4 là 6.39 inch.,"['Tên sản phẩm: nokia 3.4 - chính hãng\nMàu: Không có thông tin\nGiá: Không có thông tin\nThông số kỹ thuật: - Công nghệ màn hình: IPS LCD\n- Độ phân giải: HD+ (720 x 1560 Pixels), Chính 13 MP & Phụ 5 MP, 2 MP, 8 MP\n- Kích thước màn hình: 6.39 inch\n- Bộ nhớ trong: 64 GB\n- RAM: 4GB\n- Mạng di động: Hỗ trợ 4G\n- Số khe SIM: 2 Nano SIM\n- Dung lượng pin: 4000 mAh\nKhuyến mãi: Không có khuyến mãi\n\nTên sản phẩm: điện thoại nokia 5.4 - chính hãng\nMàu: Không có thông tin\nGiá: Không có thông tin\nThông số kỹ thuật: - Công nghệ màn hình: IPS LCD\n- Độ phân giải: HD+ (720 x 1560 Pixels), Chính 48 MP & Phụ 5 MP, 2 MP, 2 MP, 16 MP\n- Hệ điều hành: Android 10\n- Vi xử lý: Snapdragon 662 8 nhân\n- Bộ nhớ trong: 128 GB\n- RAM: 4GB\n- Mạng di động: Hỗ trợ 4G\n- Số khe SIM: 2 Nano SIM\n- Dung lượng pin: 4000 mAh\nKhuyến mãi: Không có khuyến mãi\n\nTên sản phẩm: điện thoại nokia 8.3 5g - chính hãng\nMàu: Không có thông tin\nGiá: Không có thông tin\nThông số kỹ thuật: - Công nghệ màn hình: LCD\n- Độ phân giải: Full HD+ (1080 x 2400 Pixels), Chính 64 MP & Phụ 12 MP, 2 MP, 2 MP, 24 MP\n- Kích thước màn hình: 6.81 inch\n- Bộ nhớ trong: 128 GB\n- RAM: 8GB\n- Mạng di động: Hỗ trợ 5G\n- Số khe SIM: 2 Nano SIM (SIM 2 chung khe thẻ nhớ)\n- Dung lượng pin: 4500 mAh\nKhuyến mãi: Không có khuyến mãi\n\nTên sản phẩm: điện thoại nokia 2.4 - chính hãng\nMàu: Không có thông tin\nGiá: Không có thông tin\nThông số kỹ thuật: - Công nghệ màn hình: TFT LCD\n- Độ phân giải: HD+ (720 x 1600 Pixels), Chính 13 MP & Phụ 2 MP, 5 MP\n- Kích thước màn hình: 6.5 inch\n- Bộ nhớ trong: 32 GB\n- RAM: 2GB\n- Mạng di động: Hỗ trợ 4G\n- Số khe SIM: 2 Nano SIM\n- Dung lượng pin: 4500 mAh\nKhuyến mãi: Không có khuyến mãi']",Kích thước màn hình của Nokia 3.4 là 6.39 inch.,"[{'statement': 'Kích thước màn hình của Nokia 3.4 là 6.39 inch.', 'reason': [""Thông tin này được xác nhận trong phần thông số kỹ thuật của sản phẩm 'nokia 3.4 - chính hãng', nơi ghi rõ 'Kích thước màn hình: 6.39 inch'.""], 'verdict': 1}]",0.0,13.15,2025-08-20 17:35:45
267,Bộ nhớ trong của điện thoại nokia 5.4 là bao nhiêu?,Bộ nhớ trong của điện thoại Nokia 5.4 là 128 GB,"['Tên sản phẩm: điện thoại nokia 5.4 - chính hãng\nMàu: Không có thông tin\nGiá: Không có thông tin\nThông số kỹ thuật: - Công nghệ màn hình: IPS LCD\n- Độ phân giải: HD+ (720 x 1560 Pixels), Chính 48 MP & Phụ 5 MP, 2 MP, 2 MP, 16 MP\n- Hệ điều hành: Android 10\n- Vi xử lý: Snapdragon 662 8 nhân\n- Bộ nhớ trong: 128 GB\n- RAM: 4GB\n- Mạng di động: Hỗ trợ 4G\n- Số khe SIM: 2 Nano SIM\n- Dung lượng pin: 4000 mAh\nKhuyến mãi: Không có khuyến mãi\n\nTên sản phẩm: nokia 3.4 - chính hãng\nMàu: Không có thông tin\nGiá: Không có thông tin\nThông số kỹ thuật: - Công nghệ màn hình: IPS LCD\n- Độ phân giải: HD+ (720 x 1560 Pixels), Chính 13 MP & Phụ 5 MP, 2 MP, 8 MP\n- Kích thước màn hình: 6.39 inch\n- Bộ nhớ trong: 64 GB\n- RAM: 4GB\n- Mạng di động: Hỗ trợ 4G\n- Số khe SIM: 2 Nano SIM\n- Dung lượng pin: 4000 mAh\nKhuyến mãi: Không có khuyến mãi\n\nTên sản phẩm: điện thoại di động honor x5 plus 4gb/64gb- chính hãng\nMàu: Màu Đen, Xanh\nGiá: 2,290,000 ₫\nThông số kỹ thuật: - Công nghệ màn hình: TFT LCD, 90Hz, Màn hình giọt nước\n- Độ phân giải: 720 × 1612, Camera 50 MP (f/1.8), Camera chân dung 2MP (f/2.4), 5 MP (f/2.2)\n- Kích thước màn hình: 6.56  inch\n- Hệ điều hành: MagicOS 7.1（Dựa trên Android 13）\n- Vi xử lý: MediaTek Helio G36\n- Bộ nhớ trong: 64GB\n- RAM: 4GB\n- Mạng di động: 4G (LTE TDD/LTE FDD), 3G (WCDMA), 2G (GSM)\n- Dung lượng pin: 5200 mAh\nKhuyến mãi: - KM 1\n- Tặng phiếu mua hàng 300.000đ.\n\nTên sản phẩm: điện thoại vsmart star 5 - 3gb/32gb - chính hãng\nMàu: Không có thông tin\nGiá: Không có thông tin\nThông số kỹ thuật: - Công nghệ màn hình: IPS LCD\n- Độ phân giải: HD+ (720 x 1600 Pixels), Chính 13 MP & Phụ 2 MP, 2 MP, 8 MP\n- Kích thước màn hình: 6.52 inch\n- Hệ điều hành: Android 11\n- Vi xử lý: MediaTek Helio G35 8 nhân\n- Bộ nhớ trong: 32 GB\n- RAM: 3GB\n- Mạng di động: Hỗ trợ 4G\n- Số khe SIM: 2 Nano SIM\n- Dung lượng pin: 5000 mAh\nKhuyến mãi: Không có khuyến mãi']",Bộ nhớ trong của điện thoại Nokia 5.4 là 128 GB.,"[{'statement': 'Bộ nhớ trong của điện thoại Nokia 5.4 là 128 GB.', 'reason': [""Trong phần thông số kỹ thuật của 'điện thoại nokia 5.4 - chính hãng', context có đề cập đến 'Bộ nhớ trong: 128 GB'.""], 'verdict': 1}]",0.0,35.81,2025-08-20 17:36:10
269,Vsmart Aris có hệ điều hành nào?,Vsmart Aris sử dụng hệ điều hành Android 10.,"['Tên sản phẩm: điện thoại vsmart aris - 8gb/128gb - chính hãng\nMàu: Không có thông tin\nGiá: Không có thông tin\nThông số kỹ thuật: - Công nghệ màn hình: AMOLED\n- Độ phân giải: Full HD+ (1080 x 2340 Pixels), Chính 64 MP & Phụ 8 MP, 8 MP, 2 MP, 20 MP\n- Hệ điều hành: Android 10\n- Vi xử lý: Snapdragon 730 8 nhân\n- Bộ nhớ trong: 128 GB\n- RAM: 8GB\n- Mạng di động: Hỗ trợ 4G\n- Số khe SIM: 2 Nano SIM\n- Dung lượng pin: 4000 mAh\nKhuyến mãi: Không có khuyến mãi\n\nTên sản phẩm: điện thoại vsmart star 5 - 3gb/32gb - chính hãng\nMàu: Không có thông tin\nGiá: Không có thông tin\nThông số kỹ thuật: - Công nghệ màn hình: IPS LCD\n- Độ phân giải: HD+ (720 x 1600 Pixels), Chính 13 MP & Phụ 2 MP, 2 MP, 8 MP\n- Kích thước màn hình: 6.52 inch\n- Hệ điều hành: Android 11\n- Vi xử lý: MediaTek Helio G35 8 nhân\n- Bộ nhớ trong: 32 GB\n- RAM: 3GB\n- Mạng di động: Hỗ trợ 4G\n- Số khe SIM: 2 Nano SIM\n- Dung lượng pin: 5000 mAh\nKhuyến mãi: Không có khuyến mãi\n\nTên sản phẩm: vivo y18s 6/128gb- chính hãng\nMàu: Xanh, Nâu\nGiá: 3,890,000 ₫\nThông số kỹ thuật: - Công nghệ màn hình: IPS LCD\n- Độ phân giải: HD+ (720 x 1612 Pixels), Chính 50 MP & Phụ 0.08 MP, 8 MP\n- Kích thước màn hình: 6.56 inch\n- Hệ điều hành: Funtouch OS 14\n- Vi xử lý: Helio G85\n- Bộ nhớ trong: 128 GB\n- RAM: 6 GB\n- Mạng di động: Hỗ trợ 4G\n- Số khe SIM: 2 Nano SIM\n- Dung lượng pin: 5000 mAh\nKhuyến mãi: - Ưu đãi tặng Sim Mobifone Hera & Key bản quyền Office 365 A3 khi mua điện thoại tại Hoàng Hà Mobile (SL có hạn)\n\nTên sản phẩm: điện thoại vivo y17s 4gb/128gb - chính hãng\nMàu: Xanh, Màu Tím\nGiá: 3,990,000 ₫\nThông số kỹ thuật: - Công nghệ màn hình: LCD, 60Hz\n- Độ phân giải: 1612x720, f/1.8 (50 MP) +  f/2.4 (2 MP), 8 MP (f/2.0)\n- Kích thước màn hình: 6.56 inch\n- Hệ điều hành: Funtouch OS 13\n- Vi xử lý: MediaTek Helio G85\n- Bộ nhớ trong: 128GB, Loại ROM: eMMC 5.1\n- RAM: 4GB\n- Mạng di động: 4G\n- Số khe SIM: 2 nano SIMs + 1 micro SD\n- Dung lượng pin: 5000 mAh\nKhuyến mãi: - KM 1\n- Tặng phiếu mua hàng 200.000đ']",Vsmart Aris chạy hệ điều hành Android 10.,"[{'statement': 'Vsmart Aris chạy hệ điều hành Android 10.', 'reason': [""Thông tin trong ngữ cảnh cho sản phẩm 'điện thoại vsmart aris - 8gb/128gb - chính hãng' ghi rõ 'Hệ điều hành: Android 10'.""], 'verdict': 1}]",0.0,29.66,2025-08-20 17:36:16
264,Điện thoại Xiaomi Mi 10T Pro 5G sử dụng vi xử lý nào?,Điện thoại Xiaomi Mi 10T Pro 5G sử dụng vi xử lý Snapdragon 865 8 nhân.,"['Tên sản phẩm: điện thoại xiaomi mi 10t pro 5g - 8gb/128gb - chính hãng dgw\nMàu: Không có thông tin\nGiá: Không có thông tin\nThông số kỹ thuật: - Công nghệ màn hình: IPS LCD\n- Độ phân giải: Full HD+ (1080 x 2440 Pixels), Tần số quét 144Hz, Chính 108 MP & Phụ 13 MP, 5 MP, 20 MP\n- Kích thước màn hình: 6.67 inch\n- Hệ điều hành: Android 10\n- Vi xử lý: Snapdragon 865 8 nhân\n- Bộ nhớ trong: 128 GB\n- RAM: 8GB\n- Mạng di động: Hỗ trợ 5G\n- Số khe SIM: 2 Nano SIM\n- Dung lượng pin: 5000 mAh\nKhuyến mãi: Không có khuyến mãi\n\nTên sản phẩm: điện thoại xiaomi mi 10t pro 5g - 8gb/256gb - chính hãng dgw\nMàu: Không có thông tin\nGiá: Không có thông tin\nThông số kỹ thuật: - Công nghệ màn hình: IPS LCD\n- Độ phân giải: Full HD+ (1080 x 2440 Pixels), Tần số quét 144Hz, Chính 108 MP & Phụ 13 MP, 5 MP, 20 MP\n- Kích thước màn hình: 6.67 inch\n- Hệ điều hành: Android 10\n- Vi xử lý: Snapdragon 865 8 nhân\n- Bộ nhớ trong: 256 GB\n- RAM: 8GB\n- Mạng di động: Hỗ trợ 5G\n- Số khe SIM: 2 Nano SIM\n- Dung lượng pin: 5000 mAh\nKhuyến mãi: Không có khuyến mãi\n\nTên sản phẩm: điện thoại xiaomi 12 - chính hãng\nMàu: Không có thông tin\nGiá: Không có thông tin\nThông số kỹ thuật: - Công nghệ màn hình: AMOLED, 1 tỷ màu, HDR10+, 120Hz, tỷ lệ 20:9, 6.28  inch, Full HD+ (1080 x 2400 pixels), Corning Gorilla Glass Victus, Cảm biến vân tay trong màn hình, Cảm ứng điện dung đa điểm\n- Độ phân giải: 1080 x 2400 pixels, 50 MP, f/1.9, 26mm (góc rộng), PDAF, OIS, 13 MP, f/2.4, 12mm, 123˚ (góc siêu rộng), 5 MP, 50mm (telephoto macro), AF, Quay phim: 8K@24fps (HDR10), 4K@30fps (HDR10+), 1080p@30/120/240/960fps, 720p@1920fps, gyro-EIS, 32 MP, 26mm (góc rộng), Quay phim: 1080p@30/60fps, 720p@120fps\n- Kích thước màn hình: 6.28  inch\n- Vi xử lý: Qualcomm SM8450 Snapdragon 8 Gen 1 (4 nm), 8 nhân (1x3.00 GHz & 3x2.50 GHz & 4x1.80 GHz), GPU: Adreno 730\n- Bộ nhớ trong: 256GB\n- RAM: 8GB\n- Mạng di động: 5G\n- Số khe SIM: 2 SIM, Nano SIM\n- Dung lượng pin: Li-Po 4500 mAh, Power Delivery 3.0, Quick Charge 4+\nKhuyến mãi: Không có khuyến mãi\n\nTên sản phẩm: điện thoại xiaomi redmi note 10 5g - chính hãng\nMàu: Không có thông tin\nGiá: Không có thông tin\nThông số kỹ thuật: - Công nghệ màn hình: IPS LCD\n- Độ phân giải: Full HD+ (1080 x 2400 Pixels), Chính 48 MP & Phụ 2 MP, 2 MP, 8 MP\n- Hệ điều hành: Android 11\n- Vi xử lý: MediaTek Dimensity 700 8 nhân\n- Bộ nhớ trong: 128 GB\n- RAM: 4GB\n- Mạng di động: Hỗ trợ 5G\n- Số khe SIM: 2 Nano SIM\n- Dung lượng pin: 5000 mAh\nKhuyến mãi: Không có khuyến mãi']",Xiaomi Mi 10T Pro 5G được trang bị vi xử lý Snapdragon 865 8 nhân.,"[{'statement': 'Xiaomi Mi 10T Pro 5G được trang bị vi xử lý Snapdragon 865 8 nhân.', 'reason': [""Trong phần thông số kỹ thuật của 'điện thoại xiaomi mi 10t pro 5g', ngữ cảnh đã ghi rõ 'Vi xử lý: Snapdragon 865 8 nhân'.""], 'verdict': 1}]",0.0,56.88,2025-08-20 17:36:20
268,Điện thoại realme 7i sử dụng vi xử lý nào?,Realme 7i sử dụng vi xử lý Snapdragon 662 8 nhân.,"['Tên sản phẩm: điện thoại realme 7i - chính hãng\nMàu: Không có thông tin\nGiá: Không có thông tin\nThông số kỹ thuật: - Công nghệ màn hình: IPS LCD\n- Độ phân giải: HD+ (720 x 1600 Pixels), Chính 64 MP & Phụ 8 MP, 2 MP, 2 MP, 16 MP\n- Kích thước màn hình: 6.5 inch\n- Hệ điều hành: Android 10\n- Vi xử lý: Snapdragon 662 8 nhân\n- Bộ nhớ trong: 128 GB\n- RAM: 8GB\n- Mạng di động: Hỗ trợ 4G\n- Số khe SIM: 2 Nano SIM\n- Dung lượng pin: 5000 mAh\nKhuyến mãi: Không có khuyến mãi\n\nTên sản phẩm: điện thoại realme 7 - chính hãng\nMàu: Không có thông tin\nGiá: Không có thông tin\nThông số kỹ thuật: - Công nghệ màn hình: IPS LCD\n- Độ phân giải: Full HD+ (1080 x 2400 Pixels), Chính 64 MP & Phụ 8 MP, 2 MP, 2 MP, 16 MP\n- Hệ điều hành: Android 10\n- Vi xử lý: MediaTek Helio G95 8 nhân\n- Bộ nhớ trong: 128 GB\n- RAM: 8GB\n- Mạng di động: Hỗ trợ 4G\n- Số khe SIM: 2 Nano SIM\n- Dung lượng pin: 5000 mAh\nKhuyến mãi: Không có khuyến mãi\n\nTên sản phẩm: điện thoại realme 6 pro - 8gb/128gb - snapdragon 720g - màn hình 90 hz - chính hãng\nMàu: Không có thông tin\nGiá: Không có thông tin\nThông số kỹ thuật: - Công nghệ màn hình: IPS LCD\n- Độ phân giải: Full HD+ (1080 x 2400 Pixels), Chính 64 MP & Phụ 12 MP, 8 MP, 2 MP, Chính 16 MP & Phụ 8 MP\n- Kích thước màn hình: 6.6 inch\n- Bộ nhớ trong: 128 GB\n- RAM: 8GB\n- Mạng di động: Hỗ trợ 4G\n- Số khe SIM: 2 Nano SIM\n- Dung lượng pin: 4300 mAh\nKhuyến mãi: Không có khuyến mãi\n\nTên sản phẩm: điện thoại realme 6i - 4gb/128gb - pin 5000 mah - sạc nhanh 18w - chính hãng\nMàu: Không có thông tin\nGiá: Không có thông tin\nThông số kỹ thuật: - Công nghệ màn hình: IPS LCD\n- Độ phân giải: HD+ (720 x 1600 Pixels), Chính 48 MP & Phụ 8 MP, 2 MP, 2 MP, 16 MP\n- Kích thước màn hình: 6.5 inch\n- Hệ điều hành: Android 10\n- Vi xử lý: MediaTek Helio G80 8 nhân\n- Bộ nhớ trong: 128 GB\n- RAM: 4GB\n- Mạng di động: Hỗ trợ 4G\n- Số khe SIM: 2 Nano SIM\n- Dung lượng pin: 5000 mAh\nKhuyến mãi: Không có khuyến mãi']","Realme 7i được trang bị vi xử lý Snapdragon 662, 8 nhân.","[{'statement': 'Realme 7i được trang bị vi xử lý Snapdragon 662.', 'reason': [""Trong phần thông số kỹ thuật của 'điện thoại realme 7i - chính hãng', mục 'Vi xử lý' ghi rõ là 'Snapdragon 662 8 nhân'.""], 'verdict': 1}, {'statement': 'Vi xử lý của Realme 7i có 8 nhân.', 'reason': [""Trong phần thông số kỹ thuật của 'điện thoại realme 7i - chính hãng', mục 'Vi xử lý' ghi rõ là 'Snapdragon 662 8 nhân'.""], 'verdict': 1}]",0.0,39.11,2025-08-20 17:36:24
270,Kích thước màn hình của điện thoại nokia 2.4 là bao nhiêu?,6.5 inch,"['Tên sản phẩm: điện thoại nokia 2.4 - chính hãng\nMàu: Không có thông tin\nGiá: Không có thông tin\nThông số kỹ thuật: - Công nghệ màn hình: TFT LCD\n- Độ phân giải: HD+ (720 x 1600 Pixels), Chính 13 MP & Phụ 2 MP, 5 MP\n- Kích thước màn hình: 6.5 inch\n- Bộ nhớ trong: 32 GB\n- RAM: 2GB\n- Mạng di động: Hỗ trợ 4G\n- Số khe SIM: 2 Nano SIM\n- Dung lượng pin: 4500 mAh\nKhuyến mãi: Không có khuyến mãi\n\nTên sản phẩm: điện thoại nokia 5.4 - chính hãng\nMàu: Không có thông tin\nGiá: Không có thông tin\nThông số kỹ thuật: - Công nghệ màn hình: IPS LCD\n- Độ phân giải: HD+ (720 x 1560 Pixels), Chính 48 MP & Phụ 5 MP, 2 MP, 2 MP, 16 MP\n- Hệ điều hành: Android 10\n- Vi xử lý: Snapdragon 662 8 nhân\n- Bộ nhớ trong: 128 GB\n- RAM: 4GB\n- Mạng di động: Hỗ trợ 4G\n- Số khe SIM: 2 Nano SIM\n- Dung lượng pin: 4000 mAh\nKhuyến mãi: Không có khuyến mãi\n\nTên sản phẩm: điện thoại nokia c2 - 16gb - chính hãng\nMàu: Không có thông tin\nGiá: Không có thông tin\nThông số kỹ thuật: - Công nghệ màn hình: IPS LCD\n- Độ phân giải: HD+ (720 x 1440 Pixels), 5 MP, 5 MP\n- Kích thước màn hình: 5.7 inch\n- Bộ nhớ trong: 16 GB\n- RAM: 1 GB\n- Mạng di động: Hỗ trợ 4G\n- Số khe SIM: 2 Nano SIM\n- Dung lượng pin: 2800 mAh\nKhuyến mãi: Không có khuyến mãi\n\nTên sản phẩm: nokia 3.4 - chính hãng\nMàu: Không có thông tin\nGiá: Không có thông tin\nThông số kỹ thuật: - Công nghệ màn hình: IPS LCD\n- Độ phân giải: HD+ (720 x 1560 Pixels), Chính 13 MP & Phụ 5 MP, 2 MP, 8 MP\n- Kích thước màn hình: 6.39 inch\n- Bộ nhớ trong: 64 GB\n- RAM: 4GB\n- Mạng di động: Hỗ trợ 4G\n- Số khe SIM: 2 Nano SIM\n- Dung lượng pin: 4000 mAh\nKhuyến mãi: Không có khuyến mãi']","Kích thước màn hình của điện thoại Nokia 2.4 là 6,5 inch.","[{'statement': 'Kích thước màn hình của điện thoại Nokia 2.4 là 6,5 inch.', 'reason': ['Trong ngữ cảnh, thông tin về sản phẩm ""điện thoại nokia 2.4 - chính hãng"" có ghi rõ ""Kích thước màn hình: 6.5 inch"".'], 'verdict': 1}]",0.0,16.76,2025-08-20 17:36:28
271,Bộ nhớ trong của điện thoại iPhone 12 (128gb) là bao nhiêu?,Bộ nhớ trong của điện thoại iPhone 12 (128gb) là 128 GB.,"['Tên sản phẩm: điện thoại iphone 12 (128gb) - chính hãng vn/a\nMàu: Black, Blue, White, Red, Green, Purple\nGiá: 12,990,000 ₫\nThông số kỹ thuật: - Công nghệ màn hình: OLED\n- Độ phân giải: 1170 x 2532 Pixels, 2 camera 12 MP, 12 MP\n- Kích thước màn hình: 6.1 inch\n- Hệ điều hành: iOS 14\n- Vi xử lý: Apple A14 Bionic 6 nhân\n- Bộ nhớ trong: 128 GB\n- RAM: 4GB\n- Mạng di động: Hỗ trợ 5G\n- Số khe SIM: 1 Nano SIM & 1 eSIM\n- Dung lượng pin: 2815 mAh\nKhuyến mãi: - KM 1\n- Khuyến mãi mua thêm: Sạc nhanh Apple iPhone 20W Type-C\n- Chính hãng với giá chỉ 490.000đ\n- KM 2\n- Ưu đãi trả góp 0% qua thẻ tín dụng\n\nTên sản phẩm: điện thoại iphone 12 (64gb) - chính hãng vn/a\nMàu: Green, Purple, Black, Blue, White, Red\nGiá: 11,790,000 ₫\nThông số kỹ thuật: - Công nghệ màn hình: OLED\n- Độ phân giải: 1170 x 2532 Pixels, 2 camera 12 MP, 12 MP\n- Kích thước màn hình: 6.1 inch\n- Hệ điều hành: iOS 14\n- Vi xử lý: Apple A14 Bionic 6 nhân\n- Bộ nhớ trong: 64 GB\n- RAM: 4GB\n- Mạng di động: Hỗ trợ 5G\n- Số khe SIM: 1 Nano SIM & 1 eSIM\n- Dung lượng pin: 2815 mAh\nKhuyến mãi: - KM 1\n- Ưu đãi trả góp 0% qua thẻ tín dụng\n\nTên sản phẩm: điện thoại iphone 13 (128gb) - chính hãng vn/a\nMàu: Green, Red, Midnight, Pink, Blue, Starlight\nGiá: 13,190,000 ₫\nThông số kỹ thuật: - Công nghệ màn hình: OLED\n- Độ phân giải: 1170 x 2532 Pixels, 2 camera 12 MP, 12 MP\n- Hệ điều hành: iOS 15\n- Vi xử lý: Apple A15\n- Bộ nhớ trong: 128 GB\n- RAM: 4GB\n- Mạng di động: Hỗ trợ 5G\n- Số khe SIM: 1 Nano SIM & 1 eSIM\nKhuyến mãi: - KM 1\n- Ưu đãi trả góp 0% qua thẻ tín dụng\n\nTên sản phẩm: điện thoại iphone 14 (128gb) - chính hãng vn/a\nMàu: Midnight, Blue, Purple, Red, Yellow, Starlight\nGiá: 16,290,000 ₫\nThông số kỹ thuật: - Công nghệ màn hình: Super Retina XDR\n- Độ phân giải: 2532 x 1170, 12MP x 12MP, 12MP\n- Kích thước màn hình: 6.1 inch\n- Hệ điều hành: iOS 16\n- Vi xử lý: A15 Bionic\n- Bộ nhớ trong: 128GB\n- RAM: 6GB\n- Mạng di động: 5G (sub ‑ 6 GHz và mmWave) với 4x4 MIMO8, Gigabit LTE với 4x4 MIMO và LAA8, Chip băng thông siêu rộng cho nhận thức về không gian, NFC với chế độ đọc, Thẻ Express có dự trữ năng lượng\n- Số khe SIM: 1 eSIM, 1 SIM vật lý\nKhuyến mãi: - KM 1\n- Ưu đãi mua combo 3 món củ sạc + dán màn hình + ốp lưng Mophie Zagg chỉ 985.000đ\n- KM 2\n- Ưu đãi trả góp 0% qua thẻ tín dụng']",Bộ nhớ trong của điện thoại iPhone 12 (128gb) là 128 GB.,"[{'statement': 'Bộ nhớ trong của điện thoại iPhone 12 (128gb) là 128 GB.', 'reason': [""Trong phần thông số kỹ thuật của sản phẩm 'điện thoại iphone 12 (128gb) - chính hãng vn/a', ngữ cảnh đã cung cấp thông tin 'Bộ nhớ trong: 128 GB'.""], 'verdict': 1}]",0.0,11.22,2025-08-20 17:36:28
272,Dung lượng bộ nhớ trong của apple iphone 12 pro max là bao nhiêu?,256 GB,"['Tên sản phẩm: apple iphone 12 pro max - 256gb - chính hãng vn/a\nMàu: Không có thông tin\nGiá: Không có thông tin\nThông số kỹ thuật: - Công nghệ màn hình: OLED\n- Độ phân giải: 1284 x 2778 Pixels, 3 camera 12 MP, 12 MP\n- Hệ điều hành: iOS 14\n- Vi xử lý: Apple A14 Bionic 6 nhân\n- Bộ nhớ trong: 256 GB\n- RAM: 6GB\n- Mạng di động: Hỗ trợ 5G\n- Số khe SIM: 1 Nano SIM & 1 eSIM\n- Dung lượng pin: 3687 mAh\nKhuyến mãi: Không có khuyến mãi\n\nTên sản phẩm: điện thoại iphone 15 pro max (1tb) - chính hãng vn/a\nMàu: Titan Tự Nhiên, Titan Xanh, Titan Trắng, Titan Đen\nGiá: 41,990,000 ₫\nThông số kỹ thuật: - Công nghệ màn hình: Màn hình Super Retina XDR, Tấm nền OLED, Dynamic Island, Công nghệ ProMotion với tốc độ làm mới thích ứng lên đến 120Hz, Màn hình Luôn Bật, Màn hình HDR, Tỷ lệ tương phản 2.000.000:1 , Màn hình True Tone, Màn hình có dải màu rộng (P3), Haptic Touch\n- Độ phân giải: 1290 x 2796, Chính: 48MP, khẩu độ ƒ/1.78, Ultra Wide: 12MP, khẩu độ ƒ/2.2, Telephoto: 12MP, khẩu độ ƒ/2.8, Camera trước TrueDepth 12MP, khẩu độ ƒ/1.9\n- Kích thước màn hình: 6.7 inch\n- Hệ điều hành: iOS 17\n- Vi xử lý: A17 Pro\n- Bộ nhớ trong: 1TB\n- RAM: 8GB\n- Mạng di động: 2G, 3G, 4G, 5G\n- Số khe SIM: SIM kép (nano SIM và eSIM), Hỗ trợ hai eSIM\nKhuyến mãi: - KM 1\n- Giảm thêm 100.000đ khi khách hàng thanh toán bằng hình thức chuyển khoản ngân hàng khi mua iPhone 15 Series.\n- KM 2\n- Ưu đãi trả góp 0% qua thẻ tín dụng\n\nTên sản phẩm: điện thoại iphone 12 (128gb) - chính hãng vn/a\nMàu: Black, Blue, White, Red, Green, Purple\nGiá: 12,990,000 ₫\nThông số kỹ thuật: - Công nghệ màn hình: OLED\n- Độ phân giải: 1170 x 2532 Pixels, 2 camera 12 MP, 12 MP\n- Kích thước màn hình: 6.1 inch\n- Hệ điều hành: iOS 14\n- Vi xử lý: Apple A14 Bionic 6 nhân\n- Bộ nhớ trong: 128 GB\n- RAM: 4GB\n- Mạng di động: Hỗ trợ 5G\n- Số khe SIM: 1 Nano SIM & 1 eSIM\n- Dung lượng pin: 2815 mAh\nKhuyến mãi: - KM 1\n- Khuyến mãi mua thêm: Sạc nhanh Apple iPhone 20W Type-C\n- Chính hãng với giá chỉ 490.000đ\n- KM 2\n- Ưu đãi trả góp 0% qua thẻ tín dụng\n\nTên sản phẩm: điện thoại iphone 12 (64gb) - chính hãng vn/a\nMàu: Green, Purple, Black, Blue, White, Red\nGiá: 11,790,000 ₫\nThông số kỹ thuật: - Công nghệ màn hình: OLED\n- Độ phân giải: 1170 x 2532 Pixels, 2 camera 12 MP, 12 MP\n- Kích thước màn hình: 6.1 inch\n- Hệ điều hành: iOS 14\n- Vi xử lý: Apple A14 Bionic 6 nhân\n- Bộ nhớ trong: 64 GB\n- RAM: 4GB\n- Mạng di động: Hỗ trợ 5G\n- Số khe SIM: 1 Nano SIM & 1 eSIM\n- Dung lượng pin: 2815 mAh\nKhuyến mãi: - KM 1\n- Ưu đãi trả góp 0% qua thẻ tín dụng']",Dung lượng bộ nhớ trong của Apple iPhone 12 Pro Max là 256 GB.,"[{'statement': 'Dung lượng bộ nhớ trong của Apple iPhone 12 Pro Max là 256 GB.', 'reason': [""Thông tin trong ngữ cảnh cho biết sản phẩm 'apple iphone 12 pro max - 256gb - chính hãng vn/a' có 'Bộ nhớ trong: 256 GB'.""], 'verdict': 1}]",0.0,20.62,2025-08-20 17:36:42
273,Điện thoại BlackBerry KEY 2 có bộ nhớ trong bao nhiêu?,Điện thoại BlackBerry KEY 2 có bộ nhớ trong 64 GB.,"['Tên sản phẩm: điện thoại blackberry key 2 - chính hãng\nMàu: Không có thông tin\nGiá: Không có thông tin\nThông số kỹ thuật: - Công nghệ màn hình: IPS LCD\n- Độ phân giải: 1080 x 1620 Pixels, 2 camera 12 MP, 8 MP\n- Kích thước màn hình: 4.5 inch\n- Bộ nhớ trong: 64 GB\n- RAM: 6GB\n- Mạng di động: Hỗ trợ 4G\n- Số khe SIM: 2 Nano SIM\n- Dung lượng pin: 3500 mAh\nKhuyến mãi: Không có khuyến mãi\n\nTên sản phẩm: điện thoại blackberry key 2 le - chính hãng\nMàu: Không có thông tin\nGiá: Không có thông tin\nThông số kỹ thuật: - Công nghệ màn hình: IPS LCD\n- Độ phân giải: 1080 x 1620 Pixels, Chính 13 MP & Phụ 5 MP, 8 MP\n- Kích thước màn hình: 4.5 inch\n- Bộ nhớ trong: 64 GB\n- RAM: 4GB\n- Mạng di động: Hỗ trợ 4G\n- Số khe SIM: 2 Nano SIM (SIM 2 chung khe thẻ nhớ)\n- Dung lượng pin: 3000 mAh\nKhuyến mãi: Không có khuyến mãi\n\nTên sản phẩm: nubia neo 2 8gb+12gb/256gb - chính hãng\nMàu: Màu Vàng, Bạc, Màu Đen\nGiá: 4,990,000 ₫\nThông số kỹ thuật: - Công nghệ màn hình: FHD+\n- Độ phân giải: 2400*1080px, Camera chính 50MP, F1.8, AF, Ống kính độ sâu 2MP, 16MP\n- Kích thước màn hình: 6.72 inch\n- Hệ điều hành: Android 13\n- Vi xử lý: Unisoc T820\n- Bộ nhớ trong: 256GB\n- RAM: 8GB + 12GB(Ảo)\n- Dung lượng pin: 5200mAh/6000mAh (typical value)\nKhuyến mãi: - KM 1\n- Tặng Tai nghe không dây Havit TW960\n- Chính Hãng trị giá 490.000\n\nTên sản phẩm: điện thoại honor x7b - 8gb/256gb - chính hãng\nMàu: Bạc, Màu Đen\nGiá: 4,990,000 ₫\nThông số kỹ thuật: - Công nghệ màn hình: LCD, 90Hz\n- Độ phân giải: 2412 x 1080px, Camera chính 108MP (f1.75) + Camera siêu rộng & chiều sâu 5MP (f2.2) + Camera cận cảnh 2MP (f2.4), Hỗ trợ lên đến 12000*9000 pixel, 8MP\n- Kích thước màn hình: 6.8 inch\n- Hệ điều hành: MagicOS 7.2 (nền tảng Android 13）\n- Vi xử lý: Qualcomm Snapdragon 680\n- Bộ nhớ trong: 256GB\n- RAM: 8GB\n- Mạng di động:   inch4G (LTE TDD/LTE FDD), 3G (WCDMA), 2G (GSM), *Các chức năng khả dụng trên mạng trực tiếp tùy thuộc vào tình hình triển khai mạng của nhà cung cấp dịch vụ và các dịch vụ liên quan. inch\n- Dung lượng pin: 6000 mAh\nKhuyến mãi: - KM 1\n- Tặng Bộ quà Hoàng Hà (Chi tiết liên hệ 1900.2091)']",Bộ nhớ trong của điện thoại BlackBerry KEY 2 là 64 GB.,"[{'statement': 'Bộ nhớ trong của điện thoại BlackBerry KEY 2 là 64 GB.', 'reason': [""Trong phần thông tin về sản phẩm 'điện thoại blackberry key 2 - chính hãng', mục 'Thông số kỹ thuật' có ghi rõ 'Bộ nhớ trong: 64 GB'.""], 'verdict': 1}]",0.0,19.73,2025-08-20 17:36:45
276,Dung lượng pin của điện thoại xiaomi mi 10t pro 5g là bao nhiêu?,Dung lượng pin của điện thoại Xiaomi Mi 10T Pro 5G là 5000 mAh.,"['Tên sản phẩm: điện thoại xiaomi mi 10t pro 5g - 8gb/128gb - chính hãng dgw\nMàu: Không có thông tin\nGiá: Không có thông tin\nThông số kỹ thuật: - Công nghệ màn hình: IPS LCD\n- Độ phân giải: Full HD+ (1080 x 2440 Pixels), Tần số quét 144Hz, Chính 108 MP & Phụ 13 MP, 5 MP, 20 MP\n- Kích thước màn hình: 6.67 inch\n- Hệ điều hành: Android 10\n- Vi xử lý: Snapdragon 865 8 nhân\n- Bộ nhớ trong: 128 GB\n- RAM: 8GB\n- Mạng di động: Hỗ trợ 5G\n- Số khe SIM: 2 Nano SIM\n- Dung lượng pin: 5000 mAh\nKhuyến mãi: Không có khuyến mãi\n\nTên sản phẩm: điện thoại xiaomi mi 10t pro 5g - 8gb/256gb - chính hãng dgw\nMàu: Không có thông tin\nGiá: Không có thông tin\nThông số kỹ thuật: - Công nghệ màn hình: IPS LCD\n- Độ phân giải: Full HD+ (1080 x 2440 Pixels), Tần số quét 144Hz, Chính 108 MP & Phụ 13 MP, 5 MP, 20 MP\n- Kích thước màn hình: 6.67 inch\n- Hệ điều hành: Android 10\n- Vi xử lý: Snapdragon 865 8 nhân\n- Bộ nhớ trong: 256 GB\n- RAM: 8GB\n- Mạng di động: Hỗ trợ 5G\n- Số khe SIM: 2 Nano SIM\n- Dung lượng pin: 5000 mAh\nKhuyến mãi: Không có khuyến mãi\n\nTên sản phẩm: điện thoại xiaomi redmi note 10 5g - chính hãng\nMàu: Không có thông tin\nGiá: Không có thông tin\nThông số kỹ thuật: - Công nghệ màn hình: IPS LCD\n- Độ phân giải: Full HD+ (1080 x 2400 Pixels), Chính 48 MP & Phụ 2 MP, 2 MP, 8 MP\n- Hệ điều hành: Android 11\n- Vi xử lý: MediaTek Dimensity 700 8 nhân\n- Bộ nhớ trong: 128 GB\n- RAM: 4GB\n- Mạng di động: Hỗ trợ 5G\n- Số khe SIM: 2 Nano SIM\n- Dung lượng pin: 5000 mAh\nKhuyến mãi: Không có khuyến mãi\n\nTên sản phẩm: điện thoại redmi note 11 pro 5g (8gb/128gb) - chính hãng\nMàu: Màu Xám, Trắng, Xanh Dương\nGiá: 5,590,000 ₫\nThông số kỹ thuật: - Công nghệ màn hình: AMOLED\n- Độ phân giải: Full HD+ (1080 x 2400 Pixels), Chính 108 MP & Phụ 8 MP, 2 MP, 16 MP\n- Hệ điều hành: Android 11\n- Vi xử lý: Qualcomm Snapdragon 695 5G 8 nhân\n- Bộ nhớ trong: 128 GB\n- RAM: 8GB\n- Mạng di động: Hỗ trợ 5G\n- Số khe SIM: 2 Nano SIM (SIM 2 chung khe thẻ nhớ)\n- Dung lượng pin: 5000 mAh\nKhuyến mãi: - Ưu đãi trả góp 0% qua Shinhan Finance hoặc Mirae Asset Finance\n- Giảm 5% không giới hạn khuyến mãi qua Homepaylater\n- Giảm thêm tới 700.000đ khi thanh toán qua Kredivo.\n- Giảm 50% tối đa 700k khi mở thẻ tín dụng Vpbank trên SenID\n- Giảm 20% tối đa 500k khi mở thẻ tín dụng TPBank EVO\n- Mở thẻ tín dụng VIB\n- Nhận Voucher 600.000đ\n- Giảm 1% tối đa 100.000đ khi thanh toán qua Zalopay']",5000 mAh,"[{'statement': 'Dung lượng pin của điện thoại Xiaomi Mi 10T Pro 5G là 5000 mAh.', 'reason': [""Context có hai sản phẩm tên là 'điện thoại xiaomi mi 10t pro 5g' và cả hai đều có thông số 'Dung lượng pin: 5000 mAh'.""], 'verdict': 1}]",0.0,32.21,2025-08-20 17:37:15
274,Máy ảnh của điện thoại iPhone 12 (64GB) có độ phân giải bao nhiêu?,Máy ảnh của điện thoại iPhone 12 (64GB) có độ phân giải 12 MP cho cả hai camera.,"['Tên sản phẩm: điện thoại iphone 12 (64gb) - chính hãng vn/a\nMàu: Green, Purple, Black, Blue, White, Red\nGiá: 11,790,000 ₫\nThông số kỹ thuật: - Công nghệ màn hình: OLED\n- Độ phân giải: 1170 x 2532 Pixels, 2 camera 12 MP, 12 MP\n- Kích thước màn hình: 6.1 inch\n- Hệ điều hành: iOS 14\n- Vi xử lý: Apple A14 Bionic 6 nhân\n- Bộ nhớ trong: 64 GB\n- RAM: 4GB\n- Mạng di động: Hỗ trợ 5G\n- Số khe SIM: 1 Nano SIM & 1 eSIM\n- Dung lượng pin: 2815 mAh\nKhuyến mãi: - KM 1\n- Ưu đãi trả góp 0% qua thẻ tín dụng\n\nTên sản phẩm: điện thoại iphone 12 (128gb) - chính hãng vn/a\nMàu: Black, Blue, White, Red, Green, Purple\nGiá: 12,990,000 ₫\nThông số kỹ thuật: - Công nghệ màn hình: OLED\n- Độ phân giải: 1170 x 2532 Pixels, 2 camera 12 MP, 12 MP\n- Kích thước màn hình: 6.1 inch\n- Hệ điều hành: iOS 14\n- Vi xử lý: Apple A14 Bionic 6 nhân\n- Bộ nhớ trong: 128 GB\n- RAM: 4GB\n- Mạng di động: Hỗ trợ 5G\n- Số khe SIM: 1 Nano SIM & 1 eSIM\n- Dung lượng pin: 2815 mAh\nKhuyến mãi: - KM 1\n- Khuyến mãi mua thêm: Sạc nhanh Apple iPhone 20W Type-C\n- Chính hãng với giá chỉ 490.000đ\n- KM 2\n- Ưu đãi trả góp 0% qua thẻ tín dụng\n\nTên sản phẩm: apple iphone 12 pro max - 256gb - chính hãng vn/a\nMàu: Không có thông tin\nGiá: Không có thông tin\nThông số kỹ thuật: - Công nghệ màn hình: OLED\n- Độ phân giải: 1284 x 2778 Pixels, 3 camera 12 MP, 12 MP\n- Hệ điều hành: iOS 14\n- Vi xử lý: Apple A14 Bionic 6 nhân\n- Bộ nhớ trong: 256 GB\n- RAM: 6GB\n- Mạng di động: Hỗ trợ 5G\n- Số khe SIM: 1 Nano SIM & 1 eSIM\n- Dung lượng pin: 3687 mAh\nKhuyến mãi: Không có khuyến mãi\n\nTên sản phẩm: điện thoại xiaomi 12 - chính hãng\nMàu: Không có thông tin\nGiá: Không có thông tin\nThông số kỹ thuật: - Công nghệ màn hình: AMOLED, 1 tỷ màu, HDR10+, 120Hz, tỷ lệ 20:9, 6.28  inch, Full HD+ (1080 x 2400 pixels), Corning Gorilla Glass Victus, Cảm biến vân tay trong màn hình, Cảm ứng điện dung đa điểm\n- Độ phân giải: 1080 x 2400 pixels, 50 MP, f/1.9, 26mm (góc rộng), PDAF, OIS, 13 MP, f/2.4, 12mm, 123˚ (góc siêu rộng), 5 MP, 50mm (telephoto macro), AF, Quay phim: 8K@24fps (HDR10), 4K@30fps (HDR10+), 1080p@30/120/240/960fps, 720p@1920fps, gyro-EIS, 32 MP, 26mm (góc rộng), Quay phim: 1080p@30/60fps, 720p@120fps\n- Kích thước màn hình: 6.28  inch\n- Vi xử lý: Qualcomm SM8450 Snapdragon 8 Gen 1 (4 nm), 8 nhân (1x3.00 GHz & 3x2.50 GHz & 4x1.80 GHz), GPU: Adreno 730\n- Bộ nhớ trong: 256GB\n- RAM: 8GB\n- Mạng di động: 5G\n- Số khe SIM: 2 SIM, Nano SIM\n- Dung lượng pin: Li-Po 4500 mAh, Power Delivery 3.0, Quick Charge 4+\nKhuyến mãi: Không có khuyến mãi']","Máy ảnh của iPhone 12 (64GB) có 2 camera, mỗi camera 12 MP.","[{'statement': 'Máy ảnh của iPhone 12 (64GB) có 2 camera.', 'reason': [""Trong phần thông số kỹ thuật của sản phẩm 'điện thoại iphone 12 (64gb)', السياق يذكر '2 camera 12 MP, 12 MP', مما يؤكد وجود كاميرتين.""], 'verdict': 1}, {'statement': 'Mỗi camera của iPhone 12 (64GB) có độ phân giải 12MP.', 'reason': [""Trong phần thông số kỹ thuật của sản phẩm 'điện thoại iphone 12 (64gb)', السياق يذكر '2 camera 12 MP, 12 MP', مما يؤكد أن كل كاميرا لديها دقة 12 ميجابكسل.""], 'verdict': 1}]",0.0,51.11,2025-08-20 17:37:20
277,Màu sắc của điện thoại vsmart joy 3 4gb/64gb là gì?,Màu sắc điện thoại Vsmart Joy 3 4GB/64GB là White Pearl.,"['Tên sản phẩm: điện thoại vsmart joy 3 4gb/64gb white pearl - chính hãng\nMàu: Không có thông tin\nGiá: Không có thông tin\nThông số kỹ thuật: - Công nghệ màn hình: IPS LCD\n- Độ phân giải: HD+ (720 x 1600 Pixels), Chính 13 MP & Phụ 8 MP, 2 MP, 8 MP\n- Kích thước màn hình: 6.5 inch\n- Bộ nhớ trong: 64 GB\n- RAM: 4GB\n- Mạng di động: Hỗ trợ 4G\n- Số khe SIM: 2 Nano SIM\n- Dung lượng pin: 5000 mAh\nKhuyến mãi: Không có khuyến mãi\n\nTên sản phẩm: điện thoại vsmart star 5 - 3gb/32gb - chính hãng\nMàu: Không có thông tin\nGiá: Không có thông tin\nThông số kỹ thuật: - Công nghệ màn hình: IPS LCD\n- Độ phân giải: HD+ (720 x 1600 Pixels), Chính 13 MP & Phụ 2 MP, 2 MP, 8 MP\n- Kích thước màn hình: 6.52 inch\n- Hệ điều hành: Android 11\n- Vi xử lý: MediaTek Helio G35 8 nhân\n- Bộ nhớ trong: 32 GB\n- RAM: 3GB\n- Mạng di động: Hỗ trợ 4G\n- Số khe SIM: 2 Nano SIM\n- Dung lượng pin: 5000 mAh\nKhuyến mãi: Không có khuyến mãi\n\nTên sản phẩm: vivo y03 4/64gb- chính hãng\nMàu: Màu Đen, Xanh\nGiá: 2,790,000 ₫\nThông số kỹ thuật: - Công nghệ màn hình: IPS LCD\n- Độ phân giải: HD+ (720 x 1612 Pixels), Chính 13 MP & Phụ 0.08 MP, 5 MP\n- Kích thước màn hình: 6.56 inch\n- Hệ điều hành: Funtouch OS 14.0\n- Vi xử lý: Helio G85\n- RAM: 4 GB\n- Mạng di động: Hỗ trợ 4G\n- Số khe SIM: 2 Nano SIM\n- Dung lượng pin: 5000 mAh\nKhuyến mãi: - Ưu đãi tặng Sim Mobifone Hera & Key bản quyền Office 365 A3 khi mua điện thoại tại Hoàng Hà Mobile (SL có hạn)\n\nTên sản phẩm: điện thoại redmi a3 (4gb/128gb) - chính hãng\nMàu: Xanh Dương, Màu Đen\nGiá: 2,990,000 ₫\nThông số kỹ thuật: - Công nghệ màn hình: IPS LCD 90Hz\n- Độ phân giải: 720x1650, Camera chính 8MP f/2.0, Camera phụ trợ QVGA, 5MP f/2.2\n- Kích thước màn hình: 6.71 inch\n- Hệ điều hành: Android 14\n- Vi xử lý: MediaTek Helio G36\n- Bộ nhớ trong: 128GB\n- RAM: 4GB\n- Mạng di động: 2G, 3G, 4G\n- Số khe SIM: 2 nano SIM\n- Dung lượng pin: 5000 mAh\nKhuyến mãi: - Giảm 5% không giới hạn khuyến mãi qua Homepaylater\n- Giảm 50% tối đa 700k khi mở thẻ tín dụng Vpbank trên SenID\n- Giảm 20% tối đa 500k khi mở thẻ tín dụng TPBank EVO\n- Giảm 1% tối đa 100.000đ khi thanh toán qua Zalopay']",Màu sắc của điện thoại vsmart joy 3 4GB/64GB là white pearl.,"[{'statement': 'Điện thoại vsmart joy 3 4GB/64GB có màu trắng ngọc trai.', 'reason': [""Ngữ cảnh cung cấp tên sản phẩm là 'điện thoại vsmart joy 3 4gb/64gb white pearl - chính hãng', trong đó 'white pearl' có nghĩa là 'trắng ngọc trai'.""], 'verdict': 1}]",0.0,36.19,2025-08-20 17:37:22
278,Dung lượng pin của điện thoại honor 10 lite là bao nhiêu?,Dung lượng pin của điện thoại honor 10 lite là 3400 mAh.,"['Tên sản phẩm: điện thoại honor 10 lite - 3gb/32gb - chính hãng\nMàu: Không có thông tin\nGiá: Không có thông tin\nThông số kỹ thuật: - Công nghệ màn hình: IPS LCD\n- Độ phân giải: Full HD+ (1080 x 2340 Pixels), Chính 13 MP & Phụ 2 MP, 24 MP\n- Kích thước màn hình: 6.21 inch\n- Bộ nhớ trong: 64 GB\n- RAM: 4GB\n- Mạng di động: Hỗ trợ 4G\n- Số khe SIM: 2 Nano SIM (SIM 2 chung khe thẻ nhớ)\n- Dung lượng pin: 3400 mAh\nKhuyến mãi: Không có khuyến mãi\n\nTên sản phẩm: honor 90 lite 5g (8gb/256gb) - chính hãng\nMàu: Màu Đen, Xanh\nGiá: 5,390,000 ₫\nThông số kỹ thuật: - Công nghệ màn hình: LTPS LCD\n- Độ phân giải: 2388x1080, 100MP Main Camera(f/1.9)+5MP Ultra Wide&Depth Camera(f/2.2)+2MP Macro Camera(f/2.4), 16MP  (f/2.45)\n- Kích thước màn hình: 6.7 inch\n- Hệ điều hành: MagicOS 7.1(based on Android 13)\n- Vi xử lý: MediaTek Dimensity 6020\n- RAM: 8GB\n- Mạng di động: 5G\n- Số khe SIM: Nano Card\n- Dung lượng pin: 4500 mAh\nKhuyến mãi: - KM 1\n- Sản phẩm đang thuộc chương trình Flash sale (Số lượng có hạn)\n\nTên sản phẩm: điện thoại samsung galaxy note 10 lite - chính hãng\nMàu: Không có thông tin\nGiá: Không có thông tin\nThông số kỹ thuật: - Công nghệ màn hình: Super AMOLED\n- Độ phân giải: Full HD+ (1080 x 2400 Pixels), 3 camera 12 MP, 32 MP\n- Kích thước màn hình: 6.7 inch\n- Bộ nhớ trong: 128 GB\n- RAM: 8GB\n- Mạng di động: Hỗ trợ 4G\n- Số khe SIM: 2 Nano SIM (SIM 2 chung khe thẻ nhớ)\n- Dung lượng pin: 4500 mAh\nKhuyến mãi: Không có khuyến mãi\n\nTên sản phẩm: điện thoại di động honor x5 plus 4gb/64gb- chính hãng\nMàu: Màu Đen, Xanh\nGiá: 2,290,000 ₫\nThông số kỹ thuật: - Công nghệ màn hình: TFT LCD, 90Hz, Màn hình giọt nước\n- Độ phân giải: 720 × 1612, Camera 50 MP (f/1.8), Camera chân dung 2MP (f/2.4), 5 MP (f/2.2)\n- Kích thước màn hình: 6.56  inch\n- Hệ điều hành: MagicOS 7.1（Dựa trên Android 13）\n- Vi xử lý: MediaTek Helio G36\n- Bộ nhớ trong: 64GB\n- RAM: 4GB\n- Mạng di động: 4G (LTE TDD/LTE FDD), 3G (WCDMA), 2G (GSM)\n- Dung lượng pin: 5200 mAh\nKhuyến mãi: - KM 1\n- Tặng phiếu mua hàng 300.000đ.']",Dung lượng pin của điện thoại Honor 10 Lite là 3400 mAh.,"[{'statement': 'Dung lượng pin của điện thoại Honor 10 Lite là 3400 mAh.', 'reason': [""The context provides information for the product named 'điện thoại honor 10 lite' and lists its 'Dung lượng pin' (battery capacity) as 3400 mAh.""], 'verdict': 1}]",0.0,12.79,2025-08-20 17:37:29
279,Bộ nhớ RAM của oppo a92 là bao nhiêu?,Bộ nhớ RAM của oppo a92 là 8GB.,"['Tên sản phẩm: oppo a92 - 8gb/128gb - chính hãng\nMàu: Không có thông tin\nGiá: Không có thông tin\nThông số kỹ thuật: - Công nghệ màn hình: TFT LCD\n- Độ phân giải: Full HD+ (1080 x 2400 Pixels), Chính 48 MP & Phụ 8 MP, 2 MP, 2 MP, 16 MP\n- Kích thước màn hình: 6.5 inch\n- Bộ nhớ trong: 128 GB\n- RAM: 8GB\n- Mạng di động: Hỗ trợ 4G\n- Số khe SIM: 2 Nano SIM\n- Dung lượng pin: 5000 mAh\nKhuyến mãi: Không có khuyến mãi\n\nTên sản phẩm: oppo a93 - 8gb/128gb - chính hãng\nMàu: Không có thông tin\nGiá: Không có thông tin\nThông số kỹ thuật: - Công nghệ màn hình: AMOLED\n- Độ phân giải: Full HD+ (1080 x 2400 Pixels), Chính 48 MP & Phụ 8 MP, 2 MP, 2 MP, Chính 16 MP & Phụ 2 MP\n- Hệ điều hành: Android 10\n- Vi xử lý: MediaTek Helio P95 8 nhân\n- Bộ nhớ trong: 128 GB\n- RAM: 8GB\n- Mạng di động: Hỗ trợ 4G\n- Số khe SIM: 2 Nano SIM\n- Dung lượng pin: 4000 mAh\nKhuyến mãi: Không có khuyến mãi\n\nTên sản phẩm: oppo a12 - 3gb/32gb - chính hãng\nMàu: Không có thông tin\nGiá: Không có thông tin\nThông số kỹ thuật: - Công nghệ màn hình: IPS LCD\n- Độ phân giải: HD+ (720 x 1520 Pixels), Chính 13 MP & Phụ 2 MP, 5 MP\n- Kích thước màn hình: 6.22 inch\n- Bộ nhớ trong: 32 GB\n- RAM: 3GB\n- Mạng di động: Hỗ trợ 4G\n- Số khe SIM: 2 Nano SIM\n- Dung lượng pin: 4230 mAh\nKhuyến mãi: Không có khuyến mãi\n\nTên sản phẩm: điện thoại oppo a58 (6gb/128gb) - chính hãng\nMàu: Xanh, Màu Đen\nGiá: 4,590,000 ₫\nThông số kỹ thuật: - Công nghệ màn hình: Màn hình đục lỗ | LCD\n- Độ phân giải: 1080 x 2400 (FHD+), 50 MP (chính) + 2 MP (Xóa phông), F/1.8 + F/2.4, 8 MP\n- Kích thước màn hình: 6.72  inch\n- Hệ điều hành: ColorOS 13.1, nền tảng Android 13\n- Vi xử lý: Helio G85, tối đa 2.0GHz\n- Bộ nhớ trong: 128GB\n- RAM: 6GB\n- Mạng di động: 4G\n- Số khe SIM: Dual nano-SIM + 1 thẻ nhớ\n- Dung lượng pin: 5000 mAh\nKhuyến mãi: - KM 1\n- Tặng phiếu mua hàng 200.000đ']",Bộ nhớ RAM của Oppo A92 là 8GB.,"[{'statement': 'Bộ nhớ RAM của Oppo A92 là 8GB.', 'reason': ['Thông tin này được xác nhận trong ngữ cảnh, trong đó có ghi rõ ""Tên sản phẩm: oppo a92 - 8gb/128gb - chính hãng"" và trong phần thông số kỹ thuật có mục ""RAM: 8GB"".'], 'verdict': 1}]",0.0,10.51,2025-08-20 17:37:31
280,Điện thoại oppo reno4 pro có màn hình kích thước bao nhiêu inch?,Điện thoại Oppo Reno4 Pro có màn hình kích thước 6.5 inch.,"['Tên sản phẩm: oppo reno4 pro - chính hãng\nMàu: Không có thông tin\nGiá: Không có thông tin\nThông số kỹ thuật: - Công nghệ màn hình: AMOLED\n- Độ phân giải: Full HD+ (1080 x 2400 Pixels), Chính 48 MP & Phụ 8 MP, 2 MP, 2 MP, 32 MP\n- Kích thước màn hình: 6.5 inch\n- Bộ nhớ trong: 256 GB\n- RAM: 8GB\n- Mạng di động: Hỗ trợ 4G\n- Số khe SIM: 2 Nano SIM\n- Dung lượng pin: 4000 mAh\nKhuyến mãi: Không có khuyến mãi\n\nTên sản phẩm: oppo reno4 - chính hãng\nMàu: Không có thông tin\nGiá: Không có thông tin\nThông số kỹ thuật: - Công nghệ màn hình: AMOLED\n- Độ phân giải: Full HD+ (1080 x 2400 Pixels), Chính 48 MP & Phụ 8 MP, 2 MP, 2 MP, Chính 32 MP & Phụ cảm biến thông minh A.I\n- Kích thước màn hình: 6.4 inch\n- Bộ nhớ trong: 128 GB\n- RAM: 8GB\n- Mạng di động: Hỗ trợ 4G\n- Số khe SIM: 2 Nano SIM\n- Dung lượng pin: 4015 mAh\nKhuyến mãi: Không có khuyến mãi\n\nTên sản phẩm: oppo reno10 pro - chính hãng\nMàu: Không có thông tin\nGiá: Giá: Liên hệ\nThông số kỹ thuật: - Công nghệ màn hình: AMOLED\n- Độ phân giải: 2412 x 1080 pixels, Camera góc rộng: 50 MP, f/1.8, OIS, Chụp xa: 32 MP, f/2.0, 2x optical zoom, Camera góc siêu rộng: 8 MP, f/2.2, Camera góc rộng: 32 MP, f/2.4\n- Kích thước màn hình: 6.7  inch\n- Hệ điều hành: Android 13\n- Vi xử lý: Snapdragon 778G 5G 8 nhân\n- Bộ nhớ trong: 256 GB\n- RAM: 12GB\n- Mạng di động: Hỗ trợ 5G\n- Số khe SIM: 2 SIM (Nano-SIM)\n- Dung lượng pin: 4600 mAh\nKhuyến mãi: - Giảm 5% không giới hạn khuyến mãi qua Homepaylater\n- Giảm 50% tối đa 700k khi mở thẻ tín dụng Vpbank trên SenID\n- Giảm 20% tối đa 500k khi mở thẻ tín dụng TPBank EVO\n\nTên sản phẩm: oppo reno10 pro plus - chính hãng\nMàu: Không có thông tin\nGiá: Giá: Liên hệ\nThông số kỹ thuật: - Công nghệ màn hình: AMOLED\n- Độ phân giải: 1.5K+ (1240 x 2772 Pixels), Chính 50 MP & Phụ 64 MP, 8 MP, 32 MP\n- Kích thước màn hình: 6.7 inch\n- Hệ điều hành: Android 13\n- Vi xử lý: Snapdragon 8+ Gen 1 8 nhân\n- Bộ nhớ trong: 256 GB\n- RAM: 12GB\n- Mạng di động: Hỗ trợ 5G\n- Số khe SIM: 2 Nano SIM\n- Dung lượng pin: 4700 mAh\nKhuyến mãi: - Giảm 5% không giới hạn khuyến mãi qua Homepaylater\n- Giảm 50% tối đa 700k khi mở thẻ tín dụng Vpbank trên SenID\n- Giảm 20% tối đa 500k khi mở thẻ tín dụng TPBank EVO']",6.5 inch,"[{'statement': 'Điện thoại Oppo Reno4 Pro có màn hình kích thước 6.5 inch.', 'reason': [""Trong ngữ cảnh được cung cấp, thông tin về sản phẩm 'oppo reno4 pro - chính hãng' có ghi rõ 'Kích thước màn hình: 6.5 inch'.""], 'verdict': 1}]",0.0,13.21,2025-08-20 17:37:36
283,Điện thoại Poco F2 Pro có dung lượng RAM là bao nhiêu?,Điện thoại Poco F2 Pro có dung lượng RAM là 8GB.,"['Tên sản phẩm: điện thoại poco f2 pro - 8gb/256gb - chính hãng\nMàu: Không có thông tin\nGiá: Không có thông tin\nThông số kỹ thuật: - Công nghệ màn hình: Super AMOLED\n- Độ phân giải: Full HD+ (1080 x 2400 Pixels), Chính 64 MP & Phụ 13 MP, 5 MP, 2 MP, 20 MP\n- Kích thước màn hình: 6.67 inch\n- Hệ điều hành: Android 10, MIUI 11\n- Vi xử lý: Qualcomm SM8250 Snapdragon 865 (7 nm+)\n- Bộ nhớ trong: 256 GB\n- RAM: 8GB\n- Mạng di động: Hỗ trợ 5G\n- Số khe SIM: 2 Nano SIM\n- Dung lượng pin: 4700 mAh\nKhuyến mãi: Không có khuyến mãi\n\nTên sản phẩm: điện thoại poco f2 pro - 6gb/128gb - chính hãng\nMàu: Không có thông tin\nGiá: Không có thông tin\nThông số kỹ thuật: - Công nghệ màn hình: Super AMOLED\n- Độ phân giải: Full HD+ (1080 x 2400 Pixels), Chính 64 MP & Phụ 13 MP, 5 MP, 2 MP, 20 MP\n- Kích thước màn hình: 6.67 inch\n- Hệ điều hành: Android 10, MIUI 11\n- Vi xử lý: Qualcomm SM8250 Snapdragon 865 (7 nm+)\n- Bộ nhớ trong: 128 GB\n- RAM: 6GB\n- Mạng di động: Hỗ trợ 5G\n- Số khe SIM: 2 Nano SIM\n- Dung lượng pin: 4700 mAh\nKhuyến mãi: Không có khuyến mãi\n\nTên sản phẩm: điện thoại poco m4 pro 5g  (4gb/64gb) - chính hãng\nMàu: Màu Vàng, Màu Đen, Xanh\nGiá: 4,290,000 ₫\nThông số kỹ thuật: - Công nghệ màn hình: IPS LCD\n- Độ phân giải: Full HD+ (1080 x 2400 Pixels), Chính 50 MP & Phụ 8 MP, 16 MP\n- Hệ điều hành: Android 11\n- Vi xử lý: MediaTek Dimensity 810 5G 8 nhân\n- Bộ nhớ trong: 64 GB\n- RAM: 4GB\n- Mạng di động: Hỗ trợ 5G\n- Số khe SIM: 2 Nano SIM\n- Dung lượng pin: 5000 mAh\nKhuyến mãi: - Ưu đãi trả góp 0% qua Shinhan Finance hoặc Mirae Asset Finance\n- Giảm 5% không giới hạn khuyến mãi qua Homepaylater\n- Giảm thêm tới 700.000đ khi thanh toán qua Kredivo.\n- Giảm 50% tối đa 700k khi mở thẻ tín dụng Vpbank trên SenID\n- Giảm 20% tối đa 500k khi mở thẻ tín dụng TPBank EVO\n- Mở thẻ tín dụng VIB\n- Nhận Voucher 600.000đ\n- Giảm 1% tối đa 100.000đ khi thanh toán qua Zalopay\n\nTên sản phẩm: điện thoại xiaomi poco x3 6gb/128gb - chính hãng dgw\nMàu: Không có thông tin\nGiá: Không có thông tin\nThông số kỹ thuật: - Công nghệ màn hình: IPS LCD\n- Độ phân giải: Full HD+ (1080 x 2400 Pixels), Tần số quét 120Hz, Chính 64 MP & Phụ 13 MP, 2 MP, 2 MP, 20 MP\n- Kích thước màn hình: 6.67 inch\n- Hệ điều hành: Android 10\n- Vi xử lý: Snapdragon 732G 8 nhân\n- Bộ nhớ trong: 128 GB\n- RAM: 6GB\n- Mạng di động: Hỗ trợ 4G\n- Số khe SIM: 2 Nano SIM (SIM 1 chung khe thẻ nhớ)\n- Dung lượng pin: 5160 mAh\nKhuyến mãi: Không có khuyến mãi']",Phiên bản 8GB/256GB của Poco F2 Pro có RAM 8GB; phiên bản 6GB/128GB có RAM 6GB.,"[{'statement': 'Phiên bản 8GB/256GB của Poco F2 Pro có RAM 8GB.', 'reason': [""Ngữ cảnh cung cấp thông tin về sản phẩm 'điện thoại poco f2 pro - 8gb/256gb - chính hãng' và trong phần thông số kỹ thuật có ghi rõ 'RAM: 8GB'.""], 'verdict': 1}, {'statement': 'Phiên bản 6GB/128GB của Poco F2 Pro có RAM 6GB.', 'reason': [""Ngữ cảnh cung cấp thông tin về sản phẩm 'điện thoại poco f2 pro - 6gb/128gb - chính hãng' và trong phần thông số kỹ thuật có ghi rõ 'RAM: 6GB'.""], 'verdict': 1}]",0.0,52.71,2025-08-20 17:38:30
282,Màn hình của điện thoại nokia 8.3 5g là loại nào?,Màn hình của điện thoại Nokia 8.3 5G là loại LCD.,"['Tên sản phẩm: điện thoại nokia 8.3 5g - chính hãng\nMàu: Không có thông tin\nGiá: Không có thông tin\nThông số kỹ thuật: - Công nghệ màn hình: LCD\n- Độ phân giải: Full HD+ (1080 x 2400 Pixels), Chính 64 MP & Phụ 12 MP, 2 MP, 2 MP, 24 MP\n- Kích thước màn hình: 6.81 inch\n- Bộ nhớ trong: 128 GB\n- RAM: 8GB\n- Mạng di động: Hỗ trợ 5G\n- Số khe SIM: 2 Nano SIM (SIM 2 chung khe thẻ nhớ)\n- Dung lượng pin: 4500 mAh\nKhuyến mãi: Không có khuyến mãi\n\nTên sản phẩm: nokia 8000 4g chính hãng\nMàu: Không có thông tin\nGiá: Không có thông tin\nThông số kỹ thuật: - Công nghệ màn hình: TFT LCD\n- Độ phân giải: QVGA (240 x 320 Pixels), 2 MP, Không\n- Kích thước màn hình: 2.8 inch\n- Bộ nhớ trong: 4GB\n- RAM: 512 MB\n- Mạng di động: Hỗ trợ 4G\n- Số khe SIM: 2 Nano SIM\n- Dung lượng pin: 1500 mAh\nKhuyến mãi: Không có khuyến mãi\n\nTên sản phẩm: điện thoại nokia 5.4 - chính hãng\nMàu: Không có thông tin\nGiá: Không có thông tin\nThông số kỹ thuật: - Công nghệ màn hình: IPS LCD\n- Độ phân giải: HD+ (720 x 1560 Pixels), Chính 48 MP & Phụ 5 MP, 2 MP, 2 MP, 16 MP\n- Hệ điều hành: Android 10\n- Vi xử lý: Snapdragon 662 8 nhân\n- Bộ nhớ trong: 128 GB\n- RAM: 4GB\n- Mạng di động: Hỗ trợ 4G\n- Số khe SIM: 2 Nano SIM\n- Dung lượng pin: 4000 mAh\nKhuyến mãi: Không có khuyến mãi\n\nTên sản phẩm: điện thoại nubia red magic 8 pro\nMàu: Không có thông tin\nGiá: Giá: Liên hệ\nThông số kỹ thuật: - Công nghệ màn hình: AMOLED\n- Độ phân giải: 1116 x 2480 pixels, Camera góc rộng: 50MP, f/1.8, 1/1.57 inch, 1.0µm, PDAF, Camera góc siêu rộng: 8MP, f/2.2, 120˚, 13mm, 1/4.0 inch, 1.12µm, Camera macro: 2 MP, f/2.4, Camera góc rộng: 16MP\n- Kích thước màn hình: 6.8 inch\n- Hệ điều hành: Android 13\n- Vi xử lý: Snapdragon 8 Gen 2 (4 nm)\n- Bộ nhớ trong: 128 GB\n- RAM: 8GB\n- Mạng di động: 5G\n- Số khe SIM: 2 SIM (Nano-SIM)\n- Dung lượng pin: 6000 mAh\nKhuyến mãi: - Giảm 5% không giới hạn khuyến mãi qua Homepaylater\n- Giảm 50% tối đa 700k khi mở thẻ tín dụng Vpbank trên SenID\n- Giảm 20% tối đa 500k khi mở thẻ tín dụng TPBank EVO']",Màn hình là loại LCD.,"[{'statement': 'Màn hình của điện thoại Nokia 8.3 5G là loại LCD.', 'reason': [""Ngữ cảnh cung cấp thông số kỹ thuật cho sản phẩm 'điện thoại nokia 8.3 5g', trong đó có ghi rõ 'Công nghệ màn hình: LCD'.""], 'verdict': 1}]",0.0,61.14,2025-08-20 17:38:33
284,Điện thoại Samsung Galaxy Z Fold2 5G có kích thước màn hình chính là bao nhiêu?,Điện thoại Samsung Galaxy Z Fold2 5G có kích thước màn hình chính là 7.59 inch.,"['Tên sản phẩm: điện thoại samsung galaxy z fold2 5g - chính hãng\nMàu: Không có thông tin\nGiá: Không có thông tin\nThông số kỹ thuật: - Công nghệ màn hình: Chính: Dynamic AMOLED, Phụ: Super AMOLED\n- Độ phân giải: Full HD+ (1768 x 2208 Pixels), 3 camera 12 MP, 10 MP\n- Kích thước màn hình: Chính 7.59 inch & 6.23 inch\n- Bộ nhớ trong: 256 GB\n- RAM: 12GB\n- Mạng di động: Hỗ trợ 5G\n- Số khe SIM: 1 Nano SIM & 1 eSIM\n- Dung lượng pin: 4500 mAh\nKhuyến mãi: Không có khuyến mãi\n\nTên sản phẩm: điện thoại samsung galaxy z fold5 12gb/256gb - chính hãng\nMàu: Xanh, Màu Đen, Kem\nGiá: 28,990,000 ₫\nThông số kỹ thuật: - Công nghệ màn hình: Dynamic AMOLED 2X, Tần số quét 120 Hz, Infinity Flex, Màn hình phụ: Infinity-O\n- Độ phân giải: 2176 x 1812 (QXGA+), Màn hình phụ: 2316 x 904 (HD+), 50 MP + 12 MP + 10 MP, Camera trước ở màn hình phụ: 10 MP, Camera ẩn dưới màn hình: 4 MP\n- Kích thước màn hình: 7.6 inch, 6.2 inch\n- Hệ điều hành: OneUI 5.1.1 / Android 13\n- Vi xử lý: Qualcomm Snapdragon 8 Gen 2\n- Bộ nhớ trong: 256GB\n- RAM: 12GB\n- Mạng di động: Hỗ trợ 5G\n- Số khe SIM: Nano-sim & E-sim\n- Dung lượng pin: 4400 mAh\nKhuyến mãi: - KM 1\n- Tặng gói Samsung care+ 6 tháng\n- KM 2\n- Trả góp tới 06 tháng không lãi suất, trả trước 0 đồng với Samsung Finance+.\n- KM 3\n- Giảm thêm 500.000đ cho khách hàng thân thiết (Chi tiết LH 1900 2091)\n\nTên sản phẩm: điện thoại samsung galaxy z fold5 12gb/512gb - chính hãng\nMàu: Xanh, Màu Đen, Kem\nGiá: 30,990,000 ₫\nThông số kỹ thuật: - Công nghệ màn hình: Dynamic AMOLED 2X, Tần số quét 120 Hz, Infinity Flex, Màn hình phụ: Infinity-O\n- Độ phân giải: 2176 x 1812 (QXGA+), Màn hình phụ: 2316 x 904 (HD+), 50 MP + 12 MP + 10 MP, Camera trước ở màn hình phụ: 10 MP, Camera ẩn dưới màn hình: 4 MP\n- Kích thước màn hình: 7.6 inch, 6.2 inch\n- Hệ điều hành: OneUI 5.1.1 / Android 13\n- Vi xử lý: Qualcomm Snapdragon 8 Gen 2\n- Bộ nhớ trong: 512GB\n- RAM: 12GB\n- Mạng di động: Hỗ trợ 5G\n- Số khe SIM: Nano-sim & E-sim\n- Dung lượng pin: 4400 mAh\nKhuyến mãi: - KM 1\n- Tặng gói Samsung care+ 6 tháng\n- KM 2\n- Trả góp tới 06 tháng không lãi suất, trả trước 0 đồng với Samsung Finance+.\n\nTên sản phẩm: samsung galaxy z fold4 - 256gb - chính hãng\nMàu: Không có thông tin\nGiá: Không có thông tin\nThông số kỹ thuật: - Công nghệ màn hình: Dynamic AMOLED 2X\n- Độ phân giải: Chính: QXGA+ (2176 x 1812 Pixels) & Phụ: HD+ (2316 x 904 Pixels), Chính 50 MP & Phụ 12 MP, 10 MP, 10 MP & 4 MP\n- Kích thước màn hình: Chính 7.6 inch & 6.2 inch\n- Hệ điều hành: Android 12\n- Vi xử lý: Snapdragon 8+ Gen 1 8 nhân\n- Bộ nhớ trong: 256 GB\n- RAM: 12GB\n- Mạng di động: Hỗ trợ 5G\n- Số khe SIM: 1 Nano SIM & 1 eSIM\n- Dung lượng pin: 4400 mAh\nKhuyến mãi: Không có khuyến mãi']",Kích thước màn hình chính là 7.59 inch.,"[{'statement': 'Điện thoại Samsung Galaxy Z Fold2 5G có kích thước màn hình chính là 7.59 inch.', 'reason': [""Trong ngữ cảnh, thông tin về sản phẩm 'điện thoại samsung galaxy z fold2 5g' có ghi rõ 'Kích thước màn hình: Chính 7.59 inch & 6.23 inch', điều này xác nhận rằng màn hình chính có kích thước là 7.59 inch.""], 'verdict': 1}]",0.0,11.53,2025-08-20 17:38:43
285,Điện thoại poco f2 pro sử dụng bộ vi xử lý nào?,Điện thoại Poco F2 Pro sử dụng bộ vi xử lý Qualcomm SM8250 Snapdragon 865 (7 nm+).,"['Tên sản phẩm: điện thoại poco f2 pro - 8gb/256gb - chính hãng\nMàu: Không có thông tin\nGiá: Không có thông tin\nThông số kỹ thuật: - Công nghệ màn hình: Super AMOLED\n- Độ phân giải: Full HD+ (1080 x 2400 Pixels), Chính 64 MP & Phụ 13 MP, 5 MP, 2 MP, 20 MP\n- Kích thước màn hình: 6.67 inch\n- Hệ điều hành: Android 10, MIUI 11\n- Vi xử lý: Qualcomm SM8250 Snapdragon 865 (7 nm+)\n- Bộ nhớ trong: 256 GB\n- RAM: 8GB\n- Mạng di động: Hỗ trợ 5G\n- Số khe SIM: 2 Nano SIM\n- Dung lượng pin: 4700 mAh\nKhuyến mãi: Không có khuyến mãi\n\nTên sản phẩm: điện thoại poco f2 pro - 6gb/128gb - chính hãng\nMàu: Không có thông tin\nGiá: Không có thông tin\nThông số kỹ thuật: - Công nghệ màn hình: Super AMOLED\n- Độ phân giải: Full HD+ (1080 x 2400 Pixels), Chính 64 MP & Phụ 13 MP, 5 MP, 2 MP, 20 MP\n- Kích thước màn hình: 6.67 inch\n- Hệ điều hành: Android 10, MIUI 11\n- Vi xử lý: Qualcomm SM8250 Snapdragon 865 (7 nm+)\n- Bộ nhớ trong: 128 GB\n- RAM: 6GB\n- Mạng di động: Hỗ trợ 5G\n- Số khe SIM: 2 Nano SIM\n- Dung lượng pin: 4700 mAh\nKhuyến mãi: Không có khuyến mãi\n\nTên sản phẩm: điện thoại poco m4 pro 5g  (4gb/64gb) - chính hãng\nMàu: Màu Vàng, Màu Đen, Xanh\nGiá: 4,290,000 ₫\nThông số kỹ thuật: - Công nghệ màn hình: IPS LCD\n- Độ phân giải: Full HD+ (1080 x 2400 Pixels), Chính 50 MP & Phụ 8 MP, 16 MP\n- Hệ điều hành: Android 11\n- Vi xử lý: MediaTek Dimensity 810 5G 8 nhân\n- Bộ nhớ trong: 64 GB\n- RAM: 4GB\n- Mạng di động: Hỗ trợ 5G\n- Số khe SIM: 2 Nano SIM\n- Dung lượng pin: 5000 mAh\nKhuyến mãi: - Ưu đãi trả góp 0% qua Shinhan Finance hoặc Mirae Asset Finance\n- Giảm 5% không giới hạn khuyến mãi qua Homepaylater\n- Giảm thêm tới 700.000đ khi thanh toán qua Kredivo.\n- Giảm 50% tối đa 700k khi mở thẻ tín dụng Vpbank trên SenID\n- Giảm 20% tối đa 500k khi mở thẻ tín dụng TPBank EVO\n- Mở thẻ tín dụng VIB\n- Nhận Voucher 600.000đ\n- Giảm 1% tối đa 100.000đ khi thanh toán qua Zalopay\n\nTên sản phẩm: điện thoại poco c65 (8gb/256gb) - chính hãng\nMàu: Xanh Dương, Màu Đen\nGiá: 2,990,000 ₫\nThông số kỹ thuật: - Công nghệ màn hình: IPS LCD\n- Độ phân giải: 600 x 720 pixels (HD+), 50MP, f/1.8, 8MP, f/2.0\n- Kích thước màn hình: 6.74 inches\n- Hệ điều hành: Hệ điều hành MIUI 14\n- Vi xử lý: MediaTek Helio G85 processor\n- Bộ nhớ trong: 256GB\n- RAM: 8 GB\n- Dung lượng pin: 5000 mAh 18W\nKhuyến mãi: - Giảm 20% tối đa 500k khi mở thẻ tín dụng TPBank EVO']",Bộ vi xử lý của điện thoại Poco F2 Pro là Qualcomm SM8250 Snapdragon 865 (đơn vị làm việc trên công nghệ 7 nm+).,"[{'statement': 'Điện thoại Poco F2 Pro sử dụng bộ vi xử lý Qualcomm SM8250 Snapdragon 865.', 'reason': [""Thông tin trong ngữ cảnh cho cả hai phiên bản của điện thoại Poco F2 Pro đều ghi rõ: 'Vi xử lý: Qualcomm SM8250 Snapdragon 865 (7 nm+)'.""], 'verdict': 1}, {'statement': 'Bộ vi xử lý Qualcomm SM8250 Snapdragon 865 được sản xuất trên tiến trình 7 nm+.', 'reason': [""Ngữ cảnh cung cấp thông tin về vi xử lý của Poco F2 Pro là 'Qualcomm SM8250 Snapdragon 865 (7 nm+)', điều này xác nhận tiến trình sản xuất là 7 nm+.""], 'verdict': 1}]",0.0,11.81,2025-08-20 17:38:46
287,Oppo Reno4 có kích thước màn hình bao nhiêu?,Oppo Reno4 có kích thước màn hình 6.4 inch.,"['Tên sản phẩm: oppo reno4 - chính hãng\nMàu: Không có thông tin\nGiá: Không có thông tin\nThông số kỹ thuật: - Công nghệ màn hình: AMOLED\n- Độ phân giải: Full HD+ (1080 x 2400 Pixels), Chính 48 MP & Phụ 8 MP, 2 MP, 2 MP, Chính 32 MP & Phụ cảm biến thông minh A.I\n- Kích thước màn hình: 6.4 inch\n- Bộ nhớ trong: 128 GB\n- RAM: 8GB\n- Mạng di động: Hỗ trợ 4G\n- Số khe SIM: 2 Nano SIM\n- Dung lượng pin: 4015 mAh\nKhuyến mãi: Không có khuyến mãi\n\nTên sản phẩm: oppo reno4 pro - chính hãng\nMàu: Không có thông tin\nGiá: Không có thông tin\nThông số kỹ thuật: - Công nghệ màn hình: AMOLED\n- Độ phân giải: Full HD+ (1080 x 2400 Pixels), Chính 48 MP & Phụ 8 MP, 2 MP, 2 MP, 32 MP\n- Kích thước màn hình: 6.5 inch\n- Bộ nhớ trong: 256 GB\n- RAM: 8GB\n- Mạng di động: Hỗ trợ 4G\n- Số khe SIM: 2 Nano SIM\n- Dung lượng pin: 4000 mAh\nKhuyến mãi: Không có khuyến mãi\n\nTên sản phẩm: oppo reno8 t - chính hãng\nMàu: Không có thông tin\nGiá: Không có thông tin\nThông số kỹ thuật: - Công nghệ màn hình: AMOLED\n- Độ phân giải: 1080 x 2400 Pixels, 100 MP x 2 MP, 32.0 MP\n- Kích thước màn hình: 6.4 inch\n- Hệ điều hành: Android 13.0 (ColorOS 13)\n- Vi xử lý: MediaTek Helio G99\n- Bộ nhớ trong: 256GB\n- RAM: 8GB\n- Số khe SIM: 2 Nano SIM\n- Dung lượng pin: 5000 mAh\nKhuyến mãi: Không có khuyến mãi\n\nTên sản phẩm: điện thoại oppo reno7 z 5g - chính hãng\nMàu: Không có thông tin\nGiá: Không có thông tin\nThông số kỹ thuật: - Công nghệ màn hình: AMOLED\n- Độ phân giải: 2400 x 1080 FHD+, 60Hz\n- Kích thước màn hình: 6.43 inch\n- Hệ điều hành: ColorOS 12\n- Vi xử lý: SDM6375 5G, Octa-core\n- Bộ nhớ trong: 128GB\n- RAM: 8GB\n- Số khe SIM: 2 Nano SIM + MicroSD\n- Dung lượng pin: 4500 mAh\nKhuyến mãi: Không có khuyến mãi']",Oppo Reno4 kích thước màn hình 6.4 inch.,"[{'statement': 'Oppo Reno4 có kích thước màn hình 6.4 inch.', 'reason': [""Trong thông tin về sản phẩm 'oppo reno4 - chính hãng', context có ghi rõ 'Kích thước màn hình: 6.4 inch'.""], 'verdict': 1}]",0.0,18.41,2025-08-20 17:39:02
286,Điện thoại Energizer E241S có kích thước màn hình bao nhiêu inch?,Điện thoại Energizer E241S có kích thước màn hình 2.4 inch.,"['Tên sản phẩm: điện thoại energizer e241s - chính hãng\nMàu: Không có thông tin\nGiá: Không có thông tin\nThông số kỹ thuật: - Công nghệ màn hình: TFT LCD\n- Độ phân giải: QVGA (240 x 320 Pixels), QVGA (320 x 240 pixels), VGA (0.3 MP)\n- Kích thước màn hình: 2.4 inch\n- Bộ nhớ trong: 4GB\n- RAM: Đang cập nhật\n- Mạng di động: Hỗ trợ 4G\n- Số khe SIM: 2 Micro SIM\n- Dung lượng pin: 1900 mAh\nKhuyến mãi: Không có khuyến mãi\n\nTên sản phẩm: điện thoại nokia 230 - chính hãng\nMàu: Không có thông tin\nGiá: Không có thông tin\nThông số kỹ thuật: - Công nghệ màn hình: TFT LCD\n- Độ phân giải: QVGA (240 x 320 Pixels), 2 MP, 2 MP\n- Kích thước màn hình: 2.8 inch\n- Bộ nhớ trong: Không\n- RAM: Không\n- Mạng di động: Hỗ trợ 2G (không kết nối internet)\n- Số khe SIM: 2 SIM thường\n- Dung lượng pin: 1200 mAh\nKhuyến mãi: Không có khuyến mãi\n\nTên sản phẩm: điện thoại nokia 5310 - chính hãng\nMàu: Không có thông tin\nGiá: Không có thông tin\nThông số kỹ thuật: - Công nghệ màn hình: TFT LCD\n- Độ phân giải: QVGA (240 x 320 Pixels), VGA (480 x 640 pixels), Không\n- Kích thước màn hình: 2.4 inch\n- Bộ nhớ trong: Không\n- RAM: Không\n- Mạng di động: Hỗ trợ 2G (không kết nối internet)\n- Số khe SIM: 2 SIM thường\n- Dung lượng pin: 1200 mAh\nKhuyến mãi: Không có khuyến mãi\n\nTên sản phẩm: điện thoại di động philips xenium e527 4g - chính hãng\nMàu: Black\nGiá: 850,000 ₫\nThông số kỹ thuật: - Kích thước màn hình: 2.4  inch\n- Bộ nhớ trong: 24MB\n- RAM: 16MB\n- Dung lượng pin: 1700 mAh\nKhuyến mãi: - Giảm 5% không giới hạn khuyến mãi qua Homepaylater\n- Giảm 50% tối đa 700k khi mở thẻ tín dụng Vpbank trên SenID\n- Giảm 20% tối đa 500k khi mở thẻ tín dụng TPBank EVO\n- Giảm 1% tối đa 100.000đ khi thanh toán qua Zalopay']",Kích thước màn hình của điện thoại Energizer E241S là 2.4 inch.,"[{'statement': 'Kích thước màn hình của điện thoại Energizer E241S là 2.4 inch.', 'reason': [""Trong phần thông số kỹ thuật của sản phẩm 'điện thoại energizer e241s - chính hãng', có ghi rõ 'Kích thước màn hình: 2.4 inch'.""], 'verdict': 1}]",0.0,31.04,2025-08-20 17:39:12
289,Điện thoại Nokia 230 có hỗ trợ mạng di động nào?,Điện thoại Nokia 230 hỗ trợ mạng di động 2G.,"['Tên sản phẩm: điện thoại nokia 230 - chính hãng\nMàu: Không có thông tin\nGiá: Không có thông tin\nThông số kỹ thuật: - Công nghệ màn hình: TFT LCD\n- Độ phân giải: QVGA (240 x 320 Pixels), 2 MP, 2 MP\n- Kích thước màn hình: 2.8 inch\n- Bộ nhớ trong: Không\n- RAM: Không\n- Mạng di động: Hỗ trợ 2G (không kết nối internet)\n- Số khe SIM: 2 SIM thường\n- Dung lượng pin: 1200 mAh\nKhuyến mãi: Không có khuyến mãi\n\nTên sản phẩm: nokia 220 4g - chính hãng\nMàu: Màu Đen, Cam đào\nGiá: 990,000 ₫\nThông số kỹ thuật: - Công nghệ màn hình: Màn hình LCD\n- Kích thước màn hình: 2.8 inch\n- Hệ điều hành: S30+\n- Vi xử lý: Unisoc T107\n- Bộ nhớ trong: 128MB\n- RAM: 64MB |\n- Số khe SIM: Hai SIM Nano SIM + Nano SIM\n- Dung lượng pin: 1450mAh\nKhuyến mãi: Không có khuyến mãi\n\nTên sản phẩm: nokia 3210 4g - chính hãng\nMàu: Màu Vàng, Xanh, Màu Đen\nGiá: 1,590,000 ₫\nThông số kỹ thuật: - Công nghệ màn hình: IPS\n- Kích thước màn hình: 2.4 inch\n- Độ phân giải: 2MP\n- Hệ điều hành: S30+\n- Bộ nhớ trong: 128MB3\n- RAM: 64MB\n- Mạng di động: 2G, 3G, 4G, Hỗ trợ VoLTE2\n- Số khe SIM: Hai SIM Nano SIM + Nano SIM\n- Dung lượng pin: 1450mAh\nKhuyến mãi: Không có khuyến mãi\n\nTên sản phẩm: điện thoại nokia 215 4g - chính hãng\nMàu: Black, Cyan\nGiá: 950,000 ₫\nThông số kỹ thuật: - Công nghệ màn hình: TFT LCD\n- Độ phân giải: QVGA (240 x 320 Pixels), Không, Không\n- Kích thước màn hình: 2.4 inch\n- Bộ nhớ trong: Không\n- RAM: Không\n- Mạng di động: Hỗ trợ 4G\n- Số khe SIM: 2 Nano SIM\n- Dung lượng pin: 1150 mAh\nKhuyến mãi: - Giảm 5% không giới hạn khuyến mãi qua Homepaylater\n- Giảm 50% tối đa 700k khi mở thẻ tín dụng Vpbank trên SenID\n- Giảm 20% tối đa 500k khi mở thẻ tín dụng TPBank EVO\n- Giảm 1% tối đa 100.000đ khi thanh toán qua Zalopay']","Nokia 230 hỗ trợ mạng 2G, không kết nối internet.","[{'statement': 'Điện thoại Nokia 230 hỗ trợ mạng 2G.', 'reason': [""The context provides specifications for the 'điện thoại nokia 230 - chính hãng' which state 'Mạng di động: Hỗ trợ 2G (không kết nối internet)'.""], 'verdict': 1}, {'statement': 'Điện thoại Nokia 230 không kết nối internet.', 'reason': [""The context for the 'điện thoại nokia 230 - chính hãng' specifies 'Mạng di động: Hỗ trợ 2G (không kết nối internet)', which explicitly states that it does not connect to the internet.""], 'verdict': 1}]",0.0,21.98,2025-08-20 17:39:25
288,Oppo A12 có dung lượng pin là bao nhiêu?,Oppo A12 có dung lượng pin là 4230 mAh.,"['Tên sản phẩm: oppo a12 - 3gb/32gb - chính hãng\nMàu: Không có thông tin\nGiá: Không có thông tin\nThông số kỹ thuật: - Công nghệ màn hình: IPS LCD\n- Độ phân giải: HD+ (720 x 1520 Pixels), Chính 13 MP & Phụ 2 MP, 5 MP\n- Kích thước màn hình: 6.22 inch\n- Bộ nhớ trong: 32 GB\n- RAM: 3GB\n- Mạng di động: Hỗ trợ 4G\n- Số khe SIM: 2 Nano SIM\n- Dung lượng pin: 4230 mAh\nKhuyến mãi: Không có khuyến mãi\n\nTên sản phẩm: oppo a17 4gb/64gb pin 5000mah - chính hãng\nMàu: Màu Đen, Xanh\nGiá: 3,590,000 ₫\nThông số kỹ thuật: - Công nghệ màn hình: IPS LCD\n- Độ phân giải: HD+ (720 x 1612 Pixels), Chính 50 MP & Phụ 0.3 MP, 5 MP\n- Hệ điều hành: Android 12\n- Vi xử lý: MediaTek Helio G35 8 nhân\n- RAM: 4GB\n- Mạng di động: Hỗ trợ 4G\n- Số khe SIM: 2 Nano SIM\n- Dung lượng pin: 5000 mAh\nKhuyến mãi: - Trả góp 0% với Home Credit.\n- Ưu đãi trả góp 0% qua Shinhan Finance hoặc Mirae Asset Finance\n- Giảm 5% không giới hạn khuyến mãi qua Homepaylater\n- Giảm thêm tới 700.000đ khi thanh toán qua Kredivo.\n- Giảm 50% tối đa 700k khi mở thẻ tín dụng Vpbank trên SenID\n- Giảm 20% tối đa 500k khi mở thẻ tín dụng TPBank EVO\n- Mở thẻ tín dụng VIB\n- Nhận Voucher 600.000đ\n- Giảm 1% tối đa 100.000đ khi thanh toán qua Zalopay\n\nTên sản phẩm: điện thoại oppo a18 4gb/128gb - chính hãng\nMàu: Xanh, Màu Đen\nGiá: 3,690,000 ₫\nThông số kỹ thuật: - Công nghệ màn hình: IPS LCD\n- Độ phân giải: HD+ (720 x 1612 Pixels), Chính 8 MP & Phụ 2 MP, 5 MP\n- Kích thước màn hình: 6.56 inch\n- Hệ điều hành: Android 13\n- Vi xử lý: MediaTek Helio G85 8 nhân\n- Bộ nhớ trong: 128 GB\n- RAM: 4GB\n- Mạng di động: Hỗ trợ 4G\n- Số khe SIM: 2 Nano SIM\n- Dung lượng pin: 5000 mAh\nKhuyến mãi: - KM 1\n- Tặng phiếu mua hàng 200.000đ\n\nTên sản phẩm: oppo a54 - chính hãng\nMàu: Không có thông tin\nGiá: Không có thông tin\nThông số kỹ thuật: - Công nghệ màn hình: IPS LCD\n- Độ phân giải: HD+ (720 x 1600 Pixels), Chính 13 MP & Phụ 2 MP, 2 MP, 16 MP\n- Hệ điều hành: Android 10\n- Vi xử lý: MediaTek Helio P35 8 nhân\n- Bộ nhớ trong: 128 GB\n- RAM: 4GB\n- Mạng di động: Hỗ trợ 4G\n- Số khe SIM: 2 Nano SIM\n- Dung lượng pin: 5000 mAh\nKhuyến mãi: Không có khuyến mãi']",Dung lượng pin của Oppo A12 là 4230 mAh.,"[{'statement': 'Dung lượng pin của Oppo A12 là 4230 mAh.', 'reason': [""The context provides technical specifications for the product 'oppo a12 - 3gb/32gb - chính hãng' and lists the 'Dung lượng pin' (battery capacity) as '4230 mAh'.""], 'verdict': 1}]",0.0,40.65,2025-08-20 17:39:28
281,Dung lượng pin của điện thoại masstel fami p20 là bao nhiêu?,Dung lượng pin của điện thoại Masstel Fami P20 là 1400 mAh.,"['Tên sản phẩm: điện thoại masstel fami p20 - chính hãng (máy người già)\nMàu: Không có thông tin\nGiá: Không có thông tin\nThông số kỹ thuật: - Công nghệ màn hình: TFT LCD\n- Độ phân giải: 176 x 220 Pixels, 0.08 MP, Không\n- Kích thước màn hình: 2.2 inch\n- Bộ nhớ trong: Không\n- RAM: Không\n- Mạng di động: Hỗ trợ 2G (không kết nối internet)\n- Số khe SIM: 2 SIM thường\n- Dung lượng pin: 1400 mAh\nKhuyến mãi: Không có khuyến mãi\n\nTên sản phẩm: điện thoại di động masstel fami 12 4g - chính hãng\nMàu: Navy, Gold, Màu Đen\nGiá: 650,000 ₫\nThông số kỹ thuật: - Công nghệ màn hình: QQVGA\n- Độ phân giải: 128*160, 0.08MP\n- Kích thước màn hình: 1.77 inch\n- Bộ nhớ trong: 256MB\n- RAM: 48MB\n- Số khe SIM: 2 nano SIM\n- Dung lượng pin: 1400 mAh\nKhuyến mãi: - Giảm 5% không giới hạn khuyến mãi qua Homepaylater\n- Giảm 50% tối đa 700k khi mở thẻ tín dụng Vpbank trên SenID\n- Giảm 20% tối đa 500k khi mở thẻ tín dụng TPBank EVO\n- Giảm 1% tối đa 100.000đ khi thanh toán qua Zalopay\n\nTên sản phẩm: điện thoại di động masstel fami 12s 4g - chính hãng\nMàu: Màu Đen, Xanh\nGiá: 600,000 ₫\nThông số kỹ thuật: - Công nghệ màn hình: QQVGA\n- Kích thước màn hình: 1.77 inch\n- Dung lượng pin: 1400 mAh\nKhuyến mãi: - Giảm 5% không giới hạn khuyến mãi qua Homepaylater\n- Giảm 50% tối đa 700k khi mở thẻ tín dụng Vpbank trên SenID\n- Giảm 20% tối đa 500k khi mở thẻ tín dụng TPBank EVO\n- Giảm 1% tối đa 100.000đ khi thanh toán qua Zalopay\n\nTên sản phẩm: điện thoại di động masstel fami 60 4g - chính hãng\nMàu: Gold, Black\nGiá: 740,000 ₫\nThông số kỹ thuật: - Công nghệ màn hình: TFT LCD\n- Độ phân giải: 176 x 220 Pixels, Không có\n- Hệ điều hành: Không có\n- Vi xử lý: Unisoc UIS8910\n- Bộ nhớ trong: 24 MB\n- RAM: 16GB\n- Mạng di động: Hỗ trợ 4G VoLTE\n- Số khe SIM: 2 Nano SIM\n- Dung lượng pin: 2000 mAh\nKhuyến mãi: - Giảm 5% không giới hạn khuyến mãi qua Homepaylater\n- Giảm 50% tối đa 700k khi mở thẻ tín dụng Vpbank trên SenID\n- Giảm 20% tối đa 500k khi mở thẻ tín dụng TPBank EVO\n- Giảm 1% tối đa 100.000đ khi thanh toán qua Zalopay']",Dung lượng pin của điện thoại masstel fami p20 là 1400 mAh.,"[{'statement': 'Dung lượng pin của điện thoại masstel fami p20 là 1400 mAh.', 'reason': [""The context for the product 'điện thoại masstel fami p20' explicitly lists the 'Dung lượng pin' (battery capacity) as 1400 mAh.""], 'verdict': 1}]",0.0,121.97,2025-08-20 17:39:32
290,Điện thoại Samsung Galaxy S20 Ultra có dung lượng pin là bao nhiêu?,Điện thoại Samsung Galaxy S20 Ultra có dung lượng pin 5000 mAh.,"['Tên sản phẩm: điện thoại samsung galaxy s20 ultra - chính hãng\nMàu: Không có thông tin\nGiá: Không có thông tin\nThông số kỹ thuật: - Công nghệ màn hình: Dynamic AMOLED 2X\n- Độ phân giải: 2K+ (1440 x 3200 Pixels), Chính 108 MP & phụ 48 MP, 12 MP, TOF 3D, 40 MP\n- Kích thước màn hình: 6.9 inch\n- Bộ nhớ trong: 128 GB\n- RAM: 12GB\n- Mạng di động: Hỗ trợ 4G\n- Số khe SIM: 2 Nano SIM hoặc 1 Nano SIM + 1 eSIM\n- Dung lượng pin: 5000 mAh\nKhuyến mãi: Không có khuyến mãi\n\nTên sản phẩm: điện thoại samsung galaxy s23 ultra 12gb/512gb - chính hãng\nMàu: Màu Đen, Kem, Màu Tím, Xanh\nGiá: 26,490,000 ₫\nThông số kỹ thuật: - Độ phân giải: 3088 x 1440 (Edge Quad HD+), 200MP x 12MP x 10MP x 10MP, 12MP\n- Kích thước màn hình: 6.8 inch\n- Vi xử lý: Snapdragon® 8 Gen 2 Mobile Platform for Galaxy\n- Bộ nhớ trong: 512GB\n- RAM: 12GB\n- Mạng di động: Hỗ trợ 5G\n- Dung lượng pin: 5000 mAh\nKhuyến mãi: - KM 1\n- Trả góp tới 06 tháng không lãi suất, trả trước 0 đồng với Samsung Finance+.\n\nTên sản phẩm: điện thoại samsung galaxy s20 - chính hãng\nMàu: Không có thông tin\nGiá: Không có thông tin\nThông số kỹ thuật: - Công nghệ màn hình: Dynamic AMOLED 2X\n- Độ phân giải: 2K+ (1440 x 3200 Pixels), Chính 12 MP & Phụ 64 MP, 12 MP, 10 MP\n- Kích thước màn hình: 6.2 inch\n- Bộ nhớ trong: 128 GB\n- RAM: 8GB\n- Mạng di động: Hỗ trợ 4G\n- Số khe SIM: 2 Nano SIM hoặc 1 Nano SIM + 1 eSIM\n- Dung lượng pin: 4000 mAh\nKhuyến mãi: Không có khuyến mãi\n\nTên sản phẩm: điện thoại samsung galaxy s23 ultra 12gb/1tb - chính hãng\nMàu: Không có thông tin\nGiá: Không có thông tin\nThông số kỹ thuật: - Độ phân giải: 3088 x 1440 (Edge Quad HD+), 200MP x 12MP x 10MP x 10MP, 12MP\n- Kích thước màn hình: 6.8 inch\n- Vi xử lý: Snapdragon® 8 Gen 2 Mobile Platform for Galaxy\n- Bộ nhớ trong: 1TB\n- RAM: 12GB\n- Mạng di động: Hỗ trợ 5G\n- Dung lượng pin: 5000 mAh\nKhuyến mãi: Không có khuyến mãi']",5000 mAh,"[{'statement': 'Điện thoại Samsung Galaxy S20 Ultra có dung lượng pin là 5000 mAh.', 'reason': ['Trong ngữ cảnh, sản phẩm ""điện thoại samsung galaxy s20 ultra - chính hãng"" được liệt kê với thông số kỹ thuật ""Dung lượng pin: 5000 mAh"".'], 'verdict': 1}]",0.0,20.55,2025-08-20 17:39:34
291,Kích thước màn hình của điện thoại samsung galaxy s20 là bao nhiêu?,Kích thước màn hình của điện thoại samsung galaxy s20 là 6.2 inch.,"['Tên sản phẩm: điện thoại samsung galaxy s20 - chính hãng\nMàu: Không có thông tin\nGiá: Không có thông tin\nThông số kỹ thuật: - Công nghệ màn hình: Dynamic AMOLED 2X\n- Độ phân giải: 2K+ (1440 x 3200 Pixels), Chính 12 MP & Phụ 64 MP, 12 MP, 10 MP\n- Kích thước màn hình: 6.2 inch\n- Bộ nhớ trong: 128 GB\n- RAM: 8GB\n- Mạng di động: Hỗ trợ 4G\n- Số khe SIM: 2 Nano SIM hoặc 1 Nano SIM + 1 eSIM\n- Dung lượng pin: 4000 mAh\nKhuyến mãi: Không có khuyến mãi\n\nTên sản phẩm: điện thoại samsung galaxy s20 ultra - chính hãng\nMàu: Không có thông tin\nGiá: Không có thông tin\nThông số kỹ thuật: - Công nghệ màn hình: Dynamic AMOLED 2X\n- Độ phân giải: 2K+ (1440 x 3200 Pixels), Chính 108 MP & phụ 48 MP, 12 MP, TOF 3D, 40 MP\n- Kích thước màn hình: 6.9 inch\n- Bộ nhớ trong: 128 GB\n- RAM: 12GB\n- Mạng di động: Hỗ trợ 4G\n- Số khe SIM: 2 Nano SIM hoặc 1 Nano SIM + 1 eSIM\n- Dung lượng pin: 5000 mAh\nKhuyến mãi: Không có khuyến mãi\n\nTên sản phẩm: điện thoại samsung galaxy s20 fe 256gb - chính hãng\nMàu: Không có thông tin\nGiá: Không có thông tin\nThông số kỹ thuật: - Công nghệ màn hình: Super AMOLED\n- Độ phân giải: Full HD+ (1080 x 2400 Pixels), Chính 12 MP & Phụ 12 MP, 8 MP, 32 MP\n- Hệ điều hành: Android 11\n- Vi xử lý: Snapdragon 865 8 nhân\n- Bộ nhớ trong: 256 GB\n- RAM: 8GB\n- Mạng di động: Hỗ trợ 4G\n- Số khe SIM: 2 Nano SIM (SIM 2 chung khe thẻ nhớ)\n- Dung lượng pin: 4500 mAh\nKhuyến mãi: Không có khuyến mãi\n\nTên sản phẩm: điện thoại samsung galaxy s23 - 8gb/128gb - chính hãng\nMàu: Không có thông tin\nGiá: Không có thông tin\nThông số kỹ thuật: - Độ phân giải: 2340 x 1080 (Màn hình phẳng FHD+), 50MP x 12MP x10MP, 12MP\n- Kích thước màn hình: 6.1  inch\n- Vi xử lý: Snapdragon® 8 Gen 2 Mobile Platform for Galaxy\n- Bộ nhớ trong: 128GB\n- RAM: 8GB\n- Mạng di động: Hỗ trợ 5G\n- Dung lượng pin: 3900 mAh\nKhuyến mãi: Không có khuyến mãi']",Kích thước màn hình của điện thoại Samsung Galaxy S20 là 6.2 inch.,"[{'statement': 'Kích thước màn hình của điện thoại Samsung Galaxy S20 là 6.2 inch.', 'reason': [""Ngữ cảnh cung cấp thông tin về sản phẩm 'điện thoại samsung galaxy s20 - chính hãng' và ghi rõ 'Kích thước màn hình: 6.2 inch'.""], 'verdict': 1}]",0.0,14.18,2025-08-20 17:39:40
293,Oppo Find X2 hỗ trợ mạng di động nào?,Oppo Find X2 hỗ trợ mạng di động 5G.,"['Tên sản phẩm: oppo find x2 - chính hãng\nMàu: Không có thông tin\nGiá: Không có thông tin\nThông số kỹ thuật: - Công nghệ màn hình: AMOLED\n- Độ phân giải: 2K+ (1440 x 3168 Pixels), Chính 48 MP & Phụ 13 MP, 12 MP, 32 MP\n- Kích thước màn hình: 6.78 inch\n- Bộ nhớ trong: 256 GB\n- RAM: 12GB\n- Mạng di động: Hỗ trợ 5G\n- Số khe SIM: 2 Nano SIM\n- Dung lượng pin: 4200 mAh\nKhuyến mãi: Không có khuyến mãi\n\nTên sản phẩm: điện thoại oppo find n2 flip - chính hãng\nMàu: Màu Đen, Tím Đam Mê\nGiá: 16,990,000 ₫\nThông số kỹ thuật: - Công nghệ màn hình: AMOLED\n- Độ phân giải: Chính: FHD+ (2520 x 1080 Pixels) & Phụ: (720 x 382 Pixels), Chính 50 MP & Phụ 2 MP, 32 MP\n- Kích thước màn hình: 6.8 inch\n- Hệ điều hành: Android 13\n- Vi xử lý: MediaTek Dimensity 9000 8 nhân\n- Bộ nhớ trong: 256GB\n- RAM: 8GB\n- Mạng di động: Hỗ trợ 5G\n- Số khe SIM: 2 SIM (Nano-SIM)\n- Dung lượng pin: 4300 mAh\nKhuyến mãi: - Thu cũ đổi mới lên đời OPPO Find N3 series: Tiết kiệm lên tới 20 triệu đồng\n- Trả góp 0% với Home Credit.\n- Ưu đãi trả góp 0% qua Shinhan Finance hoặc Mirae Asset Finance\n- Giảm 5% không giới hạn khuyến mãi qua Homepaylater\n- Giảm thêm tới 700.000đ khi thanh toán qua Kredivo.\n- Giảm 50% tối đa 700k khi mở thẻ tín dụng Vpbank trên SenID\n- Giảm 20% tối đa 500k khi mở thẻ tín dụng TPBank EVO\n- Mở thẻ tín dụng VIB\n- Nhận Voucher 600.000đ\n\nTên sản phẩm: điện thoại oppo reno10 5g (8gb/256gb) - chính hãng\nMàu: Xanh Dương, Màu Xám\nGiá: 8,990,000 ₫\nThông số kỹ thuật: - Công nghệ màn hình: 3D AMOLED, Tỉ lệ màn hình: 93.0%, Chế độ sống động: 100% DCI-P3, Chế độ bình thường: 100% sRGB, Màn hình 1.07 tỷ màu (10 bit)\n- Độ phân giải: FHD+ (1080 x 2412), Camera chính: 64MP; f/1.7; FOV 81°; ống kinh 6P; hỗ trợ AF; sử dụng động cơ vòng lặp mở., Telephoto: 32MP; f/2.0; FOV 49°; ống kính 6P; hỗ trợ AF; sử dụng động cơ vòng lặp mở., Góc mở rộng: 8MP; f/2.2; FOV 112°; ống kính 5P, cố định tiêu cự., Hỗ trợ 2x zoom quang học hybrid và 20x zoom kỹ thuật số., 32MP; f/2.4; FOV 89°; ống kính 5P lens, không hỗ trợ AF hay OIS\n- Kích thước màn hình: 6.7 inch\n- Hệ điều hành: ColorOS 13.1 trên nền tảng Android 13\n- Vi xử lý: MediaTek Dimensity 7050\n- Bộ nhớ trong: 256GB\n- RAM: 8GB\n- Mạng di động: 2G, 3G, 4G, 5G\n- Số khe SIM: 2 nano SIM\n- Dung lượng pin: 5000 mAh\nKhuyến mãi: - Thu cũ đổi mới lên đời OPPO Find N3 series: Tiết kiệm lên tới 20 triệu đồng\n- Trả góp 0% với Home Credit.\n- Ưu đãi trả góp 0% qua Shinhan Finance hoặc Mirae Asset Finance\n- Giảm 5% không giới hạn khuyến mãi qua Homepaylater\n- Giảm thêm tới 700.000đ khi thanh toán qua Kredivo.\n- Giảm 50% tối đa 700k khi mở thẻ tín dụng Vpbank trên SenID\n- Giảm 20% tối đa 500k khi mở thẻ tín dụng TPBank EVO\n- Mở thẻ tín dụng VIB\n- Nhận Voucher 600.000đ\n- Giảm 1% tối đa 100.000đ khi thanh toán qua Zalopay\n\nTên sản phẩm: điện thoại oppo reno11 f 5g (8gb/256gb) - chính hãng\nMàu: Xanh Đen, Xanh\nGiá: 8,290,000 ₫\nThông số kỹ thuật: - Công nghệ màn hình: AMOLED, Tần số quét tối đa 120Hz, Tần số lấy mẫu cảm ứng tối đa 240Hz, Màn hình 1.07 tỷ màu (10 bit), Độ phủ màu 100% DCI-P3, 100% sRGB\n- Độ phân giải: 1080x2412, Camera chính: 64MP; f/1.7; FOV 81°; AF, Camera góc rộng: 8MP; f/2.2; FOV 112°, Camera macro: 2MP; f/2.4; FOV 89°, 32MP; f/2.4; FOV 90°\n- Kích thước màn hình: 6.7 inch\n- Hệ điều hành: ColorOS 14.0 trên nền tảng Android 14\n- Vi xử lý: MediaTek Dimensity 7050\n- Bộ nhớ trong: 256GB\n- RAM: 8GB\n- Mạng di động: 2G, 3G, 4G, 5G\n- Số khe SIM: 2 nano SIM\n- Dung lượng pin: 5000 mAh\nKhuyến mãi: - KM 1\n- Tặng phiếu mua hàng 400.000đ']",Oppo Find X2 hỗ trợ mạng 5G.,"[{'statement': 'Oppo Find X2 hỗ trợ mạng 5G.', 'reason': [""Trong phần thông số kỹ thuật của sản phẩm 'oppo find x2 - chính hãng', mục 'Mạng di động' có ghi 'Hỗ trợ 5G'.""], 'verdict': 1}]",0.0,16.74,2025-08-20 17:39:50
296,Kích thước màn hình của điện thoại nokia c2 là bao nhiêu?,Kích thước màn hình của điện thoại Nokia C2 là 5.7 inch,"['Tên sản phẩm: điện thoại nokia c2 - 16gb - chính hãng\nMàu: Không có thông tin\nGiá: Không có thông tin\nThông số kỹ thuật: - Công nghệ màn hình: IPS LCD\n- Độ phân giải: HD+ (720 x 1440 Pixels), 5 MP, 5 MP\n- Kích thước màn hình: 5.7 inch\n- Bộ nhớ trong: 16 GB\n- RAM: 1 GB\n- Mạng di động: Hỗ trợ 4G\n- Số khe SIM: 2 Nano SIM\n- Dung lượng pin: 2800 mAh\nKhuyến mãi: Không có khuyến mãi\n\nTên sản phẩm: điện thoại nokia 5310 - chính hãng\nMàu: Không có thông tin\nGiá: Không có thông tin\nThông số kỹ thuật: - Công nghệ màn hình: TFT LCD\n- Độ phân giải: QVGA (240 x 320 Pixels), VGA (480 x 640 pixels), Không\n- Kích thước màn hình: 2.4 inch\n- Bộ nhớ trong: Không\n- RAM: Không\n- Mạng di động: Hỗ trợ 2G (không kết nối internet)\n- Số khe SIM: 2 SIM thường\n- Dung lượng pin: 1200 mAh\nKhuyến mãi: Không có khuyến mãi\n\nTên sản phẩm: điện thoại nokia 2.4 - chính hãng\nMàu: Không có thông tin\nGiá: Không có thông tin\nThông số kỹ thuật: - Công nghệ màn hình: TFT LCD\n- Độ phân giải: HD+ (720 x 1600 Pixels), Chính 13 MP & Phụ 2 MP, 5 MP\n- Kích thước màn hình: 6.5 inch\n- Bộ nhớ trong: 32 GB\n- RAM: 2GB\n- Mạng di động: Hỗ trợ 4G\n- Số khe SIM: 2 Nano SIM\n- Dung lượng pin: 4500 mAh\nKhuyến mãi: Không có khuyến mãi\n\nTên sản phẩm: điện thoại nokia c21 plus (2gb/32gb) - chính hãng\nMàu: Không có thông tin\nGiá: Không có thông tin\nThông số kỹ thuật: - Công nghệ màn hình: TFT LCD\n- Độ phân giải: HD+ (720 x 1600 Pixels), Chính 13 MP & Phụ 2 MP\n- Hệ điều hành: Android 11 (Go Edition)\n- Vi xử lý: Spreadtrum SC9863A 8 nhân\n- Bộ nhớ trong: 32GB\n- RAM: 2GB\n- Mạng di động: Hỗ trợ 4G\n- Số khe SIM: 2 Nano SIM\n- Dung lượng pin: 4000 mAh\nKhuyến mãi: Không có khuyến mãi']",Kích thước màn hình của điện thoại Nokia C2 là 5.7 inch.,"[{'statement': 'Kích thước màn hình của điện thoại Nokia C2 là 5.7 inch.', 'reason': [""The context provides information for the product 'điện thoại nokia c2 - 16gb - chính hãng' and states that its screen size ('Kích thước màn hình') is 5.7 inches.""], 'verdict': 1}]",0.0,21.7,2025-08-20 17:40:13
294,Nokia 150 (2020) có dung lượng pin bao nhiêu?,Nokia 150 (2020) có dung lượng pin là 1020 mAh.,"['Tên sản phẩm: nokia 150 (2020) - chính hãng\nMàu: Không có thông tin\nGiá: Không có thông tin\nThông số kỹ thuật: - Công nghệ màn hình: TFT LCD\n- Độ phân giải: QVGA (240 x 320 Pixels), VGA (480 x 640 pixels), Không\n- Kích thước màn hình: 2.4 inch\n- Bộ nhớ trong: Không\n- RAM: Không\n- Mạng di động: Hỗ trợ 2G (không kết nối internet)\n- Số khe SIM: 2 SIM thường\n- Dung lượng pin: 1020 mAh\nKhuyến mãi: Không có khuyến mãi\n\nTên sản phẩm: nokia 220 4g - chính hãng\nMàu: Màu Đen, Cam đào\nGiá: 990,000 ₫\nThông số kỹ thuật: - Công nghệ màn hình: Màn hình LCD\n- Kích thước màn hình: 2.8 inch\n- Hệ điều hành: S30+\n- Vi xử lý: Unisoc T107\n- Bộ nhớ trong: 128MB\n- RAM: 64MB |\n- Số khe SIM: Hai SIM Nano SIM + Nano SIM\n- Dung lượng pin: 1450mAh\nKhuyến mãi: Không có khuyến mãi\n\nTên sản phẩm: điện thoại nokia 230 - chính hãng\nMàu: Không có thông tin\nGiá: Không có thông tin\nThông số kỹ thuật: - Công nghệ màn hình: TFT LCD\n- Độ phân giải: QVGA (240 x 320 Pixels), 2 MP, 2 MP\n- Kích thước màn hình: 2.8 inch\n- Bộ nhớ trong: Không\n- RAM: Không\n- Mạng di động: Hỗ trợ 2G (không kết nối internet)\n- Số khe SIM: 2 SIM thường\n- Dung lượng pin: 1200 mAh\nKhuyến mãi: Không có khuyến mãi\n\nTên sản phẩm: nokia 3210 4g - chính hãng\nMàu: Màu Vàng, Xanh, Màu Đen\nGiá: 1,590,000 ₫\nThông số kỹ thuật: - Công nghệ màn hình: IPS\n- Kích thước màn hình: 2.4 inch\n- Độ phân giải: 2MP\n- Hệ điều hành: S30+\n- Bộ nhớ trong: 128MB3\n- RAM: 64MB\n- Mạng di động: 2G, 3G, 4G, Hỗ trợ VoLTE2\n- Số khe SIM: Hai SIM Nano SIM + Nano SIM\n- Dung lượng pin: 1450mAh\nKhuyến mãi: Không có khuyến mãi']",Dung lượng pin của Nokia 150 (2020) là 1 020 mAh.,"[{'statement': 'Dung lượng pin của Nokia 150 (2020) là 1.020 mAh.', 'reason': [""Context có thông tin về sản phẩm 'nokia 150 (2020)' và ghi rõ 'Dung lượng pin: 1020 mAh'.""], 'verdict': 1}]",0.0,47.1,2025-08-20 17:40:22
297,Dung lượng RAM của điện thoại Samsung Galaxy Note 10 Lite là bao nhiêu?,Dung lượng RAM của điện thoại Samsung Galaxy Note 10 Lite là 8GB.,"['Tên sản phẩm: điện thoại samsung galaxy note 10 lite - chính hãng\nMàu: Không có thông tin\nGiá: Không có thông tin\nThông số kỹ thuật: - Công nghệ màn hình: Super AMOLED\n- Độ phân giải: Full HD+ (1080 x 2400 Pixels), 3 camera 12 MP, 32 MP\n- Kích thước màn hình: 6.7 inch\n- Bộ nhớ trong: 128 GB\n- RAM: 8GB\n- Mạng di động: Hỗ trợ 4G\n- Số khe SIM: 2 Nano SIM (SIM 2 chung khe thẻ nhớ)\n- Dung lượng pin: 4500 mAh\nKhuyến mãi: Không có khuyến mãi\n\nTên sản phẩm: điện thoại xiaomi redmi note 10 6gb/128gb - chính hãng\nMàu: Không có thông tin\nGiá: Không có thông tin\nThông số kỹ thuật: - Công nghệ màn hình: AMOLED\n- Độ phân giải: Full HD+ (1080 x 2400 Pixels), Chính 48 MP & Phụ 8 MP, 2 MP, 2 MP, 13 MP\n- Kích thước màn hình: 6.43 inch\n- Hệ điều hành: Android 11\n- Vi xử lý: Snapdragon 678 8 nhân\n- Bộ nhớ trong: 128 GB\n- RAM: 6GB\n- Mạng di động: Hỗ trợ 4G\n- Số khe SIM: 2 Nano SIM\n- Dung lượng pin: 5000 mAh\nKhuyến mãi: Không có khuyến mãi\n\nTên sản phẩm: điện thoại honor 10 lite - 3gb/32gb - chính hãng\nMàu: Không có thông tin\nGiá: Không có thông tin\nThông số kỹ thuật: - Công nghệ màn hình: IPS LCD\n- Độ phân giải: Full HD+ (1080 x 2340 Pixels), Chính 13 MP & Phụ 2 MP, 24 MP\n- Kích thước màn hình: 6.21 inch\n- Bộ nhớ trong: 64 GB\n- RAM: 4GB\n- Mạng di động: Hỗ trợ 4G\n- Số khe SIM: 2 Nano SIM (SIM 2 chung khe thẻ nhớ)\n- Dung lượng pin: 3400 mAh\nKhuyến mãi: Không có khuyến mãi\n\nTên sản phẩm: điện thoại xiaomi redmi note 10 5g - chính hãng\nMàu: Không có thông tin\nGiá: Không có thông tin\nThông số kỹ thuật: - Công nghệ màn hình: IPS LCD\n- Độ phân giải: Full HD+ (1080 x 2400 Pixels), Chính 48 MP & Phụ 2 MP, 2 MP, 8 MP\n- Hệ điều hành: Android 11\n- Vi xử lý: MediaTek Dimensity 700 8 nhân\n- Bộ nhớ trong: 128 GB\n- RAM: 4GB\n- Mạng di động: Hỗ trợ 5G\n- Số khe SIM: 2 Nano SIM\n- Dung lượng pin: 5000 mAh\nKhuyến mãi: Không có khuyến mãi']",RAM của điện thoại Samsung Galaxy Note 10 Lite là 8 GB.,"[{'statement': 'Điện thoại Samsung Galaxy Note 10 Lite có dung lượng RAM là 8 GB.', 'reason': [""Ngữ cảnh cung cấp thông tin về 'Tên sản phẩm: điện thoại samsung galaxy note 10 lite - chính hãng' và trong phần thông số kỹ thuật có ghi rõ 'RAM: 8GB'.""], 'verdict': 1}]",0.0,13.8,2025-08-20 17:40:27
295,Dung lượng RAM của oppo a53 là bao nhiêu?,Dung lượng RAM của Oppo A53 là 4GB.,"['Tên sản phẩm: oppo a53 - 4gb/128gb - chính hãng\nMàu: Không có thông tin\nGiá: Không có thông tin\nThông số kỹ thuật: - Công nghệ màn hình: IPS LCD\n- Độ phân giải: HD+ (720 x 1600 Pixels), Chính 13 MP & Phụ 2 MP, 2 MP, 16 MP\n- Kích thước màn hình: 6.5 inch\n- Bộ nhớ trong: 128 GB\n- RAM: 4GB\n- Mạng di động: Hỗ trợ 4G\n- Số khe SIM: 2 Nano SIM\n- Dung lượng pin: 5000 mAh\nKhuyến mãi: Không có khuyến mãi\n\nTên sản phẩm: oppo a54 - chính hãng\nMàu: Không có thông tin\nGiá: Không có thông tin\nThông số kỹ thuật: - Công nghệ màn hình: IPS LCD\n- Độ phân giải: HD+ (720 x 1600 Pixels), Chính 13 MP & Phụ 2 MP, 2 MP, 16 MP\n- Hệ điều hành: Android 10\n- Vi xử lý: MediaTek Helio P35 8 nhân\n- Bộ nhớ trong: 128 GB\n- RAM: 4GB\n- Mạng di động: Hỗ trợ 4G\n- Số khe SIM: 2 Nano SIM\n- Dung lượng pin: 5000 mAh\nKhuyến mãi: Không có khuyến mãi\n\nTên sản phẩm: oppo a12 - 3gb/32gb - chính hãng\nMàu: Không có thông tin\nGiá: Không có thông tin\nThông số kỹ thuật: - Công nghệ màn hình: IPS LCD\n- Độ phân giải: HD+ (720 x 1520 Pixels), Chính 13 MP & Phụ 2 MP, 5 MP\n- Kích thước màn hình: 6.22 inch\n- Bộ nhớ trong: 32 GB\n- RAM: 3GB\n- Mạng di động: Hỗ trợ 4G\n- Số khe SIM: 2 Nano SIM\n- Dung lượng pin: 4230 mAh\nKhuyến mãi: Không có khuyến mãi\n\nTên sản phẩm: oppo a93 - 8gb/128gb - chính hãng\nMàu: Không có thông tin\nGiá: Không có thông tin\nThông số kỹ thuật: - Công nghệ màn hình: AMOLED\n- Độ phân giải: Full HD+ (1080 x 2400 Pixels), Chính 48 MP & Phụ 8 MP, 2 MP, 2 MP, Chính 16 MP & Phụ 2 MP\n- Hệ điều hành: Android 10\n- Vi xử lý: MediaTek Helio P95 8 nhân\n- Bộ nhớ trong: 128 GB\n- RAM: 8GB\n- Mạng di động: Hỗ trợ 4G\n- Số khe SIM: 2 Nano SIM\n- Dung lượng pin: 4000 mAh\nKhuyến mãi: Không có khuyến mãi']",RAM của Oppo A53 có dung lượng 4GB.,"[{'statement': 'Oppo A53 có dung lượng RAM 4GB.', 'reason': ['Trong thông tin sản phẩm ""oppo a53 - 4gb/128gb - chính hãng"", thông số kỹ thuật ghi rõ ""RAM: 4GB"".'], 'verdict': 1}]",0.0,46.73,2025-08-20 17:40:28
298,Dung lượng pin của điện thoại samsung galaxy a21s là bao nhiêu?,Dung lượng pin của điện thoại Samsung Galaxy A21s là 5000 mAh.,"['Tên sản phẩm: điện thoại samsung galaxy a21s - 3gb/32gb - chính hãng\nMàu: Không có thông tin\nGiá: Không có thông tin\nThông số kỹ thuật: - Công nghệ màn hình: TFT LCD\n- Độ phân giải: HD+ (720 x 1520 Pixels), Chính 48 MP & Phụ 8 MP, 2 MP, 2 MP, 13 MP\n- Kích thước màn hình: 6.5 inch\n- Bộ nhớ trong: 32 GB\n- RAM: 3GB\n- Mạng di động: Hỗ trợ 4G\n- Số khe SIM: 2 Nano SIM\n- Dung lượng pin: 5000 mAh\nKhuyến mãi: Không có khuyến mãi\n\nTên sản phẩm: điện thoại samsung galaxy a23 4gb/128gb - chính hãng\nMàu: Không có thông tin\nGiá: Không có thông tin\nThông số kỹ thuật: - Công nghệ màn hình: PLS TFT LCD\n- Độ phân giải: Full HD+ (1080 x 2408 Pixels), Chính 50 MP & Phụ 5 MP, 2 MP, 2 MP, 8 MP\n- Hệ điều hành: Android 12\n- Vi xử lý: Qualcomm Qualcomm Snapdragon 680\n- Bộ nhớ trong: 128 GB\n- RAM: 4GB\n- Mạng di động: Hỗ trợ 4G\n- Số khe SIM: 2 Nano SIM\n- Dung lượng pin: 5000 mAh\nKhuyến mãi: Không có khuyến mãi\n\nTên sản phẩm: điện thoại samsung galaxy a05s - 4gb/128gb - chính hãng\nMàu: Xanh, Màu Đen, Bạc\nGiá: 3,590,000 ₫\nThông số kỹ thuật: - Công nghệ màn hình: PLS LCD, 90Hz\n- Độ phân giải: FHD+ (2400 x 1080), 50MP (F1.8) AF, 2MP (F2.4), 2MP (F2.4), 13MP (F2.0)\n- Kích thước màn hình: 6.7 inch\n- Hệ điều hành: One UI 5.1\n- Vi xử lý: Qualcomm Snapdragon 680\n- Bộ nhớ trong: 128GB\n- RAM: 4GB\n- Dung lượng pin: 5000 mAh\nKhuyến mãi: - KM 1\n- Giảm thêm 300.000đ\n\nTên sản phẩm: điện thoại samsung galaxy a31 - chính hãng\nMàu: Không có thông tin\nGiá: Không có thông tin\nThông số kỹ thuật: - Công nghệ màn hình: Super AMOLED\n- Độ phân giải: Full HD+ (1080 x 2400 Pixels), Đang cập nhật, 20 MP\n- Kích thước màn hình: 6.4 inch\n- Bộ nhớ trong: 128 GB\n- RAM: 6GB\n- Mạng di động: Hỗ trợ 4G\n- Số khe SIM: 2 Nano SIM\n- Dung lượng pin: 5000 mAh\nKhuyến mãi: Không có khuyến mãi']",Dung lượng pin của điện thoại Samsung Galaxy A21S là 5000 mAh.,"[{'statement': 'Dung lượng pin của điện thoại Samsung Galaxy A21S là 5000 mAh.', 'reason': [""Thông tin này được xác nhận trong phần thông số kỹ thuật của sản phẩm 'điện thoại samsung galaxy a21s' trong văn bản, cụ thể là 'Dung lượng pin: 5000 mAh'.""], 'verdict': 1}]",0.0,11.53,2025-08-20 17:40:34
299,Bộ nhớ trong của điện thoại samsung galaxy a71 là bao nhiêu?,Bộ nhớ trong của điện thoại Samsung Galaxy A71 là 128 GB.,"['Tên sản phẩm: điện thoại samsung galaxy a71 - chính hãng\nMàu: Không có thông tin\nGiá: Không có thông tin\nThông số kỹ thuật: - Công nghệ màn hình: Super AMOLED\n- Độ phân giải: Full HD+ (1080 x 2400 Pixels), Chính 64 MP & Phụ 12 MP, 5 MP, 5 MP, 32 MP\n- Kích thước màn hình: 6.7 inch\n- Bộ nhớ trong: 128 GB\n- RAM: 8GB\n- Mạng di động: Hỗ trợ 4G\n- Số khe SIM: 2 Nano SIM\n- Dung lượng pin: 4500 mAh\nKhuyến mãi: Không có khuyến mãi\n\nTên sản phẩm: điện thoại samsung galaxy a51 - chính hãng\nMàu: Không có thông tin\nGiá: Không có thông tin\nThông số kỹ thuật: - Công nghệ màn hình: Super AMOLED\n- Độ phân giải: Full HD+ (1080 x 2400 Pixels), Chính 48 MP & Phụ 12 MP, 5 MP, 5 MP, 32 MP\n- Kích thước màn hình: 6.5 inch\n- Bộ nhớ trong: 128 GB\n- RAM: 6GB\n- Mạng di động: Hỗ trợ 4G\n- Số khe SIM: 2 Nano SIM\n- Dung lượng pin: 4000 mAh\nKhuyến mãi: Không có khuyến mãi\n\nTên sản phẩm: điện thoại samsung galaxy a55 - 8gb/128gb - chính hãng\nMàu: Màu Đen, Xanh, Màu Tím\nGiá: 9,690,000 ₫\nThông số kỹ thuật: - Công nghệ màn hình: Super AMOLED, 120Hz\n- Độ phân giải: 1080 x 2400 (FHD+), 50+12+5MP, 32 MP\n- Kích thước màn hình: 6.6 inch\n- Hệ điều hành: Android 14\n- Vi xử lý: Exynos 1480\n- Bộ nhớ trong: 128GB\n- RAM: 8GB\n- Mạng di động: Hỗ trợ 5G\n- Số khe SIM: 1 SIM + 1 khe phụ (SIM/thẻ nhớ) hoặc eSim\n- Dung lượng pin: 5000 mAh\nKhuyến mãi: - KM 1\n- Tặng gói bảo hành HCare (Chi tiết liên hệ 1900.2091)\n\nTên sản phẩm: samsung galaxy a73 5g - chính hãng\nMàu: Không có thông tin\nGiá: Không có thông tin\nThông số kỹ thuật: - Công nghệ màn hình: Super AMOLED Plus\n- Độ phân giải: Full HD+ (1080 x 2400 Pixels), Chính 108 MP & Phụ 12 MP, 5 MP, 5 MP, 32 MP\n- Kích thước màn hình: 6.7 inch\n- Vi xử lý: Snapdragon 778G 5G 8 nhân\n- Bộ nhớ trong: 128GB\n- RAM: 8GB\n- Số khe SIM: 2 Nano SIM (SIM 2 chung khe thẻ nhớ)\n- Dung lượng pin: Li-Ion 5000 mAh\nKhuyến mãi: Không có khuyến mãi']",Bộ nhớ trong của điện thoại Samsung Galaxy A71 là 128 GB.,"[{'statement': 'Bộ nhớ trong của điện thoại Samsung Galaxy A71 là 128 GB.', 'reason': [""The context provides the specifications for the 'điện thoại samsung galaxy a71 - chính hãng' and lists its 'Bộ nhớ trong' (internal storage) as '128 GB'.""], 'verdict': 1}]",0.0,12.45,2025-08-20 17:40:41
300,Dung lượng pin của điện thoại realme 6i là bao nhiêu?,Dung lượng pin của điện thoại realme 6i là 5000 mAh.,"['Tên sản phẩm: điện thoại realme 6i - 4gb/128gb - pin 5000 mah - sạc nhanh 18w - chính hãng\nMàu: Không có thông tin\nGiá: Không có thông tin\nThông số kỹ thuật: - Công nghệ màn hình: IPS LCD\n- Độ phân giải: HD+ (720 x 1600 Pixels), Chính 48 MP & Phụ 8 MP, 2 MP, 2 MP, 16 MP\n- Kích thước màn hình: 6.5 inch\n- Hệ điều hành: Android 10\n- Vi xử lý: MediaTek Helio G80 8 nhân\n- Bộ nhớ trong: 128 GB\n- RAM: 4GB\n- Mạng di động: Hỗ trợ 4G\n- Số khe SIM: 2 Nano SIM\n- Dung lượng pin: 5000 mAh\nKhuyến mãi: Không có khuyến mãi\n\nTên sản phẩm: điện thoại realme 6 - 4gb/128gb - màn hình 90hz - sạc nhanh 30w - chính hãng\nMàu: Không có thông tin\nGiá: Không có thông tin\nThông số kỹ thuật: - Công nghệ màn hình: IPS LCD\n- Độ phân giải: Full HD+ (1080 x 2400 Pixels), Chính 64 MP & Phụ 8 MP, 2 MP, 2 MP, 16 MP\n- Kích thước màn hình: 6.5 inch\n- Bộ nhớ trong: 128 GB\n- RAM: 4GB\n- Mạng di động: Hỗ trợ 4G\n- Số khe SIM: 2 Nano SIM\n- Dung lượng pin: 4300 mAh\nKhuyến mãi: Không có khuyến mãi\n\nTên sản phẩm: điện thoại realme 6 pro - 8gb/128gb - snapdragon 720g - màn hình 90 hz - chính hãng\nMàu: Không có thông tin\nGiá: Không có thông tin\nThông số kỹ thuật: - Công nghệ màn hình: IPS LCD\n- Độ phân giải: Full HD+ (1080 x 2400 Pixels), Chính 64 MP & Phụ 12 MP, 8 MP, 2 MP, Chính 16 MP & Phụ 8 MP\n- Kích thước màn hình: 6.6 inch\n- Bộ nhớ trong: 128 GB\n- RAM: 8GB\n- Mạng di động: Hỗ trợ 4G\n- Số khe SIM: 2 Nano SIM\n- Dung lượng pin: 4300 mAh\nKhuyến mãi: Không có khuyến mãi\n\nTên sản phẩm: điện thoại realme c60 4gb/64gb - chính hãng\nMàu: Xanh, Màu Đen\nGiá: 2,790,000 ₫\nThông số kỹ thuật: - Công nghệ màn hình: IPS LCD - Tần số quét 90 Hz - Màn Giọt nước\n- Độ phân giải: HD (720x1600px), Camera chính 13MP & Phụ 0.08MP, Chính 5MP\n- Kích thước màn hình: 6.74 inch\n- Hệ điều hành: Android 13, realme UI\n- Vi xử lý: UNISOC T612\n- Bộ nhớ trong: 64GB\n- RAM: 4GB\n- Mạng di động: Không hỗ trợ 5G\n- Số khe SIM: 2 nano SIM + 1 khe thẻ nhớ\n- Dung lượng pin: 5000 mAh\nKhuyến mãi: - KM 1\n- Tham gia thu cũ lên đời giảm thêm 300.000đ']",Dung lượng pin của điện thoại realme 6i là 5 000 mAh.,"[{'statement': 'Dung lượng pin của điện thoại realme 6i là 5000 mAh.', 'reason': [""Trong ngữ cảnh, thông tin về sản phẩm 'điện thoại realme 6i' có ghi rõ 'Dung lượng pin: 5000 mAh'.""], 'verdict': 1}]",0.0,53.9,2025-08-20 17:41:23
301,Tai nghe Realme Buds Q có những lựa chọn màu sắc nào?,"Tai nghe Realme Buds Q có các lựa chọn màu sắc: đen, trắng.","['Tên sản phẩm: tai nghe realme buds q - chính hãng\nMàu: Black, White\nGiá: 850,000 ₫\nThông số kỹ thuật: Không có thông tin\nKhuyến mãi: - Giảm 5% không giới hạn khuyến mãi qua Homepaylater\n- Giảm 50% tối đa 700k khi mở thẻ tín dụng Vpbank trên SenID\n- Giảm 20% tối đa 500k khi mở thẻ tín dụng TPBank EVO\n- Giảm 1% tối đa 100.000đ khi thanh toán qua Zalopay\n\nTên sản phẩm: điện thoại realme 10 4g 8gb/256gb - chính hãng\nMàu: Màu Đen, Trắng Cực Quang\nGiá: 6,090,000 ₫\nThông số kỹ thuật: - Công nghệ màn hình: Super AMOLED\n- Độ phân giải: 2400*1080 (FHD+), Camera chính: 50MP, Camera chân dung: 2MP, 16 MP\n- Kích thước màn hình: 6.4 inch\n- Hệ điều hành: realme UI 3.0, Trên nền tảng Android 12\n- Vi xử lý: Chip Helio G99\n- Bộ nhớ trong: 256GB\n- RAM: 8GB\n- Mạng di động: Không hỗ trợ 5G\n- Số khe SIM: 2 nano SIM\n- Dung lượng pin: 5000 mAh\nKhuyến mãi: - Ưu đãi trả góp 0% qua Shinhan Finance hoặc Mirae Asset Finance\n- Giảm 5% không giới hạn khuyến mãi qua Homepaylater\n- Giảm thêm tới 700.000đ khi thanh toán qua Kredivo.\n- Giảm 50% tối đa 700k khi mở thẻ tín dụng Vpbank trên SenID\n- Giảm 20% tối đa 500k khi mở thẻ tín dụng TPBank EVO\n- Mở thẻ tín dụng VIB\n- Nhận Voucher 600.000đ\n- Giảm 1% tối đa 100.000đ khi thanh toán qua Zalopay\n\nTên sản phẩm: điện thoại realme 11 8gb/128gb - chính hãng\nMàu: Gold, Black\nGiá: 6,590,000 ₫\nThông số kỹ thuật: - Công nghệ màn hình: Super Amoled 90Hz\n- Độ phân giải: FHD+ 2400x1080, Chính Prolight 108MP  + Chân dung 2MP, 16MP\n- Kích thước màn hình: 6.4 inch\n- Hệ điều hành:   inchrealme UI 4.0, Trên nền tảng Android 13 inch\n- Vi xử lý: Chip Helio G99\n- Bộ nhớ trong: 128GB\n- RAM: 8GB\n- Mạng di động: Không hỗ trợ 5G\n- Số khe SIM: 2 nano SIM + 1 khe thẻ nhớ\n- Dung lượng pin: 5000 mAh\nKhuyến mãi: - Ưu đãi trả góp 0% qua Shinhan Finance hoặc Mirae Asset Finance\n- Giảm 5% không giới hạn khuyến mãi qua Homepaylater\n- Giảm thêm tới 700.000đ khi thanh toán qua Kredivo.\n- Giảm 50% tối đa 700k khi mở thẻ tín dụng Vpbank trên SenID\n- Giảm 20% tối đa 500k khi mở thẻ tín dụng TPBank EVO\n- Mở thẻ tín dụng VIB\n- Nhận Voucher 600.000đ\n- Giảm 1% tối đa 100.000đ khi thanh toán qua Zalopay\n\nTên sản phẩm: điện thoại realme c35 - 4gb/64gb - chính hãng\nMàu: Màu Đen, Xanh\nGiá: 3,090,000 ₫\nThông số kỹ thuật: - Công nghệ màn hình: IPS LCD\n- Độ phân giải: Full HD+ (1080 x 2408 Pixels), Chính 50 MP & Phụ 2 MP, 0.3 MP, 8 MP\n- Hệ điều hành: Android 11\n- Vi xử lý: Unisoc T616 8 nhân\n- Bộ nhớ trong: 64 GB\n- RAM: 4GB\n- Mạng di động: Hỗ trợ 4G\n- Số khe SIM: 2 Nano SIM\n- Dung lượng pin: 5000 mAh\nKhuyến mãi: - Ưu đãi trả góp 0% qua Shinhan Finance hoặc Mirae Asset Finance\n- Giảm 5% không giới hạn khuyến mãi qua Homepaylater\n- Giảm thêm tới 700.000đ khi thanh toán qua Kredivo.\n- Giảm 50% tối đa 700k khi mở thẻ tín dụng Vpbank trên SenID\n- Giảm 20% tối đa 500k khi mở thẻ tín dụng TPBank EVO\n- Mở thẻ tín dụng VIB\n- Nhận Voucher 600.000đ\n- Giảm 1% tối đa 100.000đ khi thanh toán qua Zalopay']","Màu sắc: Đen, Trắng.","[{'statement': 'Tai nghe Realme Buds Q có lựa chọn màu Đen.', 'reason': [""Trong ngữ cảnh, sản phẩm 'tai nghe realme buds q - chính hãng' được liệt kê có màu 'Black'.""], 'verdict': 1}, {'statement': 'Tai nghe Realme Buds Q có lựa chọn màu Trắng.', 'reason': [""Trong ngữ cảnh, sản phẩm 'tai nghe realme buds q - chính hãng' được liệt kê có màu 'White'.""], 'verdict': 1}]",0.0,48.29,2025-08-20 17:41:24
302,Dung lượng pin của điện thoại samsung galaxy a31 là bao nhiêu?,Dung lượng pin của điện thoại Samsung Galaxy A31 là 5000 mAh.,"['Tên sản phẩm: điện thoại samsung galaxy a31 - chính hãng\nMàu: Không có thông tin\nGiá: Không có thông tin\nThông số kỹ thuật: - Công nghệ màn hình: Super AMOLED\n- Độ phân giải: Full HD+ (1080 x 2400 Pixels), Đang cập nhật, 20 MP\n- Kích thước màn hình: 6.4 inch\n- Bộ nhớ trong: 128 GB\n- RAM: 6GB\n- Mạng di động: Hỗ trợ 4G\n- Số khe SIM: 2 Nano SIM\n- Dung lượng pin: 5000 mAh\nKhuyến mãi: Không có khuyến mãi\n\nTên sản phẩm: điện thoại samsung galaxy a33 5g - chính hãng\nMàu: Không có thông tin\nGiá: Không có thông tin\nThông số kỹ thuật: - Công nghệ màn hình: Super AMOLED\n- Độ phân giải: Full HD+ (1080 x 2400 Pixels), Chính 48 MP & Phụ 8 MP, 5 MP, 2 MP, 13 MP\n- Kích thước màn hình: 6.4 inch\n- Hệ điều hành: Android 12\n- Vi xử lý: Exynos 1280 8 nhân\n- Bộ nhớ trong: 128 GB\n- RAM: 6GB\n- Mạng di động: Hỗ trợ 5G\n- Số khe SIM: 2 Nano SIM (SIM 2 chung khe thẻ nhớ)\n- Dung lượng pin: 5000 mAh, 25 W, Sạc pin nhanh\nKhuyến mãi: Không có khuyến mãi\n\nTên sản phẩm: điện thoại samsung galaxy a21s - 3gb/32gb - chính hãng\nMàu: Không có thông tin\nGiá: Không có thông tin\nThông số kỹ thuật: - Công nghệ màn hình: TFT LCD\n- Độ phân giải: HD+ (720 x 1520 Pixels), Chính 48 MP & Phụ 8 MP, 2 MP, 2 MP, 13 MP\n- Kích thước màn hình: 6.5 inch\n- Bộ nhớ trong: 32 GB\n- RAM: 3GB\n- Mạng di động: Hỗ trợ 4G\n- Số khe SIM: 2 Nano SIM\n- Dung lượng pin: 5000 mAh\nKhuyến mãi: Không có khuyến mãi\n\nTên sản phẩm: điện thoại samsung galaxy a34 5g 8gb/128gb - chính hãng\nMàu: Không có thông tin\nGiá: Không có thông tin\nThông số kỹ thuật: - Công nghệ màn hình: Super AMOLED , 120Hz ,19.5:9\n- Độ phân giải: FHD+, 8MP F2.2 (Siêu Rộng), 48MP F1.8 OIS (Rộng), 5MP F2.4 (Cận cảnh), 13MP F2.2\n- Kích thước màn hình: 6.6 inch\n- Vi xử lý: Dimensity 1080 – 5nm, (Octa Core 2 x 2.6GHz + 6 x 2.0GHz)\n- Bộ nhớ trong: 128GB\n- RAM: 8GB\n- Mạng di động: 5G\n- Dung lượng pin: 5000 mAh\nKhuyến mãi: Không có khuyến mãi']",Dung lượng pin của điện thoại Samsung Galaxy A31 là 5000 mAh.,"[{'statement': 'Dung lượng pin của điện thoại Samsung Galaxy A31 là 5000 mAh.', 'reason': [""Ngữ cảnh cung cấp thông tin về 'điện thoại samsung galaxy a31' và ghi rõ 'Dung lượng pin: 5000 mAh'.""], 'verdict': 1}]",0.0,51.47,2025-08-20 17:41:33
303,Dung lượng pin của điện thoại realme c3 là bao nhiêu?,Dung lượng pin của điện thoại realme c3 là 5000 mAh.,"['Tên sản phẩm: điện thoại realme c3 - 3gb/32gb - chính hãng\nMàu: Không có thông tin\nGiá: Không có thông tin\nThông số kỹ thuật: - Công nghệ màn hình: IPS LCD\n- Độ phân giải: HD+ (720 x 1600 Pixels), Chính 12 MP & Phụ 2 MP, 2 MP, 5 MP\n- Kích thước màn hình: 6.5 inch\n- Bộ nhớ trong: 32 GB\n- RAM: 3GB\n- Mạng di động: Hỗ trợ 4G\n- Số khe SIM: 2 Nano SIM\n- Dung lượng pin: 5000 mAh\nKhuyến mãi: Không có khuyến mãi\n\nTên sản phẩm: điện thoại realme c33 3gb/32gb - chính hãng\nMàu: Xanh biển, Đen Tuyền\nGiá: 2,290,000 ₫\nThông số kỹ thuật: - Công nghệ màn hình: LCD\n- Độ phân giải: HD+  720X1600 pixel, 50MP x 0.3 MP, 5MP\n- Kích thước màn hình: 6.5 inch\n- Hệ điều hành: realme UI S Edition, Trên nền tảng Android 12\n- Vi xử lý: Unisoc T612\n- Bộ nhớ trong: 32GB\n- RAM: 3GB\n- Số khe SIM: 2 nano SIM\n- Dung lượng pin: 5000 mAh\nKhuyến mãi: - Giảm 5% không giới hạn khuyến mãi qua Homepaylater\n- Giảm 50% tối đa 700k khi mở thẻ tín dụng Vpbank trên SenID\n- Giảm 20% tối đa 500k khi mở thẻ tín dụng TPBank EVO\n- Giảm 1% tối đa 100.000đ khi thanh toán qua Zalopay\n\nTên sản phẩm: điện thoại realme c25 - chính hãng\nMàu: Không có thông tin\nGiá: Không có thông tin\nThông số kỹ thuật: - Công nghệ màn hình: IPS LCD\n- Độ phân giải: HD+ (720 x 1600 Pixels), Chính 48 MP & Phụ 2 MP, 2 MP, 8 MP\n- Hệ điều hành: Android 11\n- Vi xử lý: MediaTek Helio G70\n- Bộ nhớ trong: 128 GB\n- RAM: 4GB\n- Mạng di động: Hỗ trợ 4G\n- Số khe SIM: 2 Nano SIM\n- Dung lượng pin: 6000 mAh\nKhuyến mãi: Không có khuyến mãi\n\nTên sản phẩm: điện thoại realme c53 - 8gb/256gb- chính hãng\nMàu: Màu Đen, Màu Vàng\nGiá: 3,990,000 ₫\nThông số kỹ thuật: - Công nghệ màn hình: IPS LCD\n- Độ phân giải: HD 720*1600, Chính 50MP + 0.08MP, Chính 8MP\n- Kích thước màn hình: 6.74 inch\n- Hệ điều hành: Android 13, realme UI T Edition\n- Vi xử lý: UNISOC T612\n- Bộ nhớ trong: 256GB\n- RAM: 8GB + 8GB\n- Mạng di động: Không hỗ trợ 5G\n- Số khe SIM: 2 nano SIM + 1 khe thẻ nhớ\n- Dung lượng pin: 5000 mAh\nKhuyến mãi: - KM 1\n- Tặng phiếu mua hàng 200.000 khi thu cũ lên đời']",Dung lượng pin của điện thoại realme c3 là 5000 mAh.,"[{'statement': 'Dung lượng pin của điện thoại realme c3 là 5000 mAh.', 'reason': [""Ngữ cảnh cung cấp thông tin về 'điện thoại realme c3' và ghi rõ 'Dung lượng pin: 5000 mAh'.""], 'verdict': 1}]",0.0,13.61,2025-08-20 17:41:37
304,Kích thước màn hình của điện thoại samsung galaxy a11 là bao nhiêu?,Kích thước màn hình của điện thoại Samsung Galaxy A11 là 6.4 inch.,"['Tên sản phẩm: điện thoại samsung galaxy a11 - chính hãng\nMàu: Không có thông tin\nGiá: Không có thông tin\nThông số kỹ thuật: - Công nghệ màn hình: PLS TFT LCD\n- Độ phân giải: HD+ (720 x 1560 Pixels), Chính 13 MP & Phụ 5 MP, 2 MP, 8 MP\n- Kích thước màn hình: 6.4 inch\n- Bộ nhớ trong: 32 GB\n- RAM: 3GB\n- Mạng di động: Hỗ trợ 4G\n- Số khe SIM: 2 Nano SIM\n- Dung lượng pin: 4000 mAh\nKhuyến mãi: Không có khuyến mãi\n\nTên sản phẩm: điện thoại samsung galaxy a55 - 8gb/128gb - chính hãng\nMàu: Màu Đen, Xanh, Màu Tím\nGiá: 9,690,000 ₫\nThông số kỹ thuật: - Công nghệ màn hình: Super AMOLED, 120Hz\n- Độ phân giải: 1080 x 2400 (FHD+), 50+12+5MP, 32 MP\n- Kích thước màn hình: 6.6 inch\n- Hệ điều hành: Android 14\n- Vi xử lý: Exynos 1480\n- Bộ nhớ trong: 128GB\n- RAM: 8GB\n- Mạng di động: Hỗ trợ 5G\n- Số khe SIM: 1 SIM + 1 khe phụ (SIM/thẻ nhớ) hoặc eSim\n- Dung lượng pin: 5000 mAh\nKhuyến mãi: - KM 1\n- Tặng gói bảo hành HCare (Chi tiết liên hệ 1900.2091)\n\nTên sản phẩm: điện thoại samsung galaxy a51 - chính hãng\nMàu: Không có thông tin\nGiá: Không có thông tin\nThông số kỹ thuật: - Công nghệ màn hình: Super AMOLED\n- Độ phân giải: Full HD+ (1080 x 2400 Pixels), Chính 48 MP & Phụ 12 MP, 5 MP, 5 MP, 32 MP\n- Kích thước màn hình: 6.5 inch\n- Bộ nhớ trong: 128 GB\n- RAM: 6GB\n- Mạng di động: Hỗ trợ 4G\n- Số khe SIM: 2 Nano SIM\n- Dung lượng pin: 4000 mAh\nKhuyến mãi: Không có khuyến mãi\n\nTên sản phẩm: điện thoại samsung galaxy a10s - chính hãng\nMàu: Không có thông tin\nGiá: Không có thông tin\nThông số kỹ thuật: - Công nghệ màn hình: IPS TFT\n- Độ phân giải: HD+ (720 x 1520 Pixels), Chính 13 MP & Phụ 2 MP, 8 MP\n- Kích thước màn hình: 6.2 inch\n- Hệ điều hành: Android 9 (Pie)\n- Vi xử lý: MediaTek MT6762 8 nhân (Helio P22)\n- Bộ nhớ trong: 32 GB\n- RAM: 2GB\n- Mạng di động: Hỗ trợ 4G\n- Số khe SIM: 2 Nano SIM\n- Dung lượng pin: 4000 mAh\nKhuyến mãi: Không có khuyến mãi']",Kích thước màn hình của điện thoại Samsung Galaxy A11 là 6.4 inch.,"[{'statement': 'Kích thước màn hình của điện thoại Samsung Galaxy A11 là 6.4 inch.', 'reason': [""Trong phần thông số kỹ thuật của sản phẩm 'điện thoại samsung galaxy a11 - chính hãng', ngữ cảnh đã ghi rõ 'Kích thước màn hình: 6.4 inch'.""], 'verdict': 1}]",0.0,15.06,2025-08-20 17:41:40
306,Kích thước màn hình của điện thoại Samsung Galaxy A51 là bao nhiêu?,Kích thước màn hình của điện thoại Samsung Galaxy A51 là 6.5 inch.,"['Tên sản phẩm: điện thoại samsung galaxy a51 - chính hãng\nMàu: Không có thông tin\nGiá: Không có thông tin\nThông số kỹ thuật: - Công nghệ màn hình: Super AMOLED\n- Độ phân giải: Full HD+ (1080 x 2400 Pixels), Chính 48 MP & Phụ 12 MP, 5 MP, 5 MP, 32 MP\n- Kích thước màn hình: 6.5 inch\n- Bộ nhớ trong: 128 GB\n- RAM: 6GB\n- Mạng di động: Hỗ trợ 4G\n- Số khe SIM: 2 Nano SIM\n- Dung lượng pin: 4000 mAh\nKhuyến mãi: Không có khuyến mãi\n\nTên sản phẩm: điện thoại samsung galaxy a55 - 8gb/128gb - chính hãng\nMàu: Màu Đen, Xanh, Màu Tím\nGiá: 9,690,000 ₫\nThông số kỹ thuật: - Công nghệ màn hình: Super AMOLED, 120Hz\n- Độ phân giải: 1080 x 2400 (FHD+), 50+12+5MP, 32 MP\n- Kích thước màn hình: 6.6 inch\n- Hệ điều hành: Android 14\n- Vi xử lý: Exynos 1480\n- Bộ nhớ trong: 128GB\n- RAM: 8GB\n- Mạng di động: Hỗ trợ 5G\n- Số khe SIM: 1 SIM + 1 khe phụ (SIM/thẻ nhớ) hoặc eSim\n- Dung lượng pin: 5000 mAh\nKhuyến mãi: - KM 1\n- Tặng gói bảo hành HCare (Chi tiết liên hệ 1900.2091)\n\nTên sản phẩm: điện thoại samsung galaxy a71 - chính hãng\nMàu: Không có thông tin\nGiá: Không có thông tin\nThông số kỹ thuật: - Công nghệ màn hình: Super AMOLED\n- Độ phân giải: Full HD+ (1080 x 2400 Pixels), Chính 64 MP & Phụ 12 MP, 5 MP, 5 MP, 32 MP\n- Kích thước màn hình: 6.7 inch\n- Bộ nhớ trong: 128 GB\n- RAM: 8GB\n- Mạng di động: Hỗ trợ 4G\n- Số khe SIM: 2 Nano SIM\n- Dung lượng pin: 4500 mAh\nKhuyến mãi: Không có khuyến mãi\n\nTên sản phẩm: điện thoại samsung galaxy a54 5g 8gb/256gb - chính hãng\nMàu: Không có thông tin\nGiá: Không có thông tin\nThông số kỹ thuật: - Công nghệ màn hình: Super AMOLED\n- Độ phân giải: FHD+, 120Hz, 19.5:9, 12MP F2.2 (Siêu Rộng), 50MP F1.8 OIS (Rộng), 5MP F2.4 (Cận cảnh), 32MP F2.2\n- Kích thước màn hình: 6.4 inch\n- Vi xử lý: Exynos 1380\n- Bộ nhớ trong: 256GB\n- RAM: 8GB\n- Mạng di động: 5G\n- Dung lượng pin: 5000 mAh\nKhuyến mãi: Không có khuyến mãi']",Kích thước màn hình của điện thoại Samsung Galaxy A51 là 6.5 inch.,"[{'statement': 'Kích thước màn hình của điện thoại Samsung Galaxy A51 là 6.5 inch.', 'reason': [""Thông tin này được xác nhận trong ngữ cảnh, trong đó có ghi rõ 'Tên sản phẩm: điện thoại samsung galaxy a51 - chính hãng' và 'Kích thước màn hình: 6.5 inch'.""], 'verdict': 1}]",0.0,25.99,2025-08-20 17:42:04
307,Hệ điều hành nào điện thoại xiaomi redmi note 9s sử dụng?,Điện thoại Xiaomi Redmi Note 9S sử dụng hệ điều hành Android 10.,"['Tên sản phẩm: điện thoại xiaomi redmi note 9s - 4gb/64gb - chính hãng dgw\nMàu: Không có thông tin\nGiá: Không có thông tin\nThông số kỹ thuật: - Công nghệ màn hình: IPS LCD\n- Độ phân giải: Full HD+ (1080 x 2400 Pixels), Chính 48 MP & Phụ 8 MP, 5 MP, 2 MP, 16 MP\n- Kích thước màn hình: 6.67 inch\n- Hệ điều hành: Android 10\n- Vi xử lý: Snapdragon 720G 8 nhân\n- Bộ nhớ trong: 64 GB\n- RAM: 4GB\n- Mạng di động: Hỗ trợ 4G\n- Số khe SIM: 2 Nano SIM\n- Dung lượng pin: 5020 mAh\nKhuyến mãi: Không có khuyến mãi\n\nTên sản phẩm: điện thoại xiaomi redmi note 9 - 4gb/128gb - chính hãng dgw\nMàu: Không có thông tin\nGiá: Không có thông tin\nThông số kỹ thuật: - Công nghệ màn hình: IPS LCD\n- Độ phân giải: Full HD+ (1080 x 2340 Pixels), Chính 48 MP & Phụ 8 MP, 2 MP, 2 MP, 13 MP\n- Kích thước màn hình: 6.53 inch\n- Hệ điều hành: Android 10\n- Vi xử lý: MediaTek Helio G85 8 nhân\n- Bộ nhớ trong: 128 GB\n- RAM: 4GB\n- Mạng di động: Hỗ trợ 4G\n- Số khe SIM: 2 Nano SIM\n- Dung lượng pin: 5020 mAh\nKhuyến mãi: Không có khuyến mãi\n\nTên sản phẩm: điện thoại redmi note 13 (6gb/128gb) - chính hãng\nMàu: Xanh Lá, Đen, Màu Vàng\nGiá: 4,690,000 ₫\nThông số kỹ thuật: - Công nghệ màn hình: AMOLED 120Hz, Tỉ lệ tương phản 5.000.000:1, 100% DCI-P3, Màn hình Sunlight, Chứng nhận mức ánh sáng xanh thấp (Giải pháp phần cứng) của TÜV Rheinland | Chứng nhận thân thiện với đặc điểm sinh học của TÜV Rheinland | Chứng nhận không nhấp nháy của TÜV Rheinland | Chế độ đọc\n- Độ phân giải: 1080x2400, Camera chính 108MP f/1.75, Camera góc siêu rộng 8MP f/2.2, Camera Macro 2MP, Camera trước 16MP f/2.4\n- Kích thước màn hình: 6.67 inch\n- Hệ điều hành: MIUI 14 trên nền tảng Android 13\n- Vi xử lý: Qualcomm Snapdragon 685\n- Bộ nhớ trong: 128GB\n- RAM: 6GB\n- Mạng di động: 2G, 3G, 4G\n- Số khe SIM: 2 nano SIM\n- Dung lượng pin: 5000 mAh\nKhuyến mãi: - KM 1\n- Tặng Vipcare 1 đổi 1 ( nhập lại 400.000)\n\nTên sản phẩm: điện thoại xiaomi redmi note 10 6gb/128gb - chính hãng\nMàu: Không có thông tin\nGiá: Không có thông tin\nThông số kỹ thuật: - Công nghệ màn hình: AMOLED\n- Độ phân giải: Full HD+ (1080 x 2400 Pixels), Chính 48 MP & Phụ 8 MP, 2 MP, 2 MP, 13 MP\n- Kích thước màn hình: 6.43 inch\n- Hệ điều hành: Android 11\n- Vi xử lý: Snapdragon 678 8 nhân\n- Bộ nhớ trong: 128 GB\n- RAM: 6GB\n- Mạng di động: Hỗ trợ 4G\n- Số khe SIM: 2 Nano SIM\n- Dung lượng pin: 5000 mAh\nKhuyến mãi: Không có khuyến mãi']",Điện thoại Xiaomi Redmi Note 9S sử dụng hệ điều hành Android 10.,"[{'statement': 'Điện thoại Xiaomi Redmi Note 9S sử dụng hệ điều hành Android 10.', 'reason': [""Trong phần thông số kỹ thuật của sản phẩm 'điện thoại xiaomi redmi note 9s - 4gb/64gb - chính hãng dgw' có ghi rõ 'Hệ điều hành: Android 10'.""], 'verdict': 1}]",0.0,34.08,2025-08-20 17:42:15
308,Điện thoại Xiaomi Redmi Note 9 Pro có dung lượng pin bao nhiêu?,Điện thoại Xiaomi Redmi Note 9 Pro có dung lượng pin 5020 mAh.,"['Tên sản phẩm: điện thoại xiaomi redmi note 9 pro - 6gb/64gb - chính hãng dgw\nMàu: Không có thông tin\nGiá: Không có thông tin\nThông số kỹ thuật: - Công nghệ màn hình: IPS LCD\n- Độ phân giải: Full HD+ (1080 x 2400 Pixels), Chính 64 MP & Phụ 8 MP, 5 MP, 2 MP, 16 MP\n- Kích thước màn hình: 6.67 inch\n- Hệ điều hành: Android 10\n- Vi xử lý: Snapdragon 720G 8 nhân\n- Bộ nhớ trong: 64 GB\n- RAM: 6GB\n- Mạng di động: Hỗ trợ 4G\n- Số khe SIM: 2 Nano SIM\n- Dung lượng pin: 5020 mAh\nKhuyến mãi: Không có khuyến mãi\n\nTên sản phẩm: điện thoại xiaomi redmi note 9 pro - 6gb/128gb - chính hãng dgw\nMàu: Không có thông tin\nGiá: Không có thông tin\nThông số kỹ thuật: - Công nghệ màn hình: IPS LCD\n- Độ phân giải: Full HD+ (1080 x 2400 Pixels), Chính 64 MP & Phụ 8 MP, 5 MP, 2 MP, 16 MP\n- Kích thước màn hình: 6.67 inch\n- Hệ điều hành: Android 10\n- Vi xử lý: Snapdragon 720G 8 nhân\n- Bộ nhớ trong: 128 GB\n- RAM: 6GB\n- Mạng di động: Hỗ trợ 4G\n- Số khe SIM: 2 Nano SIM\n- Dung lượng pin: 5020 mAh\nKhuyến mãi: Không có khuyến mãi\n\nTên sản phẩm: điện thoại redmi note 13 pro (8gb/128gb) - chính hãng\nMàu: Màu Tím, Đen, Xanh Lá\nGiá: 6,890,000 ₫\nThông số kỹ thuật: - Công nghệ màn hình: AMOLED 120Hz, Tỉ lệ tương phản 5.000.000:1, Màn hình 10-bit màu, 100% DCI-P3, Màn hình Sunlight, Chứng nhận mức ánh sáng xanh thấp (Giải pháp phần cứng) của TÜV Rheinland | Chứng nhận thân thiện với đặc điểm sinh học của TÜV Rheinland | Chứng nhận không nhấp nháy của TÜV Rheinland | Chế độ đọc\n- Độ phân giải: 1080x2400, Camera chính 200MP f/1.65 OIS, Camera góc siêu rộng 8MP f/2.2, Camera Macro 2MP f/2.4, Camera trước 16MP f/2.4\n- Kích thước màn hình: 6.67 inch\n- Hệ điều hành: MIUI 14 trên nền tảng Android 13\n- Vi xử lý: MediaTek Helio G99 Ultra\n- Bộ nhớ trong: 128GB\n- RAM: 8GB\n- Mạng di động: 2G, 3G, 4G\n- Số khe SIM: 2 nano SIM\n- Dung lượng pin: 5000 mAh\nKhuyến mãi: - KM 1\n- Tặng Vipcare 1 đổi 1 ( nhập lại 600.000)\n\nTên sản phẩm: điện thoại redmi note 11 pro (8gb/128gb) - chính hãng\nMàu: Không có thông tin\nGiá: Không có thông tin\nThông số kỹ thuật: - Công nghệ màn hình: AMOLED\n- Độ phân giải: Full HD+ (1080 x 2400 Pixels), Chính 108 MP & Phụ 8 MP, 2 MP, 2 MP, 16 MP\n- Kích thước màn hình: 6.67 inch\n- Hệ điều hành: Android 11\n- Vi xử lý: MediaTek Helio G96 8 nhân\n- Bộ nhớ trong: 128 GB\n- RAM: 8GB\n- Mạng di động: Hỗ trợ 4G\n- Số khe SIM: 2 Nano SIM (SIM 2 chung khe thẻ nhớ)\n- Dung lượng pin: 5000 mAh\nKhuyến mãi: Không có khuyến mãi']",5020 mAh,"[{'statement': 'Điện thoại Xiaomi Redmi Note 9 Pro có dung lượng pin là 5020 mAh.', 'reason': [""Ngữ cảnh cung cấp thông tin cho hai phiên bản của 'điện thoại xiaomi redmi note 9 pro' và cả hai đều ghi rõ 'Dung lượng pin: 5020 mAh'.""], 'verdict': 1}]",0.0,30.79,2025-08-20 17:42:22
309,Điện thoại Realme 6 có dung lượng pin là bao nhiêu?,Điện thoại Realme 6 có dung lượng pin là 4300 mAh.,"['Tên sản phẩm: điện thoại realme 6i - 4gb/128gb - pin 5000 mah - sạc nhanh 18w - chính hãng\nMàu: Không có thông tin\nGiá: Không có thông tin\nThông số kỹ thuật: - Công nghệ màn hình: IPS LCD\n- Độ phân giải: HD+ (720 x 1600 Pixels), Chính 48 MP & Phụ 8 MP, 2 MP, 2 MP, 16 MP\n- Kích thước màn hình: 6.5 inch\n- Hệ điều hành: Android 10\n- Vi xử lý: MediaTek Helio G80 8 nhân\n- Bộ nhớ trong: 128 GB\n- RAM: 4GB\n- Mạng di động: Hỗ trợ 4G\n- Số khe SIM: 2 Nano SIM\n- Dung lượng pin: 5000 mAh\nKhuyến mãi: Không có khuyến mãi\n\nTên sản phẩm: điện thoại realme 6 - 4gb/128gb - màn hình 90hz - sạc nhanh 30w - chính hãng\nMàu: Không có thông tin\nGiá: Không có thông tin\nThông số kỹ thuật: - Công nghệ màn hình: IPS LCD\n- Độ phân giải: Full HD+ (1080 x 2400 Pixels), Chính 64 MP & Phụ 8 MP, 2 MP, 2 MP, 16 MP\n- Kích thước màn hình: 6.5 inch\n- Bộ nhớ trong: 128 GB\n- RAM: 4GB\n- Mạng di động: Hỗ trợ 4G\n- Số khe SIM: 2 Nano SIM\n- Dung lượng pin: 4300 mAh\nKhuyến mãi: Không có khuyến mãi\n\nTên sản phẩm: điện thoại realme 6 pro - 8gb/128gb - snapdragon 720g - màn hình 90 hz - chính hãng\nMàu: Không có thông tin\nGiá: Không có thông tin\nThông số kỹ thuật: - Công nghệ màn hình: IPS LCD\n- Độ phân giải: Full HD+ (1080 x 2400 Pixels), Chính 64 MP & Phụ 12 MP, 8 MP, 2 MP, Chính 16 MP & Phụ 8 MP\n- Kích thước màn hình: 6.6 inch\n- Bộ nhớ trong: 128 GB\n- RAM: 8GB\n- Mạng di động: Hỗ trợ 4G\n- Số khe SIM: 2 Nano SIM\n- Dung lượng pin: 4300 mAh\nKhuyến mãi: Không có khuyến mãi\n\nTên sản phẩm: điện thoại realme c60 4gb/64gb - chính hãng\nMàu: Xanh, Màu Đen\nGiá: 2,790,000 ₫\nThông số kỹ thuật: - Công nghệ màn hình: IPS LCD - Tần số quét 90 Hz - Màn Giọt nước\n- Độ phân giải: HD (720x1600px), Camera chính 13MP & Phụ 0.08MP, Chính 5MP\n- Kích thước màn hình: 6.74 inch\n- Hệ điều hành: Android 13, realme UI\n- Vi xử lý: UNISOC T612\n- Bộ nhớ trong: 64GB\n- RAM: 4GB\n- Mạng di động: Không hỗ trợ 5G\n- Số khe SIM: 2 nano SIM + 1 khe thẻ nhớ\n- Dung lượng pin: 5000 mAh\nKhuyến mãi: - KM 1\n- Tham gia thu cũ lên đời giảm thêm 300.000đ']",Pin của Realme 6 có dung lượng 4300 mAh.,"[{'statement': 'Pin của điện thoại Realme 6 có dung lượng 4300 mAh.', 'reason': [""Trong ngữ cảnh được cung cấp, thông tin về sản phẩm 'điện thoại realme 6' có ghi rõ 'Dung lượng pin: 4300 mAh'.""], 'verdict': 1}]",0.0,17.6,2025-08-20 17:42:23
305,Bộ nhớ trong của điện thoại realme 7 là bao nhiêu?,Bộ nhớ trong của điện thoại realme 7 là 128 GB.,"['Tên sản phẩm: điện thoại realme 7 - chính hãng\nMàu: Không có thông tin\nGiá: Không có thông tin\nThông số kỹ thuật: - Công nghệ màn hình: IPS LCD\n- Độ phân giải: Full HD+ (1080 x 2400 Pixels), Chính 64 MP & Phụ 8 MP, 2 MP, 2 MP, 16 MP\n- Hệ điều hành: Android 10\n- Vi xử lý: MediaTek Helio G95 8 nhân\n- Bộ nhớ trong: 128 GB\n- RAM: 8GB\n- Mạng di động: Hỗ trợ 4G\n- Số khe SIM: 2 Nano SIM\n- Dung lượng pin: 5000 mAh\nKhuyến mãi: Không có khuyến mãi\n\nTên sản phẩm: điện thoại realme 7i - chính hãng\nMàu: Không có thông tin\nGiá: Không có thông tin\nThông số kỹ thuật: - Công nghệ màn hình: IPS LCD\n- Độ phân giải: HD+ (720 x 1600 Pixels), Chính 64 MP & Phụ 8 MP, 2 MP, 2 MP, 16 MP\n- Kích thước màn hình: 6.5 inch\n- Hệ điều hành: Android 10\n- Vi xử lý: Snapdragon 662 8 nhân\n- Bộ nhớ trong: 128 GB\n- RAM: 8GB\n- Mạng di động: Hỗ trợ 4G\n- Số khe SIM: 2 Nano SIM\n- Dung lượng pin: 5000 mAh\nKhuyến mãi: Không có khuyến mãi\n\nTên sản phẩm: điện thoại realme 6 pro - 8gb/128gb - snapdragon 720g - màn hình 90 hz - chính hãng\nMàu: Không có thông tin\nGiá: Không có thông tin\nThông số kỹ thuật: - Công nghệ màn hình: IPS LCD\n- Độ phân giải: Full HD+ (1080 x 2400 Pixels), Chính 64 MP & Phụ 12 MP, 8 MP, 2 MP, Chính 16 MP & Phụ 8 MP\n- Kích thước màn hình: 6.6 inch\n- Bộ nhớ trong: 128 GB\n- RAM: 8GB\n- Mạng di động: Hỗ trợ 4G\n- Số khe SIM: 2 Nano SIM\n- Dung lượng pin: 4300 mAh\nKhuyến mãi: Không có khuyến mãi\n\nTên sản phẩm: điện thoại realme 6 - 4gb/128gb - màn hình 90hz - sạc nhanh 30w - chính hãng\nMàu: Không có thông tin\nGiá: Không có thông tin\nThông số kỹ thuật: - Công nghệ màn hình: IPS LCD\n- Độ phân giải: Full HD+ (1080 x 2400 Pixels), Chính 64 MP & Phụ 8 MP, 2 MP, 2 MP, 16 MP\n- Kích thước màn hình: 6.5 inch\n- Bộ nhớ trong: 128 GB\n- RAM: 4GB\n- Mạng di động: Hỗ trợ 4G\n- Số khe SIM: 2 Nano SIM\n- Dung lượng pin: 4300 mAh\nKhuyến mãi: Không có khuyến mãi']",Bộ nhớ trong của điện thoại realme 7 là 128 GB.,"[{'statement': 'Bộ nhớ trong của điện thoại realme 7 là 128 GB.', 'reason': ['Thông tin trong ngữ cảnh xác nhận rằng điện thoại realme 7 - chính hãng có bộ nhớ trong là 128 GB.'], 'verdict': 1}]",0.0,49.78,2025-08-20 17:42:24
311,Điện thoại realme 6 pro có bao nhiêu dung lượng RAM?,Điện thoại realme 6 pro có dung lượng RAM 8GB.,"['Tên sản phẩm: điện thoại realme 6 pro - 8gb/128gb - snapdragon 720g - màn hình 90 hz - chính hãng\nMàu: Không có thông tin\nGiá: Không có thông tin\nThông số kỹ thuật: - Công nghệ màn hình: IPS LCD\n- Độ phân giải: Full HD+ (1080 x 2400 Pixels), Chính 64 MP & Phụ 12 MP, 8 MP, 2 MP, Chính 16 MP & Phụ 8 MP\n- Kích thước màn hình: 6.6 inch\n- Bộ nhớ trong: 128 GB\n- RAM: 8GB\n- Mạng di động: Hỗ trợ 4G\n- Số khe SIM: 2 Nano SIM\n- Dung lượng pin: 4300 mAh\nKhuyến mãi: Không có khuyến mãi\n\nTên sản phẩm: điện thoại realme 6 - 4gb/128gb - màn hình 90hz - sạc nhanh 30w - chính hãng\nMàu: Không có thông tin\nGiá: Không có thông tin\nThông số kỹ thuật: - Công nghệ màn hình: IPS LCD\n- Độ phân giải: Full HD+ (1080 x 2400 Pixels), Chính 64 MP & Phụ 8 MP, 2 MP, 2 MP, 16 MP\n- Kích thước màn hình: 6.5 inch\n- Bộ nhớ trong: 128 GB\n- RAM: 4GB\n- Mạng di động: Hỗ trợ 4G\n- Số khe SIM: 2 Nano SIM\n- Dung lượng pin: 4300 mAh\nKhuyến mãi: Không có khuyến mãi\n\nTên sản phẩm: điện thoại realme 6i - 4gb/128gb - pin 5000 mah - sạc nhanh 18w - chính hãng\nMàu: Không có thông tin\nGiá: Không có thông tin\nThông số kỹ thuật: - Công nghệ màn hình: IPS LCD\n- Độ phân giải: HD+ (720 x 1600 Pixels), Chính 48 MP & Phụ 8 MP, 2 MP, 2 MP, 16 MP\n- Kích thước màn hình: 6.5 inch\n- Hệ điều hành: Android 10\n- Vi xử lý: MediaTek Helio G80 8 nhân\n- Bộ nhớ trong: 128 GB\n- RAM: 4GB\n- Mạng di động: Hỗ trợ 4G\n- Số khe SIM: 2 Nano SIM\n- Dung lượng pin: 5000 mAh\nKhuyến mãi: Không có khuyến mãi\n\nTên sản phẩm: điện thoại realme 11 pro 8gb/256gb - chính hãng\nMàu: White, Green\nGiá: 10,990,000 ₫\nThông số kỹ thuật: - Công nghệ màn hình: OLED 120Hz\n- Độ phân giải: FHD+ 2412*1080, Chính OIS 100MP + Chân dung 2MP, 16MP\n- Kích thước màn hình: 6.72  inch\n- Hệ điều hành: realme UI 4.0, Trên nền tảng Android 13\n- Vi xử lý: Chip Dimensity 7050 5G\n- Bộ nhớ trong: 256GB\n- RAM: 8GB\n- Mạng di động: hỗ trợ 5G\n- Số khe SIM: 2 nano SIM\n- Dung lượng pin: 5000 mAh\nKhuyến mãi: - KM 1\n- Tặng Bộ quà Hoàng Hà (Chi tiết liên hệ 1900.2091)']",Có 8GB dung lượng RAM.,"[{'statement': 'Điện thoại realme 6 pro có 8GB dung lượng RAM.', 'reason': ['Trong thông tin sản phẩm ""điện thoại realme 6 pro - 8gb/128gb - snapdragon 720g - màn hình 90 hz - chính hãng"", phần thông số kỹ thuật có ghi rõ ""RAM: 8GB"".'], 'verdict': 1}]",0.0,10.05,2025-08-20 17:42:33
310,Giá của điện thoại iPhone 11 (128GB) là bao nhiêu?,"Giá của điện thoại iPhone 11 (128GB) là 9,790,000 ₫.","['Tên sản phẩm: điện thoại iphone 11 (128gb) - chính hãng vn/a\nMàu: White, Black, Red, Green, Purple\nGiá: 9,790,000 ₫\nThông số kỹ thuật: - Công nghệ màn hình: IPS LCD\n- Độ phân giải: 828 x 1792 Pixels, 2 camera 12 MP, 12 MP\n- Kích thước màn hình: 6.1 inch\n- Hệ điều hành: iOS 15\n- Vi xử lý: Apple A13 Bionic 6 nhân\n- Bộ nhớ trong: 128 GB\n- RAM: 4GB\n- Mạng di động: Hỗ trợ 4G\n- Số khe SIM: 1 Nano SIM & 1 eSIM\n- Dung lượng pin: 3110 mAh\nKhuyến mãi: - KM 1\n- Ưu đãi trả góp 0% qua thẻ tín dụng\n\nTên sản phẩm: điện thoại iphone 13 (128gb) - chính hãng vn/a\nMàu: Green, Red, Midnight, Pink, Blue, Starlight\nGiá: 13,190,000 ₫\nThông số kỹ thuật: - Công nghệ màn hình: OLED\n- Độ phân giải: 1170 x 2532 Pixels, 2 camera 12 MP, 12 MP\n- Hệ điều hành: iOS 15\n- Vi xử lý: Apple A15\n- Bộ nhớ trong: 128 GB\n- RAM: 4GB\n- Mạng di động: Hỗ trợ 5G\n- Số khe SIM: 1 Nano SIM & 1 eSIM\nKhuyến mãi: - KM 1\n- Ưu đãi trả góp 0% qua thẻ tín dụng\n\nTên sản phẩm: điện thoại iphone 12 (128gb) - chính hãng vn/a\nMàu: Black, Blue, White, Red, Green, Purple\nGiá: 12,990,000 ₫\nThông số kỹ thuật: - Công nghệ màn hình: OLED\n- Độ phân giải: 1170 x 2532 Pixels, 2 camera 12 MP, 12 MP\n- Kích thước màn hình: 6.1 inch\n- Hệ điều hành: iOS 14\n- Vi xử lý: Apple A14 Bionic 6 nhân\n- Bộ nhớ trong: 128 GB\n- RAM: 4GB\n- Mạng di động: Hỗ trợ 5G\n- Số khe SIM: 1 Nano SIM & 1 eSIM\n- Dung lượng pin: 2815 mAh\nKhuyến mãi: - KM 1\n- Khuyến mãi mua thêm: Sạc nhanh Apple iPhone 20W Type-C\n- Chính hãng với giá chỉ 490.000đ\n- KM 2\n- Ưu đãi trả góp 0% qua thẻ tín dụng\n\nTên sản phẩm: điện thoại iphone 14 (128gb) - chính hãng vn/a\nMàu: Midnight, Blue, Purple, Red, Yellow, Starlight\nGiá: 16,290,000 ₫\nThông số kỹ thuật: - Công nghệ màn hình: Super Retina XDR\n- Độ phân giải: 2532 x 1170, 12MP x 12MP, 12MP\n- Kích thước màn hình: 6.1 inch\n- Hệ điều hành: iOS 16\n- Vi xử lý: A15 Bionic\n- Bộ nhớ trong: 128GB\n- RAM: 6GB\n- Mạng di động: 5G (sub ‑ 6 GHz và mmWave) với 4x4 MIMO8, Gigabit LTE với 4x4 MIMO và LAA8, Chip băng thông siêu rộng cho nhận thức về không gian, NFC với chế độ đọc, Thẻ Express có dự trữ năng lượng\n- Số khe SIM: 1 eSIM, 1 SIM vật lý\nKhuyến mãi: - KM 1\n- Ưu đãi mua combo 3 món củ sạc + dán màn hình + ốp lưng Mophie Zagg chỉ 985.000đ\n- KM 2\n- Ưu đãi trả góp 0% qua thẻ tín dụng']","Giá của điện thoại iPhone 11 (128GB) là 9,790,000 ₫.","[{'statement': 'Giá của điện thoại iPhone 11 (128GB) là 9,790,000 ₫.', 'reason': [""The context provides the price for 'điện thoại iphone 11 (128gb) - chính hãng vn/a' as '9,790,000 ₫'.""], 'verdict': 1}]",0.0,82.25,2025-08-20 17:43:38
312,Điện thoại Xiaomi Redmi Note 9 sử dụng hệ điều hành nào?,Điện thoại Xiaomi Redmi Note 9 sử dụng hệ điều hành Android 10.,"['Tên sản phẩm: điện thoại xiaomi redmi note 9 - 4gb/128gb - chính hãng dgw\nMàu: Không có thông tin\nGiá: Không có thông tin\nThông số kỹ thuật: - Công nghệ màn hình: IPS LCD\n- Độ phân giải: Full HD+ (1080 x 2340 Pixels), Chính 48 MP & Phụ 8 MP, 2 MP, 2 MP, 13 MP\n- Kích thước màn hình: 6.53 inch\n- Hệ điều hành: Android 10\n- Vi xử lý: MediaTek Helio G85 8 nhân\n- Bộ nhớ trong: 128 GB\n- RAM: 4GB\n- Mạng di động: Hỗ trợ 4G\n- Số khe SIM: 2 Nano SIM\n- Dung lượng pin: 5020 mAh\nKhuyến mãi: Không có khuyến mãi\n\nTên sản phẩm: điện thoại xiaomi redmi note 9s - 4gb/64gb - chính hãng dgw\nMàu: Không có thông tin\nGiá: Không có thông tin\nThông số kỹ thuật: - Công nghệ màn hình: IPS LCD\n- Độ phân giải: Full HD+ (1080 x 2400 Pixels), Chính 48 MP & Phụ 8 MP, 5 MP, 2 MP, 16 MP\n- Kích thước màn hình: 6.67 inch\n- Hệ điều hành: Android 10\n- Vi xử lý: Snapdragon 720G 8 nhân\n- Bộ nhớ trong: 64 GB\n- RAM: 4GB\n- Mạng di động: Hỗ trợ 4G\n- Số khe SIM: 2 Nano SIM\n- Dung lượng pin: 5020 mAh\nKhuyến mãi: Không có khuyến mãi\n\nTên sản phẩm: điện thoại xiaomi redmi note 9 - 3gb/64gb - chính hãng dgw\nMàu: Không có thông tin\nGiá: Không có thông tin\nThông số kỹ thuật: - Công nghệ màn hình: IPS LCD\n- Độ phân giải: Full HD+ (1080 x 2340 Pixels), Chính 48 MP & Phụ 8 MP, 2 MP, 2 MP, 13 MP\n- Kích thước màn hình: 6.53 inch\n- Bộ nhớ trong: 64 GB\n- RAM: 3GB\n- Mạng di động: Hỗ trợ 4G\n- Số khe SIM: 2 Nano SIM\n- Dung lượng pin: 5020 mAh\nKhuyến mãi: Không có khuyến mãi\n\nTên sản phẩm: điện thoại xiaomi redmi note 9 pro - 6gb/128gb - chính hãng dgw\nMàu: Không có thông tin\nGiá: Không có thông tin\nThông số kỹ thuật: - Công nghệ màn hình: IPS LCD\n- Độ phân giải: Full HD+ (1080 x 2400 Pixels), Chính 64 MP & Phụ 8 MP, 5 MP, 2 MP, 16 MP\n- Kích thước màn hình: 6.67 inch\n- Hệ điều hành: Android 10\n- Vi xử lý: Snapdragon 720G 8 nhân\n- Bộ nhớ trong: 128 GB\n- RAM: 6GB\n- Mạng di động: Hỗ trợ 4G\n- Số khe SIM: 2 Nano SIM\n- Dung lượng pin: 5020 mAh\nKhuyến mãi: Không có khuyến mãi']",Điện thoại Xiaomi Redmi Note 9 chạy hệ điều hành Android 10.,"[{'statement': 'Điện thoại Xiaomi Redmi Note 9 chạy hệ điều hành Android 10.', 'reason': ['Thông tin trong ngữ cảnh xác nhận rằng điện thoại Xiaomi Redmi Note 9 có hệ điều hành Android 10.'], 'verdict': 1}]",0.0,82.96,2025-08-20 17:43:47
313,Dung lượng pin của điện thoại xiaomi redmi 9 là bao nhiêu?,Dung lượng pin của điện thoại Xiaomi Redmi 9 là 5020 mAh.,"['Tên sản phẩm: điện thoại xiaomi redmi 9 - 3gb/32gb - chính hãng dgw\nMàu: Không có thông tin\nGiá: Không có thông tin\nThông số kỹ thuật: - Công nghệ màn hình: IPS LCD\n- Độ phân giải: Full HD+ (1080 x 2340 Pixels), Chính 13 MP & Phụ 8 MP, 5 MP, 2 MP, 8 MP\n- Kích thước màn hình: 6.53 inch\n- Hệ điều hành: Android 10\n- Vi xử lý: MediaTek Helio G80 8 nhân\n- Bộ nhớ trong: 32 GB\n- RAM: 3GB\n- Mạng di động: Hỗ trợ 4G\n- Số khe SIM: 2 Nano SIM\n- Dung lượng pin: 5020 mAh\nKhuyến mãi: Không có khuyến mãi\n\nTên sản phẩm: điện thoại xiaomi redmi 9t 4gb/64gb - chính hãng\nMàu: Không có thông tin\nGiá: Không có thông tin\nThông số kỹ thuật: - Công nghệ màn hình: IPS LCD\n- Độ phân giải: Full HD+ (1080 x 2340 Pixels), Chính 48 MP & Phụ 8 MP, 2 MP, 2 MP, 8 MP\n- Hệ điều hành: Android 10\n- Vi xử lý: Snapdragon 662 8 nhân\n- Bộ nhớ trong: 64 GB\n- RAM: 4GB\n- Mạng di động: Hỗ trợ 4G\n- Số khe SIM: 2 Nano SIM\n- Dung lượng pin: 6000 mAh\nKhuyến mãi: Không có khuyến mãi\n\nTên sản phẩm: điện thoại xiaomi redmi note 9 - 4gb/128gb - chính hãng dgw\nMàu: Không có thông tin\nGiá: Không có thông tin\nThông số kỹ thuật: - Công nghệ màn hình: IPS LCD\n- Độ phân giải: Full HD+ (1080 x 2340 Pixels), Chính 48 MP & Phụ 8 MP, 2 MP, 2 MP, 13 MP\n- Kích thước màn hình: 6.53 inch\n- Hệ điều hành: Android 10\n- Vi xử lý: MediaTek Helio G85 8 nhân\n- Bộ nhớ trong: 128 GB\n- RAM: 4GB\n- Mạng di động: Hỗ trợ 4G\n- Số khe SIM: 2 Nano SIM\n- Dung lượng pin: 5020 mAh\nKhuyến mãi: Không có khuyến mãi\n\nTên sản phẩm: điện thoại xiaomi redmi note 9 - 3gb/64gb - chính hãng dgw\nMàu: Không có thông tin\nGiá: Không có thông tin\nThông số kỹ thuật: - Công nghệ màn hình: IPS LCD\n- Độ phân giải: Full HD+ (1080 x 2340 Pixels), Chính 48 MP & Phụ 8 MP, 2 MP, 2 MP, 13 MP\n- Kích thước màn hình: 6.53 inch\n- Bộ nhớ trong: 64 GB\n- RAM: 3GB\n- Mạng di động: Hỗ trợ 4G\n- Số khe SIM: 2 Nano SIM\n- Dung lượng pin: 5020 mAh\nKhuyến mãi: Không có khuyến mãi']",Dung lượng pin của điện thoại Xiaomi Redmi 9 là 5020 mAh.,"[{'statement': 'Dung lượng pin của điện thoại Xiaomi Redmi 9 là 5020 mAh.', 'reason': [""Context có cung cấp thông tin về 'Tên sản phẩm: điện thoại xiaomi redmi 9 - 3gb/32gb - chính hãng dgw' và 'Dung lượng pin: 5020 mAh'.""], 'verdict': 1}]",0.0,85.22,2025-08-20 17:43:50
314,Điện thoại Xiaomi Redmi Note 9 Pro có dung lượng RAM là bao nhiêu?,Điện thoại Xiaomi Redmi Note 9 Pro có dung lượng RAM là 6GB.,"['Tên sản phẩm: điện thoại xiaomi redmi note 9 pro - 6gb/64gb - chính hãng dgw\nMàu: Không có thông tin\nGiá: Không có thông tin\nThông số kỹ thuật: - Công nghệ màn hình: IPS LCD\n- Độ phân giải: Full HD+ (1080 x 2400 Pixels), Chính 64 MP & Phụ 8 MP, 5 MP, 2 MP, 16 MP\n- Kích thước màn hình: 6.67 inch\n- Hệ điều hành: Android 10\n- Vi xử lý: Snapdragon 720G 8 nhân\n- Bộ nhớ trong: 64 GB\n- RAM: 6GB\n- Mạng di động: Hỗ trợ 4G\n- Số khe SIM: 2 Nano SIM\n- Dung lượng pin: 5020 mAh\nKhuyến mãi: Không có khuyến mãi\n\nTên sản phẩm: điện thoại xiaomi redmi note 9 pro - 6gb/128gb - chính hãng dgw\nMàu: Không có thông tin\nGiá: Không có thông tin\nThông số kỹ thuật: - Công nghệ màn hình: IPS LCD\n- Độ phân giải: Full HD+ (1080 x 2400 Pixels), Chính 64 MP & Phụ 8 MP, 5 MP, 2 MP, 16 MP\n- Kích thước màn hình: 6.67 inch\n- Hệ điều hành: Android 10\n- Vi xử lý: Snapdragon 720G 8 nhân\n- Bộ nhớ trong: 128 GB\n- RAM: 6GB\n- Mạng di động: Hỗ trợ 4G\n- Số khe SIM: 2 Nano SIM\n- Dung lượng pin: 5020 mAh\nKhuyến mãi: Không có khuyến mãi\n\nTên sản phẩm: điện thoại redmi note 13 pro (8gb/128gb) - chính hãng\nMàu: Màu Tím, Đen, Xanh Lá\nGiá: 6,890,000 ₫\nThông số kỹ thuật: - Công nghệ màn hình: AMOLED 120Hz, Tỉ lệ tương phản 5.000.000:1, Màn hình 10-bit màu, 100% DCI-P3, Màn hình Sunlight, Chứng nhận mức ánh sáng xanh thấp (Giải pháp phần cứng) của TÜV Rheinland | Chứng nhận thân thiện với đặc điểm sinh học của TÜV Rheinland | Chứng nhận không nhấp nháy của TÜV Rheinland | Chế độ đọc\n- Độ phân giải: 1080x2400, Camera chính 200MP f/1.65 OIS, Camera góc siêu rộng 8MP f/2.2, Camera Macro 2MP f/2.4, Camera trước 16MP f/2.4\n- Kích thước màn hình: 6.67 inch\n- Hệ điều hành: MIUI 14 trên nền tảng Android 13\n- Vi xử lý: MediaTek Helio G99 Ultra\n- Bộ nhớ trong: 128GB\n- RAM: 8GB\n- Mạng di động: 2G, 3G, 4G\n- Số khe SIM: 2 nano SIM\n- Dung lượng pin: 5000 mAh\nKhuyến mãi: - KM 1\n- Tặng Vipcare 1 đổi 1 ( nhập lại 600.000)\n\nTên sản phẩm: điện thoại redmi note 11 pro (8gb/128gb) - chính hãng\nMàu: Không có thông tin\nGiá: Không có thông tin\nThông số kỹ thuật: - Công nghệ màn hình: AMOLED\n- Độ phân giải: Full HD+ (1080 x 2400 Pixels), Chính 108 MP & Phụ 8 MP, 2 MP, 2 MP, 16 MP\n- Kích thước màn hình: 6.67 inch\n- Hệ điều hành: Android 11\n- Vi xử lý: MediaTek Helio G96 8 nhân\n- Bộ nhớ trong: 128 GB\n- RAM: 8GB\n- Mạng di động: Hỗ trợ 4G\n- Số khe SIM: 2 Nano SIM (SIM 2 chung khe thẻ nhớ)\n- Dung lượng pin: 5000 mAh\nKhuyến mãi: Không có khuyến mãi']",Điện thoại Xiaomi Redmi Note 9 Pro có dung lượng RAM là 6GB.,"[{'statement': 'Điện thoại Xiaomi Redmi Note 9 Pro có dung lượng RAM là 6GB.', 'reason': [""Ngữ cảnh cung cấp thông tin về hai phiên bản của 'điện thoại xiaomi redmi note 9 pro', cả hai phiên bản (64GB và 128GB bộ nhớ trong) đều được liệt kê với dung lượng RAM là 6GB.""], 'verdict': 1}]",0.0,82.17,2025-08-20 17:43:56
315,Xiaomi Redmi Note 9 có dung lượng pin bao nhiêu?,Xiaomi Redmi Note 9 có dung lượng pin là 5020 mAh.,"['Tên sản phẩm: điện thoại xiaomi redmi note 9 - 3gb/64gb - chính hãng dgw\nMàu: Không có thông tin\nGiá: Không có thông tin\nThông số kỹ thuật: - Công nghệ màn hình: IPS LCD\n- Độ phân giải: Full HD+ (1080 x 2340 Pixels), Chính 48 MP & Phụ 8 MP, 2 MP, 2 MP, 13 MP\n- Kích thước màn hình: 6.53 inch\n- Bộ nhớ trong: 64 GB\n- RAM: 3GB\n- Mạng di động: Hỗ trợ 4G\n- Số khe SIM: 2 Nano SIM\n- Dung lượng pin: 5020 mAh\nKhuyến mãi: Không có khuyến mãi\n\nTên sản phẩm: điện thoại xiaomi redmi note 9 - 4gb/128gb - chính hãng dgw\nMàu: Không có thông tin\nGiá: Không có thông tin\nThông số kỹ thuật: - Công nghệ màn hình: IPS LCD\n- Độ phân giải: Full HD+ (1080 x 2340 Pixels), Chính 48 MP & Phụ 8 MP, 2 MP, 2 MP, 13 MP\n- Kích thước màn hình: 6.53 inch\n- Hệ điều hành: Android 10\n- Vi xử lý: MediaTek Helio G85 8 nhân\n- Bộ nhớ trong: 128 GB\n- RAM: 4GB\n- Mạng di động: Hỗ trợ 4G\n- Số khe SIM: 2 Nano SIM\n- Dung lượng pin: 5020 mAh\nKhuyến mãi: Không có khuyến mãi\n\nTên sản phẩm: điện thoại xiaomi redmi note 9s - 4gb/64gb - chính hãng dgw\nMàu: Không có thông tin\nGiá: Không có thông tin\nThông số kỹ thuật: - Công nghệ màn hình: IPS LCD\n- Độ phân giải: Full HD+ (1080 x 2400 Pixels), Chính 48 MP & Phụ 8 MP, 5 MP, 2 MP, 16 MP\n- Kích thước màn hình: 6.67 inch\n- Hệ điều hành: Android 10\n- Vi xử lý: Snapdragon 720G 8 nhân\n- Bộ nhớ trong: 64 GB\n- RAM: 4GB\n- Mạng di động: Hỗ trợ 4G\n- Số khe SIM: 2 Nano SIM\n- Dung lượng pin: 5020 mAh\nKhuyến mãi: Không có khuyến mãi\n\nTên sản phẩm: điện thoại xiaomi redmi note 9 pro - 6gb/64gb - chính hãng dgw\nMàu: Không có thông tin\nGiá: Không có thông tin\nThông số kỹ thuật: - Công nghệ màn hình: IPS LCD\n- Độ phân giải: Full HD+ (1080 x 2400 Pixels), Chính 64 MP & Phụ 8 MP, 5 MP, 2 MP, 16 MP\n- Kích thước màn hình: 6.67 inch\n- Hệ điều hành: Android 10\n- Vi xử lý: Snapdragon 720G 8 nhân\n- Bộ nhớ trong: 64 GB\n- RAM: 6GB\n- Mạng di động: Hỗ trợ 4G\n- Số khe SIM: 2 Nano SIM\n- Dung lượng pin: 5020 mAh\nKhuyến mãi: Không có khuyến mãi']",Dung lượng pin của Xiaomi Redmi Note 9 là 5020 mAh.,"[{'statement': 'Dung lượng pin của Xiaomi Redmi Note 9 là 5020 mAh.', 'reason': [""Ngữ cảnh cung cấp thông tin về hai mẫu 'điện thoại xiaomi redmi note 9' (phiên bản 3GB/64GB và 4GB/128GB) và cả hai đều có dung lượng pin là 5020 mAh.""], 'verdict': 1}]",0.0,17.23,2025-08-20 17:43:56
316,Kích thước màn hình của điện thoại xiaomi poco x3 là bao nhiêu?,Kích thước màn hình của điện thoại Xiaomi Poco X3 là 6.67 inch.,"['Tên sản phẩm: điện thoại xiaomi poco x3 6gb/64gb - chính hãng dgw\nMàu: Không có thông tin\nGiá: Không có thông tin\nThông số kỹ thuật: - Công nghệ màn hình: IPS LCD\n- Độ phân giải: Full HD+ (1080 x 2400 Pixels), Tần số quét 120Hz, Chính 64 MP & Phụ 13 MP, 2 MP, 2 MP, 20 MP\n- Kích thước màn hình: 6.67 inch\n- Hệ điều hành: Android 10\n- Vi xử lý: Snapdragon 732G 8 nhân\n- Bộ nhớ trong: 64 GB\n- RAM: 6GB\n- Mạng di động: Hỗ trợ 4G\n- Số khe SIM: 2 Nano SIM (SIM 1 chung khe thẻ nhớ)\n- Dung lượng pin: 5160 mAh\nKhuyến mãi: Không có khuyến mãi\n\nTên sản phẩm: điện thoại xiaomi poco x3 6gb/128gb - chính hãng dgw\nMàu: Không có thông tin\nGiá: Không có thông tin\nThông số kỹ thuật: - Công nghệ màn hình: IPS LCD\n- Độ phân giải: Full HD+ (1080 x 2400 Pixels), Tần số quét 120Hz, Chính 64 MP & Phụ 13 MP, 2 MP, 2 MP, 20 MP\n- Kích thước màn hình: 6.67 inch\n- Hệ điều hành: Android 10\n- Vi xử lý: Snapdragon 732G 8 nhân\n- Bộ nhớ trong: 128 GB\n- RAM: 6GB\n- Mạng di động: Hỗ trợ 4G\n- Số khe SIM: 2 Nano SIM (SIM 1 chung khe thẻ nhớ)\n- Dung lượng pin: 5160 mAh\nKhuyến mãi: Không có khuyến mãi\n\nTên sản phẩm: điện thoại poco x6 5g (8gb/256gb) - chính hãng\nMàu: Xanh Dương, Đen, Trắng\nGiá: 6,990,000 ₫\nThông số kỹ thuật: - Công nghệ màn hình: CrystalRes 1.5K Flow AMOLED DotDisplay, Tỷ lệ khung hình: 20: 9, Tỷ lệ tương phản: 5.000.000:1, Gam màu: 100% DCI-P3, Màn hình HDR chuyên nghiệp, Tốc độ làm mới: Lên đến 120Hz, Tốc độ lấy mẫu cảm ứng: 240Hz, Hỗ trợ chế độ ánh sáng mặt trời, Hỗ trợ chế độ chu kỳ, Hỗ trợ chế độ đọc\n- Độ phân giải: 1220x2712, Cảm biến góc rộng 64MP f/1.79, Cảm biến góc siêu rộng 8MP f/2.2, Cảm biến macro 2MP f/2.4, Camera trước 16MP f/2.45\n- Kích thước màn hình: 6.67 inch\n- Hệ điều hành: MIUI 14 cho POCO trên nền tảng Android\n- Vi xử lý: Snapdragon 7s Gen 2\n- Bộ nhớ trong: 256GB\n- RAM: 8GB\n- Mạng di động: 2G. 3G, 4G, 5G\n- Số khe SIM: 2 nano SIM\n- Dung lượng pin: 5100 mAh\nKhuyến mãi: - KM 1\n- Sản phẩm đang thuộc chương trình Flash sale (Số lượng có hạn)\n\nTên sản phẩm: điện thoại poco c65 (8gb/256gb) - chính hãng\nMàu: Xanh Dương, Màu Đen\nGiá: 2,990,000 ₫\nThông số kỹ thuật: - Công nghệ màn hình: IPS LCD\n- Độ phân giải: 600 x 720 pixels (HD+), 50MP, f/1.8, 8MP, f/2.0\n- Kích thước màn hình: 6.74 inches\n- Hệ điều hành: Hệ điều hành MIUI 14\n- Vi xử lý: MediaTek Helio G85 processor\n- Bộ nhớ trong: 256GB\n- RAM: 8 GB\n- Dung lượng pin: 5000 mAh 18W\nKhuyến mãi: - Giảm 20% tối đa 500k khi mở thẻ tín dụng TPBank EVO']",Kích thước màn hình của điện thoại xiaomi poco x3 là 6.67 inch.,"[{'statement': 'Kích thước màn hình của điện thoại Xiaomi Poco X3 là 6.67 inch.', 'reason': [""Thông tin này được tìm thấy trong phần thông số kỹ thuật của cả hai mẫu 'điện thoại xiaomi poco x3' được liệt kê trong ngữ cảnh, trong đó 'Kích thước màn hình' được ghi là '6.67 inch'.""], 'verdict': 1}]",0.0,34.24,2025-08-20 17:44:22
