row_index,query,expected_answer,model_answer,label_statements_of_llm_answer,labeled_statement_of_ground_truth,precision,recall,f1_score,score_calc_time_seconds,timestamp
3,Màn hình của nokia 220 4g sử dụng công nghệ nào?,Màn hình của Nokia 220 4G sử dụng công nghệ màn hình LCD.,Màn hình của Nokia 220 4G sử dụng công nghệ LCD.,"[{'statement': 'Màn hình của Nokia 220 4G sử dụng công nghệ LCD.', 'reason': ['The ground truth confirms that the screen of Nokia 220 4G uses LCD technology.'], 'verdict': 1}]","[{'statement': 'Màn hình của Nokia 220 4G sử dụng công nghệ màn hình LCD.', 'reason': ['The ground truth states that the screen of Nokia 220 4G uses LCD technology.'], 'verdict': 1}]",1.0,1.0,1.0,6.41,2025-08-21 15:42:55
4,Giá của điện thoại xiaomi redmi 12 4gb/128gb là bao nhiêu?,"Giá của điện thoại xiaomi redmi 12 4gb/128gb là 2,990,000 ₫.",Giá của điện thoại Xiaomi Redmi 12 4GB/128GB là 2.990.000đ.,"[{'statement': 'Giá của điện thoại Xiaomi Redmi 12 4GB/128GB là 2.990.000đ.', 'reason': ['The ground truth confirms that the price of the Xiaomi Redmi 12 4GB/128GB is 2,990,000 ₫.'], 'verdict': 1}]","[{'statement': 'Giá của điện thoại xiaomi redmi 12 4gb/128gb là 2,990,000 ₫.', 'reason': ['The ground truth confirms that the price of the Xiaomi Redmi 12 4GB/128GB is 2,990,000đ.'], 'verdict': 1}]",1.0,1.0,1.0,13.16,2025-08-21 15:43:10
1,Samsung Galaxy A05s có bộ nhớ RAM là bao nhiêu?,Samsung Galaxy A05s có bộ nhớ RAM là 4GB.,RAM của Samsung Galaxy A05s là 4GB hoặc 6GB tùy phiên bản.,"[{'statement': 'RAM của Samsung Galaxy A05s là 4GB hoặc 6GB tùy phiên bản.', 'reason': ['The ground truth states that Samsung Galaxy A05s has 4GB RAM, so the statement is partially correct because it mentions 4GB.', 'It also mentions 6GB which is not stated in the ground truth.'], 'verdict': 1}]","[{'statement': 'Samsung Galaxy A05s có bộ nhớ RAM là 4GB.', 'reason': ['The ground truth states that the Samsung Galaxy A05s has 4GB or 6GB of RAM depending on the version, so 4GB is correct.'], 'verdict': 1}]",1.0,1.0,1.0,25.85,2025-08-21 15:43:15
2,Giá của vivo y03 4/64gb là bao nhiêu?,"Giá của vivo y03 4/64gb là 2,790,000 ₫.","2,790,000 ₫","[{'statement': 'Giá của vivo y03 4/64gb là 2,790,000 ₫.', 'reason': ['The ground truth directly states the price of vivo y03 4/64gb is 2,790,000 ₫.'], 'verdict': 1}]","[{'statement': 'Giá của vivo y03 4/64gb là 2,790,000 ₫.', 'reason': ['The ground truth confirms the price of vivo y03 4/64gb is 2,790,000 ₫.'], 'verdict': 1}]",1.0,1.0,1.0,6.69,2025-08-21 16:49:47
6,Màn hình của điện thoại poco c65 có kích thước bao nhiêu?,Màn hình của điện thoại Poco C65 có kích thước 6.74 inches.,"Kích thước màn hình của điện thoại poco c65 là 6,74 inch.","[{'statement': 'Màn hình của điện thoại poco c65 có kích thước 6,74 inch.', 'reason': ['The ground truth states that the screen of the Poco C65 phone has a size of 6.74 inches.'], 'verdict': 1}]","[{'statement': 'Màn hình của điện thoại Poco C65 có kích thước 6.74 inches.', 'reason': ['The ground truth states that the screen size of the Poco C65 phone is 6.74 inches.'], 'verdict': 1}]",1.0,1.0,1.0,16.04,2025-08-21 15:43:32
0,Dung lượng RAM của nokia 3210 4g là bao nhiêu?,Dung lượng RAM của nokia 3210 4g là 64MB.,RAM của nokia 3210 4g là 64MB.,"[{'statement': 'RAM của nokia 3210 4g là 64MB.', 'reason': ['The ground truth states that the RAM of the nokia 3210 4g is 64MB.'], 'verdict': 1}]","[{'statement': 'Dung lượng RAM của nokia 3210 4g là 64MB.', 'reason': ['The ground truth states that the RAM of the nokia 3210 4g is 64MB.'], 'verdict': 1}]",1.0,1.0,1.0,6.23,2025-08-21 16:49:46
5,Điện thoại infinix note 40 pro có bao nhiêu RAM?,Điện thoại Infinix Note 40 Pro có 8GB RAM.,Infinix Note 40 Pro có 8GB RAM.,"[{'statement': 'Infinix Note 40 Pro có 8GB RAM.', 'reason': ['The ground truth confirms that Infinix Note 40 Pro has 8GB RAM.'], 'verdict': 1}]","[{'statement': 'Điện thoại Infinix Note 40 Pro có 8GB RAM.', 'reason': ['The ground truth states that the Infinix Note 40 Pro has 8GB of RAM.'], 'verdict': 1}]",1.0,1.0,1.0,32.66,2025-08-21 15:43:43
9,Điện thoại vivo y18s 6/128gb có những màu nào?,"vivo y18s 6/128gb có hai màu: Xanh, Nâu","Xanh, Nâu","[{'statement': 'Điện thoại vivo y18s 6/128gb có màu xanh.', 'reason': ['The ground truth states that vivo y18s 6/128gb có màu xanh (has a blue color).'], 'verdict': 1}, {'statement': 'Điện thoại vivo y18s 6/128gb có màu nâu.', 'reason': ['The ground truth states that vivo y18s 6/128gb có màu nâu (has a brown color).'], 'verdict': 1}]","[{'statement': 'Điện thoại vivo y18s 6/128gb có màu xanh.', 'reason': [""The ground truth lists 'Xanh' (Blue) as one of the colors.""], 'verdict': 1}, {'statement': 'Điện thoại vivo y18s 6/128gb có màu nâu.', 'reason': [""The ground truth lists 'Nâu' (Brown) as one of the colors.""], 'verdict': 1}]",1.0,1.0,1.0,6.94,2025-08-21 16:49:47
8,Bộ nhớ trong của điện thoại tecno camon 30 là bao nhiêu?,Bộ nhớ trong của điện thoại Tecno Camon 30 là 256GB.,Bộ nhớ trong của điện thoại Tecno Camon 30 là 256 GB.,"[{'statement': 'Bộ nhớ trong của điện thoại Tecno Camon 30 là 256 GB.', 'reason': ['Ground Truth specifies the internal memory of the phone Tecno Camon 30 is 256GB.'], 'verdict': 1}]","[{'statement': 'Bộ nhớ trong của điện thoại Tecno Camon 30 là 256GB.', 'reason': ['The ground truth states that the internal memory of the Tecno Camon 30 phone is 256GB.'], 'verdict': 1}]",1.0,1.0,1.0,6.93,2025-08-21 16:49:47
7,Xiaomi Redmi 12 có bao nhiêu màu sắc lựa chọn?,"Xiaomi Redmi 12 có ba màu sắc lựa chọn: Bạc, Màu Đen, Xanh Dương.","Xiaomi Redmi 12 có 3 màu sắc lựa chọn: Bạc, Màu Đen, Xanh Dương.","[{'statement': 'Xiaomi Redmi 12 có 3 màu sắc lựa chọn.', 'reason': ['The ground truth states that Xiaomi Redmi 12 has three color options.'], 'verdict': 1}, {'statement': 'Các màu sắc lựa chọn của Xiaomi Redmi 12 là Bạc, Màu Đen và Xanh Dương.', 'reason': ['The ground truth confirms that the color options of Xiaomi Redmi 12 are Silver, Black, and Blue.'], 'verdict': 1}]","[{'statement': 'Xiaomi Redmi 12 có ba màu sắc lựa chọn.', 'reason': ['The ground truth states that Xiaomi Redmi 12 có 3 màu sắc lựa chọn.'], 'verdict': 1}, {'statement': 'Các màu sắc lựa chọn của Xiaomi Redmi 12 là Bạc.', 'reason': ['The ground truth confirms that Bạc is one of the color options.'], 'verdict': 1}, {'statement': 'Các màu sắc lựa chọn của Xiaomi Redmi 12 là Màu Đen.', 'reason': ['The ground truth confirms that Màu Đen is one of the color options.'], 'verdict': 1}, {'statement': 'Các màu sắc lựa chọn của Xiaomi Redmi 12 là Xanh Dương.', 'reason': ['The ground truth confirms that Xanh Dương is one of the color options.'], 'verdict': 1}]",1.0,1.0,1.0,10.37,2025-08-21 17:58:04
12,Điện thoại Tecno Camon 30 có bộ nhớ trong dung lượng bao nhiêu?,Điện thoại Tecno Camon 30 có bộ nhớ trong dung lượng 256GB.,Bộ nhớ trong của điện thoại Tecno Camon 30 là 256 GB.,"[{'statement': 'Điện thoại Tecno Camon 30 có bộ nhớ trong 256 GB.', 'reason': ['The ground truth confirms that the Tecno Camon 30 phone has an internal memory of 256GB.'], 'verdict': 1}]","[{'statement': 'Điện thoại Tecno Camon 30 có bộ nhớ trong dung lượng 256GB.', 'reason': ['The ground truth states that the Tecno Camon 30 phone has an internal memory of 256 GB.'], 'verdict': 1}]",1.0,1.0,1.0,6.41,2025-08-21 15:44:23
10,Điện thoại di động mobell f209 4g có những màu nào?,"Điện thoại di động Mobell F209 4G có các màu Đen, Đỏ, Xanh, Vàng.","Màu Đen, Màu Đỏ, Màu Xanh, Màu Vàng","[{'statement': 'Điện thoại di động mobell f209 4g có màu đen.', 'reason': ['The ground truth states that the Mobell F209 4G mobile phone has a black color.'], 'verdict': 1}, {'statement': 'Điện thoại di động mobell f209 4g có màu đỏ.', 'reason': ['The ground truth states that the Mobell F209 4G mobile phone has a red color.'], 'verdict': 1}, {'statement': 'Điện thoại di động mobell f209 4g có màu xanh.', 'reason': ['The ground truth states that the Mobell F209 4G mobile phone has a blue color.'], 'verdict': 1}, {'statement': 'Điện thoại di động mobell f209 4g có màu vàng.', 'reason': ['The ground truth states that the Mobell F209 4G mobile phone has a yellow color.'], 'verdict': 1}]","[{'statement': 'Điện thoại di động Mobell F209 4G có các màu Đen, Đỏ, Xanh, Vàng.', 'reason': ['The ground truth lists the colors Đen, Đỏ, Xanh, Vàng.', 'This matches the statement.'], 'verdict': 1}]",1.0,1.0,1.0,9.43,2025-08-21 17:58:03
15,Điện thoại di động Mobell M539 4G có những màu nào?,Điện thoại di động Mobell M539 4G có màu Gold và Red.,"Màu Gold, Red.","[{'statement': 'Điện thoại di động Mobell M539 4G có màu Gold.', 'reason': ['The ground truth states that the Mobell M539 4G mobile phone is available in Gold.'], 'verdict': 1}, {'statement': 'Điện thoại di động Mobell M539 4G có màu Red.', 'reason': ['The ground truth states that the Mobell M539 4G mobile phone is available in Red.'], 'verdict': 1}]","[{'statement': 'Điện thoại di động Mobell M539 4G có màu Gold.', 'reason': ['The ground truth mentions ""Màu Gold"", which means the phone is available in Gold color.'], 'verdict': 1}, {'statement': 'Điện thoại di động Mobell M539 4G có màu Red.', 'reason': ['The ground truth mentions ""Màu Red"", which means the phone is available in Red color.'], 'verdict': 1}]",1.0,1.0,1.0,30.14,2025-08-21 15:45:29
11,Điện thoại Samsung Galaxy A34 5G có bao nhiêu camera và độ phân giải của chúng là bao nhiêu?,"Điện thoại Samsung Galaxy A34 5G có 4 camera với độ phân giải là 48MP F1.8 OIS (Rộng), 8MP F2.2 (Siêu Rộng), 5MP F2.4 (Cận cảnh) và 13MP F2.2.","Điện thoại Samsung Galaxy A34 5G có 4 camera, bao gồm: camera siêu rộng 8 MP, camera rộng 48 MP, camera cận cảnh 5 MP và camera macro 13 MP.","[{'statement': 'Điện thoại Samsung Galaxy A34 5G có 4 camera.', 'reason': ['The ground truth confirms that the Samsung Galaxy A34 5G phone has 4 cameras.'], 'verdict': 1}, {'statement': 'Điện thoại Samsung Galaxy A34 5G có camera siêu rộng 8 MP.', 'reason': ['The ground truth confirms that the Samsung Galaxy A34 5G phone has an 8MP ultra-wide camera.'], 'verdict': 1}, {'statement': 'Điện thoại Samsung Galaxy A34 5G có camera rộng 48 MP.', 'reason': ['The ground truth confirms that the Samsung Galaxy A34 5G phone has a 48MP wide camera.'], 'verdict': 1}, {'statement': 'Điện thoại Samsung Galaxy A34 5G có camera cận cảnh 5 MP.', 'reason': ['The ground truth confirms that the Samsung Galaxy A34 5G phone has a 5MP macro camera.'], 'verdict': 1}, {'statement': 'Điện thoại Samsung Galaxy A34 5G có camera macro 13 MP.', 'reason': ['The ground truth states that the front camera is 13MP F2.2, not the macro camera.'], 'verdict': 0}]","[{'statement': 'Điện thoại Samsung Galaxy A34 5G có 4 camera.', 'reason': ['The ground truth confirms that the Samsung Galaxy A34 5G phone has 4 cameras.'], 'verdict': 1}, {'statement': 'Độ phân giải của camera rộng trên điện thoại Samsung Galaxy A34 5G là 48MP F1.8 OIS.', 'reason': ['The ground truth confirms that the wide camera on the Samsung Galaxy A34 5G phone has a resolution of 48MP.'], 'verdict': 1}, {'statement': 'Độ phân giải của camera siêu rộng trên điện thoại Samsung Galaxy A34 5G là 8MP F2.2.', 'reason': ['The ground truth confirms that the ultrawide camera on the Samsung Galaxy A34 5G phone has a resolution of 8MP.'], 'verdict': 1}, {'statement': 'Độ phân giải của camera cận cảnh trên điện thoại Samsung Galaxy A34 5G là 5MP F2.4.', 'reason': ['The ground truth confirms that the macro camera on the Samsung Galaxy A34 5G phone has a resolution of 5MP.'], 'verdict': 1}, {'statement': 'Điện thoại Samsung Galaxy A34 5G có một camera với độ phân giải 13MP F2.2.', 'reason': [""The ground truth indicates a 13MP camera is present, but it's the macro camera, not a single unspecified camera. The statement is misleading because the ground truth refers to a 13MP macro camera, not a standalone unspecified camera.""], 'verdict': 0}]",0.8,0.8,0.8,37.33,2025-08-21 16:50:25
14,Điện thoại di động Mobell Rock 4 4G có những màu nào?,"Điện thoại di động Mobell Rock 4 4G có các màu Xanh Blue, Xanh Lục, Màu Đen.","Xanh blue, Xanh Lục, Màu Đen","[{'statement': 'Điện thoại di động Mobell Rock 4 4G có màu xanh blue.', 'reason': ['The ground truth states that the Mobell Rock 4 4G mobile phone is available in Blue.', 'Xanh Blue in the ground truth translates to Blue.'], 'verdict': 1}, {'statement': 'Điện thoại di động Mobell Rock 4 4G có màu xanh lục.', 'reason': ['The ground truth states that the Mobell Rock 4 4G mobile phone is available in Green.', 'Xanh Lục in the ground truth translates to Green.'], 'verdict': 1}, {'statement': 'Điện thoại di động Mobell Rock 4 4G có màu đen.', 'reason': ['The ground truth states that the Mobell Rock 4 4G mobile phone is available in Black.', 'Màu Đen in the ground truth translates to Black.'], 'verdict': 1}]","[{'statement': 'Điện thoại di động Mobell Rock 4 4G có màu Xanh Blue.', 'reason': ['The ground truth mentions ""Xanh blue"" as a color of the phone.'], 'verdict': 1}, {'statement': 'Điện thoại di động Mobell Rock 4 4G có màu Xanh Lục.', 'reason': ['The ground truth mentions ""Xanh Lục"" as a color of the phone.'], 'verdict': 1}, {'statement': 'Điện thoại di động Mobell Rock 4 4G có màu Đen.', 'reason': ['The ground truth mentions ""Màu Đen"" as a color of the phone.'], 'verdict': 1}]",1.0,1.0,1.0,6.86,2025-08-21 17:58:01
13,Điện thoại di động Mobell M139 4G có những màu nào?,"Điện thoại di động Mobell M139 4G có các màu: Đen, Đỏ, Xanh.","Black, Red, Blue","[{'statement': 'Điện thoại di động Mobell M139 4G có màu Black (đen).', 'reason': ['The ground truth states that the Mobell M139 4G mobile phone has a black color.'], 'verdict': 1}, {'statement': 'Điện thoại di động Mobell M139 4G có màu Red (đỏ).', 'reason': ['The ground truth states that the Mobell M139 4G mobile phone has a red color.'], 'verdict': 1}, {'statement': 'Điện thoại di động Mobell M139 4G có màu Blue (xanh lam).', 'reason': ['The ground truth states that the Mobell M139 4G mobile phone has a blue color.'], 'verdict': 1}]","[{'statement': 'Điện thoại di động Mobell M139 4G có các màu đen.', 'reason': ['The ground truth mentions that the Mobell M139 4G is available in black.'], 'verdict': 1}, {'statement': 'Điện thoại di động Mobell M139 4G có các màu đỏ.', 'reason': ['The ground truth mentions that the Mobell M139 4G is available in red.'], 'verdict': 1}, {'statement': 'Điện thoại di động Mobell M139 4G có các màu xanh.', 'reason': ['The ground truth mentions that the Mobell M139 4G is available in blue.'], 'verdict': 1}]",1.0,1.0,1.0,7.73,2025-08-21 17:58:01
16,Nubia neo 2 8gb+12gb/256gb có chương trình khuyến mãi nào không?,Nubia neo 2 8gb+12gb/256gb có chương trình khuyến mãi bao gồm tặng Tai nghe không dây Havit TW960 - Chính Hãng trị giá 490.000₫.,"Có, chương trình khuyến mãi “KM 1” tặng tai nghe không dây Havit TW960 trị giá 490.000₫.","[{'statement': 'Có chương trình khuyến mãi “KM 1” tặng tai nghe không dây Havit TW960 trị giá 490.000₫.', 'reason': ['The ground truth confirms there is a promotion that includes a Havit TW960 wireless headphone with a value of 490.000₫.'], 'verdict': 1}]","[{'statement': 'Nubia neo 2 8gb+12gb/256gb có chương trình khuyến mãi.', 'reason': ['The ground truth states that there is a promotion program.'], 'verdict': 1}, {'statement': 'Chương trình khuyến mãi bao gồm tặng Tai nghe không dây Havit TW960 - Chính Hãng trị giá 490.000₫.', 'reason': ['The ground truth confirms that the promotion program includes a free Havit TW960 wireless headset worth 490,000₫.'], 'verdict': 1}]",1.0,1.0,1.0,8.52,2025-08-22 06:14:11
19,Điện thoại realme c53 có bao nhiêu dung lượng lưu trữ nội bộ?,Điện thoại realme C53 có dung lượng lưu trữ nội bộ là 256GB.,Điện thoại realme c53 có 256GB dung lượng lưu trữ nội bộ.,"[{'statement': 'Điện thoại realme c53 có 256GB dung lượng lưu trữ nội bộ.', 'reason': ['The ground truth states that the realme C53 phone has 256GB of internal storage.'], 'verdict': 1}]","[{'statement': 'Điện thoại realme C53 có dung lượng lưu trữ nội bộ là 256GB.', 'reason': ['The ground truth states that the realme c53 phone has 256GB of internal storage.'], 'verdict': 1}]",1.0,1.0,1.0,6.83,2025-08-21 21:07:09
17,Điện thoại di động Mobell F309 4G có những màu sắc nào?,"Điện thoại di động Mobell F309 4G có màu Vàng, màu Đen, Đỏ, Xanh.","Màu Vàng, Màu Đen, Đỏ, Xanh.","[{'statement': 'Điện thoại di động Mobell F309 4G có màu vàng.', 'reason': ['The ground truth states that the Mobell F309 4G mobile phone is available in yellow.'], 'verdict': 1}, {'statement': 'Điện thoại di động Mobell F309 4G có màu đen.', 'reason': ['The ground truth states that the Mobell F309 4G mobile phone is available in black.'], 'verdict': 1}, {'statement': 'Điện thoại di động Mobell F309 4G có màu đỏ.', 'reason': ['The ground truth states that the Mobell F309 4G mobile phone is available in red.'], 'verdict': 1}, {'statement': 'Điện thoại di động Mobell F309 4G có màu xanh.', 'reason': ['The ground truth states that the Mobell F309 4G mobile phone is available in blue.'], 'verdict': 1}]","[{'statement': 'Điện thoại di động Mobell F309 4G có màu Vàng.', 'reason': ['The ground truth mentions that the phone is available in Vàng (Yellow).'], 'verdict': 1}, {'statement': 'Điện thoại di động Mobell F309 4G có màu Đen.', 'reason': ['The ground truth mentions that the phone is available in Đen (Black).'], 'verdict': 1}, {'statement': 'Điện thoại di động Mobell F309 4G có màu Đỏ.', 'reason': ['The ground truth mentions that the phone is available in Đỏ (Red).'], 'verdict': 1}, {'statement': 'Điện thoại di động Mobell F309 4G có màu Xanh.', 'reason': ['The ground truth mentions that the phone is available in Xanh (Blue).'], 'verdict': 1}]",1.0,1.0,1.0,13.04,2025-08-21 21:07:15
20,Giá của điện thoại samsung galaxy s23 fe 5g là bao nhiêu?,"Giá của điện thoại Samsung Galaxy S23 FE 5G 8GB/256GB là 14,890,000 ₫",Giá của điện thoại Samsung Galaxy S23 FE 5G là 14 890 000₫ cho phiên bản 8GB/256GB và 12 890 000₫ cho phiên bản 8GB/128GB.,"[{'statement': 'Giá của điện thoại Samsung Galaxy S23 FE 5G là 14 890 000₫ cho phiên bản 8GB/256GB.', 'reason': ['The ground truth confirms that the price of the Samsung Galaxy S23 FE 5G 8GB/256GB is 14,890,000₫.'], 'verdict': 1}, {'statement': 'Giá của điện thoại Samsung Galaxy S23 FE 5G là 12 890 000₫ cho phiên bản 8GB/128GB.', 'reason': ['The ground truth only mentions the price for the 8GB/256GB version and does not provide information about the 8GB/128GB version.', 'Therefore, this statement cannot be directly inferred from the ground truth.'], 'verdict': 0}]","[{'statement': 'Giá của điện thoại Samsung Galaxy S23 FE 5G 8GB/256GB là 14,890,000 ₫', 'reason': ['The ground truth states the price of Samsung Galaxy S23 FE 5G 8GB/256GB is 14,890,000₫'], 'verdict': 1}]",0.5,1.0,0.67,10.91,2025-08-21 15:46:32
21,Điện thoại Redmi A3 có dung lượng bộ nhớ trong bao nhiêu?,Điện thoại Redmi A3 có dung lượng bộ nhớ trong là 128GB.,Bộ nhớ trong của điện thoại Redmi A3 là 128GB.,"[{'statement': 'Điện thoại Redmi A3 có dung lượng bộ nhớ trong là 128GB.', 'reason': ['The ground truth confirms that the Redmi A3 phone has an internal storage capacity of 128GB.'], 'verdict': 1}]","[{'statement': 'Điện thoại Redmi A3 có dung lượng bộ nhớ trong là 128GB.', 'reason': ['The ground truth confirms that the internal memory of the Redmi A3 phone is 128GB.'], 'verdict': 1}]",1.0,1.0,1.0,9.63,2025-08-21 15:46:32
18,Điện thoại di động Mobell M331 4G có những tùy chọn màu sắc nào?,"Điện thoại di động Mobell M331 4G có các tùy chọn màu sắc là Đỏ, Xanh, Màu Đen.","Màu đỏ, xanh, đen","[{'statement': 'Điện thoại di động Mobell M331 4G có màu đỏ.', 'reason': ['The ground truth states that the Mobell M331 4G mobile phone has red as a color option.'], 'verdict': 1}, {'statement': 'Điện thoại di động Mobell M331 4G có màu xanh.', 'reason': ['The ground truth states that the Mobell M331 4G mobile phone has green as a color option.'], 'verdict': 1}, {'statement': 'Điện thoại di động Mobell M331 4G có màu đen.', 'reason': ['The ground truth states that the Mobell M331 4G mobile phone has black as a color option.'], 'verdict': 1}]","[{'statement': 'Điện thoại di động Mobell M331 4G có các tùy chọn màu sắc là Đỏ.', 'reason': ['The ground truth states the phone is available in Red.'], 'verdict': 1}, {'statement': 'Điện thoại di động Mobell M331 4G có các tùy chọn màu sắc là Xanh.', 'reason': ['The ground truth states the phone is available in Blue.'], 'verdict': 1}, {'statement': 'Điện thoại di động Mobell M331 4G có các tùy chọn màu sắc là Màu Đen.', 'reason': ['The ground truth states the phone is available in Black.'], 'verdict': 1}]",1.0,1.0,1.0,17.75,2025-08-21 16:51:23
24,Giá của điện thoại realme c60 4gb/64gb là bao nhiêu?,"Giá của điện thoại realme c60 4gb/64gb là 2,790,000 ₫.","Giá của điện thoại Realme C60 4GB/64GB là 2,790,000₫.","[{'statement': 'Giá của điện thoại Realme C60 4GB/64GB là 2,790,000₫.', 'reason': ['The ground truth states that the price of the realme c60 4gb/64gb phone is 2,790,000 ₫.'], 'verdict': 1}]","[{'statement': 'Giá của điện thoại realme c60 4gb/64gb là 2,790,000 ₫.', 'reason': ['The ground truth confirms that the price of the Realme C60 4GB/64GB phone is 2,790,000₫.'], 'verdict': 1}]",1.0,1.0,1.0,11.2,2025-08-21 21:07:13
23,Giá của điện thoại ZTE Blade A54 là bao nhiêu?,"Giá của điện thoại ZTE Blade A54 là 2,290,000 ₫.","Giá của điện thoại ZTE Blade A54 là 2,290,000 ₫.","[{'statement': 'Giá của điện thoại ZTE Blade A54 là 2,290,000 ₫.', 'reason': ['The ground truth states that the price of the ZTE Blade A54 phone is 2,290,000 ₫.'], 'verdict': 1}]","[{'statement': 'Giá của điện thoại ZTE Blade A54 là 2,290,000 ₫.', 'reason': ['The ground truth states that the price of ZTE Blade A54 is 2,290,000 ₫.'], 'verdict': 1}]",1.0,1.0,1.0,6.69,2025-08-22 05:30:57
25,Điện thoại Samsung Galaxy S24 Ultra có những màu nào?,"Điện thoại Samsung Galaxy S24 Ultra có các màu: Màu Xám, Màu Đen, Màu Tím, Màu Vàng.","Màu Xám, Màu Đen, Màu Tím, Màu Vàng","[{'statement': 'Điện thoại Samsung Galaxy S24 Ultra có màu Xám.', 'reason': ['The ground truth states that the Samsung Galaxy S24 Ultra has a gray color option.'], 'verdict': 1}, {'statement': 'Điện thoại Samsung Galaxy S24 Ultra có màu Đen.', 'reason': ['The ground truth states that the Samsung Galaxy S24 Ultra has a black color option.'], 'verdict': 1}, {'statement': 'Điện thoại Samsung Galaxy S24 Ultra có màu Tím.', 'reason': ['The ground truth states that the Samsung Galaxy S24 Ultra has a purple color option.'], 'verdict': 1}, {'statement': 'Điện thoại Samsung Galaxy S24 Ultra có màu Vàng.', 'reason': ['The ground truth states that the Samsung Galaxy S24 Ultra has a yellow color option.'], 'verdict': 1}]","[{'statement': 'Điện thoại Samsung Galaxy S24 Ultra có màu Xám.', 'reason': ['The ground truth lists Xám (Gray) as a color option for the Samsung Galaxy S24 Ultra.'], 'verdict': 1}, {'statement': 'Điện thoại Samsung Galaxy S24 Ultra có màu Đen.', 'reason': ['The ground truth lists Đen (Black) as a color option for the Samsung Galaxy S24 Ultra.'], 'verdict': 1}, {'statement': 'Điện thoại Samsung Galaxy S24 Ultra có màu Tím.', 'reason': ['The ground truth lists Tím (Purple) as a color option for the Samsung Galaxy S24 Ultra.'], 'verdict': 1}, {'statement': 'Điện thoại Samsung Galaxy S24 Ultra có màu Vàng.', 'reason': ['The ground truth lists Vàng (Yellow) as a color option for the Samsung Galaxy S24 Ultra.'], 'verdict': 1}]",1.0,1.0,1.0,17.49,2025-08-21 15:47:23
26,Màu sắc có sẵn của oscal tiger 12 là gì?,"Màu sắc có sẵn của Oscal Tiger 12 là Xanh Thiên Thanh, Xám Vân Vũ, Tím Bồng Bềnh.","Xanh Thiên Thanh, Xám Vân Vũ, Tím Bồng Bềnh","[{'statement': 'Các màu sắc có sẵn của oscal tiger 12 là Xanh Thiên Thanh.', 'reason': ['The ground truth confirms that Xanh Thiên Thanh is an available color for Oscal Tiger 12.'], 'verdict': 1}, {'statement': 'Các màu sắc có sẵn của oscal tiger 12 là Xám Vân Vũ.', 'reason': ['The ground truth confirms that Xám Vân Vũ is an available color for Oscal Tiger 12.'], 'verdict': 1}, {'statement': 'Các màu sắc có sẵn của oscal tiger 12 là Tím Bồng Bềnh.', 'reason': ['The ground truth confirms that Tím Bồng Bềnh is an available color for Oscal Tiger 12.'], 'verdict': 1}]","[{'statement': 'Màu sắc có sẵn của Oscal Tiger 12 là Xanh Thiên Thanh.', 'reason': ['The ground truth confirms that Xanh Thiên Thanh is one of the available colors.'], 'verdict': 1}, {'statement': 'Màu sắc có sẵn của Oscal Tiger 12 là Xám Vân Vũ.', 'reason': ['The ground truth confirms that Xám Vân Vũ is one of the available colors.'], 'verdict': 1}, {'statement': 'Màu sắc có sẵn của Oscal Tiger 12 là Tím Bồng Bềnh.', 'reason': ['The ground truth confirms that Tím Bồng Bềnh is one of the available colors.'], 'verdict': 1}]",1.0,1.0,1.0,26.99,2025-08-21 15:47:44
22,Giá của điện thoại TCL 406S (4GB/64GB) là bao nhiêu?,"Giá của điện thoại TCL 406S (4GB/64GB) là 1,990,000 ₫.","Giá của điện thoại TCL 406S (4GB/64GB) là 1,990,000 ₫.","[{'statement': 'Giá của điện thoại TCL 406S (4GB/64GB) là 1,990,000 ₫.', 'reason': ['The ground truth confirms that the price of the TCL 406S (4GB/64GB) phone is 1,990,000 ₫.'], 'verdict': 1}]","[{'statement': 'Giá của điện thoại TCL 406S (4GB/64GB) là 1,990,000 ₫.', 'reason': ['The ground truth confirms that the price of the TCL 406S (4GB/64GB) phone is 1,990,000 ₫.'], 'verdict': 1}]",1.0,1.0,1.0,6.82,2025-08-22 05:30:57
28,Khuyến mãi nào áp dụng khi mua điện thoại redmi a2+ (3gb/64gb)?,"Khuyến mãi khi mua điện thoại Redmi A2+ (3GB/64GB) gồm: giảm 5% không giới hạn khuyến mãi qua Homepaylater, giảm 50% tối đa 700k khi mở thẻ tín dụng Vpbank trên SenID, giảm 20% tối đa 500k khi mở thẻ tín dụng TPBank EVO, giảm 1% tối đa 100.000đ khi thanh toán qua Zalopay.","Giảm 5% không giới hạn khuyến mãi qua Homepaylater, Giảm 50% tối đa 700k khi mở thẻ tín dụng Vpbank trên SenID, Giảm 20% tối đa 500k khi mở thẻ tín dụng TPBank EVO, Giảm 1% tối đa 100.000đ khi thanh toán qua Zalopay.","[{'statement': 'Điện thoại Redmi A2+ (3GB/64GB) được giảm 5% không giới hạn khuyến mãi qua Homepaylater.', 'reason': ['The ground truth confirms that Redmi A2+ (3GB/64GB) is reduced by 5% without promotion limit through Homepaylater.'], 'verdict': 1}, {'statement': 'Điện thoại Redmi A2+ (3GB/64GB) được giảm 50% tối đa 700k khi mở thẻ tín dụng Vpbank trên SenID.', 'reason': ['The ground truth confirms that Redmi A2+ (3GB/64GB) is reduced by 50% up to 700k when opening a Vpbank credit card on SenID.'], 'verdict': 1}, {'statement': 'Điện thoại Redmi A2+ (3GB/64GB) được giảm 20% tối đa 500k khi mở thẻ tín dụng TPBank EVO.', 'reason': ['The ground truth confirms that Redmi A2+ (3GB/64GB) is reduced by 20% up to 500k when opening a TPBank EVO credit card.'], 'verdict': 1}, {'statement': 'Điện thoại Redmi A2+ (3GB/64GB) được giảm 1% tối đa 100.000đ khi thanh toán qua Zalopay.', 'reason': ['The ground truth confirms that Redmi A2+ (3GB/64GB) is reduced by 1% up to 100,000 VND when paying via Zalopay.'], 'verdict': 1}]","[{'statement': 'Khuyến mãi khi mua điện thoại Redmi A2+ (3GB/64GB) bao gồm giảm 5% không giới hạn khuyến mãi qua Homepaylater.', 'reason': ['The ground truth states ""Giảm 5% không giới hạn khuyến mãi qua Homepaylater"" which supports the statement.'], 'verdict': 1}, {'statement': 'Khuyến mãi khi mua điện thoại Redmi A2+ (3GB/64GB) bao gồm giảm 50% tối đa 700k khi mở thẻ tín dụng Vpbank trên SenID.', 'reason': ['The ground truth states ""Giảm 50% tối đa 700k khi mở thẻ tín dụng Vpbank trên SenID"" which supports the statement.'], 'verdict': 1}, {'statement': 'Khuyến mãi khi mua điện thoại Redmi A2+ (3GB/64GB) bao gồm giảm 20% tối đa 500k khi mở thẻ tín dụng TPBank EVO.', 'reason': ['The ground truth states ""Giảm 20% tối đa 500k khi mở thẻ tín dụng TPBank EVO"" which supports the statement.'], 'verdict': 1}, {'statement': 'Khuyến mãi khi mua điện thoại Redmi A2+ (3GB/64GB) bao gồm giảm 1% tối đa 100.000đ khi thanh toán qua Zalopay.', 'reason': ['The ground truth states ""Giảm 1% tối đa 100.000đ khi thanh toán qua Zalopay"" which supports the statement.'], 'verdict': 1}]",1.0,1.0,1.0,10.79,2025-08-22 05:31:01
27,Tecno Spark 20 Pro có mấy khe SIM?,Tecno Spark 20 Pro có 2 khe SIM nano.,Số khe SIM của Tecno Spark 20 Pro là 2 khe nano SIM.,"[{'statement': 'Tecno Spark 20 Pro có 2 khe nano SIM.', 'reason': ['The ground truth confirms that the Tecno Spark 20 Pro has 2 nano SIM slots.'], 'verdict': 1}]","[{'statement': 'Tecno Spark 20 Pro có 2 khe SIM nano.', 'reason': ['The ground truth states that the Tecno Spark 20 Pro has 2 nano SIM slots.'], 'verdict': 1}]",1.0,1.0,1.0,14.51,2025-08-21 16:52:18
30,Điện thoại Samsung Galaxy A35 có dung lượng pin là bao nhiêu?,Điện thoại Samsung Galaxy A35 có dung lượng pin là 5000 mAh.,Được trang bị pin dung lượng 5000 mAh.,"[{'statement': 'Điện thoại Samsung Galaxy A35 được trang bị pin dung lượng 5000 mAh.', 'reason': ['The ground truth states that the Samsung Galaxy A35 phone has a battery capacity of 5000 mAh.'], 'verdict': 1}]","[{'statement': 'Điện thoại Samsung Galaxy A35 có dung lượng pin là 5000 mAh.', 'reason': ['The ground truth confirms that the Samsung Galaxy A35 phone has a battery capacity of 5000 mAh.'], 'verdict': 1}]",1.0,1.0,1.0,13.6,2025-08-21 16:52:27
32,Điện thoại realme C51 có kích thước màn hình bao nhiêu inch?,6.74 inch,"Kích thước màn hình của điện thoại realme C51 là 6,74 inch.","[{'statement': 'Điện thoại realme C51 có kích thước màn hình 6,74 inch.', 'reason': ['The ground truth confirms that the realme C51 phone has a screen size of 6.74 inches.'], 'verdict': 1}]","[{'statement': 'Điện thoại realme C51 có kích thước màn hình 6.74 inch.', 'reason': ['The ground truth states that the screen size of the realme C51 phone is 6.74 inches.'], 'verdict': 1}]",1.0,1.0,1.0,13.24,2025-08-21 15:48:34
29,Màu sắc nào có sẵn cho điện thoại honor x7b?,Điện thoại Honor X7B có màu Bạc và màu Đen.,"Bạc, Màu Đen","[{'statement': 'Điện thoại honor x7b có màu bạc.', 'reason': ['The ground truth states that the Honor X7B phone is available in Silver.'], 'verdict': 1}, {'statement': 'Điện thoại honor x7b có màu đen.', 'reason': ['The ground truth states that the Honor X7B phone is available in Black.'], 'verdict': 1}]","[{'statement': 'Điện thoại Honor X7B có màu Bạc.', 'reason': ['The ground truth states that the phone is available in Silver.'], 'verdict': 1}, {'statement': 'Điện thoại Honor X7B có màu Đen.', 'reason': ['The ground truth states that the phone is available in Black.'], 'verdict': 1}]",1.0,1.0,1.0,6.13,2025-08-22 06:14:08
35,Điện thoại di động Masstel Fami 12s 4G có những ưu đãi gì khi mua qua các phương thức thanh toán khác nhau?,"Điện thoại di động Masstel Fami 12s 4G có các ưu đãi khi thanh toán qua các phương thức khác nhau như sau: giảm 5% không giới hạn khuyến mãi qua Homepaylater, giảm 50% tối đa 700 nghìn đồng khi mở thẻ tín dụng Vpbank trên SenID, giảm 20% tối đa 500 nghìn đồng khi mở thẻ tín dụng TPBank EVO, giảm 1% tối đa 100 nghìn đồng khi thanh toán qua Zalopay.","- Mua qua Homepaylater: giảm 5 % (không giới hạn).  
- Mở thẻ tín dụng Vpbank trên SenID: giảm 50 % tối đa 700 kđ.  
- Mở thẻ tín dụng TPBank EVO: giảm 20 % tối đa 500 kđ.  
- Thanh toán qua Zalopay: giảm 1 % tối đa 100 kđ.","[{'statement': 'Khi mua điện thoại di động Masstel Fami 12s 4G qua Homepaylater, khách hàng được giảm 5% không giới hạn.', 'reason': ['The ground truth confirms that customers get a 5% discount without limits when purchasing the Masstel Fami 12s 4G mobile phone via Homepaylater.'], 'verdict': 1}, {'statement': 'Khi mở thẻ tín dụng Vpbank trên SenID để mua điện thoại di động Masstel Fami 12s 4G, khách hàng được giảm 50% tối đa 700.000 VNĐ.', 'reason': ['The ground truth confirms a 50% discount, up to a maximum of 700,000 VND, when opening a Vpbank credit card on SenID to purchase the Masstel Fami 12s 4G mobile phone.'], 'verdict': 1}, {'statement': 'Khi mở thẻ tín dụng TPBank EVO để mua điện thoại di động Masstel Fami 12s 4G, khách hàng được giảm 20% tối đa 500.000 VNĐ.', 'reason': ['The ground truth confirms a 20% discount, up to a maximum of 500,000 VND, when opening a TPBank EVO credit card to purchase the Masstel Fami 12s 4G mobile phone.'], 'verdict': 1}, {'statement': 'Khi thanh toán qua Zalopay để mua điện thoại di động Masstel Fami 12s 4G, khách hàng được giảm 1% tối đa 100.000 VNĐ.', 'reason': ['The ground truth confirms a 1% discount, up to a maximum of 100,000 VND, when paying via Zalopay to purchase the Masstel Fami 12s 4G mobile phone.'], 'verdict': 1}]","[{'statement': 'Điện thoại di động Masstel Fami 12s 4G được giảm 5% không giới hạn khuyến mãi qua Homepaylater.', 'reason': [""The ground truth states 'Mua qua Homepaylater: giảm 5\u202f% (không giới hạn)', which supports the statement.""], 'verdict': 1}, {'statement': 'Điện thoại di động Masstel Fami 12s 4G được giảm 50% tối đa 700 nghìn đồng khi mở thẻ tín dụng Vpbank trên SenID.', 'reason': [""The ground truth states 'Mở thẻ tín dụng Vpbank trên SenID: giảm 50\u202f% tối đa 700\u202fkđ', which supports the statement.""], 'verdict': 1}, {'statement': 'Điện thoại di động Masstel Fami 12s 4G được giảm 20% tối đa 500 nghìn đồng khi mở thẻ tín dụng TPBank EVO.', 'reason': [""The ground truth states 'Mở thẻ tín dụng TPBank EVO: giảm 20\u202f% tối đa 500\u202fkđ', which supports the statement.""], 'verdict': 1}, {'statement': 'Điện thoại di động Masstel Fami 12s 4G được giảm 1% tối đa 100 nghìn đồng khi thanh toán qua Zalopay.', 'reason': [""The ground truth states 'Thanh toán qua Zalopay: giảm 1\u202f% tối đa 100\u202fkđ', which supports the statement.""], 'verdict': 1}]",1.0,1.0,1.0,13.94,2025-08-21 21:08:30
33,Điện thoại Samsung Galaxy A55 hỗ trợ mạng di động nào?,Điện thoại Samsung Galaxy A55 hỗ trợ mạng di động 5G.,Hỗ trợ 5G.,"[{'statement': 'Điện thoại Samsung Galaxy A55 hỗ trợ 5G.', 'reason': ['The ground truth confirms that the Samsung Galaxy A55 phone supports 5G.'], 'verdict': 1}]","[{'statement': 'Điện thoại Samsung Galaxy A55 hỗ trợ mạng di động 5G.', 'reason': ['Ground Truth cho biết máy hỗ trợ 5G.'], 'verdict': 1}]",1.0,1.0,1.0,17.38,2025-08-21 18:00:16
31,Điện thoại Oppo Reno11 F 5G có bao nhiêu màu sắc để lựa chọn?,"Điện thoại Oppo Reno11 F 5G có hai màu sắc để lựa chọn: Xanh Đen, Xanh.",2 màu: Xanh Đen và Xanh.,"[{'statement': 'Điện thoại Oppo Reno11 F 5G có 2 màu sắc để lựa chọn.', 'reason': ['The ground truth confirms that the Oppo Reno11 F 5G phone has two color options to choose from.'], 'verdict': 1}, {'statement': 'Các màu sắc của điện thoại Oppo Reno11 F 5G là Xanh Đen và Xanh.', 'reason': ['The ground truth confirms that the colors of the Oppo Reno11 F 5G phone are Black Green and Green.'], 'verdict': 1}]","[{'statement': 'Điện thoại Oppo Reno11 F 5G có hai màu sắc để lựa chọn.', 'reason': ['The ground truth states ""2 colors"", so the statement that the phone has two colors to choose from is correct.'], 'verdict': 1}, {'statement': 'Các màu sắc của điện thoại Oppo Reno11 F 5G là Xanh Đen và Xanh.', 'reason': ['The ground truth states ""Xanh Đen và Xanh"", so the statement about the colors of the phone is correct.'], 'verdict': 1}]",1.0,1.0,1.0,11.58,2025-08-22 06:14:14
36,Điện thoại Infinix Hot 40i chính hãng có bao nhiêu RAM?,Điện thoại Infinix Hot 40i chính hãng có 4GB RAM.,Điện thoại Infinix Hot 40i có RAM 4 GB hoặc 8 GB tùy theo phiên bản.,"[{'statement': 'Điện thoại Infinix Hot 40i có RAM 4 GB hoặc 8 GB tùy theo phiên bản.', 'reason': [""The ground truth states that the Infinix Hot 40i has 4GB of RAM, but it doesn't mention anything about an 8 GB version.""], 'verdict': 0}]","[{'statement': 'Điện thoại Infinix Hot 40i chính hãng có 4GB RAM.', 'reason': [""The ground truth states that the Infinix Hot 40i has 4GB or 8GB RAM depending on the version. So, it's possible that the phone has 4GB RAM.""], 'verdict': 1}]",0.0,1.0,0.0,4.45,2025-08-21 15:49:25
37,Điện thoại Infinix Hot 40 Pro có bao nhiêu khe SIM?,Điện thoại Infinix Hot 40 Pro có 2 khe nano SIM.,Điện thoại Infinix Hot 40 Pro có 2 khe SIM nano.,"[{'statement': 'Điện thoại Infinix Hot 40 Pro có 2 khe SIM nano.', 'reason': ['The ground truth confirms that the Infinix Hot 40 Pro phone has 2 nano SIM slots.'], 'verdict': 1}]","[{'statement': 'Điện thoại Infinix Hot 40 Pro có 2 khe nano SIM.', 'reason': ['The ground truth states that the Infinix Hot 40 Pro phone has 2 nano SIM slots.'], 'verdict': 1}]",1.0,1.0,1.0,5.2,2025-08-21 15:49:26
34,Redmi Note 13 Pro có hệ điều hành nào?,Redmi Note 13 Pro sử dụng hệ điều hành MIUI 14 trên nền tảng Android 13.,"Redmi Note 13 Pro chạy MIUI 14, nền tảng Android 13.","[{'statement': 'Redmi Note 13 Pro chạy MIUI 14.', 'reason': ['The ground truth confirms that Redmi Note 13 Pro uses MIUI 14 operating system.'], 'verdict': 1}, {'statement': 'MIUI 14 là nền tảng Android 13.', 'reason': ['The ground truth confirms that MIUI 14 is based on Android 13.'], 'verdict': 1}]","[{'statement': 'Redmi Note 13 Pro sử dụng hệ điều hành MIUI 14.', 'reason': ['The ground truth states that Redmi Note 13 Pro runs MIUI 14.'], 'verdict': 1}, {'statement': 'MIUI 14 trên nền tảng Android 13.', 'reason': ['The ground truth states that MIUI 14 is based on the Android 13 platform.'], 'verdict': 1}]",1.0,1.0,1.0,13.49,2025-08-22 06:14:16
38,Điện thoại di động Masstel Izi T2 4G có những chương trình khuyến mãi nào?,"Điện thoại di động Masstel Izi T2 4G có các chương trình khuyến mãi như giảm 5% không giới hạn khuyến mãi qua Homepaylater, giảm 50% tối đa 700k khi mở thẻ tín dụng Vpbank trên SenID, giảm 20% tối đa 500k khi mở thẻ tín dụng TPBank EVO, giảm 1% tối đa 100.000đ khi thanh toán qua Zalopay.","Chương trình khuyến mãi cho điện thoại Masstel Izi T2 4G gồm:

- Giảm 5% khi thanh toán qua Homepaylater  
- Giảm 50% tối đa 700k khi mở thẻ tín dụng Vpbank trên SenID  
- Giảm 20% tối đa 500k khi mở thẻ tín dụng TPBank EVO  
- Giảm 1% tối đa 100.000đ khi thanh toán qua Zalopay","[{'statement': 'Điện thoại Masstel Izi T2 4G được giảm 5% khi thanh toán qua Homepaylater.', 'reason': ['The ground truth states that the Masstel Izi T2 4G phone has a promotion of 5% off via Homepaylater.'], 'verdict': 1}, {'statement': 'Điện thoại Masstel Izi T2 4G được giảm 50% tối đa 700k khi mở thẻ tín dụng Vpbank trên SenID.', 'reason': ['The ground truth confirms that the Masstel Izi T2 4G phone is offered a 50% discount, up to a maximum of 700k, when opening a VPBank credit card on SenID.'], 'verdict': 1}, {'statement': 'Điện thoại Masstel Izi T2 4G được giảm 20% tối đa 500k khi mở thẻ tín dụng TPBank EVO.', 'reason': ['The ground truth confirms that the Masstel Izi T2 4G phone is offered a 20% discount, up to a maximum of 500k, when opening a TPBank EVO credit card.'], 'verdict': 1}, {'statement': 'Điện thoại Masstel Izi T2 4G được giảm 1% tối đa 100.000đ khi thanh toán qua Zalopay.', 'reason': ['The ground truth confirms that the Masstel Izi T2 4G phone is offered a 1% discount, up to a maximum of 100,000 VND, when paying via ZaloPay.'], 'verdict': 1}]","[{'statement': 'Điện thoại di động Masstel Izi T2 4G có chương trình khuyến mãi giảm 5% không giới hạn qua Homepaylater.', 'reason': ['The ground truth confirms a 5% discount when paying via Homepaylater.'], 'verdict': 1}, {'statement': 'Điện thoại di động Masstel Izi T2 4G có chương trình khuyến mãi giảm 50% tối đa 700k khi mở thẻ tín dụng Vpbank trên SenID.', 'reason': ['The ground truth confirms a 50% discount, up to 700k, when opening a VPBank credit card on SenID.'], 'verdict': 1}, {'statement': 'Điện thoại di động Masstel Izi T2 4G có chương trình khuyến mãi giảm 20% tối đa 500k khi mở thẻ tín dụng TPBank EVO.', 'reason': ['The ground truth confirms a 20% discount, up to 500k, when opening a TPBank EVO credit card.'], 'verdict': 1}, {'statement': 'Điện thoại di động Masstel Izi T2 4G có chương trình khuyến mãi giảm 1% tối đa 100.000đ khi thanh toán qua Zalopay.', 'reason': ['The ground truth confirms a 1% discount, up to 100,000 VND, when paying via Zalopay.'], 'verdict': 1}]",1.0,1.0,1.0,11.05,2025-08-22 06:29:17
40,Điện thoại INOI Note 13s có hệ điều hành gì?,ANDROID 13,Hệ điều hành là Android 13.,"[{'statement': 'Điện thoại INOI Note 13s có hệ điều hành Android 13.', 'reason': ['Ground Truth says ANDROID 13, so this statement is correct.'], 'verdict': 1}]","[{'statement': 'Điện thoại INOI Note 13s có hệ điều hành ANDROID 13.', 'reason': ['The ground truth states that the operating system is Android 13, which directly supports the statement that INOI Note 13s has Android 13 operating system.'], 'verdict': 1}]",1.0,1.0,1.0,11.76,2025-08-22 05:32:10
42,Giá của điện thoại ai - samsung galaxy s24 là bao nhiêu?,"25,490,000 ₫",Giá của điện thoại ai - samsung galaxy s24 là 25 490 000 ₫.,"[{'statement': 'Giá của điện thoại ai - samsung galaxy s24 là 25\x0c490\x0c000\x0c₫.', 'reason': ['The ground truth confirms that the price of the samsung galaxy s24 is 25,490,000₫.'], 'verdict': 1}]","[{'statement': 'Giá của điện thoại AI - Samsung Galaxy S24 là 25,490,000 ₫.', 'reason': ['The ground truth states that the price of the AI - Samsung Galaxy S24 phone is 25\u202f490\u202f000\u202f₫, which is the same as 25,490,000 ₫.'], 'verdict': 1}]",1.0,1.0,1.0,9.78,2025-08-21 15:50:25
41,Điện thoại infinix hot 40i có bộ vi xử lý nào?,Vi xử lý của điện thoại Infinix Hot 40i là Unisoc T606.,Bộ vi xử lý của điện thoại Infinix Hot 40i là Unisoc T606.,"[{'statement': 'Điện thoại Infinix Hot 40i có bộ vi xử lý Unisoc T606.', 'reason': ['The ground truth states that the processor of the Infinix Hot 40i phone is the Unisoc T606.'], 'verdict': 1}]","[{'statement': 'Điện thoại Infinix Hot 40i có bộ vi xử lý Unisoc T606.', 'reason': ['The ground truth confirms that the Infinix Hot 40i phone has a Unisoc T606 processor.'], 'verdict': 1}]",1.0,1.0,1.0,12.18,2025-08-21 16:54:22
39,Giá của điện thoại zte blade a72 là bao nhiêu?,"Giá của điện thoại ZTE Blade A72 là 1,990,000 ₫.",Giá của điện thoại ZTE Blade A72 là 1 990 000₫.,"[{'statement': 'Giá của điện thoại ZTE Blade A72 là 1 990 000₫.', 'reason': ['The ground truth confirms that the price of the ZTE Blade A72 phone is 1,990,000₫.'], 'verdict': 1}]","[{'statement': 'Giá của điện thoại ZTE Blade A72 là 1,990,000 ₫.', 'reason': ['The ground truth states that the price of the ZTE Blade A72 is 1,990,000₫, which matches the statement.'], 'verdict': 1}]",1.0,1.0,1.0,8.8,2025-08-21 18:01:12
45,Điện thoại ai - Samsung Galaxy S24 Plus có dung lượng pin là bao nhiêu?,Điện thoại Samsung Galaxy S24 Plus có dung lượng pin 4900 mAh.,Samsung Galaxy S24 Plus có dung lượng pin 4900 mAh.,"[{'statement': 'Samsung Galaxy S24 Plus có dung lượng pin 4900 mAh.', 'reason': ['The ground truth confirms that the Samsung Galaxy S24 Plus has a battery capacity of 4900 mAh.'], 'verdict': 1}]","[{'statement': 'Điện thoại Samsung Galaxy S24 Plus có dung lượng pin 4900 mAh.', 'reason': ['The ground truth confirms that the Samsung Galaxy S24 Plus phone has a battery capacity of 4900 mAh.'], 'verdict': 1}]",1.0,1.0,1.0,7.17,2025-08-21 16:54:17
44,Giá của điện thoại inoi a72 (4gb/128gb) là bao nhiêu?,"Giá của điện thoại inoi a72 (4gb/128gb) là 2,490,000 ₫",Giá điện thoại inoi a72 (4GB/128GB) là 2.490.000 đồng.,"[{'statement': 'Giá điện thoại inoi a72 (4GB/128GB) là 2.490.000 đồng.', 'reason': ['The ground truth states the price of inoi a72 (4gb/128gb) is 2,490,000 ₫, which is equivalent to 2.490.000 đồng.'], 'verdict': 1}]","[{'statement': 'Giá của điện thoại inoi a72 (4gb/128gb) là 2,490,000 ₫', 'reason': ['The ground truth confirms that the price of the inoi a72 (4GB/128GB) phone is 2,490,000 VND.'], 'verdict': 1}]",1.0,1.0,1.0,11.33,2025-08-22 06:29:17
43,Điện thoại AI Samsung Galaxy S24 Ultra có bao nhiêu camera và độ phân giải của chúng như thế nào?,"Điện thoại Samsung Galaxy S24 Ultra có bốn camera với độ phân giải là 200.0 MP, 50.0 MP, 12.0 MP, và 10.0 MP.","Điện thoại AI Samsung Galaxy S24 Ultra trang bị 4 camera, độ phân giải lần lượt 200.0 MP, 50.0 MP, 12.0 MP và 10.0 MP.","[{'statement': 'Điện thoại AI Samsung Galaxy S24 Ultra trang bị 4 camera.', 'reason': ['The ground truth confirms that the Samsung Galaxy S24 Ultra has four cameras.'], 'verdict': 1}, {'statement': 'Độ phân giải của camera lần lượt là 200.0\tMP, 50.0\tMP, 12.0\tMP và 10.0\tMP.', 'reason': ['The ground truth confirms the resolutions of the cameras are 200.0 MP, 50.0 MP, 12.0 MP, and 10.0 MP.'], 'verdict': 1}]","[{'statement': 'Điện thoại Samsung Galaxy S24 Ultra có bốn camera.', 'reason': ['The ground truth confirms that the Samsung Galaxy S24 Ultra phone has four cameras.'], 'verdict': 1}, {'statement': 'Độ phân giải của các camera trên điện thoại Samsung Galaxy S24 Ultra lần lượt là 200.0 MP, 50.0 MP, 12.0 MP và 10.0 MP.', 'reason': ['The ground truth specifies the resolutions of the cameras on the Samsung Galaxy S24 Ultra as 200.0 MP, 50.0 MP, 12.0 MP, and 10.0 MP respectively.'], 'verdict': 1}]",1.0,1.0,1.0,12.2,2025-08-22 05:32:24
48,Điện thoại Poco X6 5G có được giảm giá trong chương trình khuyến mại nào không?,Điện thoại Poco X6 5G đang được giảm giá trong chương trình Flash sale với số lượng có hạn.,"Có, điện thoại Poco X6 5G đang được khuyến mãi Flash sale với số lượng có hạn.","[{'statement': 'Điện thoại Poco X6 5G đang được khuyến mãi Flash sale.', 'reason': ['The ground truth states that the Poco X6 5G phone is being discounted in the Flash sale program.'], 'verdict': 1}, {'statement': 'Số lượng điện thoại Poco X6 5G được khuyến mãi Flash sale có hạn.', 'reason': ['The ground truth states that the number of Poco X6 5G phones discounted in the Flash sale is limited.'], 'verdict': 1}]","[{'statement': 'Điện thoại Poco X6 5G đang được giảm giá trong chương trình Flash sale.', 'reason': ['The ground truth confirms that the Poco X6 5G phone is being discounted in the Flash sale program.'], 'verdict': 1}, {'statement': 'Số lượng điện thoại Poco X6 5G được giảm giá trong chương trình Flash sale có hạn.', 'reason': ['The ground truth confirms that the number of Poco X6 5G phones discounted in the Flash sale program is limited.'], 'verdict': 1}]",1.0,1.0,1.0,4.74,2025-08-21 15:51:20
46,Điện thoại inoi 288s có dung lượng pin bao nhiêu?,Điện thoại inoi 288s có dung lượng pin 1000 mAh.,Dung lượng pin của điện thoại inoi 288s là 1000 mAh.,"[{'statement': 'Dung lượng pin của điện thoại inoi 288s là 1000 mAh.', 'reason': ['The ground truth confirms that the battery capacity of inoi 288s phone is 1000 mAh.'], 'verdict': 1}]","[{'statement': 'Điện thoại inoi 288s có dung lượng pin 1000 mAh.', 'reason': ['The ground truth states that the battery capacity of the inoi 288s phone is 1000 mAh.'], 'verdict': 1}]",1.0,1.0,1.0,6.21,2025-08-22 06:29:12
49,Giá của điện thoại inoi a83 là bao nhiêu?,"Giá của điện thoại inoi a83 là 1,990,000 ₫.",Giá của điện thoại inoi a83 là 1.990.000₫,"[{'statement': 'Giá của điện thoại inoi a83 là 1.990.000₫', 'reason': ['The ground truth states that the price of the inoi a83 phone is 1,990,000₫.'], 'verdict': 1}]","[{'statement': 'Giá của điện thoại inoi a83 là 1,990,000 ₫.', 'reason': ['The ground truth states that the price of the inoi a83 phone is 1,990,000₫.'], 'verdict': 1}]",1.0,1.0,1.0,11.44,2025-08-21 15:51:27
52,Màu sắc của điện thoại redmi note 13 là gì?,"Màu sắc của điện thoại redmi note 13 là Xanh Lá, Đen, Màu Vàng.","Màu sắc của điện thoại Redmi Note 13 là Xanh Lá, Đen, Màu Vàng.","[{'statement': 'Màu sắc của điện thoại Redmi Note 13 là Xanh Lá.', 'reason': ['The ground truth confirms that the color of Redmi Note 13 is Green.'], 'verdict': 1}, {'statement': 'Màu sắc của điện thoại Redmi Note 13 là Đen.', 'reason': ['The ground truth confirms that the color of Redmi Note 13 is Black.'], 'verdict': 1}, {'statement': 'Màu sắc của điện thoại Redmi Note 13 là Màu Vàng.', 'reason': ['The ground truth confirms that the color of Redmi Note 13 is Gold.'], 'verdict': 1}]","[{'statement': 'Màu sắc của điện thoại redmi note 13 là Xanh Lá.', 'reason': ['The ground truth confirms that the color of Redmi Note 13 is Green.'], 'verdict': 1}, {'statement': 'Màu sắc của điện thoại redmi note 13 là Đen.', 'reason': ['The ground truth confirms that the color of Redmi Note 13 is Black.'], 'verdict': 1}, {'statement': 'Màu sắc của điện thoại redmi note 13 là Màu Vàng.', 'reason': ['The ground truth confirms that the color of Redmi Note 13 is Gold.'], 'verdict': 1}]",1.0,1.0,1.0,12.9,2025-08-21 18:02:13
50,Điện thoại redmi note 13 pro+ 5g có những ưu đãi gì khi mua?,"Khi mua điện thoại Redmi Note 13 Pro+ 5G, khách hàng được hưởng nhiều ưu đãi như: trả góp 0% qua Shinhan Finance hoặc Mirae Asset Finance; giảm 5% không giới hạn khuyến mãi qua Homepaylater; giảm thêm tới 700.000đ khi thanh toán qua Kredivo; giảm 50% tối đa 700k khi mở thẻ tín dụng VPBank trên SenID; giảm 20% tối đa 500k khi mở thẻ tín dụng TPBank EVO; mở thẻ tín dụng VIB nhận voucher 600.000đ.","Ưu đãi khi mua Redmi Note 13 Pro+ 5G:  
- Trả góp 0 % qua Shinhan Finance hoặc Mirae Asset Finance;  
- Giảm 5 % không giới hạn với Homepaylater;  
- Giảm thêm tới 700 000 đ khi thanh toán qua Kredivo;  
- Giảm 50 % tối đa 700 000 đ khi mở thẻ tín dụng Vpbank trên SenID;  
- Giảm 20 % tối đa 500 000 đ khi mở thẻ tín dụng TPBank EVO;  
- Mở thẻ tín dụng VIB;  
- Nhận voucher 600 000 đ.","[{'statement': 'Điện thoại Redmi Note 13 Pro+ 5G được ưu đãi trả góp 0% qua Shinhan Finance hoặc Mirae Asset Finance.', 'reason': ['The ground truth states that customers can get 0% installment payment via Shinhan Finance or Mirae Asset Finance when buying the phone.'], 'verdict': 1}, {'statement': 'Điện thoại Redmi Note 13 Pro+ 5G được giảm 5% không giới hạn với Homepaylater.', 'reason': ['The ground truth states that customers get a 5% discount without limitations via Homepaylater.'], 'verdict': 1}, {'statement': 'Điện thoại Redmi Note 13 Pro+ 5G được giảm thêm tới 700.000đ khi thanh toán qua Kredivo.', 'reason': ['The ground truth states that customers get an extra discount of up to 700.000đ when paying via Kredivo.'], 'verdict': 1}, {'statement': 'Điện thoại Redmi Note 13 Pro+ 5G được giảm 50% tối đa 700.000đ khi mở thẻ tín dụng Vpbank trên SenID.', 'reason': ['The ground truth states that customers get a 50% discount, up to 700k, when opening a VPBank credit card on SenID.'], 'verdict': 1}, {'statement': 'Điện thoại Redmi Note 13 Pro+ 5G được giảm 20% tối đa 500.000đ khi mở thẻ tín dụng TPBank EVO.', 'reason': ['The ground truth states that customers get a 20% discount, up to 500k, when opening a TPBank EVO credit card.'], 'verdict': 1}, {'statement': 'Có thể mở thẻ tín dụng VIB khi mua điện thoại Redmi Note 13 Pro+ 5G.', 'reason': ['The ground truth states that customers get a 600.000đ voucher when opening a VIB credit card.'], 'verdict': 1}, {'statement': 'Điện thoại Redmi Note 13 Pro+ 5G được nhận voucher 600.000đ.', 'reason': ['The ground truth states that opening a VIB credit card allows you to receive a 600.000đ voucher.'], 'verdict': 1}]","[{'statement': 'Khách hàng được hưởng ưu đãi trả góp 0% qua Shinhan Finance hoặc Mirae Asset Finance khi mua điện thoại Redmi Note 13 Pro+ 5G.', 'reason': ['The ground truth confirms that customers can get 0% installment via Shinhan Finance or Mirae Asset Finance when buying Redmi Note 13 Pro+ 5G.'], 'verdict': 1}, {'statement': 'Khách hàng được giảm 5% không giới hạn khuyến mãi qua Homepaylater khi mua điện thoại Redmi Note 13 Pro+ 5G.', 'reason': ['The ground truth confirms that customers can get 5% off without promotion limit via Homepaylater when buying Redmi Note 13 Pro+ 5G.'], 'verdict': 1}, {'statement': 'Khách hàng được giảm thêm tới 700.000đ khi thanh toán qua Kredivo khi mua điện thoại Redmi Note 13 Pro+ 5G.', 'reason': ['The ground truth confirms that customers can get up to 700.000 VND off when paying via Kredivo when buying Redmi Note 13 Pro+ 5G.'], 'verdict': 1}, {'statement': 'Khách hàng được giảm 50% tối đa 700k khi mở thẻ tín dụng VPBank trên SenID khi mua điện thoại Redmi Note 13 Pro+ 5G.', 'reason': ['The ground truth confirms that customers can get 50% off, maximum 700k VND, when opening a VPBank credit card on SenID when buying Redmi Note 13 Pro+ 5G.'], 'verdict': 1}, {'statement': 'Khách hàng được giảm 20% tối đa 500k khi mở thẻ tín dụng TPBank EVO khi mua điện thoại Redmi Note 13 Pro+ 5G.', 'reason': ['The ground truth confirms that customers can get 20% off, maximum 500k VND, when opening a TPBank EVO credit card when buying Redmi Note 13 Pro+ 5G.'], 'verdict': 1}, {'statement': 'Khách hàng được mở thẻ tín dụng VIB và nhận voucher 600.000đ khi mua điện thoại Redmi Note 13 Pro+ 5G.', 'reason': ['The ground truth confirms that customers can open a VIB credit card and get a 600.000 VND voucher.'], 'verdict': 1}]",1.0,1.0,1.0,13.85,2025-08-21 16:55:26
53,Samsung Galaxy S24 Ultra có bao nhiêu màu sắc để lựa chọn?,"Samsung Galaxy S24 Ultra có bốn màu sắc để lựa chọn: Màu Xám, Màu Đen, Màu Tím, Màu Vàng.","Có 4 màu sắc: Xám, Đen, Tím, Vàng.","[{'statement': 'Samsung Galaxy S24 Ultra có 4 màu sắc để lựa chọn.', 'reason': ['The ground truth confirms that the Samsung Galaxy S24 Ultra has four color options.'], 'verdict': 1}, {'statement': 'Các màu sắc đó là Xám, Đen, Tím, Vàng.', 'reason': ['The ground truth lists the colors as Grey, Black, Purple, and Gold.'], 'verdict': 1}]","[{'statement': 'Samsung Galaxy S24 Ultra có bốn màu sắc để lựa chọn.', 'reason': ['The ground truth confirms that there are 4 colors available.'], 'verdict': 1}, {'statement': 'Các màu sắc đó là: Màu Xám, Màu Đen, Màu Tím, Màu Vàng.', 'reason': ['The ground truth confirms the colors: Gray, Black, Purple, Yellow.'], 'verdict': 1}]",1.0,1.0,1.0,7.81,2025-08-21 15:52:25
47,Điện thoại ai - samsung galaxy s24 ultra có khuyến mãi gì không?,"Điện thoại AI - Samsung Galaxy S24 Ultra có khuyến mãi trả góp không lãi suất tới 06 tháng, trả trước 0 đồng với Samsung Finance+.","Có, Samsung Galaxy S24 Ultra có khuyến mãi:

- Trả góp tới 06 tháng không lãi suất, trả trước 0 đồng qua Samsung Finance+ (KM 1)
- Đối với phiên bản 12 GB/512 GB: giảm 1 000 000 đ cho khách hàng thân thiết (KM 2)
- Đối với phiên bản 12 GB/1 TB: giảm 1 000 000 đ qua QR Code (KM 2)","[{'statement': 'Samsung Galaxy S24 Ultra có khuyến mãi trả góp tới 06 tháng không lãi suất, trả trước 0 đồng qua Samsung Finance+ (KM 1).', 'reason': ['The ground truth confirms that Samsung Galaxy S24 Ultra có khuyến mãi trả góp không lãi suất tới 06 tháng, trả trước 0 đồng với Samsung Finance+.'], 'verdict': 1}, {'statement': 'Phiên bản 12 GB/512 GB của Samsung Galaxy S24 Ultra được giảm 1 000 000 đ cho khách hàng thân thiết (KM 2).', 'reason': ['The ground truth does not mention any discount for the 12 GB/512 GB version or for loyal customers.'], 'verdict': 0}, {'statement': 'Phiên bản 12 GB/1 TB của Samsung Galaxy S24 Ultra được giảm 1 000 000 đ qua QR Code (KM 2).', 'reason': ['The ground truth does not mention any discount for the 12 GB/1 TB version or discount via QR code.'], 'verdict': 0}]","[{'statement': 'Điện thoại AI - Samsung Galaxy S24 Ultra có khuyến mãi trả góp không lãi suất tới 06 tháng.', 'reason': ['The ground truth states that Samsung Galaxy S24 Ultra has a promotion of installment payments up to 06 months with 0% interest.'], 'verdict': 1}, {'statement': 'Điện thoại AI - Samsung Galaxy S24 Ultra có khuyến mãi trả trước 0 đồng với Samsung Finance+.', 'reason': ['The ground truth mentions the promotion of 0 VND upfront payment via Samsung Finance+.'], 'verdict': 1}]",0.33,1.0,0.5,9.68,2025-08-21 18:02:12
51,Điện thoại itel Magic X Pro có bao nhiêu khe SIM?,Điện thoại itel Magic X Pro có 2 khe SIM.,2 khe Micro SIM.,"[{'statement': 'Điện thoại itel Magic X Pro có 2 khe Micro SIM.', 'reason': [""The ground truth states that the phone has 2 SIM slots but doesn't specify if they are Micro SIM."", 'The ground truth states that the phone has 2 SIM slots.', 'The AI statement is more specific about the SIM type.'], 'verdict': 0}]","[{'statement': 'Điện thoại itel Magic X Pro có 2 khe SIM.', 'reason': ['The ground truth states that itel Magic X Pro has 2 Micro SIM slots, so it has 2 SIM slots.'], 'verdict': 1}]",0.0,1.0,0.0,11.96,2025-08-22 06:29:18
55,Điện thoại itel it9010 có hỗ trợ mạng di động nào?,"Điện thoại itel it9010 hỗ trợ mạng di động 2G, 3G, 4G.","Mạng di động 2G, 3G, 4G.","[{'statement': 'Điện thoại itel it9010 hỗ trợ mạng di động 2G.', 'reason': ['The ground truth confirms that the phone supports 2G mobile network.'], 'verdict': 1}, {'statement': 'Điện thoại itel it9010 hỗ trợ mạng di động 3G.', 'reason': ['The ground truth confirms that the phone supports 3G mobile network.'], 'verdict': 1}, {'statement': 'Điện thoại itel it9010 hỗ trợ mạng di động 4G.', 'reason': ['The ground truth confirms that the phone supports 4G mobile network.'], 'verdict': 1}]","[{'statement': 'Điện thoại itel it9010 hỗ trợ mạng di động 2G.', 'reason': ['The ground truth states that the phone supports 2G mobile network.'], 'verdict': 1}, {'statement': 'Điện thoại itel it9010 hỗ trợ mạng di động 3G.', 'reason': ['The ground truth states that the phone supports 3G mobile network.'], 'verdict': 1}, {'statement': 'Điện thoại itel it9010 hỗ trợ mạng di động 4G.', 'reason': ['The ground truth states that the phone supports 4G mobile network.'], 'verdict': 1}]",1.0,1.0,1.0,12.88,2025-08-22 05:33:01
57,Dung lượng RAM của điện thoại samsung galaxy s24 là bao nhiêu?,Dung lượng RAM của điện thoại Samsung Galaxy S24 là 8GB.,Dung lượng RAM của điện thoại Samsung Galaxy S24 là 8GB.,"[{'statement': 'Dung lượng RAM của điện thoại Samsung Galaxy S24 là 8GB.', 'reason': ['The ground truth confirms that the RAM of the Samsung Galaxy S24 is 8GB.'], 'verdict': 1}]","[{'statement': 'Dung lượng RAM của điện thoại Samsung Galaxy S24 là 8GB.', 'reason': ['The ground truth states that the RAM of the Samsung Galaxy S24 is 8GB.'], 'verdict': 1}]",1.0,1.0,1.0,8.57,2025-08-21 16:56:25
58,Điện thoại Tecno Spark 20 có những tùy chọn màu sắc nào?,"Điện thoại Tecno Spark 20 có các tùy chọn màu sắc là Trắng, Xanh Dương, Đen.","Trắng, Xanh Dương, Đen","[{'statement': 'Điện thoại Tecno Spark 20 có màu trắng.', 'reason': ['The ground truth states that the Tecno Spark 20 is available in White.'], 'verdict': 1}, {'statement': 'Điện thoại Tecno Spark 20 có màu xanh dương.', 'reason': ['The ground truth states that the Tecno Spark 20 is available in Blue.'], 'verdict': 1}, {'statement': 'Điện thoại Tecno Spark 20 có màu đen.', 'reason': ['The ground truth states that the Tecno Spark 20 is available in Black.'], 'verdict': 1}]","[{'statement': 'Điện thoại Tecno Spark 20 có các tùy chọn màu sắc là Trắng.', 'reason': ['The ground truth lists ""Trắng"" (White) as one of the available color options.'], 'verdict': 1}, {'statement': 'Điện thoại Tecno Spark 20 có các tùy chọn màu sắc là Xanh Dương.', 'reason': ['The ground truth lists ""Xanh Dương"" (Blue) as one of the available color options.'], 'verdict': 1}, {'statement': 'Điện thoại Tecno Spark 20 có các tùy chọn màu sắc là Đen.', 'reason': ['The ground truth lists ""Đen"" (Black) as one of the available color options.'], 'verdict': 1}]",1.0,1.0,1.0,5.52,2025-08-21 15:53:21
56,Dung lượng pin của điện thoại samsung galaxy s23 fe 5g 8gb/128gb là bao nhiêu?,Dung lượng pin của điện thoại Samsung Galaxy S23 FE 5G 8GB/128GB là 4500 mAh.,Dung lượng pin của điện thoại Samsung Galaxy S23 FE 5G 8GB/128GB là 4500 mAh.,"[{'statement': 'Dung lượng pin của điện thoại Samsung Galaxy S23 FE 5G 8GB/128GB là 4500\t\tmAh.', 'reason': ['The ground truth states that the battery capacity of the Samsung Galaxy S23 FE 5G 8GB/128GB is 4500 mAh.'], 'verdict': 1}]","[{'statement': 'Dung lượng pin của điện thoại Samsung Galaxy S23 FE 5G 8GB/128GB là 4500 mAh.', 'reason': ['The ground truth confirms that the battery capacity of the Samsung Galaxy S23 FE 5G 8GB/128GB is 4500 mAh.'], 'verdict': 1}]",1.0,1.0,1.0,5.38,2025-08-21 16:56:23
54,Samsung Galaxy S23 Ultra có những lựa chọn màu sắc nào?,"Samsung Galaxy S23 Ultra có những lựa chọn màu sắc bao gồm Xanh, Màu Đen, Màu Tím, Kem.","Có màu Xanh, Màu Đen, Màu Tím, Kem.","[{'statement': 'Samsung Galaxy S23 Ultra có màu Xanh.', 'reason': ['The ground truth states that Samsung Galaxy S23 Ultra has a Green color option.'], 'verdict': 1}, {'statement': 'Samsung Galaxy S23 Ultra có màu Đen.', 'reason': ['The ground truth states that Samsung Galaxy S23 Ultra has a Black color option.'], 'verdict': 1}, {'statement': 'Samsung Galaxy S23 Ultra có màu Tím.', 'reason': ['The ground truth states that Samsung Galaxy S23 Ultra has a Purple color option.'], 'verdict': 1}, {'statement': 'Samsung Galaxy S23 Ultra có màu Kem.', 'reason': ['The ground truth states that Samsung Galaxy S23 Ultra has a Cream color option.'], 'verdict': 1}]","[{'statement': 'Samsung Galaxy S23 Ultra có những lựa chọn màu sắc bao gồm Xanh.', 'reason': ['Ground Truth confirms that the Samsung Galaxy S23 Ultra comes in Green color.'], 'verdict': 1}, {'statement': 'Samsung Galaxy S23 Ultra có những lựa chọn màu sắc bao gồm Màu Đen.', 'reason': ['Ground Truth confirms that the Samsung Galaxy S23 Ultra comes in Black color.'], 'verdict': 1}, {'statement': 'Samsung Galaxy S23 Ultra có những lựa chọn màu sắc bao gồm Màu Tím.', 'reason': ['Ground Truth confirms that the Samsung Galaxy S23 Ultra comes in Purple color.'], 'verdict': 1}, {'statement': 'Samsung Galaxy S23 Ultra có những lựa chọn màu sắc bao gồm Kem.', 'reason': ['Ground Truth confirms that the Samsung Galaxy S23 Ultra comes in Cream color.'], 'verdict': 1}]",1.0,1.0,1.0,9.44,2025-08-22 07:22:54
60,Đặc điểm nổi bật của màn hình trên điện thoại di động tcl 40 nxtpaper 8gb/256gb là gì?,"Màn hình của điện thoại TCL 40 NxtPaper có kích thước 6.78 inch, độ phân giải 2460x1080 pixels đặc biệt là công nghệ màn hình với tần số 90Hz cùng thiết kế đục lỗ (nốt ruồi) giúp hiển thị mượt mà.","Màn hình TCL 40 Nxtpaper 8 GB/256 GB có công nghệ notch, tần số 90 Hz, độ phân giải 2460×1080 pixels và kích thước 6,78 inch.","[{'statement': 'Màn hình TCL 40 Nxtpaper 8 GB/256 GB có công nghệ notch.', 'reason': [""The ground truth mentions a 'đục lỗ (nốt ruồi)' design, which is different from a notch.""], 'verdict': 0}, {'statement': 'Màn hình TCL 40 Nxtpaper 8 GB/256 GB có tần số 90 Hz.', 'reason': ['The ground truth states that the screen has a 90Hz refresh rate.'], 'verdict': 1}, {'statement': 'Màn hình TCL 40 Nxtpaper 8 GB/256 GB có độ phân giải 2460×1080 pixels.', 'reason': ['The ground truth specifies a resolution of 2460x1080 pixels for the screen.'], 'verdict': 1}, {'statement': 'Màn hình TCL 40 Nxtpaper 8 GB/256 GB có kích thước 6,78 inch.', 'reason': ['The ground truth confirms that the screen size is 6.78 inches.'], 'verdict': 1}]","[{'statement': 'Màn hình của điện thoại TCL 40 NxtPaper có kích thước 6.78 inch.', 'reason': ['Thông tin này được đề cập trực tiếp trong đoạn văn bản tham khảo.'], 'verdict': 1}, {'statement': 'Màn hình của điện thoại TCL 40 NxtPaper có độ phân giải 2460x1080 pixels.', 'reason': ['Độ phân giải của màn hình được đề cập chính xác trong văn bản tham khảo.'], 'verdict': 1}, {'statement': 'Màn hình của điện thoại TCL 40 NxtPaper có tần số 90Hz.', 'reason': ['Văn bản tham khảo có đề cập đến tần số 90Hz của màn hình.'], 'verdict': 1}, {'statement': 'Màn hình của điện thoại TCL 40 NxtPaper có thiết kế đục lỗ (nốt ruồi).', 'reason': ['Văn bản tham khảo đề cập đến công nghệ notch, có thể hiểu là thiết kế đục lỗ.'], 'verdict': 1}, {'statement': 'Màn hình của điện thoại TCL 40 NxtPaper hiển thị mượt mà.', 'reason': ['Văn bản tham khảo không trực tiếp đề cập đến việc hiển thị mượt mà.'], 'verdict': 0}]",0.75,0.8,0.77,17.65,2025-08-22 07:23:02
59,Điện thoại AI - Samsung Galaxy S24 Plus có bao nhiêu màu sắc có sẵn?,"Điện thoại AI - Samsung Galaxy S24 Plus có 4 màu sắc có sẵn: Màu Xám, Màu Đen, Màu Vàng, Màu Tím.",Có 4 màu sắc.,"[{'statement': 'Điện thoại AI - Samsung Galaxy S24 Plus có 4 màu sắc có sẵn.', 'reason': ['The ground truth states that the Samsung Galaxy S24 Plus is available in 4 colors.'], 'verdict': 1}]","[{'statement': 'Điện thoại AI - Samsung Galaxy S24 Plus có 4 màu sắc có sẵn.', 'reason': ['The ground truth states that there are 4 colors available.'], 'verdict': 1}, {'statement': 'Các màu sắc có sẵn của điện thoại AI - Samsung Galaxy S24 Plus là màu Xám.', 'reason': ['The ground truth only states that there are 4 colors, it does not provide information about specific colors like gray.'], 'verdict': 0}, {'statement': 'Các màu sắc có sẵn của điện thoại AI - Samsung Galaxy S24 Plus là màu Đen.', 'reason': ['The ground truth only states that there are 4 colors, it does not provide information about specific colors like black.'], 'verdict': 0}, {'statement': 'Các màu sắc có sẵn của điện thoại AI - Samsung Galaxy S24 Plus là màu Vàng.', 'reason': ['The ground truth only states that there are 4 colors, it does not provide information about specific colors like gold.'], 'verdict': 0}, {'statement': 'Các màu sắc có sẵn của điện thoại AI - Samsung Galaxy S24 Plus là màu Tím.', 'reason': ['The ground truth only states that there are 4 colors, it does not provide information about specific colors like purple.'], 'verdict': 0}]",1.0,0.2,0.33,11.2,2025-08-21 18:03:10
62,Điện thoại itel s23 có những màu sắc nào?,"Điện thoại itel s23 có màu Đen, Trắng.",Màu sắc có sẵn: Đen hoặc Trắng.,"[{'statement': 'Điện thoại itel s23 có màu đen.', 'reason': ['The ground truth says that điện thoại itel s23 has color Đen.'], 'verdict': 1}, {'statement': 'Điện thoại itel s23 có màu trắng.', 'reason': ['The ground truth says that điện thoại itel s23 has color Trắng.'], 'verdict': 1}]","[{'statement': 'Điện thoại itel s23 có màu Đen.', 'reason': ['The ground truth says that the phone is available in Black.'], 'verdict': 1}, {'statement': 'Điện thoại itel s23 có màu Trắng.', 'reason': ['The ground truth says that the phone is available in White.'], 'verdict': 1}]",1.0,1.0,1.0,4.86,2025-08-21 18:03:07
61,Điện thoại ZTE Blade V50 Design có bao nhiêu màu sắc khác nhau?,"Điện thoại ZTE Blade V50 Design có ba màu sắc khác nhau: Màu Tím, Xanh Lá, Đen.",Điện thoại ZTE Blade V50 Design có 3 màu sắc khác nhau.,"[{'statement': 'Điện thoại ZTE Blade V50 Design có 3 màu sắc khác nhau.', 'reason': ['The ground truth confirms that the ZTE Blade V50 Design phone has three different colors.'], 'verdict': 1}]","[{'statement': 'Điện thoại ZTE Blade V50 Design có ba màu sắc khác nhau.', 'reason': ['The ground truth confirms that the ZTE Blade V50 Design phone has three different colors.'], 'verdict': 1}, {'statement': 'Các màu sắc của điện thoại ZTE Blade V50 Design là màu Tím.', 'reason': ['The ground truth only states that the phone has 3 colors but does not specify what colors they are.'], 'verdict': 0}, {'statement': 'Các màu sắc của điện thoại ZTE Blade V50 Design là màu Xanh Lá.', 'reason': ['The ground truth only states that the phone has 3 colors but does not specify what colors they are.'], 'verdict': 0}, {'statement': 'Các màu sắc của điện thoại ZTE Blade V50 Design là màu Đen.', 'reason': ['The ground truth only states that the phone has 3 colors but does not specify what colors they are.'], 'verdict': 0}]",1.0,0.25,0.4,8.32,2025-08-22 07:22:53
65,Dung lượng RAM của điện thoại realme c51 3gb/64gb là bao nhiêu?,Dung lượng RAM của điện thoại realme c51 3gb/64gb là 3GB.,RAM của điện thoại realme c51 3gb/64gb là 3GB.,"[{'statement': 'RAM của điện thoại realme c51 3gb/64gb là 3GB.', 'reason': ['The ground truth confirms that the RAM of the realme c51 3gb/64gb phone is 3GB.'], 'verdict': 1}]","[{'statement': 'Dung lượng RAM của điện thoại realme c51 3gb/64gb là 3GB.', 'reason': ['The ground truth confirms that the RAM of the realme c51 3gb/64gb phone is 3GB.'], 'verdict': 1}]",1.0,1.0,1.0,16.49,2025-08-21 15:54:42
64,Giá của điện thoại zte blade v50 design là bao nhiêu?,"Giá của điện thoại zte blade v50 design (8GB/256GB) là 3,090,000 ₫.","Giá điện thoại ZTE Blade V50 Design là 3,090,000₫ (đối với 8GB/256GB) hoặc 2,790,000₫ (đối với 8GB/128GB).","[{'statement': 'Giá điện thoại ZTE Blade V50 Design là 3,090,000₫ đối với phiên bản 8GB/256GB.', 'reason': ['The ground truth confirms that the price of the ZTE Blade V50 Design (8GB/256GB) is 3,090,000₫.'], 'verdict': 1}, {'statement': 'Giá điện thoại ZTE Blade V50 Design là 2,790,000₫ đối với phiên bản 8GB/128GB.', 'reason': ['The ground truth only mentions the price for the 8GB/256GB version and does not provide information on the 8GB/128GB version. Therefore, this statement cannot be directly inferred from the ground truth.'], 'verdict': 0}]","[{'statement': 'Giá của điện thoại zte blade v50 design (8GB/256GB) là 3,090,000 ₫.', 'reason': ['The ground truth states that the price of the ZTE Blade V50 Design phone is 3,090,000₫ for the 8GB/256GB version.'], 'verdict': 1}]",0.5,1.0,0.67,40.03,2025-08-22 05:34:19
63,Màu sắc nào có sẵn cho điện thoại itel S23 (8GB/128GB)?,Màu sắc có sẵn cho điện thoại itel S23 (8GB/128GB) là Đen và Trắng.,"Đen, Trắng.","[{'statement': 'Điện thoại itel S23 (8GB/128GB) có màu đen.', 'reason': ['The ground truth confirms that the phone itel S23 (8GB/128GB) is available in Black.'], 'verdict': 1}, {'statement': 'Điện thoại itel S23 (8GB/128GB) có màu trắng.', 'reason': ['The ground truth confirms that the phone itel S23 (8GB/128GB) is available in White.'], 'verdict': 1}]","[{'statement': 'Điện thoại itel S23 (8GB/128GB) có màu Đen.', 'reason': ['The ground truth states that black is a color option for itel S23 (8GB/128GB).'], 'verdict': 1}, {'statement': 'Điện thoại itel S23 (8GB/128GB) có màu Trắng.', 'reason': ['The ground truth states that white is a color option for itel S23 (8GB/128GB).'], 'verdict': 1}]",1.0,1.0,1.0,8.22,2025-08-22 07:48:10
68,Dung lượng RAM của samsung galaxy a15 là bao nhiêu?,Dung lượng RAM của Samsung Galaxy A15 là 8GB.,Dung lượng RAM của Samsung Galaxy A15 là 8GB.,"[{'statement': 'Dung lượng RAM của Samsung Galaxy A15 là 8GB.', 'reason': ['The ground truth confirms that the RAM of Samsung Galaxy A15 is 8GB.'], 'verdict': 1}]","[{'statement': 'Dung lượng RAM của Samsung Galaxy A15 là 8GB.', 'reason': ['The ground truth confirms that the RAM of Samsung Galaxy A15 is 8GB.'], 'verdict': 1}]",1.0,1.0,1.0,8.43,2025-08-21 15:55:23
67,Độ phân giải màn hình của điện thoại tecno spark 20c là gì?,Độ phân giải của điện thoại Tecno Spark 20c là HD+ (720x1612).,HD+ (720x1612),"[{'statement': 'Độ phân giải màn hình của điện thoại tecno spark 20c là HD+ (720x1612).', 'reason': ['The ground truth states that the resolution of the Tecno Spark 20c phone is HD+ (720x1612).'], 'verdict': 1}]","[{'statement': 'Độ phân giải của điện thoại Tecno Spark 20c là HD+ (720x1612).', 'reason': ['The ground truth confirms that the resolution of Tecno Spark 20c is HD+ (720x1612).'], 'verdict': 1}]",1.0,1.0,1.0,4.46,2025-08-21 21:11:16
66,Các chương trình khuyến mãi nào áp dụng cho điện thoại Tecno Spark Go 2024?,"Các chương trình khuyến mãi áp dụng cho điện thoại Tecno Spark Go 2024 bao gồm: giảm 5% không giới hạn khuyến mãi qua Homepaylater, giảm 50% tối đa 700k khi mở thẻ tín dụng Vpbank trên SenID, giảm 20% tối đa 500k khi mở thẻ tín dụng TPBank EVO, giảm 1% tối đa 100.000đ khi thanh toán qua Zalopay.",Giảm 5% không giới hạn khuyến mãi qua Homepaylater; Giảm 50% tối đa 700k khi mở thẻ tín dụng Vpbank trên SenID; Giảm 20% tối đa 500k khi mở thẻ tín dụng TPBank EVO; Giảm 1% tối đa 100.000đ khi thanh toán qua Zalopay.,"[{'statement': 'Điện thoại Tecno Spark Go 2024 được giảm 5% không giới hạn khuyến mãi qua Homepaylater.', 'reason': ['Ground Truth xác nhận rằng điện thoại Tecno Spark Go 2024 được giảm 5% không giới hạn khuyến mãi qua Homepaylater.'], 'verdict': 1}, {'statement': 'Điện thoại Tecno Spark Go 2024 được giảm 50% tối đa 700k khi mở thẻ tín dụng Vpbank trên SenID.', 'reason': ['Ground Truth xác nhận rằng điện thoại Tecno Spark Go 2024 được giảm 50% tối đa 700k khi mở thẻ tín dụng Vpbank trên SenID.'], 'verdict': 1}, {'statement': 'Điện thoại Tecno Spark Go 2024 được giảm 20% tối đa 500k khi mở thẻ tín dụng TPBank EVO.', 'reason': ['Ground Truth xác nhận rằng điện thoại Tecno Spark Go 2024 được giảm 20% tối đa 500k khi mở thẻ tín dụng TPBank EVO.'], 'verdict': 1}, {'statement': 'Điện thoại Tecno Spark Go 2024 được giảm 1% tối đa 100.000đ khi thanh toán qua Zalopay.', 'reason': ['Ground Truth xác nhận rằng điện thoại Tecno Spark Go 2024 được giảm 1% tối đa 100.000đ khi thanh toán qua Zalopay.'], 'verdict': 1}]","[{'statement': 'Điện thoại Tecno Spark Go 2024 được giảm 5% không giới hạn khuyến mãi qua Homepaylater.', 'reason': ['Ground Truth states: Giảm 5% không giới hạn khuyến mãi qua Homepaylater.'], 'verdict': 1}, {'statement': 'Điện thoại Tecno Spark Go 2024 được giảm 50% tối đa 700k khi mở thẻ tín dụng Vpbank trên SenID.', 'reason': ['Ground Truth states: Giảm 50% tối đa 700k khi mở thẻ tín dụng Vpbank trên SenID.'], 'verdict': 1}, {'statement': 'Điện thoại Tecno Spark Go 2024 được giảm 20% tối đa 500k khi mở thẻ tín dụng TPBank EVO.', 'reason': ['Ground Truth states: Giảm 20% tối đa 500k khi mở thẻ tín dụng TPBank EVO.'], 'verdict': 1}, {'statement': 'Điện thoại Tecno Spark Go 2024 được giảm 1% tối đa 100.000đ khi thanh toán qua Zalopay.', 'reason': ['Ground Truth states: Giảm 1% tối đa 100.000đ khi thanh toán qua Zalopay.'], 'verdict': 1}]",1.0,1.0,1.0,8.54,2025-08-21 18:04:24
69,Dung lượng pin của samsung galaxy a25 5g là bao nhiêu?,Dung lượng pin của Samsung Galaxy A25 5G là 5000 mAh.,Dung lượng pin của Samsung Galaxy A25 5G là 5000 mAh.,"[{'statement': 'Dung lượng pin của Samsung Galaxy A25 5G là 5000 mAh.', 'reason': ['The ground truth confirms that the battery capacity of the Samsung Galaxy A25 5G is 5000 mAh.'], 'verdict': 1}]","[{'statement': 'Dung lượng pin của Samsung Galaxy A25 5G là 5000 mAh.', 'reason': ['The ground truth confirms that the battery capacity of Samsung Galaxy A25 5G is 5000 mAh.'], 'verdict': 1}]",1.0,1.0,1.0,9.62,2025-08-21 15:55:26
73,Honor 90 5G có những khuyến mãi nào khi mua hàng?,"Honor 90 5G áp dụng chương trình trả góp 0% qua Shinhan Finance hoặc Mirae Asset Finance, giảm 5% không giới hạn khuyến mãi qua Homepaylater, giảm thêm tới 700.000đ khi thanh toán qua Kredivo, giảm 50% tối đa 700k khi mở thẻ tín dụng Vpbank trên SenID, giảm 20% tối đa 500k khi mở thẻ tín dụng TPBank EVO, mở thẻ tín dụng VIB - Nhận Voucher 600.000đ.","Ưu đãi trả góp 0% qua Shinhan Finance hoặc Mirae Asset Finance, giảm 5% không giới hạn khuyến mãi qua Homepaylater, giảm thêm tới 700.000đ khi thanh toán qua Kredivo, giảm 50% tối đa 700k khi mở thẻ tín dụng Vpbank trên SenID, giảm 20% tối đa 500k khi mở thẻ tín dụng TPBank EVO, mở thẻ tín dụng VIB, nhận Voucher 600.000đ.","[{'statement': 'Honor 90 5G có ưu đãi trả góp 0% qua Shinhan Finance hoặc Mirae Asset Finance.', 'reason': ['The ground truth confirms that Honor 90 5G has a 0% installment program through Shinhan Finance or Mirae Asset Finance.'], 'verdict': 1}, {'statement': 'Honor 90 5G được giảm 5% không giới hạn khuyến mãi qua Homepaylater.', 'reason': ['The ground truth confirms that Honor 90 5G gets a 5% discount without promotion limits through Homepaylater.'], 'verdict': 1}, {'statement': 'Honor 90 5G được giảm thêm tới 700.000đ khi thanh toán qua Kredivo.', 'reason': ['The ground truth confirms that Honor 90 5G gets an additional discount of up to 700,000 VND when paying via Kredivo.'], 'verdict': 1}, {'statement': 'Honor 90 5G được giảm 50% tối đa 700k khi mở thẻ tín dụng Vpbank trên SenID.', 'reason': ['The ground truth confirms that Honor 90 5G gets a 50% discount, up to 700k, when opening a Vpbank credit card on SenID.'], 'verdict': 1}, {'statement': 'Honor 90 5G được giảm 20% tối đa 500k khi mở thẻ tín dụng TPBank EVO.', 'reason': ['The ground truth confirms that Honor 90 5G gets a 20% discount, up to 500k, when opening a TPBank EVO credit card.'], 'verdict': 1}, {'statement': 'Khi mở thẻ tín dụng VIB sẽ nhận Voucher 600.000đ khi mua Honor 90 5G.', 'reason': ['The ground truth confirms that opening a VIB credit card will receive a 600,000 VND voucher when buying Honor 90 5G.'], 'verdict': 1}]","[{'statement': 'Honor 90 5G áp dụng chương trình trả góp 0% qua Shinhan Finance hoặc Mirae Asset Finance.', 'reason': ['The ground truth confirms that Honor 90 5G offers a 0% installment plan through Shinhan Finance or Mirae Asset Finance.'], 'verdict': 1}, {'statement': 'Honor 90 5G giảm 5% không giới hạn khuyến mãi qua Homepaylater.', 'reason': ['The ground truth confirms that Honor 90 5G has a 5% discount with no limit on promotions via Homepaylater.'], 'verdict': 1}, {'statement': 'Honor 90 5G giảm thêm tới 700.000đ khi thanh toán qua Kredivo.', 'reason': ['The ground truth confirms that Honor 90 5G offers an additional discount of up to 700,000 VND when paying via Kredivo.'], 'verdict': 1}, {'statement': 'Honor 90 5G giảm 50% tối đa 700k khi mở thẻ tín dụng Vpbank trên SenID.', 'reason': ['The ground truth confirms that Honor 90 5G has a 50% discount (maximum 700k) when opening a VPBank credit card on SenID.'], 'verdict': 1}, {'statement': 'Honor 90 5G giảm 20% tối đa 500k khi mở thẻ tín dụng TPBank EVO.', 'reason': ['The ground truth confirms that Honor 90 5G offers a 20% discount (maximum 500k) when opening a TPBank EVO credit card.'], 'verdict': 1}, {'statement': 'Khi mở thẻ tín dụng VIB, người mua Honor 90 5G nhận được Voucher 600.000đ.', 'reason': ['The ground truth confirms that when opening a VIB credit card, buyers of the Honor 90 5G receive a 600,000 VND voucher.'], 'verdict': 1}]",1.0,1.0,1.0,11.81,2025-08-21 21:11:29
72,Dung lượng pin của điện thoại samsung galaxy s23 là bao nhiêu?,Dung lượng pin của điện thoại Samsung Galaxy S23 là 3900 mAh.,Dung lượng pin của điện thoại Samsung Galaxy S23 là 3900 mAh.,"[{'statement': 'Dung lượng pin của điện thoại Samsung Galaxy S23 là 3900 mAh.', 'reason': ['The ground truth confirms that the battery capacity of the Samsung Galaxy S23 is 3900 mAh.'], 'verdict': 1}]","[{'statement': 'Dung lượng pin của điện thoại Samsung Galaxy S23 là 3900 mAh.', 'reason': ['The ground truth states that the battery capacity of the Samsung Galaxy S23 is 3900 mAh.'], 'verdict': 1}]",1.0,1.0,1.0,10.22,2025-08-21 16:58:32
74,Honor X5 Plus có bao nhiêu RAM?,Honor X5 Plus có RAM là 4GB.,4GB,"[{'statement': 'Honor X5 Plus có 4GB RAM.', 'reason': ['Ground Truth confirms Honor X5 Plus có RAM là 4GB.'], 'verdict': 1}]","[{'statement': 'Honor X5 Plus có RAM là 4GB.', 'reason': ['The ground truth states that the RAM is 4GB.'], 'verdict': 1}]",1.0,1.0,1.0,6.32,2025-08-21 15:56:25
70,Oppo A18 có dung lượng pin bao nhiêu?,Oppo A18 có dung lượng pin 5000 mAh.,Dung lượng pin của Oppo A18 là 5000 mAh.,"[{'statement': 'Dung lượng pin của Oppo A18 là 5000 mAh.', 'reason': ['The ground truth states that Oppo A18 có dung lượng pin 5000 mAh.'], 'verdict': 1}]","[{'statement': 'Oppo A18 có dung lượng pin 5000 mAh.', 'reason': ['The ground truth states that the Oppo A18 has a battery capacity of 5000 mAh.'], 'verdict': 1}]",1.0,1.0,1.0,4.84,2025-08-22 06:30:19
75,Giá của honor 90 lite 5g (8gb/256gb) là bao nhiêu?,"Giá của honor 90 lite 5g (8gb/256gb) là 5,390,000 ₫.","Giá của honor 90 lite 5g (8gb/256gb) là 5,390,000 ₫.","[{'statement': 'Giá của honor 90 lite 5g (8gb/256gb) là 5,390,000 ₫.', 'reason': ['The ground truth exactly matches the statement.'], 'verdict': 1}]","[{'statement': 'Giá của honor 90 lite 5g (8gb/256gb) là 5,390,000 ₫.', 'reason': ['The ground truth confirms that the price of honor 90 lite 5g (8gb/256gb) is 5,390,000 ₫.'], 'verdict': 1}]",1.0,1.0,1.0,11.18,2025-08-21 15:56:31
71,Điện thoại Infinix Note 30 5G có dung lượng lưu trữ bao nhiêu?,Điện thoại Infinix Note 30 5G có dung lượng lưu trữ 256GB.,Điện thoại Infinix Note 30 5G có dung lượng lưu trữ 256 GB.,"[{'statement': 'Điện thoại Infinix Note 30 5G có dung lượng lưu trữ 256\tGB.', 'reason': ['The ground truth states that the Infinix Note 30 5G phone has a storage capacity of 256GB.'], 'verdict': 1}]","[{'statement': 'Điện thoại Infinix Note 30 5G có dung lượng lưu trữ 256GB.', 'reason': ['The ground truth confirms that the phone has 256GB storage.'], 'verdict': 1}]",1.0,1.0,1.0,42.24,2025-08-21 18:05:07
76,Điện thoại vivo v29e có những tùy chọn màu sắc nào?,"Điện thoại vivo v29e có các tùy chọn màu sắc là Đen đại ngàn, Xanh sông băng.","Màu Đen đại ngàn, Xanh sông băng","[{'statement': 'Điện thoại vivo v29e có màu Đen đại ngàn.', 'reason': ['The ground truth states that the vivo v29e phone has a Black Dai Ngan color option.'], 'verdict': 1}, {'statement': 'Điện thoại vivo v29e có màu Xanh sông băng.', 'reason': ['The ground truth states that the vivo v29e phone has an Iceberg Blue color option.'], 'verdict': 1}]","[{'statement': 'Điện thoại vivo v29e có các tùy chọn màu sắc là Đen đại ngàn.', 'reason': [""The ground truth confirms that the phone has a color option called 'Đen đại ngàn'.""], 'verdict': 1}, {'statement': 'Điện thoại vivo v29e có các tùy chọn màu sắc là Xanh sông băng.', 'reason': [""The ground truth confirms that the phone has a color option called 'Xanh sông băng'.""], 'verdict': 1}]",1.0,1.0,1.0,11.49,2025-08-21 18:05:09
77,Dung lượng pin của điện thoại nubia neo 5g là bao nhiêu?,Dung lượng pin của điện thoại nubia neo 5g là 4500 mAh.,Dung lượng pin của điện thoại nubia neo 5g là 4500 mAh.,"[{'statement': 'Dung lượng pin của điện thoại nubia neo 5g là 4500 mAh.', 'reason': ['The ground truth states that the battery capacity of the nubia neo 5g phone is 4500 mAh.'], 'verdict': 1}]","[{'statement': 'Dung lượng pin của điện thoại nubia neo 5g là 4500 mAh.', 'reason': ['The ground truth states that the battery capacity of the nubia neo 5g phone is 4500 mAh.'], 'verdict': 1}]",1.0,1.0,1.0,8.2,2025-08-21 16:59:23
79,Điện thoại HTC Wildfire E3 Lite có chương trình khuyến mãi gì không?,Điện thoại HTC Wildfire E3 Lite đang có chương trình khuyến mãi Flash sale với số lượng có hạn.,"Có, chương trình KM 1, sản phẩm đang thuộc chương trình Flash sale (số lượng có hạn).","[{'statement': 'Điện thoại HTC Wildfire E3 Lite có chương trình khuyến mãi KM 1.', 'reason': ['The ground truth states that the phone is part of a Flash sale promotion, but does not mention a ""KM 1"" promotion.'], 'verdict': 0}, {'statement': 'Sản phẩm HTC Wildfire E3 Lite đang thuộc chương trình Flash sale.', 'reason': ['The ground truth confirms that the HTC Wildfire E3 Lite is part of a Flash sale promotion.'], 'verdict': 1}, {'statement': 'Số lượng sản phẩm HTC Wildfire E3 Lite trong chương trình Flash sale có hạn.', 'reason': ['The ground truth explicitly states that the quantity of HTC Wildfire E3 Lite products in the Flash sale program is limited.'], 'verdict': 1}]","[{'statement': 'Điện thoại HTC Wildfire E3 Lite đang có chương trình khuyến mãi Flash sale.', 'reason': ['The ground truth confirms that the HTC Wildfire E3 Lite phone is part of a Flash sale promotion.'], 'verdict': 1}, {'statement': 'Chương trình khuyến mãi Flash sale của điện thoại HTC Wildfire E3 Lite có số lượng có hạn.', 'reason': ['The ground truth states that the Flash sale program has a limited quantity.'], 'verdict': 1}]",0.67,1.0,0.8,39.79,2025-08-22 07:30:00
78,Điện thoại Redmi 13C có bộ nhớ trong bao nhiêu?,Điện thoại Redmi 13C có bộ nhớ trong 128GB.,Bộ nhớ trong của điện thoại Redmi 13C là 128GB.,"[{'statement': 'Bộ nhớ trong của điện thoại Redmi 13C là 128GB.', 'reason': ['Ground Truth xác nhận rằng điện thoại Redmi 13C có bộ nhớ trong 128GB.'], 'verdict': 1}]","[{'statement': 'Điện thoại Redmi 13C có bộ nhớ trong 128GB.', 'reason': ['Ground Truth xác nhận điện thoại Redmi 13C có bộ nhớ trong 128GB.'], 'verdict': 1}]",1.0,1.0,1.0,11.34,2025-08-21 21:12:20
80,Điện thoại vivo y17s 4gb/128gb có giá bao nhiêu?,"Điện thoại vivo y17s 4gb/128gb có giá 3,990,000 ₫.",3 990 000 ₫,"[{'statement': 'Điện thoại vivo y17s 4gb/128gb có giá 3 990 000 ₫.', 'reason': ['The ground truth confirms that điện thoại vivo y17s 4gb/128gb có giá 3,990,000 ₫.'], 'verdict': 1}]","[{'statement': 'Điện thoại vivo y17s 4gb/128gb có giá 3,990,000 ₫.', 'reason': ['The ground truth states the price as 3,990,000 ₫, which matches the statement.'], 'verdict': 1}]",1.0,1.0,1.0,7.05,2025-08-22 06:16:15
82,Điện thoại iPhone 15 Plus (256GB) có những màu sắc nào?,"Điện thoại iPhone 15 Plus (256GB) có các màu Hồng, Xanh Lá, Màu Đen, Màu Vàng, Xanh Dương.","Hồng, Xanh Lá, Màu Đen, Màu Vàng, Xanh Dương","[{'statement': 'Điện thoại iPhone 15 Plus (256GB) có màu hồng.', 'reason': ['The ground truth states that the iPhone 15 Plus (256GB) comes in Pink color.'], 'verdict': 1}, {'statement': 'Điện thoại iPhone 15 Plus (256GB) có màu xanh lá.', 'reason': ['The ground truth states that the iPhone 15 Plus (256GB) comes in Green color.'], 'verdict': 1}, {'statement': 'Điện thoại iPhone 15 Plus (256GB) có màu đen.', 'reason': ['The ground truth states that the iPhone 15 Plus (256GB) comes in Black color.'], 'verdict': 1}, {'statement': 'Điện thoại iPhone 15 Plus (256GB) có màu vàng.', 'reason': ['The ground truth states that the iPhone 15 Plus (256GB) comes in Yellow color.'], 'verdict': 1}, {'statement': 'Điện thoại iPhone 15 Plus (256GB) có màu xanh dương.', 'reason': ['The ground truth states that the iPhone 15 Plus (256GB) comes in Blue color.'], 'verdict': 1}]","[{'statement': 'Điện thoại iPhone 15 Plus (256GB) có màu Hồng.', 'reason': ['The ground truth confirms that the iPhone 15 Plus (256GB) is available in Pink.'], 'verdict': 1}, {'statement': 'Điện thoại iPhone 15 Plus (256GB) có màu Xanh Lá.', 'reason': ['The ground truth confirms that the iPhone 15 Plus (256GB) is available in Green.'], 'verdict': 1}, {'statement': 'Điện thoại iPhone 15 Plus (256GB) có màu Đen.', 'reason': ['The ground truth confirms that the iPhone 15 Plus (256GB) is available in Black.'], 'verdict': 1}, {'statement': 'Điện thoại iPhone 15 Plus (256GB) có màu Vàng.', 'reason': ['The ground truth confirms that the iPhone 15 Plus (256GB) is available in Yellow.'], 'verdict': 1}, {'statement': 'Điện thoại iPhone 15 Plus (256GB) có màu Xanh Dương.', 'reason': ['The ground truth confirms that the iPhone 15 Plus (256GB) is available in Blue.'], 'verdict': 1}]",1.0,1.0,1.0,19.81,2025-08-21 17:00:25
84,Điện thoại iPhone 15 Pro (512GB) sử dụng hệ điều hành nào?,iOS 17,Hệ điều hành iOS 17.,"[{'statement': 'Điện thoại iPhone 15 Pro (512GB) sử dụng hệ điều hành iOS 17.', 'reason': ['The ground truth states iOS 17, implying that the iPhone 15 Pro (512GB) uses iOS 17 as its operating system.'], 'verdict': 1}]","[{'statement': 'Điện thoại iPhone 15 Pro (512GB) sử dụng hệ điều hành iOS 17.', 'reason': ['The ground truth confirms that the operating system is iOS 17.'], 'verdict': 1}]",1.0,1.0,1.0,27.67,2025-08-21 15:58:25
83,Điện thoại iPhone 15 Plus có dung lượng lưu trữ bao nhiêu?,Điện thoại iPhone 15 Plus có dung lượng lưu trữ 256GB.,"Điện thoại iPhone 15 Plus có bộ nhớ trong 128 GB, 256 GB hoặc 512 GB tùy chọn.","[{'statement': 'Điện thoại iPhone 15 Plus có bộ nhớ trong 128 GB, 256 GB hoặc 512 GB tùy chọn.', 'reason': [""The ground truth states that the iPhone 15 Plus has 256GB of storage, which is included in the AI-generated statement's options of 128GB, 256GB, or 512GB."", ""The AI statement claims that the storage size is 'optional' however there is no evidence that this is true within the ground truth provided. Thus, the statement is technically not supported.""], 'verdict': 0}]","[{'statement': 'Điện thoại iPhone 15 Plus có dung lượng lưu trữ 256GB.', 'reason': ['The ground truth states that the iPhone 15 Plus has optional internal storage of 128 GB, 256 GB, or 512 GB.', 'Therefore, the statement is correct as 256GB is one of the options.'], 'verdict': 1}]",0.0,1.0,0.0,9.82,2025-08-21 17:00:21
81,Các tùy chọn màu sắc của điện thoại iPhone 15 Pro (1TB) là gì?,"Các tùy chọn màu sắc của iPhone 15 Pro (1TB) là Titan Xanh, Titan Đen, Titan Tự Nhiên, Titan Trắng.","Titan Xanh, Titan Đen, Titan Tự Nhiên, Titan Trắng.","[{'statement': 'Các tùy chọn màu sắc của điện thoại iPhone 15 Pro (1TB) là Titan Xanh.', 'reason': ['The ground truth states that the color options for the iPhone 15 Pro (1TB) are Blue Titanium.', 'The generated statement is accurate'], 'verdict': 1}, {'statement': 'Các tùy chọn màu sắc của điện thoại iPhone 15 Pro (1TB) là Titan Đen.', 'reason': ['The ground truth states that the color options for the iPhone 15 Pro (1TB) are Black Titanium.', 'The generated statement is accurate.'], 'verdict': 1}, {'statement': 'Các tùy chọn màu sắc của điện thoại iPhone 15 Pro (1TB) là Titan Tự Nhiên.', 'reason': ['The ground truth states that the color options for the iPhone 15 Pro (1TB) are Natural Titanium.', 'The generated statement is accurate.'], 'verdict': 1}, {'statement': 'Các tùy chọn màu sắc của điện thoại iPhone 15 Pro (1TB) là Titan Trắng.', 'reason': ['The ground truth states that the color options for the iPhone 15 Pro (1TB) are White Titanium.', 'The generated statement is accurate.'], 'verdict': 1}]","[{'statement': 'Các tùy chọn màu sắc của iPhone 15 Pro (1TB) là Titan Xanh.', 'reason': ['The ground truth lists Titan Xanh as one of the color options.'], 'verdict': 1}, {'statement': 'Các tùy chọn màu sắc của iPhone 15 Pro (1TB) là Titan Đen.', 'reason': ['The ground truth lists Titan Đen as one of the color options.'], 'verdict': 1}, {'statement': 'Các tùy chọn màu sắc của iPhone 15 Pro (1TB) là Titan Tự Nhiên.', 'reason': ['The ground truth lists Titan Tự Nhiên as one of the color options.'], 'verdict': 1}, {'statement': 'Các tùy chọn màu sắc của iPhone 15 Pro (1TB) là Titan Trắng.', 'reason': ['The ground truth lists Titan Trắng as one of the color options.'], 'verdict': 1}]",1.0,1.0,1.0,11.52,2025-08-22 05:35:05
87,iPhone 15 (512GB) có những tùy chọn màu sắc nào?,"iPhone 15 (512GB) có các tùy chọn màu sắc: Xanh Lá, Màu Vàng, Màu Đen, Hồng, Xanh Dương.","Xanh Lá, Màu Vàng, Màu Đen, Hồng, Xanh Dương","[{'statement': 'iPhone 15 (512GB) có các tùy chọn màu sắc là Xanh Lá.', 'reason': ['The ground truth confirms that iPhone 15 (512GB) has Green color option.'], 'verdict': 1}, {'statement': 'iPhone 15 (512GB) có các tùy chọn màu sắc là Màu Vàng.', 'reason': ['The ground truth confirms that iPhone 15 (512GB) has Yellow color option.'], 'verdict': 1}, {'statement': 'iPhone 15 (512GB) có các tùy chọn màu sắc là Màu Đen.', 'reason': ['The ground truth confirms that iPhone 15 (512GB) has Black color option.'], 'verdict': 1}, {'statement': 'iPhone 15 (512GB) có các tùy chọn màu sắc là Hồng.', 'reason': ['The ground truth confirms that iPhone 15 (512GB) has Pink color option.'], 'verdict': 1}, {'statement': 'iPhone 15 (512GB) có các tùy chọn màu sắc là Xanh Dương.', 'reason': ['The ground truth confirms that iPhone 15 (512GB) has Blue color option.'], 'verdict': 1}]","[{'statement': 'iPhone 15 (512GB) có các tùy chọn màu sắc Xanh Lá.', 'reason': ['The ground truth mentions ""Xanh Lá"" as one of the color options.'], 'verdict': 1}, {'statement': 'iPhone 15 (512GB) có các tùy chọn màu sắc Màu Vàng.', 'reason': ['The ground truth mentions ""Màu Vàng"" as one of the color options.'], 'verdict': 1}, {'statement': 'iPhone 15 (512GB) có các tùy chọn màu sắc Màu Đen.', 'reason': ['The ground truth mentions ""Màu Đen"" as one of the color options.'], 'verdict': 1}, {'statement': 'iPhone 15 (512GB) có các tùy chọn màu sắc Hồng.', 'reason': ['The ground truth mentions ""Hồng"" as one of the color options.'], 'verdict': 1}, {'statement': 'iPhone 15 (512GB) có các tùy chọn màu sắc Xanh Dương.', 'reason': ['The ground truth mentions ""Xanh Dương"" as one of the color options.'], 'verdict': 1}]",1.0,1.0,1.0,19.39,2025-08-21 17:00:46
85,Các màu sắc nào có sẵn cho điện thoại iPhone 15 (256GB)?,"Điện thoại iPhone 15 (256GB) có sẵn các màu: Xanh Dương, Màu Vàng, Màu Đen, Xanh Lá, Hồng.","Xanh Dương, Màu Vàng, Màu Đen, Xanh Lá, Hồng","[{'statement': 'Điện thoại iPhone 15 (256GB) có màu xanh dương.', 'reason': ['The ground truth states that the iPhone 15 (256GB) is available in blue.'], 'verdict': 1}, {'statement': 'Điện thoại iPhone 15 (256GB) có màu vàng.', 'reason': ['The ground truth states that the iPhone 15 (256GB) is available in yellow.'], 'verdict': 1}, {'statement': 'Điện thoại iPhone 15 (256GB) có màu đen.', 'reason': ['The ground truth states that the iPhone 15 (256GB) is available in black.'], 'verdict': 1}, {'statement': 'Điện thoại iPhone 15 (256GB) có màu xanh lá.', 'reason': ['The ground truth states that the iPhone 15 (256GB) is available in green.'], 'verdict': 1}, {'statement': 'Điện thoại iPhone 15 (256GB) có màu hồng.', 'reason': ['The ground truth states that the iPhone 15 (256GB) is available in pink.'], 'verdict': 1}]","[{'statement': 'Điện thoại iPhone 15 (256GB) có sẵn màu Xanh Dương.', 'reason': ['The ground truth mentions ""Xanh Dương"" as a color available for iPhone 15.'], 'verdict': 1}, {'statement': 'Điện thoại iPhone 15 (256GB) có sẵn Màu Vàng.', 'reason': ['The ground truth mentions ""Màu Vàng"" as a color available for iPhone 15.'], 'verdict': 1}, {'statement': 'Điện thoại iPhone 15 (256GB) có sẵn Màu Đen.', 'reason': ['The ground truth mentions ""Màu Đen"" as a color available for iPhone 15.'], 'verdict': 1}, {'statement': 'Điện thoại iPhone 15 (256GB) có sẵn màu Xanh Lá.', 'reason': ['The ground truth mentions ""Xanh Lá"" as a color available for iPhone 15.'], 'verdict': 1}, {'statement': 'Điện thoại iPhone 15 (256GB) có sẵn màu Hồng.', 'reason': ['The ground truth mentions ""Hồng"" as a color available for iPhone 15.'], 'verdict': 1}]",1.0,1.0,1.0,12.12,2025-08-22 07:48:13
86,Điện thoại iPhone 15 Pro có dung lượng bộ nhớ trong là bao nhiêu?,Điện thoại iPhone 15 Pro có dung lượng bộ nhớ trong là 1TB.,"Bộ nhớ trong của iPhone 15 Pro có thể là 1 TB, 512 GB, 256 GB hoặc 128 GB tùy phiên bản.","[{'statement': 'Bộ nhớ trong của iPhone 15 Pro có thể là 1 TB tùy phiên bản.', 'reason': ['The ground truth states that the iPhone 15 Pro has an internal memory of 1TB.'], 'verdict': 1}, {'statement': 'Bộ nhớ trong của iPhone 15 Pro có thể là 512 GB tùy phiên bản.', 'reason': ['The ground truth states that the iPhone 15 Pro has an internal memory of 1TB, so this statement is incorrect.'], 'verdict': 0}, {'statement': 'Bộ nhớ trong của iPhone 15 Pro có thể là 256 GB tùy phiên bản.', 'reason': ['The ground truth states that the iPhone 15 Pro has an internal memory of 1TB, so this statement is incorrect.'], 'verdict': 0}, {'statement': 'Bộ nhớ trong của iPhone 15 Pro có thể là 128 GB tùy phiên bản.', 'reason': ['The ground truth states that the iPhone 15 Pro has an internal memory of 1TB, so this statement is incorrect.'], 'verdict': 0}]","[{'statement': 'Điện thoại iPhone 15 Pro có dung lượng bộ nhớ trong là 1TB.', 'reason': [""According to the ground truth, the iPhone 15 Pro's internal storage can be 1TB, 512GB, 256GB, or 128GB depending on the version. Therefore, the statement is supported by the ground truth.""], 'verdict': 1}]",0.25,1.0,0.4,13.17,2025-08-21 18:06:11
88,Điện thoại xiaomi 13t (12gb/256gb) hỗ trợ công nghệ màn hình nào?,"Điện thoại Xiaomi 13T (12GB/256GB) hỗ trợ công nghệ màn hình AMOLED với tần số quét 144Hz, tần số lấy mẫu cảm ứng 480Hz, màn hình Pro HDR, Dolby Vision, HDR10+ và HDR10.","Công nghệ màn hình của Xiaomi 13T (12GB/256GB) là AMOLED, tần số quét lên tới 144 Hz, tần số lấy mẫu cảm ứng lên tới 480 Hz, hỗ trợ Màn hình Pro HDR, Dolby Vision, HDR10+, HDR10, độ phủ màu DCI‑P3, 68 tỷ màu, True Display, cùng chỉ số JNCD ≈ 0.39 và Delta E ≈ 0.39*","[{'statement': 'Công nghệ màn hình của Xiaomi 13T (12GB/256GB) là AMOLED.', 'reason': ['The ground truth confirms that the Xiaomi 13T (12GB/256GB) supports AMOLED screen technology.'], 'verdict': 1}, {'statement': 'Tần số quét của Xiaomi 13T (12GB/256GB) lên tới 144 Hz.', 'reason': ['The ground truth confirms that the Xiaomi 13T (12GB/256GB) has a refresh rate of 144Hz.'], 'verdict': 1}, {'statement': 'Tần số lấy mẫu cảm ứng của Xiaomi 13T (12GB/256GB) lên tới 480 Hz.', 'reason': ['The ground truth confirms that the Xiaomi 13T (12GB/256GB) has a touch sampling rate of 480Hz.'], 'verdict': 1}, {'statement': 'Xiaomi 13T (12GB/256GB) hỗ trợ Màn hình Pro HDR.', 'reason': ['The ground truth confirms that the Xiaomi 13T (12GB/256GB) supports Pro HDR display.'], 'verdict': 1}, {'statement': 'Xiaomi 13T (12GB/256GB) hỗ trợ Dolby Vision.', 'reason': ['The ground truth confirms that the Xiaomi 13T (12GB/256GB) supports Dolby Vision.'], 'verdict': 1}, {'statement': 'Xiaomi 13T (12GB/256GB) hỗ trợ HDR10+.', 'reason': ['The ground truth confirms that the Xiaomi 13T (12GB/256GB) supports HDR10+.'], 'verdict': 1}, {'statement': 'Xiaomi 13T (12GB/256GB) hỗ trợ HDR10.', 'reason': ['The ground truth confirms that the Xiaomi 13T (12GB/256GB) supports HDR10.'], 'verdict': 1}, {'statement': 'Xiaomi 13T (12GB/256GB) có độ phủ màu DCI-P3.', 'reason': ['The ground truth does not mention anything about the DCI-P3 color coverage of the Xiaomi 13T (12GB/256GB).'], 'verdict': 0}, {'statement': 'Xiaomi 13T (12GB/256GB) hiển thị 68 tỷ màu.', 'reason': ['The ground truth does not mention anything about the number of colors displayed by the Xiaomi 13T (12GB/256GB).'], 'verdict': 0}, {'statement': 'Xiaomi 13T (12GB/256GB) hỗ trợ True Display.', 'reason': ['The ground truth does not mention anything about True Display support on the Xiaomi 13T (12GB/256GB).'], 'verdict': 0}, {'statement': 'Chỉ số JNCD của màn hình Xiaomi 13T (12GB/256GB) là ≈ 0.39.', 'reason': ['The ground truth does not mention the JNCD index of the Xiaomi 13T (12GB/256GB) screen.'], 'verdict': 0}, {'statement': 'Delta E của màn hình Xiaomi 13T (12GB/256GB) là ≈ 0.39.', 'reason': ['The ground truth does not mention the Delta E value of the Xiaomi 13T (12GB/256GB) screen.'], 'verdict': 0}]","[{'statement': 'Điện thoại Xiaomi 13T (12GB/256GB) hỗ trợ công nghệ màn hình AMOLED.', 'reason': ['The ground truth states that the Xiaomi 13T (12GB/256GB) has an AMOLED screen.'], 'verdict': 1}, {'statement': 'Điện thoại Xiaomi 13T (12GB/256GB) có tần số quét màn hình 144Hz.', 'reason': ['The ground truth mentions that the screen refresh rate goes up to 144 Hz.'], 'verdict': 1}, {'statement': 'Điện thoại Xiaomi 13T (12GB/256GB) có tần số lấy mẫu cảm ứng 480Hz.', 'reason': ['The ground truth states that the touch sampling rate goes up to 480 Hz.'], 'verdict': 1}, {'statement': 'Điện thoại Xiaomi 13T (12GB/256GB) có màn hình Pro HDR.', 'reason': ['The ground truth says that Pro HDR Display is supported.'], 'verdict': 1}, {'statement': 'Điện thoại Xiaomi 13T (12GB/256GB) hỗ trợ Dolby Vision.', 'reason': ['The ground truth confirms Dolby Vision support.'], 'verdict': 1}, {'statement': 'Điện thoại Xiaomi 13T (12GB/256GB) hỗ trợ HDR10+.', 'reason': ['The ground truth confirms HDR10+ support.'], 'verdict': 1}, {'statement': 'Điện thoại Xiaomi 13T (12GB/256GB) hỗ trợ HDR10.', 'reason': ['The ground truth confirms HDR10 support.'], 'verdict': 1}]",0.58,1.0,0.73,15.65,2025-08-22 07:48:17
90,Giá của điện thoại samsung galaxy a05s là bao nhiêu?,"Giá của điện thoại Samsung Galaxy A05s là 3,590,000 ₫.","Giá của điện thoại Samsung Galaxy A05s là 3 590 000 ₫ cho phiên bản 4GB/128GB, hoặc 3 490 000 ₫ cho phiên bản 6GB/128GB.","[{'statement': 'Giá của điện thoại Samsung Galaxy A05s là 3\x0c590\x0c000\x0c₫ cho phiên bản 4GB/128GB.', 'reason': ['The ground truth states that the price of the Samsung Galaxy A05s is 3,590,000 ₫.', 'This statement is directly supported by the ground truth.', ""Although the ground truth doesn't specify the 4GB/128GB version, the stated price matches the overall price provided."", 'Thus, the statement is considered correct.'], 'verdict': 1}, {'statement': 'Giá của điện thoại Samsung Galaxy A05s là 3\x0c490\x0c000\x0c₫ cho phiên bản 6GB/128GB.', 'reason': ['The ground truth states that the price of the Samsung Galaxy A05s is 3,590,000 ₫.', 'This statement indicates a different price (3,490,000 ₫) for a 6GB/128GB version, which is not supported by the ground truth.', 'Therefore, the statement is considered incorrect based on the provided ground truth.'], 'verdict': 0}]","[{'statement': 'Giá của điện thoại Samsung Galaxy A05s là 3,590,000 ₫.', 'reason': ['The ground truth states that the price of the Samsung Galaxy A05s phone is 3,590,000 ₫ for the 4GB/128GB version.', 'Therefore, the statement is directly supported by the ground truth.'], 'verdict': 1}]",0.5,1.0,0.67,12.43,2025-08-21 15:59:36
89,Chương trình khuyến mãi nào có khi mua điện thoại OPPO Find N3?,"Khi mua điện thoại OPPO Find N3, khách hàng sẽ nhận được các chương trình khuyến mãi sau: Thu cũ đổi mới lên đời OPPO Find N3 series giúp tiết kiệm tới 20 triệu đồng, trả góp 0% với Home Credit, hoặc qua Shinhan Finance hoặc Mirae Asset Finance, giảm 5% không giới hạn khuyến mãi qua Homepaylater, giảm thêm tới 700.000đ khi thanh toán qua Kredivo, giảm 50% tối đa 700k khi mở thẻ tín dụng Vpbank trên SenID, giảm 20% tối đa 500k khi mở thẻ tín dụng TPBank EVO, mở thẻ tín dụng VIB nhận Voucher 600.000đ.","- Thu cũ đổi mới lên đời OPPO Find N3 series: Tiết kiệm lên tới 20 triệu đồng  
- Trả góp 0 % với Home Credit  
- Ưu đãi trả góp 0 % qua Shinhan Finance hoặc Mirae Asset Finance  
- Giảm 5 % không giới hạn khuyến mãi qua Homepaylater  
- Giảm thêm tới 700.000 đ khi thanh toán qua Kredivo  
- Giảm 50 % tối đa 700k khi mở thẻ tín dụng Vpbank trên SenID  
- Giảm 20 % tối đa 500k khi mở thẻ tín dụng TPBank EVO  
- Mở thẻ tín dụng VIB  
- Nhận Voucher 600.000 đ","[{'statement': 'Có chương trình thu cũ đổi mới giúp tiết kiệm lên tới 20 triệu đồng khi mua điện thoại OPPO Find N3 series.', 'reason': ['The ground truth confirms the existence of a trade-in program that can save up to 20 million VND on the OPPO Find N3 series.'], 'verdict': 1}, {'statement': 'Có chương trình trả góp 0% với Home Credit khi mua điện thoại OPPO Find N3.', 'reason': ['The ground truth mentions a 0% installment plan with Home Credit for the OPPO Find N3.'], 'verdict': 1}, {'statement': 'Có ưu đãi trả góp 0% qua Shinhan Finance hoặc Mirae Asset Finance khi mua điện thoại OPPO Find N3.', 'reason': ['The ground truth confirms the existence of a 0% installment plan through Shinhan Finance or Mirae Asset Finance when buying the OPPO Find N3.'], 'verdict': 1}, {'statement': 'Có chương trình giảm 5% không giới hạn khuyến mãi qua Homepaylater khi mua điện thoại OPPO Find N3.', 'reason': ['The ground truth confirms a 5% discount without promotion limits through Homepaylater.'], 'verdict': 1}, {'statement': 'Có chương trình giảm thêm tới 700.000 đồng khi thanh toán qua Kredivo khi mua điện thoại OPPO Find N3.', 'reason': ['The ground truth confirms an additional discount of up to 700,000 VND when paying through Kredivo.'], 'verdict': 1}, {'statement': 'Có chương trình giảm 50% tối đa 700k khi mở thẻ tín dụng Vpbank trên SenID khi mua điện thoại OPPO Find N3.', 'reason': ['The ground truth confirms a 50% discount, up to 700k VND, when opening a VPBank credit card on SenID.'], 'verdict': 1}, {'statement': 'Có chương trình giảm 20% tối đa 500k khi mở thẻ tín dụng TPBank EVO khi mua điện thoại OPPO Find N3.', 'reason': ['The ground truth confirms a 20% discount, up to 500k VND, when opening a TPBank EVO credit card.'], 'verdict': 1}, {'statement': 'Có chương trình mở thẻ tín dụng VIB khi mua điện thoại OPPO Find N3.', 'reason': ['The ground truth indicates opening a VIB credit card is part of the promotion.'], 'verdict': 1}, {'statement': 'Có chương trình nhận Voucher 600.000 đồng khi mua điện thoại OPPO Find N3.', 'reason': ['The ground truth confirms the receipt of a 600,000 VND voucher when buying the OPPO Find N3 with the VIB credit card program.'], 'verdict': 1}]","[{'statement': 'Khách hàng sẽ nhận được chương trình thu cũ đổi mới lên đời OPPO Find N3 series giúp tiết kiệm tới 20 triệu đồng khi mua điện thoại OPPO Find N3.', 'reason': ['The ground truth states: Thu cũ đổi mới lên đời OPPO\u202fFind\u202fN3 series: Tiết kiệm lên tới 20\u202ftriệu đồng. This supports the statement.'], 'verdict': 1}, {'statement': 'Khách hàng sẽ nhận được chương trình trả góp 0% với Home Credit khi mua điện thoại OPPO Find N3.', 'reason': ['The ground truth states: Trả góp 0\u202f% với Home Credit. This supports the statement.'], 'verdict': 1}, {'statement': 'Khách hàng sẽ nhận được chương trình trả góp 0% qua Shinhan Finance hoặc Mirae Asset Finance khi mua điện thoại OPPO Find N3.', 'reason': ['The ground truth states: Ưu đãi trả góp 0\u202f% qua Shinhan Finance hoặc Mirae Asset Finance. This supports the statement.'], 'verdict': 1}, {'statement': 'Khách hàng sẽ được giảm 5% không giới hạn khuyến mãi qua Homepaylater khi mua điện thoại OPPO Find N3.', 'reason': ['The ground truth states: Giảm 5\u202f% không giới hạn khuyến mãi qua Homepaylater. This supports the statement.'], 'verdict': 1}, {'statement': 'Khách hàng sẽ được giảm thêm tới 700.000đ khi thanh toán qua Kredivo khi mua điện thoại OPPO Find N3.', 'reason': ['The ground truth states: Giảm thêm tới 700.000\u202fđ khi thanh toán qua Kredivo. This supports the statement.'], 'verdict': 1}, {'statement': 'Khách hàng sẽ được giảm 50% tối đa 700k khi mở thẻ tín dụng Vpbank trên SenID khi mua điện thoại OPPO Find N3.', 'reason': ['The ground truth states: Giảm 50\u202f% tối đa 700k khi mở thẻ tín dụng Vpbank trên SenID. This supports the statement.'], 'verdict': 1}, {'statement': 'Khách hàng sẽ được giảm 20% tối đa 500k khi mở thẻ tín dụng TPBank EVO khi mua điện thoại OPPO Find N3.', 'reason': ['The ground truth states: Giảm 20\u202f% tối đa 500k khi mở thẻ tín dụng TPBank\u202fEVO. This supports the statement.'], 'verdict': 1}, {'statement': 'Khách hàng sẽ nhận Voucher 600.000đ khi mở thẻ tín dụng VIB khi mua điện thoại OPPO Find N3.', 'reason': ['The ground truth states: Mở thẻ tín dụng VIB - Nhận Voucher 600.000\u202fđ. This supports the statement.'], 'verdict': 1}]",1.0,1.0,1.0,15.95,2025-08-21 15:59:38
93,Giá của điện thoại iphone 15 pro max (1tb) là bao nhiêu?,"Giá của điện thoại iPhone 15 Pro Max (1TB) - Chính hãng VN/A là 41,990,000 ₫.",Giá của điện thoại iPhone 15 Pro Max (1 TB) là 41 990 000 ₫.,"[{'statement': 'Giá của điện thoại iPhone 15 Pro Max (1 TB) là 41 990 000 ₫.', 'reason': ['The ground truth confirms the price of the iPhone 15 Pro Max (1TB) is 41,990,000 ₫.'], 'verdict': 1}]","[{'statement': 'Giá của điện thoại iPhone 15 Pro Max (1TB) - Chính hãng VN/A là 41,990,000 ₫.', 'reason': ['The ground truth confirms that the price of the iPhone 15 Pro Max (1TB) is 41,990,000 ₫.'], 'verdict': 1}]",1.0,1.0,1.0,9.14,2025-08-21 17:01:30
94,Điện thoại Iphone 15 Pro Max (512GB) có những màu nào?,"Điện thoại iPhone 15 Pro Max (512GB) có các màu Titan Đen, Titan Tự Nhiên, Titan Xanh, Titan Trắng.","Titan Đen, Titan Tự Nhiên, Titan Xanh, Titan Trắng","[{'statement': 'Điện thoại Iphone 15 Pro Max (512GB) có màu Titan Đen.', 'reason': ['The ground truth confirms that the iPhone 15 Pro Max (512GB) comes in Titan Đen color.'], 'verdict': 1}, {'statement': 'Điện thoại Iphone 15 Pro Max (512GB) có màu Titan Tự Nhiên.', 'reason': ['The ground truth confirms that the iPhone 15 Pro Max (512GB) comes in Titan Tự Nhiên color.'], 'verdict': 1}, {'statement': 'Điện thoại Iphone 15 Pro Max (512GB) có màu Titan Xanh.', 'reason': ['The ground truth confirms that the iPhone 15 Pro Max (512GB) comes in Titan Xanh color.'], 'verdict': 1}, {'statement': 'Điện thoại Iphone 15 Pro Max (512GB) có màu Titan Trắng.', 'reason': ['The ground truth confirms that the iPhone 15 Pro Max (512GB) comes in Titan Trắng color.'], 'verdict': 1}]","[{'statement': 'Điện thoại iPhone 15 Pro Max (512GB) có các màu Titan Đen.', 'reason': ['The ground truth states that Titan Đen is one of the colors.'], 'verdict': 1}, {'statement': 'Điện thoại iPhone 15 Pro Max (512GB) có màu Titan Tự Nhiên.', 'reason': ['The ground truth states that Titan Tự Nhiên is one of the colors.'], 'verdict': 1}, {'statement': 'Điện thoại iPhone 15 Pro Max (512GB) có màu Titan Xanh.', 'reason': ['The ground truth states that Titan Xanh is one of the colors.'], 'verdict': 1}, {'statement': 'Điện thoại iPhone 15 Pro Max (512GB) có màu Titan Trắng.', 'reason': ['The ground truth states that Titan Trắng is one of the colors.'], 'verdict': 1}]",1.0,1.0,1.0,13.16,2025-08-21 18:06:26
91,Những màu sắc nào mà điện thoại iphone 15 pro (128gb) có?,"Titan Xanh, Titan Tự Nhiên, Titan Trắng, Titan Đen","Titan Xanh, Titan Tự Nhiên, Titan Trắng, Titan Đen","[{'statement': 'Điện thoại iPhone 15 Pro (128GB) có màu Titan Xanh.', 'reason': ['The ground truth confirms that the iPhone 15 Pro is available in Titan Xanh.'], 'verdict': 1}, {'statement': 'Điện thoại iPhone 15 Pro (128GB) có màu Titan Tự Nhiên.', 'reason': ['The ground truth confirms that the iPhone 15 Pro is available in Titan Tự Nhiên.'], 'verdict': 1}, {'statement': 'Điện thoại iPhone 15 Pro (128GB) có màu Titan Trắng.', 'reason': ['The ground truth confirms that the iPhone 15 Pro is available in Titan Trắng.'], 'verdict': 1}, {'statement': 'Điện thoại iPhone 15 Pro (128GB) có màu Titan Đen.', 'reason': ['The ground truth confirms that the iPhone 15 Pro is available in Titan Đen.'], 'verdict': 1}]","[{'statement': 'Điện thoại iphone 15 pro (128gb) có màu Titan Xanh.', 'reason': ['The ground truth states that the iPhone 15 Pro is available in Titan Xanh.'], 'verdict': 1}, {'statement': 'Điện thoại iphone 15 pro (128gb) có màu Titan Tự Nhiên.', 'reason': ['The ground truth states that the iPhone 15 Pro is available in Titan Tự Nhiên.'], 'verdict': 1}, {'statement': 'Điện thoại iphone 15 pro (128gb) có màu Titan Trắng.', 'reason': ['The ground truth states that the iPhone 15 Pro is available in Titan Trắng.'], 'verdict': 1}, {'statement': 'Điện thoại iphone 15 pro (128gb) có màu Titan Đen.', 'reason': ['The ground truth states that the iPhone 15 Pro is available in Titan Đen.'], 'verdict': 1}]",1.0,1.0,1.0,25.35,2025-08-21 21:13:20
95,Điện thoại iPhone 15 có dung lượng bộ nhớ trong bao nhiêu?,Bộ nhớ trong của điện thoại iPhone 15 là 512GB.,"iPhone 15 có bộ nhớ trong 512GB, 256GB và 128GB tùy phiên bản.","[{'statement': 'iPhone 15 có bộ nhớ trong 512GB tùy phiên bản.', 'reason': ['The ground truth states that the iPhone 15 has an internal memory of 512GB.'], 'verdict': 1}, {'statement': 'iPhone 15 có bộ nhớ trong 256GB tùy phiên bản.', 'reason': ['The ground truth only mentions 512GB internal memory, so this statement is not supported.'], 'verdict': 0}, {'statement': 'iPhone 15 có bộ nhớ trong 128GB tùy phiên bản.', 'reason': ['The ground truth only mentions 512GB internal memory, so this statement is not supported.'], 'verdict': 0}]","[{'statement': 'Điện thoại iPhone 15 có dung lượng bộ nhớ trong là 512GB.', 'reason': ['Ground truth states that iPhone 15 has 512GB internal storage depending on the version.'], 'verdict': 1}]",0.33,1.0,0.5,10.52,2025-08-21 16:00:32
97,Điện thoại samsung galaxy m34 5g có dung lượng pin là bao nhiêu?,Dung lượng pin của điện thoại Samsung Galaxy M34 5G là 6000 mAh.,Dung lượng pin của điện thoại Samsung Galaxy M34 5G là 6000 mAh.,"[{'statement': 'Dung lượng pin của điện thoại Samsung Galaxy M34 5G là 6000 mAh.', 'reason': ['The ground truth confirms that the battery capacity of the Samsung Galaxy M34 5G phone is 6000 mAh.'], 'verdict': 1}]","[{'statement': 'Dung lượng pin của điện thoại Samsung Galaxy M34 5G là 6000 mAh.', 'reason': ['Ground Truth xác nhận rằng dung lượng pin của Samsung Galaxy M34 5G là 6000 mAh.'], 'verdict': 1}]",1.0,1.0,1.0,10.28,2025-08-21 16:00:36
92,Giá của điện thoại iphone 15 pro max (256gb) là bao nhiêu?,"Giá của điện thoại iPhone 15 Pro Max (256GB) là 28,990,000 ₫.","Giá của điện thoại iPhone 15 Pro Max (256GB) là 28,990,000 ₫.","[{'statement': 'Giá của điện thoại iPhone 15 Pro Max (256GB) là 28,990,000 ₫.', 'reason': ['The ground truth confirms that the price of the iPhone 15 Pro Max (256GB) is 28,990,000 ₫.'], 'verdict': 1}]","[{'statement': 'Giá của điện thoại iPhone 15 Pro Max (256GB) là 28,990,000 ₫.', 'reason': ['The ground truth states that the price of the iPhone 15 Pro Max (256GB) is 28,990,000 ₫.'], 'verdict': 1}]",1.0,1.0,1.0,8.51,2025-08-21 21:13:14
100,Giá của điện thoại tcl 40 se (4gb/128gb) là bao nhiêu?,"Giá của điện thoại TCL 40 SE (4GB/128GB) là 2,690,000 ₫.","Giá của điện thoại tcl 40 se (4gb/128gb) là 2,690,000 ₫.","[{'statement': 'Giá của điện thoại tcl 40 se (4gb/128gb) là 2,690,000 ₫.', 'reason': ['The ground truth states that the price of the TCL 40 SE (4GB/128GB) is 2,690,000 ₫.'], 'verdict': 1}]","[{'statement': 'Giá của điện thoại TCL 40 SE (4GB/128GB) là 2,690,000 ₫.', 'reason': ['The ground truth states that the price of the TCL 40 SE (4GB/128GB) is 2,690,000 ₫.'], 'verdict': 1}]",1.0,1.0,1.0,14.99,2025-08-21 16:01:18
96,iPhone 15 Plus (128GB) có những ưu đãi khuyến mãi nào?,iPhone 15 Plus (128GB) có ưu đãi giảm thêm 100.000đ khi thanh toán bằng chuyển khoản ngân hàng.,"KM 1: Giảm thêm 100.000 đ khi thanh toán bằng chuyển khoản ngân hàng khi mua iPhone 15 Series.  
KM 2: Ưu đãi trả góp 0 % qua thẻ tín dụng.","[{'statement': 'Khi mua iPhone 15 Series, khách hàng sẽ được giảm thêm 100.000 đồng khi thanh toán bằng chuyển khoản ngân hàng.', 'reason': ['The ground truth mentions that the iPhone 15 Plus (128GB) has a promotion of an additional VND 100,000 discount when paying via bank transfer.', 'This is equivalent to the statement.'], 'verdict': 1}, {'statement': 'Khách hàng được ưu đãi trả góp 0% qua thẻ tín dụng khi mua iPhone 15 Plus (128GB).', 'reason': ['The ground truth does not mention that customers are offered 0% installment payments via credit card when purchasing the iPhone 15 Plus (128GB).'], 'verdict': 0}]","[{'statement': 'iPhone 15 Plus (128GB) được giảm thêm 100.000đ khi thanh toán bằng chuyển khoản ngân hàng.', 'reason': ['The ground truth states that customers get an additional discount of 100.000 when paying via bank transfer when buying iPhone 15 Series.'], 'verdict': 1}]",0.5,1.0,0.67,13.62,2025-08-21 18:07:19
101,Màn hình của điện thoại oppo reno10 5g có kích thước bao nhiêu?,Màn hình của điện thoại OPPO Reno10 5G có kích thước 6.7 inch.,"Kích thước màn hình của điện thoại Oppo Reno10 5G là 6,7 inch.","[{'statement': 'Màn hình của điện thoại Oppo Reno10 5G có kích thước 6,7 inch.', 'reason': ['The ground truth confirms that the screen size of OPPO Reno10 5G is 6.7 inch.'], 'verdict': 1}]","[{'statement': 'Màn hình của điện thoại OPPO Reno10 5G có kích thước 6.7 inch.', 'reason': ['The ground truth confirms that the screen size of Oppo Reno10 5G is 6.7 inch.'], 'verdict': 1}]",1.0,1.0,1.0,6.97,2025-08-21 16:01:26
98,Honor X6a có bao nhiêu màu sắc khác nhau để lựa chọn?,Honor X6a có 2 màu sắc khác nhau để lựa chọn là Bạc Ánh Sao và Đen Huyền Bí.,"Có hai màu sắc: Bạc Ánh Sao, Đen Huyền Bí.","[{'statement': 'Honor X6a có hai màu sắc.', 'reason': ['The ground truth states that Honor X6a has 2 colors to choose from, so the statement is correct.'], 'verdict': 1}, {'statement': 'Các màu sắc của Honor X6a là Bạc Ánh Sao và Đen Huyền Bí.', 'reason': ['The ground truth states that the two colors available for Honor X6a are Bạc Ánh Sao and Đen Huyền Bí, so the statement is correct.'], 'verdict': 1}]","[{'statement': 'Honor X6a có 2 màu sắc khác nhau để lựa chọn.', 'reason': ['Ground Truth cho biết điện thoại có hai màu.'], 'verdict': 1}, {'statement': 'Các màu sắc đó là Bạc Ánh Sao và Đen Huyền Bí.', 'reason': ['Ground Truth cho biết hai màu là Bạc Ánh Sao và Đen Huyền Bí.'], 'verdict': 1}]",1.0,1.0,1.0,25.65,2025-08-22 07:23:52
99,Điện thoại Samsung Galaxy A05 có dung lượng bộ nhớ trong là bao nhiêu?,Điện thoại Samsung Galaxy A05 có dung lượng bộ nhớ trong là 128GB.,Điện thoại Samsung Galaxy A05 có bộ nhớ trong 128GB.,"[{'statement': 'Điện thoại Samsung Galaxy A05 có bộ nhớ trong 128GB.', 'reason': ['The ground truth states that the Samsung Galaxy A05 has an internal memory capacity of 128GB.'], 'verdict': 1}]","[{'statement': 'Điện thoại Samsung Galaxy A05 có dung lượng bộ nhớ trong là 128GB.', 'reason': ['The ground truth confirms that the Samsung Galaxy A05 phone has an internal memory of 128GB.'], 'verdict': 1}]",1.0,1.0,1.0,5.77,2025-08-22 06:31:12
103,Những khuyến mãi nào áp dụng cho điện thoại nothing phone 2?,"Điện thoại nothing phone 2 được áp dụng các khuyến mãi sau: Giảm 5% không giới hạn khuyến mãi qua Homepaylater, giảm 50% tối đa 700k khi mở thẻ tín dụng Vpbank trên SenID, giảm 20% tối đa 500k khi mở thẻ tín dụng TPBank EVO.",Khuyến mãi cho điện thoại nothing phone 2 gồm: giảm 5% không giới hạn qua Homepaylater; giảm 50% tối đa 700k khi mở thẻ tín dụng Vpbank trên SenID; giảm 20% tối đa 500k khi mở thẻ tín dụng TPBank EVO.,"[{'statement': 'Điện thoại nothing phone 2 được giảm 5% không giới hạn qua Homepaylater.', 'reason': ['The ground truth states that điện thoại nothing phone 2 được giảm 5% không giới hạn khuyến mãi qua Homepaylater.'], 'verdict': 1}, {'statement': 'Điện thoại nothing phone 2 được giảm 50% tối đa 700k khi mở thẻ tín dụng Vpbank trên SenID.', 'reason': ['The ground truth states that điện thoại nothing phone 2 được giảm 50% tối đa 700k khi mở thẻ tín dụng Vpbank trên SenID.'], 'verdict': 1}, {'statement': 'Điện thoại nothing phone 2 được giảm 20% tối đa 500k khi mở thẻ tín dụng TPBank EVO.', 'reason': ['The ground truth states that điện thoại nothing phone 2 được giảm 20% tối đa 500k khi mở thẻ tín dụng TPBank EVO.'], 'verdict': 1}]","[{'statement': 'Điện thoại nothing phone 2 được giảm 5% không giới hạn khuyến mãi qua Homepaylater.', 'reason': ['The ground truth confirms that the phone nothing phone 2 is reduced by 5% without promotion limits via Homepaylater.'], 'verdict': 1}, {'statement': 'Điện thoại nothing phone 2 được giảm 50% tối đa 700k khi mở thẻ tín dụng Vpbank trên SenID.', 'reason': ['The ground truth confirms that the phone nothing phone 2 is reduced by 50% up to 700k when opening a Vpbank credit card on SenID.'], 'verdict': 1}, {'statement': 'Điện thoại nothing phone 2 được giảm 20% tối đa 500k khi mở thẻ tín dụng TPBank EVO.', 'reason': ['The ground truth confirms that the phone nothing phone 2 is reduced by 20% up to 500k when opening a TPBank EVO credit card.'], 'verdict': 1}]",1.0,1.0,1.0,36.74,2025-08-21 17:02:52
102,Các chương trình khuyến mãi nào áp dụng khi mua xiaomi 13t pro?,"Các chương trình khuyến mãi khi mua xiaomi 13t pro bao gồm: giảm 5% không giới hạn khuyến mãi qua Homepaylater, giảm 50% tối đa 700k khi mở thẻ tín dụng Vpbank trên SenID, giảm 20% tối đa 500k khi mở thẻ tín dụng TPBank EVO.","Giảm 5% không giới hạn khuyến mãi qua Homepaylater, Giảm 50% tối đa 700k khi mở thẻ tín dụng Vpbank trên SenID, Giảm 20% tối đa 500k khi mở thẻ tín dụng TPBank EVO","[{'statement': 'Có chương trình giảm 5% không giới hạn khuyến mãi qua Homepaylater khi mua Xiaomi 13T Pro.', 'reason': ['The ground truth states that there is a 5% discount without promotion limit via Homepaylater when buying Xiaomi 13T Pro.'], 'verdict': 1}, {'statement': 'Có chương trình giảm 50% tối đa 700k khi mở thẻ tín dụng Vpbank trên SenID khi mua Xiaomi 13T Pro.', 'reason': ['The ground truth states that there is a 50% discount up to 700k when opening a VPBank credit card on SenID when buying Xiaomi 13T Pro.'], 'verdict': 1}, {'statement': 'Có chương trình giảm 20% tối đa 500k khi mở thẻ tín dụng TPBank EVO khi mua Xiaomi 13T Pro.', 'reason': ['The ground truth states that there is a 20% discount up to 500k when opening a TPBank EVO credit card when buying Xiaomi 13T Pro.'], 'verdict': 1}]","[{'statement': 'Các chương trình khuyến mãi khi mua Xiaomi 13T Pro bao gồm giảm 5% không giới hạn khuyến mãi qua Homepaylater.', 'reason': ['The ground truth states ""Giảm 5% không giới hạn khuyến mãi qua Homepaylater"" which confirms the statement.'], 'verdict': 1}, {'statement': 'Các chương trình khuyến mãi khi mua Xiaomi 13T Pro bao gồm giảm 50% tối đa 700k khi mở thẻ tín dụng Vpbank trên SenID.', 'reason': ['The ground truth states ""Giảm 50% tối đa 700k khi mở thẻ tín dụng Vpbank trên SenID"" which confirms the statement.'], 'verdict': 1}, {'statement': 'Các chương trình khuyến mãi khi mua Xiaomi 13T Pro bao gồm giảm 20% tối đa 500k khi mở thẻ tín dụng TPBank EVO.', 'reason': ['The ground truth states ""Giảm 20% tối đa 500k khi mở thẻ tín dụng TPBank EVO"" which confirms the statement.'], 'verdict': 1}]",1.0,1.0,1.0,11.08,2025-08-22 07:24:00
104,Màu sắc nào có sẵn cho điện thoại Redmi A2 (2GB/32GB)?,Màu sắc có sẵn cho điện thoại Redmi A2 (2GB/32GB) là Xanh Dương cùng Màu Đen.,"Xanh Dương, Màu Đen","[{'statement': 'Điện thoại Redmi A2 (2GB/32GB) có màu xanh dương.', 'reason': ['The ground truth states that the Redmi A2 (2GB/32GB) phone is available in blue.'], 'verdict': 1}, {'statement': 'Điện thoại Redmi A2 (2GB/32GB) có màu đen.', 'reason': ['The ground truth states that the Redmi A2 (2GB/32GB) phone is available in black.'], 'verdict': 1}]","[{'statement': 'Các màu có sẵn cho điện thoại Redmi A2 (2GB/32GB) là Xanh Dương.', 'reason': ['The ground truth lists Xanh Dương as one of the available colors.'], 'verdict': 1}, {'statement': 'Các màu có sẵn cho điện thoại Redmi A2 (2GB/32GB) là Màu Đen.', 'reason': ['The ground truth lists Màu Đen as one of the available colors.'], 'verdict': 1}]",1.0,1.0,1.0,28.92,2025-08-21 16:02:24
106,Màn hình của điện thoại TCL 40 SE có công nghệ gì?,Công nghệ màn hình của điện thoại TCL 40 SE là IPS LCD.,"Công nghệ màn hình của điện thoại TCL 40 SE là IPS LCD, tần số quét 90 Hz.","[{'statement': 'Công nghệ màn hình của điện thoại TCL 40 SE là IPS LCD.', 'reason': ['The ground truth states that the screen technology of the TCL 40 SE phone is IPS LCD.'], 'verdict': 1}, {'statement': 'Màn hình của điện thoại TCL 40 SE có tần số quét 90 Hz.', 'reason': [""The ground truth does not mention the refresh rate of the TCL 40 SE phone's screen.""], 'verdict': 0}]","[{'statement': 'Màn hình của điện thoại TCL 40 SE có công nghệ IPS LCD.', 'reason': ['The ground truth states that the TCL 40 SE phone screen has IPS LCD technology.'], 'verdict': 1}]",0.5,1.0,0.67,9.86,2025-08-21 16:02:28
108,Điện thoại Oppo Find N3 Flip có ưu đãi gì khi mở thẻ tín dụng TPBank EVO?,"Khi mở thẻ tín dụng TPBank EVO, bạn sẽ nhận được ưu đãi giảm 20% tối đa 500.000 đồng khi mua điện thoại Oppo Find N3 Flip.",Giảm 20% tối đa 500.000đ khi mở thẻ tín dụng TPBank EVO.,"[{'statement': 'Điện thoại Oppo Find N3 Flip được giảm 20% tối đa 500.000đ khi mở thẻ tín dụng TPBank EVO.', 'reason': ['The ground truth confirms that when opening a TPBank EVO credit card, you will receive a 20% discount up to 500,000 VND when purchasing an Oppo Find N3 Flip phone.'], 'verdict': 1}]","[{'statement': 'Người dùng sẽ nhận được ưu đãi giảm 20% tối đa 500.000 đồng khi mua điện thoại Oppo Find N3 Flip khi mở thẻ tín dụng TPBank EVO.', 'reason': ['The ground truth confirms a 20% discount up to 500,000 VND when opening a TPBank EVO credit card.'], 'verdict': 1}]",1.0,1.0,1.0,36.74,2025-08-21 16:03:02
107,Điện thoại Xiaomi 14 có những chương trình khuyến mãi gì hiện tại?,"Điện thoại Xiaomi 14 hiện tại có chính sách khuyến mãi như sau: bảo hành chính hãng 24 tháng, bảo hiểm màn hình 6 tháng, tặng BH VipCare 1 đổi 1 với phí nhập lại là 1.400.000 đồng, thu cũ đổi mới lên đời Xiaomi 14 trợ giá tới 1 triệu đồng.","KM 1: Bảo hành chính hãng 24 tháng, bảo hiểm màn hình 6 tháng  
KM 2: Tặng BH VipCare 1 đổi 1 (điền lại 1.400.000)  
KM 3: Thu cũ đổi mới lên đời Xiaomi 14, trợ giá tới 1 triệu đồng","[{'statement': 'Điện thoại Xiaomi 14 được bảo hành chính hãng 24 tháng.', 'reason': ['The ground truth confirms that the Xiaomi 14 phone has a genuine warranty of 24 months.'], 'verdict': 1}, {'statement': 'Điện thoại Xiaomi 14 được bảo hiểm màn hình 6 tháng.', 'reason': ['The ground truth confirms that the Xiaomi 14 phone has a screen insurance of 6 months.'], 'verdict': 1}, {'statement': 'Điện thoại Xiaomi 14 được tặng BH VipCare 1 đổi 1 (điền lại 1.400.000).', 'reason': ['The ground truth confirms that the Xiaomi 14 phone is gifted with BH VipCare 1 to 1 (re-enter 1,400,000).'], 'verdict': 1}, {'statement': 'Có chương trình thu cũ đổi mới lên đời Xiaomi 14, trợ giá tới 1 triệu đồng.', 'reason': ['The ground truth confirms that there is an old collection and renewal program for Xiaomi 14, with a support price of up to 1 million VND.'], 'verdict': 1}]","[{'statement': 'Điện thoại Xiaomi 14 hiện tại có chính sách bảo hành chính hãng 24 tháng.', 'reason': [""The ground truth states 'KM 1: Bảo hành chính hãng 24 tháng', which confirms the statement.""], 'verdict': 1}, {'statement': 'Điện thoại Xiaomi 14 hiện tại có chính sách bảo hiểm màn hình 6 tháng.', 'reason': [""The ground truth states 'KM 1: bảo hiểm màn hình 6 tháng', which confirms the statement.""], 'verdict': 1}, {'statement': 'Điện thoại Xiaomi 14 hiện tại có chính sách tặng BH VipCare 1 đổi 1 với phí nhập lại là 1.400.000 đồng.', 'reason': [""The ground truth states 'KM 2: Tặng BH VipCare 1 đổi 1 (điền lại 1.400.000)', which confirms the statement.""], 'verdict': 1}, {'statement': 'Điện thoại Xiaomi 14 hiện tại có chính sách thu cũ đổi mới lên đời Xiaomi 14 trợ giá tới 1 triệu đồng.', 'reason': [""The ground truth states 'KM 3: Thu cũ đổi mới lên đời Xiaomi 14, trợ giá tới 1 triệu đồng', which confirms the statement.""], 'verdict': 1}]",1.0,1.0,1.0,22.6,2025-08-21 18:08:10
105,Điện thoại TCL 408 có khuyến mãi nào khi mua qua Homepaylater?,Điện thoại TCL 408 có khuyến mãi giảm 5% không giới hạn khi mua qua Homepaylater.,Có khuyến mãi giảm 5% không giới hạn khi mua qua Homepaylater.,"[{'statement': 'Có khuyến mãi giảm 5% không giới hạn khi mua qua Homepaylater.', 'reason': ['The ground truth confirms that there is a 5% discount with no limits when purchasing via Homepaylater.'], 'verdict': 1}]","[{'statement': 'Điện thoại TCL 408 có khuyến mãi giảm 5% không giới hạn khi mua qua Homepaylater.', 'reason': ['The ground truth confirms that there is a 5% discount promotion when buying through Homepaylater.'], 'verdict': 1}]",1.0,1.0,1.0,21.28,2025-08-21 17:03:21
112,Điện thoại nubia red magic 8 pro sử dụng hệ điều hành nào?,Nubia Red Magic 8 Pro sử dụng hệ điều hành Android 13.,Hệ điều hành Android 13.,"[{'statement': 'Điện thoại nubia red magic 8 pro sử dụng hệ điều hành Android 13.', 'reason': ['The ground truth confirms that Nubia Red Magic 8 Pro uses Android 13 operating system.'], 'verdict': 1}]","[{'statement': 'Nubia Red Magic 8 Pro sử dụng hệ điều hành Android 13.', 'reason': ['The ground truth states that the operating system is Android 13.'], 'verdict': 1}]",1.0,1.0,1.0,5.6,2025-08-21 16:03:17
109,Hệ điều hành nào điện thoại tcl 408 sử dụng?,Android 12,Hệ điều hành Android 12.,"[{'statement': 'Điện thoại TCL 408 sử dụng hệ điều hành Android 12.', 'reason': ['The ground truth confirms that the TCL 408 phone uses the Android 12 operating system.'], 'verdict': 1}]","[{'statement': 'Điện thoại TCL 408 sử dụng hệ điều hành Android 12.', 'reason': ['The ground truth states that the operating system is Android 12.'], 'verdict': 1}]",1.0,1.0,1.0,5.27,2025-08-22 06:17:29
114,Hệ điều hành nào điện thoại nokia c21 plus sử dụng?,Hệ điều hành của điện thoại Nokia C21 Plus là Android 11 (Go Edition).,Hệ điều hành của điện thoại Nokia C21 Plus là Android 11 (Go Edition).,"[{'statement': 'Hệ điều hành của điện thoại Nokia C21 Plus là Android 11 (Go Edition).', 'reason': ['The ground truth states that the operating system of Nokia C21 Plus is Android 11 (Go Edition).'], 'verdict': 1}]","[{'statement': 'Hệ điều hành của điện thoại Nokia C21 Plus là Android 11 (Go Edition).', 'reason': ['The ground truth states that the operating system of the Nokia C21 Plus is Android 11 (Go Edition).'], 'verdict': 1}]",1.0,1.0,1.0,19.67,2025-08-21 16:03:38
111,Hệ điều hành của oppo reno10 pro plus là gì?,Android 13,Hệ điều hành của Oppo Reno10 Pro Plus là Android 13.,"[{'statement': 'Hệ điều hành của Oppo Reno10 Pro Plus là Android 13.', 'reason': ['The ground truth confirms that the operating system is Android 13.'], 'verdict': 1}]","[{'statement': 'Hệ điều hành của oppo reno10 pro plus là Android 13.', 'reason': ['The ground truth confirms that the operating system of Oppo Reno10 Pro Plus is Android 13.'], 'verdict': 1}]",1.0,1.0,1.0,5.52,2025-08-21 17:03:27
113,Điện thoại oppo a58 có bộ nhớ trong bao nhiêu GB?,Điện thoại Oppo A58 có bộ nhớ trong 128GB.,Bộ nhớ trong của điện thoại Oppo A58 là 128GB.,"[{'statement': 'Điện thoại Oppo A58 có bộ nhớ trong 128GB.', 'reason': ['The ground truth confirms that the Oppo A58 phone has 128GB of internal memory.'], 'verdict': 1}]","[{'statement': 'Điện thoại Oppo A58 có bộ nhớ trong 128GB.', 'reason': ['The ground truth states that the internal memory of the Oppo A58 phone is 128GB.'], 'verdict': 1}]",1.0,1.0,1.0,44.38,2025-08-22 06:18:14
110,Kích thước màn hình của điện thoại xiaomi 12s ultra là bao nhiêu?,Kích thước màn hình của điện thoại xiaomi 12s ultra là 6.73 inch,Kích thước màn hình của điện thoại Xiaomi 12S Ultra là 6.73 inch.,"[{'statement': 'Kích thước màn hình của điện thoại Xiaomi 12S Ultra là 6.73 inch.', 'reason': ['The ground truth confirms that the screen size of the Xiaomi 12S Ultra phone is 6.73 inches.'], 'verdict': 1}]","[{'statement': 'Kích thước màn hình của điện thoại xiaomi 12s ultra là 6.73 inch.', 'reason': ['The ground truth states that the Xiaomi 12S Ultra has a screen size of 6.73 inches.'], 'verdict': 1}]",1.0,1.0,1.0,9.45,2025-08-21 21:14:26
117,Oppo Reno10 Pro sử dụng vi xử lý nào?,Oppo Reno10 Pro sử dụng vi xử lý Snapdragon 778G 5G 8 nhân.,Oppo Reno10 Pro sử dụng vi xử lý Snapdragon 778G 5G với 8 nhân.,"[{'statement': 'Oppo Reno10 Pro sử dụng vi xử lý Snapdragon 778G 5G.', 'reason': ['The ground truth states that Oppo Reno10 Pro sử dụng vi xử lý Snapdragon 778G 5G 8 nhân, which implies it uses Snapdragon 778G 5G.'], 'verdict': 1}, {'statement': 'Vi xử lý Snapdragon 778G 5G có 8 nhân.', 'reason': ['The ground truth states that Oppo Reno10 Pro uses Snapdragon 778G 5G 8 nhân, confirming that the processor has 8 cores.'], 'verdict': 1}]","[{'statement': 'Oppo Reno10 Pro sử dụng vi xử lý Snapdragon 778G 5G 8 nhân.', 'reason': ['The ground truth confirms that Oppo Reno10 Pro uses Snapdragon 778G 5G processor with 8 cores.'], 'verdict': 1}]",1.0,1.0,1.0,6.61,2025-08-21 16:04:16
115,Camera của xiaomi 14 ultra có độ phân giải bao nhiêu?,Camera của xiaomi 14 ultra có độ phân giải 50MP.,Camera của Xiaomi 14 ultra có độ phân giải 3200 x 1440 pixel.,"[{'statement': 'Camera của Xiaomi 14 ultra có độ phân giải 3200 x 1440 pixel.', 'reason': ['The ground truth states the camera resolution is 50MP, which contradicts the statement about 3200 x 1440 pixels.'], 'verdict': 0}]","[{'statement': 'Camera của xiaomi 14 ultra có độ phân giải 50MP.', 'reason': [""The ground truth states the resolution in pixels (3200 x 1440), but doesn't mention the resolution in megapixels. Thus, it's not possible to directly infer the statement.""], 'verdict': 0}]",0.0,0.0,0.0,27.25,2025-08-21 17:04:25
118,Điện thoại vivo y02t 4gb/64gb sử dụng hệ điều hành nào?,Điện thoại vivo y02t 4gb/64gb sử dụng hệ điều hành Funtouch OS 13 (Android 13 edition).,Hệ điều hành là Funtouch OS 13 (Android 13 edition).,"[{'statement': 'Điện thoại vivo y02t 4gb/64gb sử dụng hệ điều hành Funtouch OS 13.', 'reason': ['The ground truth states that the điện thoại vivo y02t 4gb/64gb uses Funtouch OS 13.'], 'verdict': 1}, {'statement': 'Funtouch OS 13 là phiên bản Android 13.', 'reason': ['The ground truth mentions ""Funtouch OS 13 (Android 13 edition)"" which implies that Funtouch OS 13 is a version of Android 13.'], 'verdict': 1}]","[{'statement': 'Điện thoại vivo y02t 4gb/64gb sử dụng hệ điều hành Funtouch OS 13.', 'reason': ['The ground truth states that the operating system is Funtouch OS 13.'], 'verdict': 1}, {'statement': 'Funtouch OS 13 là Android 13 edition.', 'reason': ['The ground truth states that Funtouch OS 13 is the Android 13 edition.'], 'verdict': 1}]",1.0,1.0,1.0,19.39,2025-08-22 07:30:20
120,Màn hình của điện thoại Infinix Hot 30i có công nghệ gì?,Màn hình của điện thoại Infinix Hot 30i có công nghệ IPS LCD với tần số quét 90Hz.,Màn hình của điện thoại Infinix Hot 30i có công nghệ IPS LCD với tần số 90 Hz và độ phân giải HD+ (720 × 1612).,"[{'statement': 'Màn hình của điện thoại Infinix Hot 30i có công nghệ IPS LCD.', 'reason': ['The ground truth states that the screen of the Infinix Hot 30i phone has IPS LCD technology.'], 'verdict': 1}, {'statement': 'Màn hình của điện thoại Infinix Hot 30i có tần số 90 Hz.', 'reason': ['The ground truth states that the screen of the Infinix Hot 30i phone has a 90Hz refresh rate.'], 'verdict': 1}, {'statement': 'Màn hình của điện thoại Infinix Hot 30i có độ phân giải HD+ (720 × 1612).', 'reason': ['The ground truth does not mention the screen resolution of the Infinix Hot 30i phone.'], 'verdict': 0}]","[{'statement': 'Màn hình của điện thoại Infinix Hot 30i có công nghệ IPS LCD.', 'reason': ['Ground Truth xác nhận màn hình của điện thoại Infinix Hot 30i có công nghệ IPS LCD.'], 'verdict': 1}, {'statement': 'Màn hình của điện thoại Infinix Hot 30i có tần số quét 90Hz.', 'reason': ['Ground Truth xác nhận màn hình của điện thoại Infinix Hot 30i có tần số quét 90Hz.'], 'verdict': 1}]",0.67,1.0,0.8,19.12,2025-08-21 17:04:28
122,Điện thoại Tecno Pova 5 có những màu nào?,"Điện thoại Tecno Pova 5 có các phiên bản màu Đen, Xanh Dương, Vàng.","Màu Đen, Xanh Dương, Màu Vàng","[{'statement': 'Điện thoại Tecno Pova 5 có màu đen.', 'reason': ['Ground Truth indicates that the phone has a black version.'], 'verdict': 1}, {'statement': 'Điện thoại Tecno Pova 5 có màu xanh dương.', 'reason': ['Ground Truth indicates that the phone has a blue version.'], 'verdict': 1}, {'statement': 'Điện thoại Tecno Pova 5 có màu vàng.', 'reason': ['Ground Truth indicates that the phone has a yellow version.'], 'verdict': 1}]","[{'statement': 'Điện thoại Tecno Pova 5 có các phiên bản màu Đen.', 'reason': ['The ground truth mentions ""Màu Đen"" which translates to black color, hence it supports the statement.'], 'verdict': 1}, {'statement': 'Điện thoại Tecno Pova 5 có các phiên bản màu Xanh Dương.', 'reason': ['The ground truth mentions ""Xanh Dương"" which translates to blue color, hence it supports the statement.'], 'verdict': 1}, {'statement': 'Điện thoại Tecno Pova 5 có các phiên bản màu Vàng.', 'reason': ['The ground truth mentions ""Màu Vàng"" which translates to yellow color, hence it supports the statement.'], 'verdict': 1}]",1.0,1.0,1.0,5.83,2025-08-21 16:05:30
116,Màn hình của realme c51 có tần số quét là bao nhiêu?,Màn hình của realme c51 có tần số quét 90Hz.,Tần số quét của realme c51 là 90Hz.,"[{'statement': 'Tần số quét của realme c51 là 90Hz.', 'reason': ['The ground truth confirms that the refresh rate of realme c51 is 90Hz.'], 'verdict': 1}]","[{'statement': 'Màn hình của realme c51 có tần số quét 90Hz.', 'reason': ['The ground truth confirms that the refresh rate of realme c51 is 90Hz.'], 'verdict': 1}]",1.0,1.0,1.0,5.96,2025-08-22 06:18:14
119,Khuyến mãi hiện tại của điện thoại Infinix Note 30 là gì?,Khuyến mãi hiện tại của điện thoại Infinix Note 30 là sản phẩm đang thuộc chương trình Flash sale với số lượng có hạn.,"KM 1, chương trình Flash Sale (số lượng có hạn)","[{'statement': 'Điện thoại Infinix Note 30 hiện đang có khuyến mãi KM 1.', 'reason': ['The ground truth states that the phone is part of a Flash Sale, but doesn\'t mention ""KM 1"" promotion.'], 'verdict': 0}, {'statement': 'Điện thoại Infinix Note 30 hiện đang có chương trình Flash Sale với số lượng có hạn.', 'reason': ['The ground truth states that the phone is part of a Flash Sale with limited quantity.'], 'verdict': 1}]","[{'statement': 'Khuyến mãi hiện tại của điện thoại Infinix Note 30 là sản phẩm đang thuộc chương trình Flash sale.', 'reason': ['The ground truth states that the phone is part of a Flash Sale program.'], 'verdict': 1}, {'statement': 'Số lượng sản phẩm trong chương trình Flash sale có hạn.', 'reason': ['The ground truth mentions that the quantity in the Flash Sale program is limited.'], 'verdict': 1}]",0.5,1.0,0.67,18.77,2025-08-21 18:09:11
121,Điện thoại OPPO Reno10 5G có công nghệ màn hình gì?,Điện thoại OPPO Reno10 5G sử dụng công nghệ màn hình 3D AMOLED.,"Màn hình 3D AMOLED, tỉ lệ 93.0%, hỗ trợ 1 070 000 000 màu (10 bit).","[{'statement': 'Điện thoại OPPO Reno10 5G có màn hình 3D AMOLED.', 'reason': ['The ground truth confirms that the OPPO Reno10 5G phone has a 3D AMOLED screen.'], 'verdict': 1}, {'statement': 'Điện thoại OPPO Reno10 5G có tỉ lệ màn hình 93.0%.', 'reason': ['The ground truth does not provide information about the screen ratio of the OPPO Reno10 5G phone.'], 'verdict': 0}, {'statement': 'Điện thoại OPPO Reno10 5G hỗ trợ 1.070.000.000 màu (10 bit).', 'reason': ['The ground truth does not provide information about the number of colors supported by the OPPO Reno10 5G phone.'], 'verdict': 0}]","[{'statement': 'Điện thoại OPPO Reno10 5G sử dụng công nghệ màn hình 3D AMOLED.', 'reason': ['The ground truth states that the phone has a 3D AMOLED screen.'], 'verdict': 1}]",0.33,1.0,0.5,12.4,2025-08-22 07:30:13
123,Tecno Pova 5 có bao nhiêu màu sắc khác nhau?,"Tecno Pova 5 có ba màu sắc: Màu Đen, Xanh Dương, Màu Vàng.",Tecno Pova 5 có **ba** màu sắc khác nhau.,"[{'statement': 'Tecno Pova 5 có ba màu sắc khác nhau.', 'reason': ['The ground truth states that Tecno Pova 5 có ba màu sắc: Màu Đen, Xanh Dương, Màu Vàng.'], 'verdict': 1}]","[{'statement': 'Tecno Pova 5 có ba màu sắc.', 'reason': ['The ground truth confirms that Tecno Pova 5 has three colors.'], 'verdict': 1}, {'statement': 'Các màu sắc của Tecno Pova 5 là màu đen.', 'reason': ['The ground truth states that Tecno Pova 5 has three colors, but does not specify that black is one of them.'], 'verdict': 0}, {'statement': 'Các màu sắc của Tecno Pova 5 là xanh dương.', 'reason': ['The ground truth states that Tecno Pova 5 has three colors, but does not specify that blue is one of them.'], 'verdict': 0}, {'statement': 'Các màu sắc của Tecno Pova 5 là màu vàng.', 'reason': ['The ground truth states that Tecno Pova 5 has three colors, but does not specify that yellow is one of them.'], 'verdict': 0}]",1.0,0.25,0.4,14.78,2025-08-22 06:18:30
125,Điện thoại samsung galaxy z flip5 8gb/512gb có hỗ trợ mạng nào?,Điện thoại Samsung Galaxy Z Flip5 8GB/512GB hỗ trợ mạng 5G.,Điện thoại Samsung Galaxy Z Flip5 8GB/512GB hỗ trợ mạng 5G.,"[{'statement': 'Điện thoại Samsung Galaxy Z Flip5 8GB/512GB hỗ trợ mạng 5G.', 'reason': ['The ground truth confirms that the Samsung Galaxy Z Flip5 8GB/512GB supports 5G network.'], 'verdict': 1}]","[{'statement': 'Điện thoại Samsung Galaxy Z Flip5 8GB/512GB hỗ trợ mạng 5G.', 'reason': ['The ground truth confirms that the Samsung Galaxy Z Flip5 8GB/512GB supports 5G network.'], 'verdict': 1}]",1.0,1.0,1.0,24.07,2025-08-21 21:15:43
124,Điện thoại realme narzo 50i prime có dung lượng pin bao nhiêu?,Điện thoại realme narzo 50i prime có dung lượng pin 5000 mAh.,Dung lượng pin của điện thoại realme narzo 50i prime là 5 000 mAh.,"[{'statement': 'Dung lượng pin của điện thoại realme narzo 50i prime là 5\x0c000\x0cmAh.', 'reason': ['The ground truth confirms that the battery capacity of the realme narzo 50i prime phone is 5000 mAh.'], 'verdict': 1}]","[{'statement': 'Điện thoại realme narzo 50i prime có dung lượng pin 5000 mAh.', 'reason': ['The ground truth confirms that the phone realme narzo 50i prime has a battery capacity of 5000 mAh.'], 'verdict': 1}]",1.0,1.0,1.0,17.0,2025-08-22 07:48:18
129,Giá của điện thoại Samsung Galaxy Z Fold5 12GB/512GB là bao nhiêu?,"Giá của điện thoại Samsung Galaxy Z Fold5 12GB/512GB là 30,990,000 ₫.","Giá điện thoại Samsung Galaxy Z Fold5 12GB/512GB là 30,990,000 ₫.","[{'statement': 'Giá điện thoại Samsung Galaxy Z Fold5 12GB/512GB là 30,990,000 ₫.', 'reason': ['The ground truth confirms that the price of the Samsung Galaxy Z Fold5 12GB/512GB is 30,990,000 ₫.'], 'verdict': 1}]","[{'statement': 'Giá của điện thoại Samsung Galaxy Z Fold5 12GB/512GB là 30,990,000 ₫.', 'reason': ['The ground truth states that the price of the Samsung Galaxy Z Fold5 12GB/512GB is 30,990,000 ₫.'], 'verdict': 1}]",1.0,1.0,1.0,18.81,2025-08-21 16:06:43
126,Dung lượng pin của điện thoại vivo y36 8gb/128gb là bao nhiêu?,Dung lượng pin của điện thoại vivo y36 8gb/128gb là 5000 mAh.,Dung lượng pin của điện thoại vivo y36 8gb/128gb là 5000 mAh.,"[{'statement': 'Dung lượng pin của điện thoại vivo y36 8gb/128gb là 5000 mAh.', 'reason': ['The ground truth states that the battery capacity of the vivo y36 8gb/128gb phone is 5000 mAh.'], 'verdict': 1}]","[{'statement': 'Dung lượng pin của điện thoại vivo y36 8gb/128gb là 5000 mAh.', 'reason': ['The ground truth confirms that the battery capacity of the vivo y36 8gb/128gb phone is 5000 mAh.'], 'verdict': 1}]",1.0,1.0,1.0,6.07,2025-08-21 17:05:43
127,Điện thoại realme 11 có các khuyến mãi nào khi mua hàng?,"Điện thoại realme 11 có các khuyến mãi khi mua hàng như ưu đãi trả góp 0% qua Shinhan Finance hoặc Mirae Asset Finance, giảm 5% không giới hạn khuyến mãi qua Homepaylater, giảm thêm tới 700.000đ khi thanh toán qua Kredivo, giảm 50% tối đa 700k khi mở thẻ tín dụng Vpbank trên SenID, giảm 20% tối đa 500k khi mở thẻ tín dụng TPBank EVO, mở thẻ tín dụng VIB nhận Voucher 600.000đ, và giảm 1% tối đa 100.000đ khi thanh toán qua Zalopay.","Khi mua điện thoại realme 11, bạn được hưởng các khuyến mãi sau:

- Ưu đãi trả góp 0 % qua Shinhan Finance hoặc Mirae Asset Finance  
- Giảm 5 % không giới hạn khuyến mãi qua Homepaylater  
- Giảm thêm tới 700.000 đ khi thanh toán qua Kredivo  
- Giảm 50 % tối đa 700k khi mở thẻ tín dụng Vpbank trên SenID  
- Giảm 20 % tối đa 500k khi mở thẻ tín dụng TPBank EVO  
- Mở thẻ tín dụng VIB  
- Nhận voucher 600.000 đ  
- Giảm 1 % tối đa 100.000 đ khi thanh toán qua Zalopay","[{'statement': 'Khi mua điện thoại realme 11, khách hàng được hưởng ưu đãi trả góp 0% qua Shinhan Finance hoặc Mirae Asset Finance.', 'reason': ['The ground truth confirms that customers get 0% installment via Shinhan Finance or Mirae Asset Finance when buying Realme 11.'], 'verdict': 1}, {'statement': 'Khi mua điện thoại realme 11, khách hàng được giảm 5% không giới hạn khuyến mãi qua Homepaylater.', 'reason': ['The ground truth confirms that customers get a 5% discount via Homepaylater when buying Realme 11.'], 'verdict': 1}, {'statement': 'Khi mua điện thoại realme 11, khách hàng được giảm thêm tới 700.000 VNĐ khi thanh toán qua Kredivo.', 'reason': ['The ground truth confirms that customers get up to 700.000 VND off when paying via Kredivo when buying Realme 11.'], 'verdict': 1}, {'statement': 'Khi mua điện thoại realme 11, khách hàng được giảm 50% tối đa 700k khi mở thẻ tín dụng Vpbank trên SenID.', 'reason': ['The ground truth confirms that customers get 50% off (up to 700k) when opening a Vpbank credit card on SenID when buying Realme 11.'], 'verdict': 1}, {'statement': 'Khi mua điện thoại realme 11, khách hàng được giảm 20% tối đa 500k khi mở thẻ tín dụng TPBank EVO.', 'reason': ['The ground truth confirms that customers get 20% off (up to 500k) when opening a TPBank EVO credit card when buying Realme 11.'], 'verdict': 1}, {'statement': 'Khi mua điện thoại realme 11, khách hàng có thể mở thẻ tín dụng VIB.', 'reason': ['The ground truth mentions opening a VIB credit card to receive a voucher, implying the ability to open a VIB credit card when buying the phone.'], 'verdict': 1}, {'statement': 'Khi mua điện thoại realme 11, khách hàng có thể nhận voucher 600.000 VNĐ.', 'reason': ['The ground truth mentions receiving a 600.000 VND voucher when opening a VIB credit card, implying receiving the voucher when buying Realme 11.'], 'verdict': 1}, {'statement': 'Khi mua điện thoại realme 11, khách hàng được giảm 1% tối đa 100.000 VNĐ khi thanh toán qua Zalopay.', 'reason': ['The ground truth confirms that customers get 1% off (up to 100.000 VND) when paying via Zalopay when buying Realme 11.'], 'verdict': 1}]","[{'statement': 'Điện thoại realme 11 có ưu đãi trả góp 0% qua Shinhan Finance hoặc Mirae Asset Finance.', 'reason': ['The ground truth confirms that realme 11 has installment payment with 0% interest rate via Shinhan Finance or Mirae Asset Finance.'], 'verdict': 1}, {'statement': 'Điện thoại realme 11 được giảm 5% không giới hạn khuyến mãi qua Homepaylater.', 'reason': ['The ground truth confirms that realme 11 gets a 5% discount without promotion limits via Homepaylater.'], 'verdict': 1}, {'statement': 'Điện thoại realme 11 được giảm thêm tới 700.000đ khi thanh toán qua Kredivo.', 'reason': ['The ground truth confirms that realme 11 gets an extra discount of up to 700,000 VND when paying via Kredivo.'], 'verdict': 1}, {'statement': 'Điện thoại realme 11 được giảm 50% tối đa 700k khi mở thẻ tín dụng Vpbank trên SenID.', 'reason': ['The ground truth confirms that realme 11 gets a 50% discount, up to 700k, when opening a VPBank credit card on SenID.'], 'verdict': 1}, {'statement': 'Điện thoại realme 11 được giảm 20% tối đa 500k khi mở thẻ tín dụng TPBank EVO.', 'reason': ['The ground truth confirms that realme 11 gets a 20% discount, up to 500k, when opening a TPBank EVO credit card.'], 'verdict': 1}, {'statement': 'Khi mở thẻ tín dụng VIB sẽ nhận được Voucher 600.000đ khi mua điện thoại realme 11.', 'reason': ['The ground truth confirms that opening a VIB credit card will get a 600,000 VND voucher when buying a realme 11 phone.'], 'verdict': 1}, {'statement': 'Điện thoại realme 11 được giảm 1% tối đa 100.000đ khi thanh toán qua Zalopay.', 'reason': ['The ground truth confirms that realme 11 gets a 1% discount, up to 100,000 VND, when paying via Zalopay.'], 'verdict': 1}]",1.0,1.0,1.0,25.33,2025-08-21 18:10:27
128,Realme 11 Pro có các tùy chọn màu sắc nào?,Realme 11 Pro có các tùy chọn màu sắc là Trắng và Xanh lá cây.,"Realme 11 Pro có sẵn màu Trắng, Xanh.","[{'statement': 'Realme 11 Pro có màu Trắng.', 'reason': ['The ground truth states that Realme 11 Pro has a white color option.'], 'verdict': 1}, {'statement': 'Realme 11 Pro có màu Xanh.', 'reason': ['The ground truth states that Realme 11 Pro has a green color option. Although it is slightly different than just ""Xanh"" (blue), it is still considered a match.'], 'verdict': 1}]","[{'statement': 'Realme 11 Pro có các tùy chọn màu sắc là Trắng.', 'reason': ['The ground truth confirms that Realme 11 Pro is available in White color.'], 'verdict': 1}, {'statement': 'Realme 11 Pro có các tùy chọn màu sắc là Xanh lá cây.', 'reason': ['The ground truth confirms that Realme 11 Pro is available in Green color.'], 'verdict': 1}]",1.0,1.0,1.0,18.98,2025-08-22 05:37:20
131,Điện thoại redmi note 12 (8gb/128gb) sử dụng vi xử lý nào?,Điện thoại Redmi Note 12 (8GB/128GB) sử dụng vi xử lý Qualcomm Snapdragon 685.,Redmi Note 12 (8 GB/128 GB) sử dụng vi xử lý **Qualcomm Snapdragon 685**.,"[{'statement': 'Điện thoại Redmi Note 12 (8 GB/128 GB) sử dụng vi xử lý Qualcomm Snapdragon 685.', 'reason': ['The ground truth confirms that the Redmi Note 12 (8GB/128GB) uses the Qualcomm Snapdragon 685 processor.'], 'verdict': 1}]","[{'statement': 'Điện thoại Redmi Note 12 (8GB/128GB) sử dụng vi xử lý Qualcomm Snapdragon 685.', 'reason': ['The ground truth confirms that Redmi Note 12 (8GB/128GB) uses Qualcomm Snapdragon 685 processor.'], 'verdict': 1}]",1.0,1.0,1.0,11.91,2025-08-21 16:07:35
133,Samsung Galaxy Z Flip5 8GB/256GB có các tùy chọn màu sắc nào?,"Samsung Galaxy Z Flip5 8GB/256GB có các tùy chọn màu sắc là Xanh, Màu Tím, Kem, Màu Xám.","Xanh, Màu Tím, Kem, Màu Xám","[{'statement': 'Samsung Galaxy Z Flip5 8GB/256GB có các tùy chọn màu xanh.', 'reason': ['The ground truth states that the Samsung Galaxy Z Flip5 8GB/256GB has a blue color option.'], 'verdict': 1}, {'statement': 'Samsung Galaxy Z Flip5 8GB/256GB có các tùy chọn màu tím.', 'reason': ['The ground truth states that the Samsung Galaxy Z Flip5 8GB/256GB has a purple color option.'], 'verdict': 1}, {'statement': 'Samsung Galaxy Z Flip5 8GB/256GB có các tùy chọn màu kem.', 'reason': ['The ground truth states that the Samsung Galaxy Z Flip5 8GB/256GB has a cream color option.'], 'verdict': 1}, {'statement': 'Samsung Galaxy Z Flip5 8GB/256GB có các tùy chọn màu xám.', 'reason': ['The ground truth states that the Samsung Galaxy Z Flip5 8GB/256GB has a gray color option.'], 'verdict': 1}]","[{'statement': 'Samsung Galaxy Z Flip5 8GB/256GB có các tùy chọn màu sắc là Xanh.', 'reason': ['The ground truth lists ""Xanh"" (Blue) as one of the color options.'], 'verdict': 1}, {'statement': 'Samsung Galaxy Z Flip5 8GB/256GB có các tùy chọn màu sắc là Màu Tím.', 'reason': ['The ground truth lists ""Màu Tím"" (Purple) as one of the color options.'], 'verdict': 1}, {'statement': 'Samsung Galaxy Z Flip5 8GB/256GB có các tùy chọn màu sắc là Kem.', 'reason': ['The ground truth lists ""Kem"" (Cream) as one of the color options.'], 'verdict': 1}, {'statement': 'Samsung Galaxy Z Flip5 8GB/256GB có các tùy chọn màu sắc là Màu Xám.', 'reason': ['The ground truth lists ""Màu Xám"" (Gray) as one of the color options.'], 'verdict': 1}]",1.0,1.0,1.0,21.68,2025-08-21 16:07:49
132,Điện thoại Samsung Galaxy Z Fold5 có những lựa chọn màu nào?,"Điện thoại Samsung Galaxy Z Fold5 có các lựa chọn màu Xanh, Màu Đen, Kem.","Xanh, Màu Đen, Kem","[{'statement': 'Điện thoại Samsung Galaxy Z Fold5 có màu xanh.', 'reason': ['The ground truth states that the phone has a blue color option.'], 'verdict': 1}, {'statement': 'Điện thoại Samsung Galaxy Z Fold5 có màu đen.', 'reason': ['The ground truth states that the phone has a black color option.'], 'verdict': 1}, {'statement': 'Điện thoại Samsung Galaxy Z Fold5 có màu kem.', 'reason': ['The ground truth states that the phone has a cream color option.'], 'verdict': 1}]","[{'statement': 'Điện thoại Samsung Galaxy Z Fold5 có các lựa chọn màu Xanh.', 'reason': ['The ground truth explicitly states ""Xanh"" as a color option for the Samsung Galaxy Z Fold5.'], 'verdict': 1}, {'statement': 'Điện thoại Samsung Galaxy Z Fold5 có các lựa chọn màu Đen.', 'reason': ['The ground truth explicitly states ""Màu Đen"" as a color option for the Samsung Galaxy Z Fold5.'], 'verdict': 1}, {'statement': 'Điện thoại Samsung Galaxy Z Fold5 có các lựa chọn màu Kem.', 'reason': ['The ground truth explicitly states ""Kem"" as a color option for the Samsung Galaxy Z Fold5.'], 'verdict': 1}]",1.0,1.0,1.0,16.35,2025-08-21 17:06:33
130,Điện thoại nokia 110 4g pro có mấy khe SIM?,Điện thoại Nokia 110 4G Pro có 2 khe nano SIM.,Điện thoại nokia 110 4g pro có 2 khe SIM nano.,"[{'statement': 'Điện thoại nokia 110 4g pro có 2 khe SIM nano.', 'reason': ['The ground truth confirms that điện thoại Nokia 110 4G Pro có 2 khe nano SIM.'], 'verdict': 1}]","[{'statement': 'Điện thoại Nokia 110 4G Pro có 2 khe nano SIM.', 'reason': ['The ground truth states that Điện thoại nokia 110 4g pro có 2 khe SIM nano.'], 'verdict': 1}]",1.0,1.0,1.0,13.66,2025-08-21 17:06:35
136,Màn hình của nokia 105 4g pro có kích thước bao nhiêu inch?,Màn hình của Nokia 105 4G Pro có kích thước 1.77 inch.,Kích thước màn hình của Nokia 105 4G Pro là 1.77 inch.,"[{'statement': 'Màn hình của Nokia 105 4G Pro có kích thước 1.77 inch.', 'reason': ['The ground truth states that the screen size of Nokia 105 4G Pro is 1.77 inch.'], 'verdict': 1}]","[{'statement': 'Màn hình của Nokia 105 4G Pro có kích thước 1.77 inch.', 'reason': ['The ground truth states that the screen size of the Nokia 105 4G Pro is 1.77 inches.'], 'verdict': 1}]",1.0,1.0,1.0,10.6,2025-08-21 16:08:18
137,Dung lượng lưu trữ của honor x9a 5g là bao nhiêu?,Honor x9a 5g có dung lượng lưu trữ là 256GB.,Dung lượng lưu trữ của honor X9A 5G là 256GB.,"[{'statement': 'Dung lượng lưu trữ của honor X9A 5G là 256GB.', 'reason': ['Ground Truth xác nhận rằng Honor x9a 5g có dung lượng lưu trữ là 256GB.'], 'verdict': 1}]","[{'statement': 'Honor x9a 5g có dung lượng lưu trữ là 256GB.', 'reason': ['The ground truth states that the storage capacity of Honor X9A 5G is 256GB.'], 'verdict': 1}]",1.0,1.0,1.0,11.66,2025-08-21 16:08:20
134,Tecno Spark 10 có những chương trình khuyến mãi nào?,"Tecno Spark 10 có các chương trình khuyến mãi như giảm 5% không giới hạn khuyến mãi qua Homepaylater, giảm 50% tối đa 700k khi mở thẻ tín dụng Vpbank trên SenID, giảm 20% tối đa 500k khi mở thẻ tín dụng TPBank EVO, giảm 1% tối đa 100.000đ khi thanh toán qua Zalopay.","Giảm 5% không giới hạn khuyến mãi qua Homepaylater, Giảm 50% tối đa 700k khi mở thẻ tín dụng Vpbank trên SenID, Giảm 20% tối đa 500k khi mở thẻ tín dụng TPBank EVO, Giảm 1% tối đa 100.000đ khi thanh toán qua Zalopay","[{'statement': 'Có giảm 5% không giới hạn khuyến mãi qua Homepaylater cho Tecno Spark 10.', 'reason': ['The ground truth confirms that there is a 5% discount without promotion limit through Homepaylater for Tecno Spark 10.'], 'verdict': 1}, {'statement': 'Có giảm 50% tối đa 700k khi mở thẻ tín dụng Vpbank trên SenID cho Tecno Spark 10.', 'reason': ['The ground truth confirms that there is a 50% discount up to 700k when opening a Vpbank credit card on SenID for Tecno Spark 10.'], 'verdict': 1}, {'statement': 'Có giảm 20% tối đa 500k khi mở thẻ tín dụng TPBank EVO cho Tecno Spark 10.', 'reason': ['The ground truth confirms that there is a 20% discount up to 500k when opening a TPBank EVO credit card for Tecno Spark 10.'], 'verdict': 1}, {'statement': 'Có giảm 1% tối đa 100.000đ khi thanh toán qua Zalopay cho Tecno Spark 10.', 'reason': ['The ground truth confirms that there is a 1% discount up to 100,000đ when paying via Zalopay for Tecno Spark 10.'], 'verdict': 1}]","[{'statement': 'Tecno Spark 10 có chương trình khuyến mãi giảm 5% không giới hạn khuyến mãi qua Homepaylater.', 'reason': ['The ground truth confirms that Tecno Spark 10 has a promotion of 5% discount without limit via Homepaylater.'], 'verdict': 1}, {'statement': 'Tecno Spark 10 có chương trình khuyến mãi giảm 50% tối đa 700k khi mở thẻ tín dụng Vpbank trên SenID.', 'reason': ['The ground truth confirms that Tecno Spark 10 has a promotion of 50% discount up to 700k when opening a Vpbank credit card on SenID.'], 'verdict': 1}, {'statement': 'Tecno Spark 10 có chương trình khuyến mãi giảm 20% tối đa 500k khi mở thẻ tín dụng TPBank EVO.', 'reason': ['The ground truth confirms that Tecno Spark 10 has a promotion of 20% discount up to 500k when opening a TPBank EVO credit card.'], 'verdict': 1}, {'statement': 'Tecno Spark 10 có chương trình khuyến mãi giảm 1% tối đa 100.000đ khi thanh toán qua Zalopay.', 'reason': ['The ground truth confirms that Tecno Spark 10 has a promotion of 1% discount up to 100,000đ when paying via Zalopay.'], 'verdict': 1}]",1.0,1.0,1.0,21.62,2025-08-22 06:32:33
138,Điện thoại OPPO A78 có những tùy chọn màu nào?,"Điện thoại OPPO A78 có những tùy chọn màu là Xanh, Màu Đen.",OPPO A78 có màu Xanh và Màu Đen.,"[{'statement': 'OPPO A78 có màu Xanh.', 'reason': ['The ground truth states that the OPPO A78 has a blue color option.'], 'verdict': 1}, {'statement': 'OPPO A78 có màu Đen.', 'reason': ['The ground truth states that the OPPO A78 has a black color option.'], 'verdict': 1}]","[{'statement': 'Điện thoại OPPO A78 có những tùy chọn màu là Xanh.', 'reason': ['The ground truth confirms that the OPPO A78 has a Blue (Xanh) color option.'], 'verdict': 1}, {'statement': 'Điện thoại OPPO A78 có những tùy chọn màu là Màu Đen.', 'reason': ['The ground truth confirms that the OPPO A78 has a Black (Màu Đen) color option.'], 'verdict': 1}]",1.0,1.0,1.0,16.83,2025-08-21 21:16:20
135,Điện thoại Nokia C32 có những lựa chọn màu sắc nào?,Điện thoại Nokia C32 có hai lựa chọn màu sắc: Đen và Xanh Lá.,Điện thoại Nokia C32 có màu sắc là Đen và Xanh Lá.,"[{'statement': 'Điện thoại Nokia C32 có màu sắc là Đen.', 'reason': ['The ground truth states that the Nokia C32 has a black color option.'], 'verdict': 1}, {'statement': 'Điện thoại Nokia C32 có màu sắc là Xanh Lá.', 'reason': ['The ground truth states that the Nokia C32 has a green color option.'], 'verdict': 1}]","[{'statement': 'Điện thoại Nokia C32 có hai lựa chọn màu sắc.', 'reason': ['The ground truth states that the Nokia C32 has colors Black and Green, implying two color options.'], 'verdict': 1}, {'statement': 'Các lựa chọn màu sắc của điện thoại Nokia C32 là Đen và Xanh Lá.', 'reason': ['The ground truth directly states that the Nokia C32 has colors Black and Green.'], 'verdict': 1}]",1.0,1.0,1.0,37.4,2025-08-21 18:11:24
140,Mua điện thoại di động masstel izi 30 có khuyến mãi gì?,"Khi mua điện thoại di động Masstel Izi 30, có các khuyến mãi như: giảm 5% không giới hạn bằng Homepaylater, giảm 50% tối đa 700.000 đồng khi mở thẻ tín dụng VPBank qua SenID, giảm 20% tối đa 500.000 đồng khi mở thẻ tín dụng TPBank EVO, giảm 1% tối đa 100.000 đồng khi thanh toán qua Zalopay.","- Giảm 5 % không giới hạn khi dùng Homepaylater  
- Giảm 50 % tối đa 700k khi mở thẻ tín dụng Vpbank trên SenID  
- Giảm 20 % tối đa 500k khi mở thẻ tín dụng TPBank EVO  
- Giảm 1 % tối đa 100k khi thanh toán qua Zalopay","[{'statement': 'Điện thoại di động Masstel izi 30 được giảm 5% không giới hạn khi dùng Homepaylater.', 'reason': ['The ground truth states that when buying the Masstel Izi 30 mobile phone, there is a promotion of 5% off without limit using Homepaylater.'], 'verdict': 1}, {'statement': 'Điện thoại di động Masstel izi 30 được giảm 50% tối đa 700k khi mở thẻ tín dụng Vpbank trên SenID.', 'reason': ['The ground truth confirms a 50% discount, up to 700,000 VND, when opening a VPBank credit card via SenID for the Masstel Izi 30 mobile phone.'], 'verdict': 1}, {'statement': 'Điện thoại di động Masstel izi 30 được giảm 20% tối đa 500k khi mở thẻ tín dụng TPBank EVO.', 'reason': ['The ground truth states that there is a 20% discount, up to 500,000 VND, when opening a TPBank EVO credit card for the Masstel Izi 30 mobile phone.'], 'verdict': 1}, {'statement': 'Điện thoại di động Masstel izi 30 được giảm 1% tối đa 100k khi thanh toán qua Zalopay.', 'reason': ['The ground truth confirms a 1% discount, up to 100,000 VND, when paying via Zalopay for the Masstel Izi 30 mobile phone.'], 'verdict': 1}]","[{'statement': 'Khi mua điện thoại di động Masstel Izi 30, có khuyến mãi giảm 5% không giới hạn bằng Homepaylater.', 'reason': ['The ground truth states: - Giảm 5\u202f% không giới hạn khi dùng Homepaylater, which confirms the statement.'], 'verdict': 1}, {'statement': 'Khi mua điện thoại di động Masstel Izi 30, có khuyến mãi giảm 50% tối đa 700.000 đồng khi mở thẻ tín dụng VPBank qua SenID.', 'reason': ['The ground truth states: - Giảm 50\u202f% tối đa 700k khi mở thẻ tín dụng Vpbank trên SenID, which confirms the statement.'], 'verdict': 1}, {'statement': 'Khi mua điện thoại di động Masstel Izi 30, có khuyến mãi giảm 20% tối đa 500.000 đồng khi mở thẻ tín dụng TPBank EVO.', 'reason': ['The ground truth states: - Giảm 20\u202f% tối đa 500k khi mở thẻ tín dụng TPBank EVO, which confirms the statement.'], 'verdict': 1}, {'statement': 'Khi mua điện thoại di động Masstel Izi 30, có khuyến mãi giảm 1% tối đa 100.000 đồng khi thanh toán qua Zalopay.', 'reason': ['The ground truth states: - Giảm 1\u202f% tối đa 100k khi thanh toán qua Zalopay, which confirms the statement.'], 'verdict': 1}]",1.0,1.0,1.0,31.14,2025-08-22 07:25:01
139,Huawei Mate X3 có kích thước bộ nhớ trong là bao nhiêu?,Huawei Mate X3 có kích thước bộ nhớ trong là 512GB.,Huawei Mate X3 có bộ nhớ trong 512GB.,"[{'statement': 'Huawei Mate X3 có bộ nhớ trong 512GB.', 'reason': ['The ground truth states that Huawei Mate X3 has an internal memory size of 512GB.'], 'verdict': 1}]","[{'statement': 'Huawei Mate X3 có kích thước bộ nhớ trong là 512GB.', 'reason': ['The ground truth confirms that Huawei Mate X3 has an internal memory of 512GB.'], 'verdict': 1}]",1.0,1.0,1.0,14.34,2025-08-22 05:38:00
142,Điện thoại Tecno Spark 10 Pro có bộ vi xử lý nào?,Điện thoại Tecno Spark 10 Pro sử dụng vi xử lý MediaTek Helio G88.,Vi xử lý của điện thoại Tecno Spark 10 Pro là MediaTek Helio G88.,"[{'statement': 'Điện thoại Tecno Spark 10 Pro có bộ vi xử lý MediaTek Helio G88.', 'reason': ['Ground truth states that the phone uses MediaTek Helio G88 processor.'], 'verdict': 1}]","[{'statement': 'Điện thoại Tecno Spark 10 Pro sử dụng vi xử lý MediaTek Helio G88.', 'reason': ['Ground Truth confirms that the Tecno Spark 10 Pro uses the MediaTek Helio G88 processor.'], 'verdict': 1}]",1.0,1.0,1.0,24.97,2025-08-21 16:09:29
141,Dung lượng pin của điện thoại vivo v27e là bao nhiêu?,Dung lượng pin của điện thoại vivo v27e là 4600 mAh.,Dung lượng pin của Vivo V27E là 4600 mAh.,"[{'statement': 'Dung lượng pin của Vivo V27E là 4600 mAh.', 'reason': ['The ground truth states that the battery capacity of the vivo v27e phone is 4600 mAh.'], 'verdict': 1}]","[{'statement': 'Dung lượng pin của điện thoại vivo v27e là 4600 mAh.', 'reason': ['The ground truth states that the battery capacity of Vivo V27E is 4600 mAh, which directly supports the statement.'], 'verdict': 1}]",1.0,1.0,1.0,8.11,2025-08-21 17:07:27
145,Điện thoại realme c30s 3gb/64gb có bộ nhớ trong bao nhiêu?,Điện thoại realme c30s 3gb/64gb có bộ nhớ trong 64GB.,Bộ nhớ trong 64GB,"[{'statement': 'Điện thoại realme c30s 3gb/64gb có bộ nhớ trong 64GB.', 'reason': ['The ground truth confirms that the realme c30s 3gb/64gb phone has 64GB of internal memory.'], 'verdict': 1}]","[{'statement': 'Điện thoại realme c30s 3gb/64gb có bộ nhớ trong 64GB.', 'reason': ['The ground truth confirms the phone has 64GB internal storage.'], 'verdict': 1}]",1.0,1.0,1.0,28.14,2025-08-22 06:19:21
144,Tecno Camon 20 Pro có các tùy chọn màu nào?,"Tecno Camon 20 Pro có các tùy chọn màu Xanh Dương, Màu Đen.","Xanh Dương, Màu Đen.","[{'statement': 'Tecno Camon 20 Pro có màu xanh dương.', 'reason': ['The ground truth states that Tecno Camon 20 Pro has a blue color option.'], 'verdict': 1}, {'statement': 'Tecno Camon 20 Pro có màu đen.', 'reason': ['The ground truth states that Tecno Camon 20 Pro has a black color option.'], 'verdict': 1}]","[{'statement': 'Tecno Camon 20 Pro có các tùy chọn màu Xanh Dương.', 'reason': ['The ground truth states ""Xanh Dương"", so this statement is supported.'], 'verdict': 1}, {'statement': 'Tecno Camon 20 Pro có các tùy chọn màu Màu Đen.', 'reason': ['The ground truth states ""Màu Đen"", so this statement is supported.'], 'verdict': 1}]",1.0,1.0,1.0,8.71,2025-08-22 05:38:10
146,Hệ điều hành nào điện thoại vivo y02a sử dụng?,Điện thoại vivo y02a sử dụng hệ điều hành Funtouch OS 12 (Android 12 Go edition).,Funtouch OS 12 (Android 12 Go edition),"[{'statement': 'Điện thoại vivo Y02A sử dụng Funtouch OS 12.', 'reason': ['The ground truth clearly states that the phone vivo y02a uses Funtouch OS 12.'], 'verdict': 1}, {'statement': 'Funtouch OS 12 là phiên bản Android 12 Go edition.', 'reason': ['The ground truth clearly states that Funtouch OS 12 is Android 12 Go edition.'], 'verdict': 1}]","[{'statement': 'Điện thoại vivo y02a sử dụng hệ điều hành Funtouch OS 12.', 'reason': ['The ground truth directly states that the phone uses Funtouch OS 12.'], 'verdict': 1}, {'statement': 'Funtouch OS 12 là một phiên bản Android 12 Go edition.', 'reason': ['The ground truth states that Funtouch OS 12 is Android 12 Go edition.'], 'verdict': 1}]",1.0,1.0,1.0,11.34,2025-08-21 16:10:26
147,Dung lượng pin của điện thoại Tecno Spark 10 Pro là bao nhiêu?,Dung lượng pin của điện thoại Tecno Spark 10 Pro là 5000 mAh.,Dung lượng pin của Tecno Spark 10 Pro là 5000 mAh.,"[{'statement': 'Dung lượng pin của Tecno Spark 10 Pro là 5000 mAh.', 'reason': ['The ground truth states that the battery capacity of the Tecno Spark 10 Pro phone is 5000 mAh.'], 'verdict': 1}]","[{'statement': 'Dung lượng pin của điện thoại Tecno Spark 10 Pro là 5000 mAh.', 'reason': ['The ground truth states that the battery capacity of the Tecno Spark 10 Pro is 5000 mAh.'], 'verdict': 1}]",1.0,1.0,1.0,11.34,2025-08-21 16:10:30
143,Điện thoại Infinix Hot 30i có những khuyến mãi gì khi mua hàng?,"Khi mua điện thoại Infinix Hot 30i, người mua có thể được giảm 5% không giới hạn qua Homepaylater, giảm 50% tối đa 700.000đ khi mở thẻ tín dụng Vpbank trên SenID, giảm 20% tối đa 500.000đ khi mở thẻ tín dụng TPBank EVO, giảm 1% tối đa 100.000đ khi thanh toán qua Zalopay.",Giảm 5% không giới hạn khuyến mãi qua Homepaylater; Giảm 50% tối đa 700k khi mở thẻ tín dụng Vpbank trên SenID; Giảm 20% tối đa 500k khi mở thẻ tín dụng TPBank EVO; Giảm 1% tối đa 100.000đ khi thanh toán qua Zalopay,"[{'statement': 'Điện thoại Infinix Hot 30i được giảm 5% không giới hạn khuyến mãi qua Homepaylater khi mua hàng.', 'reason': ['The ground truth confirms that when purchasing the Infinix Hot 30i phone, buyers can receive a 5% discount without limit through Homepaylater.'], 'verdict': 1}, {'statement': 'Điện thoại Infinix Hot 30i được giảm 50% tối đa 700k khi mở thẻ tín dụng Vpbank trên SenID khi mua hàng.', 'reason': ['The ground truth confirms that when purchasing the Infinix Hot 30i phone, buyers can receive a 50% discount up to 700,000 VND when opening a VPBank credit card on SenID.'], 'verdict': 1}, {'statement': 'Điện thoại Infinix Hot 30i được giảm 20% tối đa 500k khi mở thẻ tín dụng TPBank EVO khi mua hàng.', 'reason': ['The ground truth confirms that when purchasing the Infinix Hot 30i phone, buyers can receive a 20% discount up to 500,000 VND when opening a TPBank EVO credit card.'], 'verdict': 1}, {'statement': 'Điện thoại Infinix Hot 30i được giảm 1% tối đa 100.000đ khi thanh toán qua Zalopay khi mua hàng.', 'reason': ['The ground truth confirms that when purchasing the Infinix Hot 30i phone, buyers can receive a 1% discount up to 100,000 VND when paying via ZaloPay.'], 'verdict': 1}]","[{'statement': 'Người mua điện thoại Infinix Hot 30i có thể được giảm 5% không giới hạn qua Homepaylater.', 'reason': ['The ground truth states ""Giảm 5% không giới hạn khuyến mãi qua Homepaylater"" which supports this statement.'], 'verdict': 1}, {'statement': 'Người mua điện thoại Infinix Hot 30i có thể được giảm 50% tối đa 700.000đ khi mở thẻ tín dụng Vpbank trên SenID.', 'reason': ['The ground truth states ""Giảm 50% tối đa 700k khi mở thẻ tín dụng Vpbank trên SenID"" which supports this statement.'], 'verdict': 1}, {'statement': 'Người mua điện thoại Infinix Hot 30i có thể được giảm 20% tối đa 500.000đ khi mở thẻ tín dụng TPBank EVO.', 'reason': ['The ground truth states ""Giảm 20% tối đa 500k khi mở thẻ tín dụng TPBank EVO"" which supports this statement.'], 'verdict': 1}, {'statement': 'Người mua điện thoại Infinix Hot 30i có thể được giảm 1% tối đa 100.000đ khi thanh toán qua Zalopay.', 'reason': ['The ground truth states ""Giảm 1% tối đa 100.000đ khi thanh toán qua Zalopay"" which supports this statement.'], 'verdict': 1}]",1.0,1.0,1.0,12.14,2025-08-21 18:12:13
149,Giá của điện thoại tecno camon 20 là bao nhiêu?,"Giá của điện thoại Tecno Camon 20 là 3,690,000 ₫.","Giá của điện thoại Tecno Camon 20 là 3,690,000 ₫.","[{'statement': 'Giá của điện thoại Tecno Camon 20 là 3,690,000\t₫.', 'reason': ['The ground truth states that the price of the Tecno Camon 20 phone is 3,690,000 ₫.'], 'verdict': 1}]","[{'statement': 'Giá của điện thoại Tecno Camon 20 là 3,690,000 ₫.', 'reason': ['The ground truth confirms that the price of Tecno Camon 20 is 3,690,000 ₫.'], 'verdict': 1}]",1.0,1.0,1.0,10.04,2025-08-21 17:08:29
151,Các lựa chọn màu của điện thoại realme c55 là gì?,"Các lựa chọn màu của điện thoại realme c55 là Vàng Nắng Mai, Đen Trời Đêm.","Vàng Nắng Mai, Đen Trời Đêm","[{'statement': 'Các lựa chọn màu của điện thoại realme c55 là Vàng Nắng Mai.', 'reason': ['The ground truth confirms that the color option for realme c55 is Vàng Nắng Mai.'], 'verdict': 1}, {'statement': 'Các lựa chọn màu của điện thoại realme c55 là Đen Trời Đêm.', 'reason': ['The ground truth confirms that the color option for realme c55 is Đen Trời Đêm.'], 'verdict': 1}]","[{'statement': 'Các lựa chọn màu của điện thoại realme c55 là Vàng Nắng Mai.', 'reason': [""The ground truth lists 'Vàng Nắng Mai' as one of the color options.""], 'verdict': 1}, {'statement': 'Các lựa chọn màu của điện thoại realme c55 là Đen Trời Đêm.', 'reason': [""The ground truth lists 'Đen Trời Đêm' as one of the color options.""], 'verdict': 1}]",1.0,1.0,1.0,9.02,2025-08-22 06:32:29
152,Dung lượng pin của điện thoại redmi note 12 pro 5g là bao nhiêu?,Dung lượng pin của điện thoại redmi note 12 pro 5g là 5000 mAh.,Dung lượng pin của điện thoại Redmi Note 12 Pro 5G là 5000 mAh.,"[{'statement': 'Dung lượng pin của điện thoại Redmi Note 12 Pro 5G là 5000 mAh.', 'reason': ['The ground truth confirms that the battery capacity of the Redmi Note 12 Pro 5G phone is 5000 mAh.'], 'verdict': 1}]","[{'statement': 'Dung lượng pin của điện thoại redmi note 12 pro 5g là 5000 mAh.', 'reason': ['The ground truth states that the battery capacity of the Redmi Note 12 Pro 5G phone is 5000 mAh.'], 'verdict': 1}]",1.0,1.0,1.0,7.48,2025-08-21 16:11:27
150,Dung lượng pin của xiaomi 13 lite là bao nhiêu?,Dung lượng pin của xiaomi 13 lite là 4500 mAh.,Dung lượng pin của Xiaomi 13 Lite là 4500 mAh.,"[{'statement': 'Dung lượng pin của Xiaomi 13 Lite là 4500 mAh.', 'reason': ['The ground truth states that the battery capacity of the xiaomi 13 lite is 4500 mAh.'], 'verdict': 1}]","[{'statement': 'Dung lượng pin của Xiaomi 13 Lite là 4500 mAh.', 'reason': ['The ground truth states that the battery capacity of Xiaomi 13 Lite is 4500 mAh.'], 'verdict': 1}]",1.0,1.0,1.0,17.84,2025-08-21 21:17:24
148,Điện thoại di động Masstel Izi 15 có những ưu đãi gì?,"Các ưu đãi cho điện thoại di động Masstel Izi 15 bao gồm giảm 5% không giới hạn qua Homepaylater, giảm 50% tối đa 700k khi mở thẻ tín dụng Vpbank trên SenID, giảm 20% tối đa 500k khi mở thẻ tín dụng TPBank EVO, giảm 1% tối đa 100.000đ khi thanh toán qua Zalopay.","- Giảm 5% không giới hạn khuyến mãi qua Homepaylater  
- Giảm 50% tối đa 700k khi mở thẻ tín dụng Vpbank trên SenID  
- Giảm 20% tối đa 500k khi mở thẻ tín dụng TPBank EVO  
- Giảm 1% tối đa 100.000đ khi thanh toán qua Zalopay","[{'statement': 'Điện thoại di động Masstel Izi 15 được giảm 5% không giới hạn khuyến mãi qua Homepaylater.', 'reason': ['The ground truth confirms that the Masstel Izi 15 mobile phone is discounted by 5% without promotion limits via Homepaylater.'], 'verdict': 1}, {'statement': 'Điện thoại di động Masstel Izi 15 được giảm 50% tối đa 700k khi mở thẻ tín dụng Vpbank trên SenID.', 'reason': ['The ground truth confirms that the Masstel Izi 15 mobile phone is discounted by 50% up to 700k when opening a Vpbank credit card on SenID.'], 'verdict': 1}, {'statement': 'Điện thoại di động Masstel Izi 15 được giảm 20% tối đa 500k khi mở thẻ tín dụng TPBank EVO.', 'reason': ['The ground truth confirms that the Masstel Izi 15 mobile phone is discounted by 20% up to 500k when opening a TPBank EVO credit card.'], 'verdict': 1}, {'statement': 'Điện thoại di động Masstel Izi 15 được giảm 1% tối đa 100.000đ khi thanh toán qua Zalopay.', 'reason': ['The ground truth confirms that the Masstel Izi 15 mobile phone is discounted by 1% up to 100,000 VND when paying via Zalopay.'], 'verdict': 1}]","[{'statement': 'Điện thoại di động Masstel Izi 15 được giảm 5% không giới hạn qua Homepaylater.', 'reason': ['The ground truth confirms that the Masstel Izi 15 mobile phone is discounted 5% without limit via Homepaylater.'], 'verdict': 1}, {'statement': 'Điện thoại di động Masstel Izi 15 được giảm 50% tối đa 700k khi mở thẻ tín dụng Vpbank trên SenID.', 'reason': ['The ground truth confirms that the Masstel Izi 15 mobile phone is discounted 50% up to 700k when opening a Vpbank credit card on SenID.'], 'verdict': 1}, {'statement': 'Điện thoại di động Masstel Izi 15 được giảm 20% tối đa 500k khi mở thẻ tín dụng TPBank EVO.', 'reason': ['The ground truth confirms that the Masstel Izi 15 mobile phone is discounted 20% up to 500k when opening a TPBank EVO credit card.'], 'verdict': 1}, {'statement': 'Điện thoại di động Masstel Izi 15 được giảm 1% tối đa 100.000đ khi thanh toán qua Zalopay.', 'reason': ['The ground truth confirms that the Masstel Izi 15 mobile phone is discounted 1% up to 100,000đ when paying via Zalopay.'], 'verdict': 1}]",1.0,1.0,1.0,18.98,2025-08-22 08:53:10
153,Điện thoại Redmi Note 12 có những tùy chọn màu sắc nào?,"Điện thoại Redmi Note 12 có các tùy chọn màu sắc là Xanh Lá, Màu Vàng, Xanh Dương và Màu Đen.","Xanh Lá, Màu Vàng, Xanh Dương, Màu Đen.","[{'statement': 'Điện thoại Redmi Note 12 có màu Xanh Lá.', 'reason': ['The ground truth confirms that the Redmi Note 12 phone has a Green color option.'], 'verdict': 1}, {'statement': 'Điện thoại Redmi Note 12 có màu Vàng.', 'reason': ['The ground truth confirms that the Redmi Note 12 phone has a Yellow color option.'], 'verdict': 1}, {'statement': 'Điện thoại Redmi Note 12 có màu Xanh Dương.', 'reason': ['The ground truth confirms that the Redmi Note 12 phone has a Blue color option.'], 'verdict': 1}, {'statement': 'Điện thoại Redmi Note 12 có màu Đen.', 'reason': ['The ground truth confirms that the Redmi Note 12 phone has a Black color option.'], 'verdict': 1}]","[{'statement': 'Điện thoại Redmi Note 12 có các tùy chọn màu sắc là Xanh Lá.', 'reason': [""The ground truth lists 'Xanh Lá' as one of the color options.""], 'verdict': 1}, {'statement': 'Điện thoại Redmi Note 12 có tùy chọn màu sắc là Màu Vàng.', 'reason': [""The ground truth lists 'Màu Vàng' as one of the color options.""], 'verdict': 1}, {'statement': 'Điện thoại Redmi Note 12 có tùy chọn màu sắc là Xanh Dương.', 'reason': [""The ground truth lists 'Xanh Dương' as one of the color options.""], 'verdict': 1}, {'statement': 'Điện thoại Redmi Note 12 có tùy chọn màu sắc là Màu Đen.', 'reason': [""The ground truth lists 'Màu Đen' as one of the color options.""], 'verdict': 1}]",1.0,1.0,1.0,16.17,2025-08-22 05:39:09
155,realme c55 có kích thước màn hình là bao nhiêu?,realme c55 có kích thước màn hình là 6.72 inch.,"Kích thước màn hình realme c55 là 6,72 inch.","[{'statement': 'Kích thước màn hình realme c55 là 6,72 inch.', 'reason': ['The ground truth states that the screen size of realme c55 is 6.72 inches.'], 'verdict': 1}]","[{'statement': 'realme c55 có kích thước màn hình là 6.72 inch.', 'reason': ['The ground truth states ""Kích thước màn hình realme c55 là 6,72 inch."", which confirms that realme c55 has a screen size of 6.72 inches.'], 'verdict': 1}]",1.0,1.0,1.0,4.32,2025-08-21 18:13:03
154,Điện thoại samsung galaxy a54 5g có những chương trình khuyến mãi nào?,Điện thoại Samsung Galaxy A54 5G có các chương trình khuyến mãi như ưu đãi trả góp 0% qua Shinhan Finance hoặc Mirae Asset Finance; giảm 5% không giới hạn khuyến mãi qua Homepaylater; giảm thêm tới 700.000đ khi thanh toán qua Kredivo; giảm 50% tối đa 700k khi mở thẻ tín dụng Vpbank trên SenID; giảm 20% tối đa 500k khi mở thẻ tín dụng TPBank EVO; mở thẻ tín dụng VIB nhận Voucher 600.000đ; giảm 1% tối đa 100.000đ  khi thanh toán qua Zalopay.,"- Trả góp 0% qua Shinhan Finance hoặc Mirae Asset Finance  
- Giảm 5% không giới hạn qua Homepaylater  
- Giảm thêm tới 700.000đ khi thanh toán qua Kredivo  
- Giảm 50% tối đa 700k khi mở thẻ tín dụng Vpbank trên SenID  
- Giảm 20% tối đa 500k khi mở thẻ tín dụng TPBank EVO  
- Mở thẻ tín dụng VIB  
- Nhận voucher 600.000đ  
- Giảm 1% tối đa 100.000đ khi thanh toán qua Zalopay","[{'statement': 'Điện thoại samsung galaxy a54 5g có chương trình trả góp 0% qua Shinhan Finance hoặc Mirae Asset Finance.', 'reason': ['The ground truth confirms that the Samsung Galaxy A54 5G has a 0% installment program through Shinhan Finance or Mirae Asset Finance.'], 'verdict': 1}, {'statement': 'Điện thoại samsung galaxy a54 5g được giảm 5% không giới hạn qua Homepaylater.', 'reason': ['The ground truth confirms that the Samsung Galaxy A54 5G gets an unlimited 5% discount through Homepaylater.'], 'verdict': 1}, {'statement': 'Điện thoại samsung galaxy a54 5g được giảm thêm tới 700.000đ khi thanh toán qua Kredivo.', 'reason': ['The ground truth confirms that the Samsung Galaxy A54 5G gets an additional discount of up to 700,000 VND when paying via Kredivo.'], 'verdict': 1}, {'statement': 'Điện thoại samsung galaxy a54 5g được giảm 50% tối đa 700k khi mở thẻ tín dụng Vpbank trên SenID.', 'reason': ['The ground truth confirms that the Samsung Galaxy A54 5G gets a 50% discount up to 700k when opening a VPBank credit card on SenID.'], 'verdict': 1}, {'statement': 'Điện thoại samsung galaxy a54 5g được giảm 20% tối đa 500k khi mở thẻ tín dụng TPBank EVO.', 'reason': ['The ground truth confirms that the Samsung Galaxy A54 5G gets a 20% discount up to 500k when opening a TPBank EVO credit card.'], 'verdict': 1}, {'statement': 'Điện thoại samsung galaxy a54 5g có chương trình mở thẻ tín dụng VIB.', 'reason': ['The ground truth mentions opening a VIB credit card and receiving a voucher, implying a program is in place.'], 'verdict': 1}, {'statement': 'Điện thoại samsung galaxy a54 5g được nhận voucher 600.000đ.', 'reason': ['The ground truth confirms that the Samsung Galaxy A54 5G receives a 600,000 VND voucher when opening a VIB credit card.'], 'verdict': 1}, {'statement': 'Điện thoại samsung galaxy a54 5g được giảm 1% tối đa 100.000đ khi thanh toán qua Zalopay.', 'reason': ['The ground truth confirms that the Samsung Galaxy A54 5G gets a 1% discount up to 100,000 VND when paying via ZaloPay.'], 'verdict': 1}]","[{'statement': 'Điện thoại Samsung Galaxy A54 5G có ưu đãi trả góp 0% qua Shinhan Finance hoặc Mirae Asset Finance.', 'reason': ['The ground truth states ""Trả góp 0% qua Shinhan Finance hoặc Mirae Asset Finance"", which directly supports the statement.'], 'verdict': 1}, {'statement': 'Điện thoại Samsung Galaxy A54 5G được giảm 5% không giới hạn khuyến mãi qua Homepaylater.', 'reason': ['The ground truth states ""Giảm 5% không giới hạn qua Homepaylater"", which directly supports the statement.'], 'verdict': 1}, {'statement': 'Điện thoại Samsung Galaxy A54 5G được giảm thêm tới 700.000đ khi thanh toán qua Kredivo.', 'reason': ['The ground truth states ""Giảm thêm tới 700.000đ khi thanh toán qua Kredivo"", which directly supports the statement.'], 'verdict': 1}, {'statement': 'Điện thoại Samsung Galaxy A54 5G được giảm 50% tối đa 700k khi mở thẻ tín dụng Vpbank trên SenID.', 'reason': ['The ground truth states ""Giảm 50% tối đa 700k khi mở thẻ tín dụng Vpbank trên SenID"", which directly supports the statement.'], 'verdict': 1}, {'statement': 'Điện thoại Samsung Galaxy A54 5G được giảm 20% tối đa 500k khi mở thẻ tín dụng TPBank EVO.', 'reason': ['The ground truth states ""Giảm 20% tối đa 500k khi mở thẻ tín dụng TPBank EVO"", which directly supports the statement.'], 'verdict': 1}, {'statement': 'Khi mở thẻ tín dụng VIB sẽ nhận Voucher 600.000đ khi mua điện thoại Samsung Galaxy A54 5G.', 'reason': ['The ground truth states ""Mở thẻ tín dụng VIB"", ""Nhận voucher 600.000đ"", which combined suggests this statement is supported.'], 'verdict': 1}, {'statement': 'Điện thoại Samsung Galaxy A54 5G được giảm 1% tối đa 100.000đ khi thanh toán qua Zalopay.', 'reason': ['The ground truth states ""Giảm 1% tối đa 100.000đ khi thanh toán qua Zalopay"", which directly supports the statement.'], 'verdict': 1}]",1.0,1.0,1.0,18.41,2025-08-22 05:39:19
157,Điện thoại Tecno Spark Go 2023 có hệ điều hành gì?,Hệ điều hành của điện thoại Tecno Spark Go 2023 là Android 12.,Hệ điều hành Android 12.,"[{'statement': 'Điện thoại Tecno Spark Go 2023 có hệ điều hành Android 12.', 'reason': ['The ground truth states that the operating system of the Tecno Spark Go 2023 phone is Android 12.'], 'verdict': 1}]","[{'statement': 'Hệ điều hành của điện thoại Tecno Spark Go 2023 là Android 12.', 'reason': ['Ground Truth cho biết hệ điều hành là Android 12.'], 'verdict': 1}]",1.0,1.0,1.0,10.04,2025-08-21 16:12:18
156,Điện thoại samsung galaxy a34 5g có dung lượng pin là bao nhiêu?,Điện thoại Samsung Galaxy A34 5G có dung lượng pin là 5000 mAh.,Dung lượng pin của điện thoại Samsung Galaxy A34 5G là 5 000 mAh.,"[{'statement': 'Dung lượng pin của điện thoại Samsung Galaxy A34 5G là 5 000 mAh.', 'reason': ['The ground truth confirms that the Samsung Galaxy A34 5G phone has a battery capacity of 5000 mAh.'], 'verdict': 1}]","[{'statement': 'Điện thoại Samsung Galaxy A34 5G có dung lượng pin là 5000 mAh.', 'reason': ['The ground truth confirms that the Samsung Galaxy A34 5G phone has a battery capacity of 5000 mAh.'], 'verdict': 1}]",1.0,1.0,1.0,8.38,2025-08-21 21:18:15
158,Samsung Galaxy A54 5G có RAM bao nhiêu GB?,Samsung Galaxy A54 5G có RAM 8GB.,Samsung Galaxy A54 5G có 8 GB RAM.,"[{'statement': 'Samsung Galaxy A54 5G có 8 GB RAM.', 'reason': ['The ground truth confirms that Samsung Galaxy A54 5G has 8GB RAM.'], 'verdict': 1}]","[{'statement': 'Samsung Galaxy A54 5G có RAM 8GB.', 'reason': ['The ground truth states that Samsung Galaxy A54 5G có 8 GB RAM.'], 'verdict': 1}]",1.0,1.0,1.0,6.26,2025-08-21 21:18:15
159,Điện thoại Oppo Find N2 Flip có ưu đãi gì khi thanh toán qua Kredivo?,Oppo Find N2 Flip giảm thêm tới 700.000đ khi thanh toán qua Kredivo.,"Khi thanh toán qua Kredivo, bạn được giảm thêm tới 700.000 đ.","[{'statement': 'Khi thanh toán qua Kredivo, người dùng được giảm thêm tới 700.000 đồng.', 'reason': ['The ground truth confirms that users get an additional discount of up to 700,000 VND when paying via Kredivo.'], 'verdict': 1}]","[{'statement': 'Oppo Find N2 Flip được giảm thêm tới 700.000đ khi thanh toán qua Kredivo.', 'reason': ['The ground truth confirms that you get a discount of up to 700,000 when paying via Kredivo, implying this discount applies to the Oppo Find N2 Flip.'], 'verdict': 1}]",1.0,1.0,1.0,18.16,2025-08-22 07:24:59
160,Oppo A16K 4GB/64GB sử dụng hệ điều hành nào?,Hệ điều hành của Oppo A16K 4GB/64GB là Android 11.,Android 11,"[{'statement': 'Oppo A16K 4GB/64GB sử dụng hệ điều hành Android 11.', 'reason': ['The ground truth confirms that the operating system of Oppo A16K 4GB/64GB is Android 11.'], 'verdict': 1}]","[{'statement': 'Hệ điều hành của Oppo A16K 4GB/64GB là Android 11.', 'reason': ['The ground truth confirms that the operating system is Android 11.'], 'verdict': 1}]",1.0,1.0,1.0,6.66,2025-08-21 18:14:11
162,Điện thoại Samsung Galaxy S23 Plus có bộ vi xử lý nào?,Điện thoại Samsung Galaxy S23 Plus sử dụng bộ vi xử lý Snapdragon® 8 Gen 2 Mobile Platform for Galaxy.,Bộ vi xử lý của điện thoại Samsung Galaxy S23 Plus là Snapdragon® 8 Gen 2 Mobile Platform for Galaxy.,"[{'statement': 'Điện thoại Samsung Galaxy S23 Plus có bộ vi xử lý Snapdragon® 8 Gen 2 Mobile Platform for Galaxy.', 'reason': ['The ground truth confirms that the Samsung Galaxy S23 Plus phone uses the Snapdragon® 8 Gen 2 Mobile Platform for Galaxy processor.'], 'verdict': 1}]","[{'statement': 'Điện thoại Samsung Galaxy S23 Plus sử dụng bộ vi xử lý Snapdragon® 8 Gen 2 Mobile Platform for Galaxy.', 'reason': ['The ground truth states that the Samsung Galaxy S23 Plus uses the Snapdragon® 8 Gen 2 Mobile Platform for Galaxy processor.'], 'verdict': 1}]",1.0,1.0,1.0,4.51,2025-08-21 17:10:32
161,Màn hình của điện thoại samsung galaxy s23 ultra 12gb/1tb có kích thước bao nhiêu inch?,Màn hình của điện thoại Samsung Galaxy S23 Ultra 12GB/1TB có kích thước 6.8 inch.,"Màn hình của điện thoại Samsung Galaxy S23 Ultra 12GB/1TB có kích thước 6,8 inch.","[{'statement': 'Màn hình của điện thoại Samsung Galaxy S23 Ultra 12GB/1TB có kích thước 6,8 inch.', 'reason': ['The ground truth confirms that the screen size of the Samsung Galaxy S23 Ultra 12GB/1TB is 6.8 inches.'], 'verdict': 1}]","[{'statement': 'Màn hình của điện thoại Samsung Galaxy S23 Ultra 12GB/1TB có kích thước 6.8 inch.', 'reason': ['The ground truth confirms that the screen size of the Samsung Galaxy S23 Ultra 12GB/1TB is 6.8 inches.'], 'verdict': 1}]",1.0,1.0,1.0,13.32,2025-08-21 18:14:21
164,Điện thoại Samsung Galaxy S23 Ultra có những màu sắc nào?,"Điện thoại Samsung Galaxy S23 Ultra có các màu: Xanh, Màu Đen, Màu Tím, Kem.","Xanh, Đen, Tím, Kem.","[{'statement': 'Điện thoại Samsung Galaxy S23 Ultra có màu xanh.', 'reason': ['The ground truth states that the Samsung Galaxy S23 Ultra has a blue color.'], 'verdict': 1}, {'statement': 'Điện thoại Samsung Galaxy S23 Ultra có màu đen.', 'reason': ['The ground truth states that the Samsung Galaxy S23 Ultra has a black color.'], 'verdict': 1}, {'statement': 'Điện thoại Samsung Galaxy S23 Ultra có màu tím.', 'reason': ['The ground truth states that the Samsung Galaxy S23 Ultra has a purple color.'], 'verdict': 1}, {'statement': 'Điện thoại Samsung Galaxy S23 Ultra có màu kem.', 'reason': ['The ground truth states that the Samsung Galaxy S23 Ultra has a cream color.'], 'verdict': 1}]","[{'statement': 'Điện thoại Samsung Galaxy S23 Ultra có màu xanh.', 'reason': ['The ground truth lists ""Xanh"" (meaning Green) as one of the colors, confirming the statement.'], 'verdict': 1}, {'statement': 'Điện thoại Samsung Galaxy S23 Ultra có màu đen.', 'reason': ['The ground truth lists ""Đen"" (meaning Black) as one of the colors, confirming the statement.'], 'verdict': 1}, {'statement': 'Điện thoại Samsung Galaxy S23 Ultra có màu tím.', 'reason': ['The ground truth lists ""Tím"" (meaning Purple) as one of the colors, confirming the statement.'], 'verdict': 1}, {'statement': 'Điện thoại Samsung Galaxy S23 Ultra có màu kem.', 'reason': ['The ground truth lists ""Kem"" (meaning Cream) as one of the colors, confirming the statement.'], 'verdict': 1}]",1.0,1.0,1.0,8.24,2025-08-21 16:13:42
163,Dung lượng pin của oppo reno8 t là bao nhiêu?,Oppo Reno8 T có dung lượng pin là 5000 mAh.,Dung lượng pin của Oppo Reno8 T là 4800 mAh (đối với phiên bản 128 GB) hoặc 5000 mAh (đối với phiên bản 256 GB).,"[{'statement': 'Dung lượng pin của Oppo Reno8 T là 4800 mAh đối với phiên bản 128 GB.', 'reason': ['The ground truth states that the Oppo Reno8 T has a battery capacity of 5000 mAh, which contradicts the statement that it is 4800 mAh for the 128 GB version.'], 'verdict': 0}, {'statement': 'Dung lượng pin của Oppo Reno8 T là 5000 mAh đối với phiên bản 256 GB.', 'reason': ['The ground truth states that the Oppo Reno8 T has a battery capacity of 5000 mAh. While it mentions the battery capacity, it does not mention that the battery capacity is based on the version of the phone.'], 'verdict': 1}]","[{'statement': 'Oppo Reno8 T có dung lượng pin là 5000 mAh.', 'reason': ['The ground truth states that the Oppo Reno8 T has a battery capacity of 4800 mAh (for the 128 GB version) or 5000 mAh (for the 256 GB version). Therefore, the statement is supported by the ground truth in the case of the 256 GB version.'], 'verdict': 1}]",0.5,1.0,0.67,28.33,2025-08-22 07:25:21
165,Samsung Galaxy S23 Ultra có màn hình kích thước bao nhiêu inch?,Samsung Galaxy S23 Ultra có màn hình kích thước 6.8 inch.,Màn hình có kích thước 6.8 inch.,"[{'statement': 'Màn hình có kích thước 6.8 inch.', 'reason': ['The ground truth confirms that the Samsung Galaxy S23 Ultra has a screen size of 6.8 inches.'], 'verdict': 1}]","[{'statement': 'Samsung Galaxy S23 Ultra có màn hình kích thước 6.8 inch.', 'reason': ['The ground truth confirms the screen size is 6.8 inch.'], 'verdict': 1}]",1.0,1.0,1.0,6.8,2025-08-22 08:52:58
166,Dung lượng pin của điện thoại samsung galaxy s23 là bao nhiêu?,Dung lượng pin của điện thoại Samsung Galaxy S23 là 3900 mAh.,Dung lượng pin của điện thoại Samsung Galaxy S23 là 3900 mAh.,"[{'statement': 'Dung lượng pin của điện thoại Samsung Galaxy S23 là 3900 mAh.', 'reason': ['The ground truth states that the battery capacity of the Samsung Galaxy S23 is 3900 mAh.'], 'verdict': 1}]","[{'statement': 'Dung lượng pin của điện thoại Samsung Galaxy S23 là 3900 mAh.', 'reason': ['The ground truth confirms that the battery capacity of the Samsung Galaxy S23 is 3900 mAh.'], 'verdict': 1}]",1.0,1.0,1.0,4.4,2025-08-22 06:33:26
170,Điện thoại Nokia 5710 XpressAudio có giá bao nhiêu?,"Điện thoại Nokia 5710 XpressAudio có giá 1,690,000 ₫.",Giá điện thoại Nokia 5710 XpressAudio là 1.690.000₫.,"[{'statement': 'Giá điện thoại Nokia 5710 XpressAudio là 1.690.000₫.', 'reason': ['The ground truth states that the Nokia 5710 XpressAudio costs 1,690,000₫.'], 'verdict': 1}]","[{'statement': 'Điện thoại Nokia 5710 XpressAudio có giá 1,690,000 ₫.', 'reason': ['The ground truth states that the price of Nokia 5710 XpressAudio is 1,690,000₫.'], 'verdict': 1}]",1.0,1.0,1.0,4.56,2025-08-21 16:14:27
168,Điện thoại Tecno Pova 4 Pro có những chương trình khuyến mãi nào?,"Điện thoại Tecno Pova 4 Pro có nhiều chương trình khuyến mãi như ưu đãi trả góp 0% qua Shinhan Finance hoặc Mirae Asset Finance, giảm 5% không giới hạn khuyến mãi qua Homepaylater, giảm thêm tới 700.000đ khi thanh toán qua Kredivo. Ngoài ra, khách hàng còn có thể giảm 50% tối đa 700k khi mở thẻ tín dụng Vpbank trên SenID, giảm 20% tối đa 500k khi mở thẻ tín dụng TPBank EVO, nhận voucher 600.000đ khi mở thẻ tín dụng VIB và giảm 1% tối đa 100.000đ khi thanh toán qua Zalopay.","- Ưu đãi trả góp 0% qua Shinhan Finance hoặc Mirae Asset Finance  
- Giảm 5% không giới hạn khuyến mãi qua Homepaylater  
- Giảm thêm tới 700.000đ khi thanh toán qua Kredivo  
- Giảm 50% tối đa 700k khi mở thẻ tín dụng Vpbank trên SenID  
- Giảm 20% tối đa 500k khi mở thẻ tín dụng TPBank EVO  
- Mở thẻ tín dụng VIB  
- Nhận voucher 600.000đ  
- Giảm 1% tối đa 100.000đ khi thanh toán qua Zalopay","[{'statement': 'Điện thoại Tecno Pova 4 Pro có ưu đãi trả góp 0% qua Shinhan Finance hoặc Mirae Asset Finance.', 'reason': ['The ground truth confirms that the Tecno Pova 4 Pro has a 0% installment offer through Shinhan Finance or Mirae Asset Finance.'], 'verdict': 1}, {'statement': 'Điện thoại Tecno Pova 4 Pro được giảm 5% không giới hạn khuyến mãi qua Homepaylater.', 'reason': ['The ground truth confirms that the Tecno Pova 4 Pro has a 5% discount with unlimited promotions through Homepaylater.'], 'verdict': 1}, {'statement': 'Điện thoại Tecno Pova 4 Pro được giảm thêm tới 700.000đ khi thanh toán qua Kredivo.', 'reason': ['The ground truth confirms that the Tecno Pova 4 Pro has an additional discount of up to 700,000 VND when paying via Kredivo.'], 'verdict': 1}, {'statement': 'Điện thoại Tecno Pova 4 Pro được giảm 50% tối đa 700k khi mở thẻ tín dụng Vpbank trên SenID.', 'reason': ['The ground truth confirms that the Tecno Pova 4 Pro has a 50% discount up to 700k when opening a VPBank credit card on SenID.'], 'verdict': 1}, {'statement': 'Điện thoại Tecno Pova 4 Pro được giảm 20% tối đa 500k khi mở thẻ tín dụng TPBank EVO.', 'reason': ['The ground truth confirms that the Tecno Pova 4 Pro has a 20% discount up to 500k when opening a TPBank EVO credit card.'], 'verdict': 1}, {'statement': 'Điện thoại Tecno Pova 4 Pro có ưu đãi khi mở thẻ tín dụng VIB.', 'reason': ['The ground truth states that customers can receive a 600,000 VND voucher when opening a VIB credit card.'], 'verdict': 1}, {'statement': 'Điện thoại Tecno Pova 4 Pro nhận voucher 600.000đ.', 'reason': ['The ground truth confirms that customers receive a 600,000 VND voucher.'], 'verdict': 1}, {'statement': 'Điện thoại Tecno Pova 4 Pro được giảm 1% tối đa 100.000đ khi thanh toán qua Zalopay.', 'reason': ['The ground truth confirms that the Tecno Pova 4 Pro has a 1% discount up to 100,000 VND when paying via Zalopay.'], 'verdict': 1}]","[{'statement': 'Điện thoại Tecno Pova 4 Pro có ưu đãi trả góp 0% qua Shinhan Finance hoặc Mirae Asset Finance.', 'reason': ['The ground truth states that there is a 0% installment offer through Shinhan Finance or Mirae Asset Finance.'], 'verdict': 1}, {'statement': 'Điện thoại Tecno Pova 4 Pro được giảm 5% không giới hạn khuyến mãi qua Homepaylater.', 'reason': ['The ground truth states that there is a 5% discount with unlimited promotion through Homepaylater.'], 'verdict': 1}, {'statement': 'Điện thoại Tecno Pova 4 Pro được giảm thêm tới 700.000đ khi thanh toán qua Kredivo.', 'reason': ['The ground truth states that there is an additional discount of up to 700,000 VND when paying through Kredivo.'], 'verdict': 1}, {'statement': 'Khách hàng có thể giảm 50% tối đa 700k khi mở thẻ tín dụng Vpbank trên SenID khi mua điện thoại Tecno Pova 4 Pro.', 'reason': ['The ground truth states that customers can get a 50% discount, up to 700k, when opening a VPBank credit card on SenID.'], 'verdict': 1}, {'statement': 'Khách hàng được giảm 20% tối đa 500k khi mở thẻ tín dụng TPBank EVO khi mua điện thoại Tecno Pova 4 Pro.', 'reason': ['The ground truth states that customers get a 20% discount, up to 500k, when opening a TPBank EVO credit card.'], 'verdict': 1}, {'statement': 'Khách hàng nhận voucher 600.000đ khi mở thẻ tín dụng VIB khi mua điện thoại Tecno Pova 4 Pro.', 'reason': ['The ground truth states that customers receive a 600,000 VND voucher when opening a VIB credit card.'], 'verdict': 1}, {'statement': 'Khách hàng được giảm 1% tối đa 100.000đ khi thanh toán qua Zalopay khi mua điện thoại Tecno Pova 4 Pro.', 'reason': ['The ground truth states that customers get a 1% discount, up to 100,000 VND, when paying via Zalopay.'], 'verdict': 1}]",1.0,1.0,1.0,20.84,2025-08-21 16:14:36
167,Kích thước màn hình của xiaomi 13 (8gb/256gb) là bao nhiêu?,Kích thước màn hình của xiaomi 13 (8gb/256gb) là 6.36 inch.,Kích thước màn hình của Xiaomi 13 (8GB/256GB) là 6.36 inch.,"[{'statement': 'Kích thước màn hình của Xiaomi 13 (8GB/256GB) là 6.36 inch.', 'reason': ['The ground truth states the screen size of Xiaomi 13 (8GB/256GB) is 6.36 inch.'], 'verdict': 1}]","[{'statement': 'Kích thước màn hình của xiaomi 13 (8gb/256gb) là 6.36 inch.', 'reason': ['The ground truth states the screen size of Xiaomi 13 (8GB/256GB) is 6.36 inch.'], 'verdict': 1}]",1.0,1.0,1.0,9.14,2025-08-21 17:11:26
172,OPPO A17 chính hãng có mấy khe SIM?,OPPO A17 chính hãng có 2 khe SIM.,OPPO A17 chính hãng có 2 khe Nano SIM.,"[{'statement': 'OPPO A17 chính hãng có 2 khe Nano SIM.', 'reason': ['The ground truth says ""OPPO A17 chính hãng có 2 khe SIM."" which supports the statement.'], 'verdict': 1}]","[{'statement': 'OPPO A17 chính hãng có 2 khe SIM.', 'reason': ['The ground truth states that the OPPO A17 has 2 Nano SIM slots, which implies it has 2 SIM slots.'], 'verdict': 1}]",1.0,1.0,1.0,3.93,2025-08-21 21:19:11
169,OPPO Reno8 T 5G có bộ vi xử lý nào?,OPPO Reno8 T 5G sử dụng vi xử lý Qualcomm Snapdragon 695 5G 8 nhân.,"Oppo Reno8 T 5G được trang bị bộ vi xử lý Qualcomm Snapdragon 695 5G, 8 nhân.","[{'statement': 'OPPO Reno8 T 5G được trang bị bộ vi xử lý Qualcomm Snapdragon 695 5G.', 'reason': ['The ground truth states that OPPO Reno8 T 5G uses the Qualcomm Snapdragon 695 5G processor.'], 'verdict': 1}, {'statement': 'Bộ vi xử lý Qualcomm Snapdragon 695 5G có 8 nhân.', 'reason': ['The ground truth states that the Qualcomm Snapdragon 695 5G processor has 8 cores.'], 'verdict': 1}]","[{'statement': 'OPPO Reno8 T 5G sử dụng vi xử lý Qualcomm Snapdragon 695 5G 8 nhân.', 'reason': ['The ground truth clearly states that Oppo Reno8 T 5G is equipped with a Qualcomm Snapdragon 695 5G processor, 8 cores.'], 'verdict': 1}]",1.0,1.0,1.0,10.43,2025-08-21 18:15:10
171,Điện thoại OPPO A17k có dung lượng RAM là bao nhiêu?,Điện thoại OPPO A17k có RAM 3GB.,Bộ nhớ RAM là 3GB.,"[{'statement': 'Điện thoại OPPO A17k có dung lượng RAM là 3GB.', 'reason': ['The ground truth states that the OPPO A17k phone has 3GB of RAM.'], 'verdict': 1}]","[{'statement': 'Điện thoại OPPO A17k có RAM 3GB.', 'reason': ['The ground truth confirms that the RAM is 3GB.'], 'verdict': 1}]",1.0,1.0,1.0,3.86,2025-08-21 21:19:16
174,Hệ điều hành nào vivo v25 pro 8gb/128gb sử dụng?,Hệ điều hành mà vivo v25 pro 8gb/128gb sử dụng là Funtouch OS 12.,Hệ điều hành Funtouch OS 12.,"[{'statement': 'Vivo V25 Pro 8GB/128GB sử dụng hệ điều hành Funtouch OS 12.', 'reason': ['The ground truth confirms that the vivo v25 pro 8gb/128gb uses Funtouch OS 12.'], 'verdict': 1}]","[{'statement': 'Hệ điều hành mà vivo v25 pro 8gb/128gb sử dụng là Funtouch OS 12.', 'reason': ['The ground truth states the operating system is Funtouch OS 12.'], 'verdict': 1}]",1.0,1.0,1.0,6.08,2025-08-21 17:12:25
173,Điện thoại realme 10 4G có màu sắc nào?,"Điện thoại realme 10 4G có màu Đen, Trắng Cực Quang.","Màu Đen, Trắng Cực Quang.","[{'statement': 'Điện thoại realme 10 4G có màu đen.', 'reason': ['The ground truth confirms that the phone has a black color option.'], 'verdict': 1}, {'statement': 'Điện thoại realme 10 4G có màu trắng cực quang.', 'reason': ['The ground truth confirms that the phone has a white aurora color option.'], 'verdict': 1}]","[{'statement': 'Điện thoại realme 10 4G có màu Đen.', 'reason': ['The ground truth states the phone comes in Black.'], 'verdict': 1}, {'statement': 'Điện thoại realme 10 4G có màu Trắng Cực Quang.', 'reason': ['The ground truth states the phone comes in Aurora White.'], 'verdict': 1}]",1.0,1.0,1.0,6.12,2025-08-22 05:39:55
176,Dung lượng RAM của điện thoại samsung galaxy a14 5g 4gb/128gb là bao nhiêu?,Dung lượng RAM của điện thoại Samsung Galaxy A14 5G 4GB/128GB là 4GB.,RAM của điện thoại Samsung Galaxy A14 5G 4GB/128GB là 4GB.,"[{'statement': 'RAM của điện thoại Samsung Galaxy A14 5G 4GB/128GB là 4GB.', 'reason': ['The ground truth states that the RAM of the Samsung Galaxy A14 5G 4GB/128GB is 4GB.'], 'verdict': 1}]","[{'statement': 'Dung lượng RAM của điện thoại Samsung Galaxy A14 5G 4GB/128GB là 4GB.', 'reason': ['The ground truth states that the RAM of the Samsung Galaxy A14 5G 4GB/128GB phone is 4GB.'], 'verdict': 1}]",1.0,1.0,1.0,4.11,2025-08-22 05:40:00
179,Giá của vivo v25e 4g 8gb/128gb là bao nhiêu?,"Giá của vivo v25e 4g 8gb/128gb là 6,090,000 ₫.","Giá của vivo v25e 4g 8gb/128gb là 6,090,000 ₫.","[{'statement': 'Giá của vivo v25e 4g 8gb/128gb là 6,090,000 ₫.', 'reason': ['The ground truth states the same price for the phone.'], 'verdict': 1}]","[{'statement': 'Giá của vivo v25e 4g 8gb/128gb là 6,090,000 ₫.', 'reason': ['The ground truth confirms that the price of vivo v25e 4g 8gb/128gb is 6,090,000 ₫.'], 'verdict': 1}]",1.0,1.0,1.0,7.22,2025-08-21 16:16:20
178,Dung lượng lưu trữ của samsung galaxy a23 5g là bao nhiêu?,Dung lượng lưu trữ của Samsung Galaxy A23 5G là 128 GB.,Dung lượng lưu trữ của Samsung Galaxy A23 5G là 128 GB.,"[{'statement': 'Dung lượng lưu trữ của Samsung Galaxy A23 5G là 128 GB.', 'reason': ['The ground truth states the storage capacity of the Samsung Galaxy A23 5G is 128 GB.'], 'verdict': 1}]","[{'statement': 'Dung lượng lưu trữ của Samsung Galaxy A23 5G là 128 GB.', 'reason': ['The ground truth confirms that the storage capacity of the Samsung Galaxy A23 5G is 128 GB.'], 'verdict': 1}]",1.0,1.0,1.0,12.97,2025-08-21 16:16:21
175,Hệ điều hành của vivo y02 là gì?,Hệ điều hành của vivo y02 là Funtouch OS 12 (Android 12 Go edition).,Hệ điều hành của vivo y02 là Funtouch OS 12 (Android 12 Go edition).,"[{'statement': 'Hệ điều hành của vivo y02 là Funtouch OS\x0c12.', 'reason': ['The ground truth states that the operating system of vivo y02 is Funtouch OS 12.'], 'verdict': 1}, {'statement': 'Funtouch OS\x0c12 là Android\x0c12\x0cGo edition.', 'reason': ['The ground truth states that Funtouch OS 12 is Android 12 Go edition.'], 'verdict': 1}]","[{'statement': 'Hệ điều hành của vivo y02 là Funtouch OS 12 (Android 12 Go edition).', 'reason': ['The ground truth confirms that the operating system of vivo y02 is Funtouch OS 12 (Android 12 Go edition).'], 'verdict': 1}]",1.0,1.0,1.0,8.63,2025-08-22 09:16:07
177,vivo y35 có mấy khe SIM?,vivo y35 có 2 khe SIM loại Nano.,vivo y35 có 2 khe Nano SIM.,"[{'statement': 'vivo y35 có 2 khe Nano SIM.', 'reason': ['The ground truth confirms that vivo y35 has 2 Nano SIM slots.'], 'verdict': 1}]","[{'statement': 'vivo y35 có 2 khe SIM.', 'reason': ['The ground truth states that vivo y35 has 2 Nano SIM slots, which implies it has 2 SIM slots.'], 'verdict': 1}, {'statement': 'Các khe SIM của vivo y35 là loại Nano.', 'reason': ['The ground truth states that vivo y35 has 2 Nano SIM slots.'], 'verdict': 1}]",1.0,1.0,1.0,28.16,2025-08-21 17:13:39
182,Dung lượng pin của oppo a77s 8gb/128gb là bao nhiêu?,Dung lượng pin của oppo a77s 8gb/128gb là 5000 mAh.,Dung lượng pin của Oppo A77S 8GB/128GB là 5000 mAh.,"[{'statement': 'Dung lượng pin của Oppo A77S 8GB/128GB là 5000\tmAh.', 'reason': ['The ground truth states that the battery capacity of oppo a77s 8gb/128gb is 5000 mAh.'], 'verdict': 1}]","[{'statement': 'Dung lượng pin của oppo a77s 8gb/128gb là 5000 mAh.', 'reason': ['The ground truth confirms the battery capacity of Oppo A77S 8GB/128GB is 5000 mAh.'], 'verdict': 1}]",1.0,1.0,1.0,5.55,2025-08-21 17:13:37
180,Màu sắc của điện thoại realme c33 3gb/32gb là gì?,"Xanh biển, Đen Tuyền",Màu sắc của điện thoại Realme C33 3GB/32GB là Xanh biển và Đen Tuyền.,"[{'statement': 'Màu sắc của điện thoại Realme C33 3GB/32GB là Xanh biển.', 'reason': ['The ground truth confirms that one color of the Realme C33 is Xanh biển (Blue).'], 'verdict': 1}, {'statement': 'Màu sắc của điện thoại Realme C33 3GB/32GB là Đen Tuyền.', 'reason': ['The ground truth confirms that one color of the Realme C33 is Đen Tuyền (Black).'], 'verdict': 1}]","[{'statement': 'Điện thoại realme c33 3gb/32gb có màu xanh biển.', 'reason': ['The ground truth states that the Realme C33 3GB/32GB phone is available in blue.'], 'verdict': 1}, {'statement': 'Điện thoại realme c33 3gb/32gb có màu đen tuyền.', 'reason': ['The ground truth states that the Realme C33 3GB/32GB phone is available in black.'], 'verdict': 1}]",1.0,1.0,1.0,6.51,2025-08-21 21:20:23
185,Giá của vivo v25 5g 8gb/128gb là bao nhiêu?,"Giá của vivo v25 5g 8gb/128gb là 7,990,000 VND.","Giá của vivo v25 5g 8gb/128gb là 7,990,000 ₫","[{'statement': 'Giá của vivo v25 5g 8gb/128gb là 7,990,000 ₫', 'reason': ['The ground truth states that the price of vivo v25 5g 8gb/128gb is 7,990,000 VND, which is equivalent to 7,990,000 ₫.'], 'verdict': 1}]","[{'statement': 'Giá của vivo v25 5g 8gb/128gb là 7,990,000 VND.', 'reason': ['The ground truth states that the price of vivo v25 5g 8gb/128gb is 7,990,000₫, which is equivalent to 7,990,000 VND.'], 'verdict': 1}]",1.0,1.0,1.0,5.71,2025-08-21 16:17:31
181,Điện thoại xiaomi 12t sử dụng hệ điều hành nào?,Điện thoại Xiaomi 12T sử dụng hệ điều hành MIUI 13 trên nền tảng Android 12.,Điện thoại Xiaomi 12T chạy MIUI 13 trên nền tảng Android 12.,"[{'statement': 'Điện thoại Xiaomi 12T chạy MIUI 13.', 'reason': ['The ground truth confirms that the Xiaomi 12T phone runs MIUI 13.'], 'verdict': 1}, {'statement': 'Điện thoại Xiaomi 12T chạy trên nền tảng Android 12.', 'reason': ['The ground truth confirms that the Xiaomi 12T phone runs on Android 12 platform.'], 'verdict': 1}]","[{'statement': 'Điện thoại Xiaomi 12T sử dụng hệ điều hành MIUI 13.', 'reason': ['The ground truth confirms that the Xiaomi 12T phone runs MIUI 13.'], 'verdict': 1}, {'statement': 'Điện thoại Xiaomi 12T sử dụng nền tảng Android 12.', 'reason': ['The ground truth confirms that the Xiaomi 12T phone uses the Android 12 platform.'], 'verdict': 1}]",1.0,1.0,1.0,8.64,2025-08-22 07:31:11
183,Hệ điều hành nào nokia c31 (3gb/32gb) sử dụng?,Android 12,Hệ điều hành Android 12.,"[{'statement': 'Nokia C31 (3GB/32GB) sử dụng hệ điều hành Android 12.', 'reason': ['The ground truth confirms that the Nokia C31 uses Android 12.'], 'verdict': 1}]","[{'statement': 'Nokia C31 (3GB/32GB) sử dụng hệ điều hành Android 12.', 'reason': ['The ground truth states that the operating system is Android 12.'], 'verdict': 1}]",1.0,1.0,1.0,6.15,2025-08-21 21:20:30
186,Giá của điện thoại realme c33 4gb/64gb là bao nhiêu?,"Giá của điện thoại realme c33 4gb/64gb là 2,790,000 ₫.","Giá điện thoại realme C33 4GB/64GB là 2,790,000₫.","[{'statement': 'Giá điện thoại realme C33 4GB/64GB là 2,790,000₫.', 'reason': ['The ground truth states the price of the realme c33 4gb/64gb phone is 2,790,000 ₫.'], 'verdict': 1}]","[{'statement': 'Giá của điện thoại realme c33 4gb/64gb là 2,790,000 ₫.', 'reason': ['The ground truth states that the price of the realme C33 4GB/64GB phone is 2,790,000₫.'], 'verdict': 1}]",1.0,1.0,1.0,4.6,2025-08-22 07:26:05
188,Dung lượng bộ nhớ trong của samsung galaxy a04s (4gb/64gb) là bao nhiêu?,Dung lượng bộ nhớ trong của Samsung Galaxy A04s (4GB/64GB) là 64GB.,Dung lượng bộ nhớ trong của Samsung Galaxy A04s (4GB/64GB) là 64GB.,"[{'statement': 'Dung lượng bộ nhớ trong của Samsung Galaxy A04s (4GB/64GB) là 64GB.', 'reason': ['The ground truth confirms that the internal memory capacity of Samsung Galaxy A04s (4GB/64GB) is 64GB.'], 'verdict': 1}]","[{'statement': 'Dung lượng bộ nhớ trong của Samsung Galaxy A04s (4GB/64GB) là 64GB.', 'reason': ['The ground truth states that the internal memory of Samsung Galaxy A04s (4GB/64GB) is 64GB.'], 'verdict': 1}]",1.0,1.0,1.0,16.71,2025-08-21 16:18:26
187,Giá của điện thoại realme c30s 2gb/32gb là bao nhiêu?,"Giá của điện thoại realme c30s 2gb/32gb là 1,750,000 ₫.",1 750 000 ₫,"[{'statement': 'Giá của điện thoại realme c30s 2gb/32gb là 1\t750\t000\t000\t₫.', 'reason': ['The ground truth states that the price of the realme c30s 2gb/32gb phone is 1,750,000 ₫.'], 'verdict': 1}]","[{'statement': 'Giá của điện thoại realme c30s 2gb/32gb là 1,750,000 ₫.', 'reason': ['The ground truth states that the price is 1,750,000 ₫.'], 'verdict': 1}]",1.0,1.0,1.0,9.03,2025-08-21 17:14:26
184,Kích thước màn hình của điện thoại nokia c31 là bao nhiêu?,Kích thước màn hình của điện thoại Nokia C31 là 6.745 inch.,Kích thước màn hình của điện thoại Nokia C31 là 6.745 inch.,"[{'statement': 'Kích thước màn hình của điện thoại Nokia C31 là 6.745 inch.', 'reason': ['The ground truth confirms that the screen size of the Nokia C31 phone is 6.745 inches.'], 'verdict': 1}]","[{'statement': 'Kích thước màn hình của điện thoại Nokia C31 là 6.745 inch.', 'reason': ['Ground truth confirms that the screen size of Nokia C31 is 6.745 inch.'], 'verdict': 1}]",1.0,1.0,1.0,5.83,2025-08-22 08:52:57
192,Dung lượng pin của nokia g11 plus 3gb/32gb là bao nhiêu?,Dung lượng pin của Nokia G11 Plus 3GB/32GB là 5000 mAh.,Dung lượng pin của nokia g11 plus 3gb/32gb là 5000 mAh.,"[{'statement': 'Dung lượng pin của nokia g11 plus 3gb/32gb là 5000 mAh.', 'reason': ['The ground truth confirms that the battery capacity of nokia g11 plus 3gb/32gb is 5000 mAh.'], 'verdict': 1}]","[{'statement': 'Dung lượng pin của Nokia G11 Plus 3GB/32GB là 5000 mAh.', 'reason': ['The ground truth states that the battery capacity of nokia g11 plus 3gb/32gb is 5000 mAh.'], 'verdict': 1}]",1.0,1.0,1.0,5.4,2025-08-21 17:14:25
191,Màu sắc của vivo y22s 8gb/128gb là gì?,vivo y22s 8gb/128gb có màu Xanh Đen và Xanh Vàng.,Màu sắc của vivo y22s 8gb/128gb là Xanh Đen và Xanh Vàng.,"[{'statement': 'Màu sắc của vivo y22s 8gb/128gb là Xanh Đen.', 'reason': ['The ground truth states that vivo y22s 8gb/128gb có màu Xanh Đen.'], 'verdict': 1}, {'statement': 'Màu sắc của vivo y22s 8gb/128gb là Xanh Vàng.', 'reason': ['The ground truth states that vivo y22s 8gb/128gb có màu Xanh Vàng.'], 'verdict': 1}]","[{'statement': 'vivo y22s 8gb/128gb có màu Xanh Đen.', 'reason': ['The ground truth confirms that vivo y22s 8gb/128gb có màu Xanh Đen.'], 'verdict': 1}, {'statement': 'vivo y22s 8gb/128gb có màu Xanh Vàng.', 'reason': ['The ground truth confirms that vivo y22s 8gb/128gb có màu Xanh Vàng.'], 'verdict': 1}]",1.0,1.0,1.0,7.21,2025-08-21 18:17:26
190,Dung lượng pin của điện thoại iPhone 14 Plus (256GB) là bao nhiêu?,Dung lượng pin của điện thoại iPhone 14 Plus (256GB) là 4325 mAh.,Dung lượng pin của iPhone 14 Plus (256GB) là 4325 mAh.,"[{'statement': 'Dung lượng pin của iPhone\t14\tPlus (256GB) là 4325\tmAh.', 'reason': ['The ground truth states that the battery capacity of the iPhone 14 Plus (256GB) is 4325 mAh.'], 'verdict': 1}]","[{'statement': 'Dung lượng pin của điện thoại iPhone 14 Plus (256GB) là 4325 mAh.', 'reason': ['The ground truth confirms that the battery capacity of the iPhone 14 Plus (256GB) is 4325 mAh.'], 'verdict': 1}]",1.0,1.0,1.0,7.91,2025-08-22 06:21:16
189,Vivo Y16 4GB/128GB có hỗ trợ công nghệ màn hình gì?,Vivo Y16 4GB/128GB sử dụng công nghệ màn hình IPS LCD.,Vivo Y16 4GB/128GB sử dụng công nghệ màn hình IPS LCD.,"[{'statement': 'Vivo Y16 4GB/128GB sử dụng công nghệ màn hình IPS LCD.', 'reason': ['The ground truth confirms that Vivo Y16 4GB/128GB uses IPS LCD screen technology.'], 'verdict': 1}]","[{'statement': 'Vivo Y16 4GB/128GB sử dụng công nghệ màn hình IPS LCD.', 'reason': ['The ground truth confirms that Vivo Y16 4GB/128GB sử dụng công nghệ màn hình IPS LCD.'], 'verdict': 1}]",1.0,1.0,1.0,27.63,2025-08-21 17:15:23
195,Dung lượng pin của điện thoại di động tcl 30 là bao nhiêu?,Dung lượng pin của điện thoại di động TCL 30 là 5010 mAh.,Dung lượng pin của điện thoại di động tcl 30 là 5010 mAh.,"[{'statement': 'Dung lượng pin của điện thoại di động tcl 30 là 5010 mAh.', 'reason': ['The ground truth states that the battery capacity of the TCL 30 mobile phone is 5010 mAh.'], 'verdict': 1}]","[{'statement': 'Dung lượng pin của điện thoại di động TCL 30 là 5010 mAh.', 'reason': ['The ground truth states that the battery capacity of the TCL 30 mobile phone is 5010 mAh.'], 'verdict': 1}]",1.0,1.0,1.0,14.37,2025-08-22 06:34:24
196,Giá của điện thoại di dộng tcl 305 là bao nhiêu?,"Giá của điện thoại di động TCL 305 là 1,590,000 ₫.","Giá của điện thoại di dộng tcl 305 là 1,590,000 đồng.","[{'statement': 'Giá của điện thoại di dộng tcl 305 là 1,590,000 đồng.', 'reason': ['The ground truth states that the price of TCL 305 mobile phone is 1,590,000 ₫.'], 'verdict': 1}]","[{'statement': 'Giá của điện thoại di động TCL 305 là 1,590,000 ₫.', 'reason': ['The ground truth states that the price of the TCL 305 mobile phone is 1,590,000 đồng, which is equivalent to 1,590,000 ₫.'], 'verdict': 1}]",1.0,1.0,1.0,6.35,2025-08-22 07:49:13
193,điện thoại di động tcl 30se có bao nhiêu dung lượng lưu trữ?,điện thoại di động tcl 30se có dung lượng lưu trữ là 128 GB.,điện thoại di động tcl 30se có dung lượng lưu trữ 128 GB.,"[{'statement': 'điện thoại di động tcl 30se có dung lượng lưu trữ 128 GB.', 'reason': ['The ground truth states that điện thoại di động tcl 30se có dung lượng lưu trữ là 128 GB.'], 'verdict': 1}]","[{'statement': 'điện thoại di động tcl 30se có dung lượng lưu trữ là 128 GB.', 'reason': ['The ground truth confirms that the tcl 30se mobile phone has a storage capacity of 128 GB.'], 'verdict': 1}]",1.0,1.0,1.0,6.79,2025-08-22 05:42:01
194,Giá của điện thoại iphone 14 (128gb) là bao nhiêu?,"Giá của điện thoại iphone 14 (128gb) là 16,290,000 ₫.",Giá điện thoại iPhone 14 128GB là 16 290 000 đồng.,"[{'statement': 'Giá điện thoại iPhone 14 128GB là 16\n290\n000\n000\nđồng.', 'reason': ['The ground truth confirms the price of iPhone 14 (128gb) is 16,290,000₫.'], 'verdict': 1}]","[{'statement': 'Giá của điện thoại iphone 14 (128gb) là 16,290,000 ₫.', 'reason': ['The ground truth states that the price of the iPhone 14 128GB is 16,290,000 đồng.'], 'verdict': 1}]",1.0,1.0,1.0,16.49,2025-08-21 18:18:22
200,Giá của điện thoại nokia 8210 4g là bao nhiêu?,"Giá của điện thoại Nokia 8210 4G là 1,490,000 ₫.","Giá điện thoại nokia 8210 4g là 1,490,000 ₫.","[{'statement': 'Giá điện thoại nokia 8210 4g là 1,490,000 ₫.', 'reason': ['The ground truth states that the price of the Nokia 8210 4G phone is 1,490,000 ₫.'], 'verdict': 1}]","[{'statement': 'Giá của điện thoại Nokia 8210 4G là 1,490,000 ₫.', 'reason': ['The ground truth confirms that the price of the Nokia 8210 4G phone is 1,490,000 ₫.'], 'verdict': 1}]",1.0,1.0,1.0,7.63,2025-08-21 16:20:23
197,Số khe SIM của điện thoại iPhone 14 Plus (128GB) là bao nhiêu?,Điện thoại iPhone 14 Plus (128GB) có 1 khe Nano SIM cùng 1 eSIM.,Số khe SIM của điện thoại iPhone 14 Plus (128 GB) là 1 khe Nano SIM và 1 khe eSIM.,"[{'statement': 'Số khe SIM của điện thoại iPhone 14 Plus (128 GB) là 1 khe Nano SIM.', 'reason': ['The ground truth states that the iPhone 14 Plus (128GB) has 1 Nano SIM slot.'], 'verdict': 1}, {'statement': 'Số khe SIM của điện thoại iPhone 14 Plus (128 GB) là 1 khe eSIM.', 'reason': ['The ground truth states that the iPhone 14 Plus (128GB) has 1 eSIM slot.'], 'verdict': 1}]","[{'statement': 'Điện thoại iPhone 14 Plus (128GB) có 1 khe Nano SIM.', 'reason': ['The ground truth states that the iPhone 14 Plus (128GB) has 1 Nano SIM slot.'], 'verdict': 1}, {'statement': 'Điện thoại iPhone 14 Plus (128GB) có 1 eSIM.', 'reason': ['The ground truth states that the iPhone 14 Plus (128GB) has 1 eSIM slot.'], 'verdict': 1}]",1.0,1.0,1.0,25.92,2025-08-21 16:20:32
199,Bộ nhớ trong của samsung galaxy z flip4 là bao nhiêu?,Bộ nhớ trong của Samsung Galaxy Z Flip4 là 256GB.,Bộ nhớ trong của Samsung Galaxy Z Flip4 là 256 GB.,"[{'statement': 'Bộ nhớ trong của Samsung Galaxy Z Flip4 là 256 GB.', 'reason': ['The ground truth states that the internal memory of Samsung Galaxy Z Flip4 is 256GB.'], 'verdict': 1}]","[{'statement': 'Bộ nhớ trong của Samsung Galaxy Z Flip4 là 256GB.', 'reason': ['The ground truth states that the internal memory of the Samsung Galaxy Z Flip4 is 256 GB.'], 'verdict': 1}]",1.0,1.0,1.0,14.91,2025-08-21 17:16:28
201,Điện thoại vivo t1x có ưu đãi gì khi thanh toán?,"Điện thoại vivo T1x có ưu đãi trả góp 0% qua Shinhan Finance hoặc Mirae Asset Finance, giảm 5% không giới hạn khuyến mãi qua Homepaylater, giảm thêm tới 700.000đ khi thanh toán qua Kredivo, giảm 50% tối đa 700k khi mở thẻ tín dụng Vpbank trên SenID, giảm 20% tối đa 500k khi mở thẻ tín dụng TPBank EVO, mở thẻ tín dụng VIB nhận Voucher 600.000đ giảm 1% tối đa 100.000đ khi thanh toán qua Zalopay.",Ưu đãi trả góp 0 % qua Shinhan Finance hoặc Mirae Asset Finance; giảm 5 % không giới hạn qua Homepaylater; giảm thêm tới 700.000 đ khi thanh toán qua Kredivo; giảm 50 % tối đa 700k khi mở thẻ tín dụng Vpbank trên SenID; giảm 20 % tối đa 500k khi mở thẻ tín dụng TPBank EVO; nhận voucher 600.000 đ; giảm 1 % tối đa 100.000 đ khi thanh toán qua Zalopay.,"[{'statement': 'Điện thoại vivo t1x có ưu đãi trả góp 0% qua Shinhan Finance hoặc Mirae Asset Finance.', 'reason': ['The ground truth confirms that the phone has 0% installment offer through Shinhan Finance or Mirae Asset Finance.'], 'verdict': 1}, {'statement': 'Điện thoại vivo t1x được giảm 5% không giới hạn qua Homepaylater.', 'reason': ['The ground truth confirms a 5% unlimited discount via Homepaylater.'], 'verdict': 1}, {'statement': 'Điện thoại vivo t1x được giảm thêm tới 700.000đ khi thanh toán qua Kredivo.', 'reason': ['The ground truth states that there is a discount of up to 700,000 VND when paying via Kredivo.'], 'verdict': 1}, {'statement': 'Điện thoại vivo t1x được giảm 50% tối đa 700k khi mở thẻ tín dụng Vpbank trên SenID.', 'reason': ['The ground truth mentions a 50% discount up to 700k when opening a Vpbank credit card on SenID.'], 'verdict': 1}, {'statement': 'Điện thoại vivo t1x được giảm 20% tối đa 500k khi mở thẻ tín dụng TPBank EVO.', 'reason': ['The ground truth mentions a 20% discount up to 500k when opening a TPBank EVO credit card.'], 'verdict': 1}, {'statement': 'Điện thoại vivo t1x nhận voucher 600.000đ.', 'reason': ['The ground truth mentions a voucher of 600,000 VND when opening a VIB credit card.'], 'verdict': 0}, {'statement': 'Điện thoại vivo t1x được giảm 1% tối đa 100.000đ khi thanh toán qua Zalopay.', 'reason': ['The ground truth confirms a 1% discount up to 100,000 VND when paying via Zalopay.'], 'verdict': 1}]","[{'statement': 'Điện thoại vivo T1x có ưu đãi trả góp 0% qua Shinhan Finance hoặc Mirae Asset Finance.', 'reason': [""The ground truth states 'Ưu đãi trả góp 0\u202f% qua Shinhan Finance hoặc Mirae Asset Finance' which supports this statement.""], 'verdict': 1}, {'statement': 'Điện thoại vivo T1x được giảm 5% không giới hạn khuyến mãi qua Homepaylater.', 'reason': [""The ground truth states 'giảm 5\u202f% không giới hạn qua Homepaylater' which supports this statement.""], 'verdict': 1}, {'statement': 'Điện thoại vivo T1x được giảm thêm tới 700.000đ khi thanh toán qua Kredivo.', 'reason': [""The ground truth states 'giảm thêm tới 700.000\u202fđ khi thanh toán qua Kredivo' which supports this statement.""], 'verdict': 1}, {'statement': 'Điện thoại vivo T1x được giảm 50% tối đa 700k khi mở thẻ tín dụng Vpbank trên SenID.', 'reason': [""The ground truth states 'giảm 50\u202f% tối đa 700k khi mở thẻ tín dụng Vpbank trên SenID' which supports this statement.""], 'verdict': 1}, {'statement': 'Điện thoại vivo T1x được giảm 20% tối đa 500k khi mở thẻ tín dụng TPBank EVO.', 'reason': [""The ground truth states 'giảm 20\u202f% tối đa 500k khi mở thẻ tín dụng TPBank EVO' which supports this statement.""], 'verdict': 1}, {'statement': 'Khi mở thẻ tín dụng VIB, điện thoại vivo T1x nhận Voucher 600.000đ.', 'reason': [""The ground truth states 'nhận voucher 600.000\u202fđ' which implies the same meaning as the statement.""], 'verdict': 1}, {'statement': 'Điện thoại vivo T1x được giảm 1% tối đa 100.000đ khi thanh toán qua Zalopay.', 'reason': [""The ground truth states 'giảm 1\u202f% tối đa 100.000\u202fđ khi thanh toán qua Zalopay' which supports this statement.""], 'verdict': 1}]",0.86,1.0,0.92,46.81,2025-08-22 07:31:58
202,Điện thoại Nokia G11 Plus sử dụng hệ điều hành nào?,Điện thoại Nokia G11 Plus sử dụng hệ điều hành Android 12.,Hệ điều hành của điện thoại Nokia G11 Plus là Android 12.,"[{'statement': 'Điện thoại Nokia G11 Plus sử dụng hệ điều hành Android 12.', 'reason': ['The ground truth confirms that the Nokia G11 Plus phone uses the Android 12 operating system.'], 'verdict': 1}]","[{'statement': 'Điện thoại Nokia G11 Plus sử dụng hệ điều hành Android 12.', 'reason': ['The ground truth states that the operating system of the Nokia G11 Plus is Android 12.'], 'verdict': 1}]",1.0,1.0,1.0,14.37,2025-08-22 06:22:08
198,Điện thoại iPhone 14 Plus có những màu sắc nào có sẵn?,"Điện thoại iPhone 14 Plus có các màu sắc: Xanh lam, Đỏ, Tím, Ánh sao, Nửa đêm, Vàng.","iPhone 14 Plus hiện có sẵn các màu: Blue, Red, Purple, Starlight, Midnight, Yellow.","[{'statement': 'iPhone 14 Plus hiện có sẵn màu Blue.', 'reason': ['The ground truth states that the iPhone 14 Plus is available in blue (Xanh lam).'], 'verdict': 1}, {'statement': 'iPhone 14 Plus hiện có sẵn màu Red.', 'reason': ['The ground truth states that the iPhone 14 Plus is available in Red (Đỏ).'], 'verdict': 1}, {'statement': 'iPhone 14 Plus hiện có sẵn màu Purple.', 'reason': ['The ground truth states that the iPhone 14 Plus is available in purple (Tím).'], 'verdict': 1}, {'statement': 'iPhone 14 Plus hiện có sẵn màu Starlight.', 'reason': ['The ground truth states that the iPhone 14 Plus is available in Starlight (Ánh sao).'], 'verdict': 1}, {'statement': 'iPhone 14 Plus hiện có sẵn màu Midnight.', 'reason': ['The ground truth states that the iPhone 14 Plus is available in Midnight (Nửa đêm).'], 'verdict': 1}, {'statement': 'iPhone 14 Plus hiện có sẵn màu Yellow.', 'reason': ['The ground truth states that the iPhone 14 Plus is available in Yellow (Vàng).'], 'verdict': 1}]","[{'statement': 'Điện thoại iPhone 14 Plus có các màu sắc xanh lam.', 'reason': ['The ground truth states that the iPhone 14 Plus is available in Blue, which translates to xanh lam (blue) in Vietnamese.'], 'verdict': 1}, {'statement': 'Điện thoại iPhone 14 Plus có màu đỏ.', 'reason': ['The ground truth states that the iPhone 14 Plus is available in Red, which translates to đỏ in Vietnamese.'], 'verdict': 1}, {'statement': 'Điện thoại iPhone 14 Plus có màu tím.', 'reason': ['The ground truth states that the iPhone 14 Plus is available in Purple, which translates to tím in Vietnamese.'], 'verdict': 1}, {'statement': 'Điện thoại iPhone 14 Plus có màu ánh sao.', 'reason': ['The ground truth states that the iPhone 14 Plus is available in Starlight, which translates to ánh sao in Vietnamese.'], 'verdict': 1}, {'statement': 'Điện thoại iPhone 14 Plus có màu nửa đêm.', 'reason': ['The ground truth states that the iPhone 14 Plus is available in Midnight, which translates to nửa đêm in Vietnamese.'], 'verdict': 1}, {'statement': 'Điện thoại iPhone 14 Plus có màu vàng.', 'reason': ['The ground truth states that the iPhone 14 Plus is available in Yellow, which translates to vàng in Vietnamese.'], 'verdict': 1}]",1.0,1.0,1.0,18.69,2025-08-22 09:17:08
205,Samsung Galaxy Z Fold4 có dung lượng pin là bao nhiêu?,Samsung Galaxy Z Fold4 có dung lượng pin là 4400 mAh.,Samsung Galaxy Z Fold4 có dung lượng pin 4400 mAh.,"[{'statement': 'Samsung Galaxy Z Fold4 có dung lượng pin 4400 mAh.', 'reason': ['The ground truth states that the Samsung Galaxy Z Fold4 has a battery capacity of 4400 mAh.'], 'verdict': 1}]","[{'statement': 'Samsung Galaxy Z Fold4 có dung lượng pin là 4400 mAh.', 'reason': ['The ground truth confirms that the Samsung Galaxy Z Fold4 has a battery capacity of 4400 mAh.'], 'verdict': 1}]",1.0,1.0,1.0,11.66,2025-08-21 16:21:30
203,Samsung Galaxy Z Fold4 có bộ nhớ trong bao nhiêu?,Samsung Galaxy Z Fold4 có các tùy chọn bộ nhớ trong là 512GB hoặc 256GB.,Samsung Galaxy Z Fold4 có bộ nhớ trong 512GB hoặc 256GB.,"[{'statement': 'Samsung Galaxy Z Fold4 có bộ nhớ trong 512GB.', 'reason': ['The ground truth confirms that Samsung Galaxy Z Fold4 has internal memory options of 512GB.'], 'verdict': 1}, {'statement': 'Samsung Galaxy Z Fold4 có bộ nhớ trong 256GB.', 'reason': ['The ground truth confirms that Samsung Galaxy Z Fold4 has internal memory options of 256GB.'], 'verdict': 1}]","[{'statement': 'Samsung Galaxy Z Fold4 có các tùy chọn bộ nhớ trong là 512GB hoặc 256GB.', 'reason': ['The ground truth confirms that Samsung Galaxy Z Fold4 has internal memory options of 512GB or 256GB.'], 'verdict': 1}]",1.0,1.0,1.0,21.34,2025-08-22 06:22:33
207,Mức dung lượng RAM của vivo y02s là bao nhiêu?,Mức dung lượng RAM của vivo y02s là 3GB.,RAM của vivo y02s là 3GB.,"[{'statement': 'RAM của vivo y02s là 3GB.', 'reason': ['Ground truth confirms that the RAM of vivo y02s is 3GB.'], 'verdict': 1}]","[{'statement': 'Mức dung lượng RAM của vivo y02s là 3GB.', 'reason': ['The ground truth confirms that the RAM of vivo y02s is 3GB.'], 'verdict': 1}]",1.0,1.0,1.0,4.93,2025-08-21 17:17:21
209,Dung lượng pin của điện thoại di động masstel fami 60 4g là bao nhiêu?,Dung lượng pin của điện thoại di động Masstel Fami 60 4G là 2000 mAh.,Dung lượng pin của điện thoại di động Masstel Fami 60 4G là 2000 mAh.,"[{'statement': 'Dung lượng pin của điện thoại di động Masstel Fami 60 4G là 2000 mAh.', 'reason': ['The ground truth states that the battery capacity of the Masstel Fami 60 4G mobile phone is 2000 mAh.'], 'verdict': 1}]","[{'statement': 'Dung lượng pin của điện thoại di động Masstel Fami 60 4G là 2000 mAh.', 'reason': ['The ground truth confirms the battery capacity of the Masstel Fami 60 4G mobile phone is 2000 mAh.'], 'verdict': 1}]",1.0,1.0,1.0,5.99,2025-08-21 16:22:23
206,Điện thoại itel Vision 1 Pro có màn hình kích thước bao nhiêu?,Điện thoại itel Vision 1 Pro có màn hình kích thước 6.52 inch.,Kích thước màn hình của điện thoại itel Vision 1 Pro là 6.52 inch.,"[{'statement': 'Kích thước màn hình của điện thoại itel Vision 1 Pro là 6.52 inch.', 'reason': ['Ground truth confirms the screen size of the itel Vision 1 Pro phone is 6.52 inches.'], 'verdict': 1}]","[{'statement': 'Điện thoại itel Vision 1 Pro có màn hình kích thước 6.52 inch.', 'reason': ['Ground Truth xác nhận kích thước màn hình của điện thoại itel Vision 1 Pro là 6.52 inch.'], 'verdict': 1}]",1.0,1.0,1.0,9.52,2025-08-21 17:17:27
208,Bộ nhớ trong của samsung galaxy z flip4 là bao nhiêu?,Bộ nhớ trong của Samsung Galaxy Z Flip4 là 256GB.,Bộ nhớ trong của Samsung Galaxy Z Flip4 là 256 GB ở phiên bản 256 GB hoặc 128 GB ở phiên bản 128 GB.,"[{'statement': 'Bộ nhớ trong của Samsung Galaxy Z Flip4 là 256 GB ở phiên bản 256 GB.', 'reason': ['The ground truth states that the internal memory of the Samsung Galaxy Z Flip4 is 256GB, which supports the statement.'], 'verdict': 1}, {'statement': 'Bộ nhớ trong của Samsung Galaxy Z Flip4 là 128 GB ở phiên bản 128 GB.', 'reason': ['The ground truth states that the internal memory of the Samsung Galaxy Z Flip4 is 256GB, which contradicts the statement that it is 128GB.'], 'verdict': 0}]","[{'statement': 'Bộ nhớ trong của Samsung Galaxy Z Flip4 là 256GB.', 'reason': ['The ground truth states that the Samsung Galaxy Z Flip4 has 256GB of internal memory in the 256GB version or 128GB in the 128GB version. Therefore, the statement can be inferred.'], 'verdict': 1}]",0.5,1.0,0.67,13.03,2025-08-21 18:19:17
204,Hệ điều hành của điện thoại vivo t1 5g là gì?,Hệ điều hành của điện thoại vivo t1 5g là Android 12.,Hệ điều hành của điện thoại vivo t1 5g là Android 12.,"[{'statement': 'Hệ điều hành của điện thoại vivo t1 5g là Android 12.', 'reason': ['The ground truth states that the operating system of vivo t1 5g is Android 12.'], 'verdict': 1}]","[{'statement': 'Hệ điều hành của điện thoại vivo t1 5g là Android 12.', 'reason': ['Ground Truth xác nhận rằng Hệ điều hành của điện thoại vivo t1 5g là Android 12.'], 'verdict': 1}]",1.0,1.0,1.0,13.89,2025-08-21 18:19:21
210,Điện thoại di động izi 10 4G hỗ trợ công nghệ mạng nào?,Điện thoại di động izi 10 4G hỗ trợ công nghệ mạng 4G VoLTE.,Điện thoại di động izi 10 4G hỗ trợ công nghệ mạng 4G VoLTE.,"[{'statement': 'Điện thoại di động izi 10 4G hỗ trợ công nghệ mạng 4G VoLTE.', 'reason': ['The ground truth states that the izi 10 4G mobile phone supports 4G VoLTE network technology.'], 'verdict': 1}]","[{'statement': 'Điện thoại di động izi 10 4G hỗ trợ công nghệ mạng 4G VoLTE.', 'reason': ['The ground truth confirms that the izi 10 4G mobile phone supports 4G VoLTE network technology.'], 'verdict': 1}]",1.0,1.0,1.0,6.82,2025-08-21 16:22:31
212,Điện thoại realme c35 có loại vi xử lý nào?,Điện thoại realme c35 có vi xử lý Unisoc T616 8 nhân.,Vi xử lý: Unisoc T616 8 nhân,"[{'statement': 'Điện thoại realme c35 có vi xử lý Unisoc T616 8 nhân.', 'reason': ['The ground truth states that điện thoại realme c35 có vi xử lý Unisoc T616 8 nhân.'], 'verdict': 1}]","[{'statement': 'Điện thoại realme c35 có vi xử lý Unisoc T616 8 nhân.', 'reason': ['The ground truth states that the realme c35 has a Unisoc T616 8-core processor.', 'The statement can be directly inferred from the ground truth.'], 'verdict': 1}]",1.0,1.0,1.0,17.13,2025-08-22 05:43:00
213,Dung lượng pin của điện thoại nokia c21 plus là bao nhiêu?,5050 mAh,Dung lượng pin của điện thoại Nokia C21 Plus là 5050 mAh cho các phiên bản 3GB/32GB và 3GB/64GB; phiên bản 2GB/32GB chỉ 4000 mAh.,"[{'statement': 'Dung lượng pin của điện thoại Nokia C21 Plus là 5050 mAh cho các phiên bản 3GB/32GB và 3GB/64GB.', 'reason': ['Ground Truth says 5050 mAh, so this is correct.'], 'verdict': 1}, {'statement': 'Phiên bản 2GB/32GB của điện thoại Nokia C21 Plus có dung lượng pin 4000 mAh.', 'reason': ['The Ground Truth only specifies 5050 mAh. There is no mention of the 2GB/32GB having a 4000 mAh battery.'], 'verdict': 0}]","[{'statement': 'Dung lượng pin của điện thoại nokia c21 plus là 5050 mAh.', 'reason': ['The ground truth states that the battery capacity of the Nokia C21 Plus phone is 5050 mAh for the 3GB/32GB and 3GB/64GB versions.'], 'verdict': 1}]",0.5,1.0,0.67,9.02,2025-08-21 21:23:12
214,Giá của điện thoại nubia redmagic 7 pusar 16gb 256gb - chính hãng là bao nhiêu?,"Giá của điện thoại nubia redmagic 7 pusar 16gb 256gb - chính hãng là 18,990,000 ₫.","Giá của điện thoại Nubia RedMagic 7 PUSAR 16GB 256GB - chính hãng là 18,990,000 ₫.","[{'statement': 'Giá của điện thoại Nubia RedMagic 7 PUSAR 16GB 256GB - chính hãng là 18,990,000 ₫.', 'reason': ['The ground truth confirms that the price of the Nubia RedMagic 7 PUSAR 16GB 256GB - chính hãng is 18,990,000 ₫.'], 'verdict': 1}]","[{'statement': 'Giá của điện thoại nubia redmagic 7 pusar 16gb 256gb - chính hãng là 18,990,000 ₫.', 'reason': ['The ground truth states the price of the Nubia RedMagic 7 PUSAR 16GB 256GB - chính hãng is 18,990,000 ₫.'], 'verdict': 1}]",1.0,1.0,1.0,6.52,2025-08-21 17:18:30
211,Màu sắc của nubia redmagic 7 obsidian 12gb 128gb là gì?,Màu sắc của nubia redmagic 7 obsidian 12gb 128gb là màu OBSIDIAN.,Màu của nubia redmagic 7 obsidian 12gb 128gb là OBSIDIAN.,"[{'statement': 'Màu của nubia redmagic 7 obsidian 12gb 128gb là OBSIDIAN.', 'reason': ['Ground Truth cho biết màu của nubia redmagic 7 obsidian 12gb 128gb là màu OBSIDIAN.'], 'verdict': 1}]","[{'statement': 'Màu sắc của nubia redmagic 7 obsidian 12gb 128gb là màu OBSIDIAN.', 'reason': ['The ground truth confirms the color of nubia redmagic 7 obsidian 12gb 128gb is OBSIDIAN.'], 'verdict': 1}]",1.0,1.0,1.0,6.73,2025-08-22 05:43:00
216,Điện thoại nokia c21 plus sử dụng hệ điều hành nào?,điện thoại Nokia C21 Plus sử dụng hệ điều hành Android 11 (Go Edition),Android 11 (Go Edition),"[{'statement': 'Điện thoại nokia c21 plus sử dụng hệ điều hành Android 11 (Go Edition).', 'reason': ['The ground truth states that điện thoại Nokia C21 Plus sử dụng hệ điều hành Android 11 (Go Edition).'], 'verdict': 1}]","[{'statement': 'Điện thoại Nokia C21 Plus sử dụng hệ điều hành Android 11 (Go Edition).', 'reason': ['The ground truth states that the operating system is Android 11 (Go Edition).'], 'verdict': 1}]",1.0,1.0,1.0,12.38,2025-08-22 07:32:00
215,Điện thoại Nokia C21 Plus có bộ nhớ trong là bao nhiêu?,Bộ nhớ trong của điện thoại Nokia C21 Plus là 32GB.,"Bộ nhớ trong của Nokia C21 Plus là 32 GB ở các phiên bản 2GB/32GB và 3GB/32GB, hoặc 64 GB ở các phiên bản 2GB/64GB và 3GB/64GB.","[{'statement': 'Bộ nhớ trong của Nokia C21 Plus là 32 GB ở các phiên bản 2GB/32GB và 3GB/32GB.', 'reason': ['The ground truth confirms that the internal memory of Nokia C21 Plus is 32GB.'], 'verdict': 1}, {'statement': 'Bộ nhớ trong của Nokia C21 Plus là 64 GB ở các phiên bản 2GB/64GB và 3GB/64GB.', 'reason': ['The ground truth states that the internal memory of Nokia C21 Plus is 32GB, therefore this statement is incorrect.'], 'verdict': 0}]","[{'statement': 'Bộ nhớ trong của điện thoại Nokia C21 Plus là 32GB.', 'reason': ['The ground truth states that the Nokia C21 Plus has a 32GB internal memory in the 2GB/32GB and 3GB/32GB versions.'], 'verdict': 1}]",0.5,1.0,0.67,8.53,2025-08-21 18:20:12
218,Điện thoại realme C35 có dung lượng RAM là bao nhiêu?,Điện thoại realme C35 có dung lượng RAM là 4GB.,RAM của điện thoại realme C35 là 4 GB.,"[{'statement': 'RAM của điện thoại realme C35 là 4\nGB.', 'reason': ['The ground truth says that the RAM of realme C35 is 4GB.'], 'verdict': 1}]","[{'statement': 'Điện thoại realme C35 có dung lượng RAM là 4GB.', 'reason': ['The ground truth confirms that the RAM of the realme C35 phone is 4GB.'], 'verdict': 1}]",1.0,1.0,1.0,4.62,2025-08-22 07:26:56
220,Điện thoại Xiaomi Redmi 10C 4GB/128GB sử dụng vi xử lý nào?,Điện thoại Xiaomi Redmi 10C 4GB/128GB sử dụng vi xử lý Qualcomm Snapdragon 680.,Vi xử lý của điện thoại Xiaomi Redmi 10C 4GB/128GB là Qualcomm Snapdragon 680.,"[{'statement': 'Điện thoại Xiaomi Redmi 10C 4GB/128GB sử dụng vi xử lý Qualcomm Snapdragon 680.', 'reason': [], 'verdict': 1}]","[{'statement': 'Điện thoại Xiaomi Redmi 10C 4GB/128GB sử dụng vi xử lý Qualcomm Snapdragon 680.', 'reason': ['The ground truth confirms that the Xiaomi Redmi 10C 4GB/128GB phone uses the Qualcomm Snapdragon 680 processor.'], 'verdict': 1}]",1.0,1.0,1.0,13.4,2025-08-21 16:24:40
219,Kích thước bộ nhớ trong của điện thoại samsung galaxy a23 là bao nhiêu?,Kích thước bộ nhớ trong của điện thoại Samsung Galaxy A23 là 128GB.,Bộ nhớ trong của điện thoại Samsung Galaxy A23 là 128 GB.,"[{'statement': 'Bộ nhớ trong của điện thoại Samsung Galaxy A23 là 128 GB.', 'reason': ['The ground truth clearly states that the internal memory size of the Samsung Galaxy A23 is 128GB.'], 'verdict': 1}]","[{'statement': 'Kích thước bộ nhớ trong của điện thoại Samsung Galaxy A23 là 128GB.', 'reason': ['The ground truth states that the internal memory of the Samsung Galaxy A23 is 128GB.'], 'verdict': 1}]",1.0,1.0,1.0,19.37,2025-08-21 16:24:46
217,Màu sắc nào điện thoại vivo t1x 4gb/64gb có sẵn?,"Điện thoại vivo T1x 4GB/64GB có sẵn hai màu: Xanh, Màu Đen.",Xanh và Màu Đen,"[{'statement': 'Điện thoại vivo t1x 4gb/64gb có màu xanh.', 'reason': ['The ground truth confirms that the phone is available in blue (xanh).'], 'verdict': 1}, {'statement': 'Điện thoại vivo t1x 4gb/64gb có màu đen.', 'reason': ['The ground truth confirms that the phone is available in black (Màu Đen).'], 'verdict': 1}]","[{'statement': 'Điện thoại vivo T1x 4GB/64GB có sẵn màu xanh.', 'reason': ['The ground truth states that the phone is available in blue.'], 'verdict': 1}, {'statement': 'Điện thoại vivo T1x 4GB/64GB có sẵn màu đen.', 'reason': ['The ground truth states that the phone is available in black.'], 'verdict': 1}]",1.0,1.0,1.0,35.97,2025-08-22 06:23:31
223,Vi xử lý của samsung galaxy a73 5g là gì?,Vi xử lý của Samsung Galaxy A73 5G là Snapdragon 778G 5G 8 nhân.,Vi xử lý của Samsung Galaxy A73 5G là Snapdragon 778G 5G với 8 nhân.,"[{'statement': 'Vi xử lý của Samsung Galaxy A73 5G là Snapdragon 778G 5G.', 'reason': ['The ground truth confirms that the processor of Samsung Galaxy A73 5G is Snapdragon 778G 5G.'], 'verdict': 1}, {'statement': 'Snapdragon 778G 5G có 8 nhân.', 'reason': ['The ground truth confirms that the Snapdragon 778G 5G has 8 cores.'], 'verdict': 1}]","[{'statement': 'Vi xử lý của Samsung Galaxy A73 5G là Snapdragon 778G 5G 8 nhân.', 'reason': [""The ground truth confirms that the Samsung Galaxy A73 5G's processor is the Snapdragon 778G 5G with 8 cores.""], 'verdict': 1}]",1.0,1.0,1.0,6.8,2025-08-21 17:19:28
222,Điện thoại itel 9210 4g có hỗ trợ mạng di động nào?,Điện thoại itel 9210 4g hỗ trợ mạng di động 4G.,Điện thoại itel 9210 4g chỉ hỗ trợ mạng 4G.,"[{'statement': 'Điện thoại itel 9210 4g chỉ hỗ trợ mạng 4G.', 'reason': ['The ground truth states that the phone supports 4G mobile networks.'], 'verdict': 1}]","[{'statement': 'Điện thoại itel 9210 4g hỗ trợ mạng di động 4G.', 'reason': ['The ground truth confirms that the phone itel 9210 4g supports 4G network.'], 'verdict': 1}]",1.0,1.0,1.0,14.48,2025-08-22 06:23:15
221,Công nghệ màn hình của điện thoại Samsung Galaxy A33 5G là gì?,Công nghệ màn hình của Samsung Galaxy A33 5G là Super AMOLED.,Công nghệ màn hình của điện thoại Samsung Galaxy A33 5G là Super AMOLED.,"[{'statement': 'Công nghệ màn hình của điện thoại Samsung Galaxy A33 5G là Super AMOLED.', 'reason': ['The ground truth states that the screen technology of Samsung Galaxy A33 5G is Super AMOLED.'], 'verdict': 1}]","[{'statement': 'Công nghệ màn hình của Samsung Galaxy A33 5G là Super AMOLED.', 'reason': ['The ground truth explicitly states that the screen technology of the Samsung Galaxy A33 5G is Super AMOLED.'], 'verdict': 1}]",1.0,1.0,1.0,17.65,2025-08-22 05:44:03
225,Kích thước màn hình của điện thoại di động masstel izi 20 4g là bao nhiêu?,Kích thước màn hình của điện thoại di động masstel izi 20 4g là 1.77 inch.,Kích thước màn hình của điện thoại di động masstel izi 20 4g là 1.77 inch.,"[{'statement': 'Kích thước màn hình của điện thoại di động masstel izi 20 4g là 1.77 inch.', 'reason': ['The ground truth directly states that the screen size of the masstel izi 20 4g mobile phone is 1.77 inches.'], 'verdict': 1}]","[{'statement': 'Kích thước màn hình của điện thoại di động masstel izi 20 4g là 1.77 inch.', 'reason': ['The ground truth confirms that the screen size of the masstel izi 20 4g mobile phone is 1.77 inches.'], 'verdict': 1}]",1.0,1.0,1.0,11.27,2025-08-21 21:24:19
226,Điện thoại samsung galaxy a53 5g sử dụng hệ điều hành nào?,Samsung Galaxy A53 5G sử dụng hệ điều hành Android 12.,Hệ điều hành trên điện thoại Samsung Galaxy A53 5G là Android 12.,"[{'statement': 'Hệ điều hành trên điện thoại Samsung Galaxy A53 5G là Android 12.', 'reason': ['The ground truth confirms that Samsung Galaxy A53 5G uses Android 12 operating system.'], 'verdict': 1}]","[{'statement': 'Samsung Galaxy A53 5G sử dụng hệ điều hành Android 12.', 'reason': ['The ground truth states that the operating system on the Samsung Galaxy A53 5G is Android 12.'], 'verdict': 1}]",1.0,1.0,1.0,23.42,2025-08-21 17:20:22
228,Giá của điện thoại di động xor x2 prime gold là bao nhiêu?,"Giá của điện thoại di động XOR X2 Prime Gold là 485,000,000 ₫.","Giá của điện thoại di động xor x2 prime gold là 485,000,000 ₫.","[{'statement': 'Giá của điện thoại di động xor x2 prime gold là 485,000,000\t₫.', 'reason': ['The ground truth states that the price of the XOR X2 Prime Gold mobile phone is 485,000,000 ₫.'], 'verdict': 1}]","[{'statement': 'Giá của điện thoại di động XOR X2 Prime Gold là 485,000,000 ₫.', 'reason': ['The ground truth states the price of the XOR X2 Prime Gold mobile phone is 485,000,000 ₫.'], 'verdict': 1}]",1.0,1.0,1.0,7.4,2025-08-21 16:26:19
224,Masstel Fami 12 4G có những chương trình khuyến mãi nào hiện tại?,"Masstel Fami 12 4G hiện có các chương trình khuyến mãi sau: giảm 5% không giới hạn qua Homepaylater, giảm 50% tối đa 700k khi mở thẻ tín dụng Vpbank trên SenID, giảm 20% tối đa 500k khi mở thẻ tín dụng TPBank EVO, và giảm 1% tối đa 100.000đ khi thanh toán qua Zalopay.","Masstel Fami 12 4G hiện đang được khuyến mãi:

- Giảm 5 % không giới hạn khi thanh toán qua Homepaylater  
- Giảm 50 % tối đa 700k khi mở thẻ tín dụng Vpbank trên SenID  
- Giảm 20 % tối đa 500k khi mở thẻ tín dụng TPBank EVO  
- Giảm 1 % tối đa 100.000đ khi thanh toán qua Zalopay","[{'statement': 'Masstel Fami 12 4G hiện đang được khuyến mãi giảm 5% không giới hạn khi thanh toán qua Homepaylater.', 'reason': ['The ground truth confirms that Masstel Fami 12 4G is being promoted with a 5% unlimited discount when paying via Homepaylater.'], 'verdict': 1}, {'statement': 'Masstel Fami 12 4G hiện đang được khuyến mãi giảm 50% tối đa 700k khi mở thẻ tín dụng Vpbank trên SenID.', 'reason': ['The ground truth confirms that Masstel Fami 12 4G is being promoted with a 50% discount up to 700k when opening a VPBank credit card on SenID.'], 'verdict': 1}, {'statement': 'Masstel Fami 12 4G hiện đang được khuyến mãi giảm 20% tối đa 500k khi mở thẻ tín dụng TPBank EVO.', 'reason': ['The ground truth confirms that Masstel Fami 12 4G is being promoted with a 20% discount up to 500k when opening a TPBank EVO credit card.'], 'verdict': 1}, {'statement': 'Masstel Fami 12 4G hiện đang được khuyến mãi giảm 1% tối đa 100.000đ khi thanh toán qua Zalopay.', 'reason': ['The ground truth confirms that Masstel Fami 12 4G is being promoted with a 1% discount up to 100,000 VND when paying via Zalopay.'], 'verdict': 1}]","[{'statement': 'Masstel Fami 12 4G hiện có chương trình khuyến mãi giảm 5% không giới hạn qua Homepaylater.', 'reason': ['The ground truth confirms that Masstel Fami 12 4G has a promotion of 5% off without limit when paying via Homepaylater.'], 'verdict': 1}, {'statement': 'Masstel Fami 12 4G hiện có chương trình khuyến mãi giảm 50% tối đa 700k khi mở thẻ tín dụng Vpbank trên SenID.', 'reason': ['The ground truth confirms that Masstel Fami 12 4G has a promotion of 50% off up to 700k when opening a Vpbank credit card on SenID.'], 'verdict': 1}, {'statement': 'Masstel Fami 12 4G hiện có chương trình khuyến mãi giảm 20% tối đa 500k khi mở thẻ tín dụng TPBank EVO.', 'reason': ['The ground truth confirms that Masstel Fami 12 4G has a promotion of 20% off up to 500k when opening a TPBank EVO credit card.'], 'verdict': 1}, {'statement': 'Masstel Fami 12 4G hiện có chương trình khuyến mãi giảm 1% tối đa 100.000đ khi thanh toán qua Zalopay.', 'reason': ['The ground truth confirms that Masstel Fami 12 4G has a promotion of 1% off up to 100,000 when paying via Zalopay.'], 'verdict': 1}]",1.0,1.0,1.0,9.64,2025-08-22 05:44:07
231,Dung lượng pin của điện thoại di động Masstel Izi 12 4G là bao nhiêu?,Dung lượng pin của điện thoại di động Masstel Izi 12 4G là 1000 mAh.,Dung lượng pin của điện thoại Masstel Izi 12 4G là 1000 mAh.,"[{'statement': 'Dung lượng pin của điện thoại Masstel Izi 12 4G là 1000 mAh.', 'reason': ['The ground truth states that the battery capacity of the Masstel Izi 12 4G mobile phone is 1000 mAh.'], 'verdict': 1}]","[{'statement': 'Dung lượng pin của điện thoại di động Masstel Izi 12 4G là 1000 mAh.', 'reason': ['The ground truth confirms that the battery capacity of the Masstel Izi 12 4G mobile phone is 1000 mAh.'], 'verdict': 1}]",1.0,1.0,1.0,8.52,2025-08-21 17:20:30
229,Kích thước màn hình của điện thoại samsung galaxy s21 fe (5g) là bao nhiêu?,Kích thước màn hình của điện thoại samsung galaxy s21 fe (5g) là 6.4 inch.,Kích thước màn hình của điện thoại Samsung Galaxy S21 FE (5G) là 6.4 inch.,"[{'statement': 'Kích thước màn hình của điện thoại Samsung Galaxy S21 FE (5G) là 6.4 inch.', 'reason': ['The ground truth confirms that the screen size of the Samsung Galaxy S21 FE (5G) is 6.4 inches.'], 'verdict': 1}]","[{'statement': 'Kích thước màn hình của điện thoại samsung galaxy s21 fe (5g) là 6.4 inch.', 'reason': ['The ground truth confirms that the screen size of the Samsung Galaxy S21 FE (5G) phone is 6.4 inches.'], 'verdict': 1}]",1.0,1.0,1.0,12.54,2025-08-21 18:21:17
227,Công nghệ màn hình của điện thoại xiaomi 12 là gì?,"Công nghệ màn hình của điện thoại xiaomi 12 là AMOLED, 1 tỷ màu, HDR10+, 120Hz, tỷ lệ 20:9, kích thước 6.28 inch với độ phân giải Full HD+ (1080 x 2400 pixels) cùng Corning Gorilla Glass Victus, cảm biến vân tay trong màn hình cảm ứng điện dung đa điểm.","Công nghệ màn hình của Xiaomi 12 là AMOLED Full HD+ (1080 × 2400 pixels), tần số quét 120Hz, hỗ trợ HDR10+, màu 1 tỷ màu, sử dụng Corning Gorilla Glass Victus, tích hợp cảm biến vân tay trong màn hình, cảm ứng điện dung đa điểm.","[{'statement': 'Công nghệ màn hình của Xiaomi 12 là AMOLED Full HD+ (1080\x0c×\x0c2400\x0cpixels).', 'reason': ['The ground truth states that the screen technology of Xiaomi 12 is AMOLED with Full HD+ resolution (1080 x 2400 pixels).'], 'verdict': 1}, {'statement': 'Màn hình của Xiaomi 12 có tần số quét 120Hz.', 'reason': ['The ground truth states that the screen has a 120Hz refresh rate.'], 'verdict': 1}, {'statement': 'Màn hình của Xiaomi 12 hỗ trợ HDR10+.', 'reason': ['The ground truth mentions that the screen supports HDR10+.'], 'verdict': 1}, {'statement': 'Màn hình của Xiaomi 12 hiển thị 1 tỷ màu.', 'reason': ['The ground truth confirms that the screen displays 1 billion colors.'], 'verdict': 1}, {'statement': 'Màn hình của Xiaomi 12 sử dụng Corning Gorilla Glass Victus.', 'reason': ['The ground truth indicates that the screen uses Corning Gorilla Glass Victus.'], 'verdict': 1}, {'statement': 'Xiaomi 12 tích hợp cảm biến vân tay trong màn hình.', 'reason': ['The ground truth specifies that there is a fingerprint sensor integrated within the screen.'], 'verdict': 1}, {'statement': 'Màn hình của Xiaomi 12 là cảm ứng điện dung đa điểm.', 'reason': ['The ground truth describes the screen as a capacitive multi-touch display.'], 'verdict': 1}]","[{'statement': 'Công nghệ màn hình của điện thoại xiaomi 12 là AMOLED.', 'reason': ['Ground truth confirms that the display technology of Xiaomi 12 is AMOLED.'], 'verdict': 1}, {'statement': 'Màn hình của điện thoại xiaomi 12 có 1 tỷ màu.', 'reason': ['The ground truth states that the screen of the Xiaomi 12 has 1 billion colors.'], 'verdict': 1}, {'statement': 'Màn hình của điện thoại xiaomi 12 hỗ trợ HDR10+.', 'reason': ['The ground truth confirms that the screen of the Xiaomi 12 supports HDR10+.'], 'verdict': 1}, {'statement': 'Màn hình của điện thoại xiaomi 12 có tần số quét 120Hz.', 'reason': ['The ground truth indicates that the screen of the Xiaomi 12 has a refresh rate of 120Hz.'], 'verdict': 1}, {'statement': 'Màn hình của điện thoại xiaomi 12 có tỷ lệ 20:9.', 'reason': ['The ground truth does not provide the screen ratio. Therefore, this statement cannot be inferred.'], 'verdict': 0}, {'statement': 'Màn hình của điện thoại xiaomi 12 có kích thước 6.28 inch.', 'reason': ['The ground truth does not provide the screen size. Therefore, this statement cannot be inferred.'], 'verdict': 0}, {'statement': 'Màn hình của điện thoại xiaomi 12 có độ phân giải Full HD+ (1080 x 2400 pixels).', 'reason': ['The ground truth states that the Xiaomi 12 has an AMOLED Full HD+ (1080 x 2400 pixels) display.'], 'verdict': 1}, {'statement': 'Màn hình của điện thoại xiaomi 12 được bảo vệ bởi Corning Gorilla Glass Victus.', 'reason': ['The ground truth confirms that Corning Gorilla Glass Victus protects the screen of the Xiaomi 12.'], 'verdict': 1}, {'statement': 'Điện thoại xiaomi 12 có cảm biến vân tay trong màn hình cảm ứng điện dung đa điểm.', 'reason': ['The ground truth indicates that the Xiaomi 12 has an integrated fingerprint sensor in the screen and multi-point capacitive touch.'], 'verdict': 1}]",1.0,0.78,0.88,23.61,2025-08-22 06:23:37
230,Samsung Galaxy S22 sử dụng hệ điều hành nào?,Samsung Galaxy S22 sử dụng hệ điều hành Android 12.,Hệ điều hành của Samsung Galaxy S22 là Android 12.,"[{'statement': 'Hệ điều hành của Samsung Galaxy S22 là Android 12.', 'reason': ['The ground truth confirms that the Samsung Galaxy S22 uses Android 12 as its operating system.'], 'verdict': 1}]","[{'statement': 'Samsung Galaxy S22 sử dụng hệ điều hành Android 12.', 'reason': ['The ground truth states that the operating system of the Samsung Galaxy S22 is Android 12.'], 'verdict': 1}]",1.0,1.0,1.0,15.31,2025-08-21 17:21:23
232,Điện thoại Redmi Note 11 Pro 5G có công nghệ màn hình nào?,Công nghệ màn hình của điện thoại Redmi Note 11 Pro 5G là AMOLED.,Công nghệ màn hình của điện thoại Redmi Note 11 Pro 5G là AMOLED.,"[{'statement': 'Công nghệ màn hình của điện thoại Redmi Note 11 Pro 5G là AMOLED.', 'reason': [""The ground truth confirms that the Redmi Note 11 Pro 5G phone's display technology is AMOLED.""], 'verdict': 1}]","[{'statement': 'Công nghệ màn hình của điện thoại Redmi Note 11 Pro 5G là AMOLED.', 'reason': ['Ground Truth says: Công nghệ màn hình của điện thoại Redmi Note 11 Pro 5G là AMOLED.'], 'verdict': 1}]",1.0,1.0,1.0,5.4,2025-08-22 07:26:59
233,Điện thoại oppo reno7 z 5g sử dụng hệ điều hành nào?,Điện thoại Oppo Reno7 Z 5G sử dụng hệ điều hành ColorOS 12.,Hệ điều hành là ColorOS 12.,"[{'statement': 'Điện thoại oppo reno7 z 5g sử dụng hệ điều hành ColorOS 12.', 'reason': ['The ground truth confirms that the Oppo Reno7 Z 5G phone uses ColorOS 12 operating system.'], 'verdict': 1}]","[{'statement': 'Điện thoại Oppo Reno7 Z 5G sử dụng hệ điều hành ColorOS 12.', 'reason': ['The ground truth confirms that the operating system is ColorOS 12.'], 'verdict': 1}]",1.0,1.0,1.0,8.65,2025-08-21 21:25:21
236,Giảm giá nào được áp dụng khi mua điện thoại xor titanium x2 classic bundle?,- Giảm 5% không giới hạn khuyến mãi qua Homepaylater - Giảm 50% tối đa 700k khi mở thẻ tín dụng Vpbank trên SenID - Giảm 20% tối đa 500k khi mở thẻ tín dụng TPBank EVO,"Giảm 5% không giới hạn khi thanh toán qua Homepaylater;  
Giảm 50% tối đa 700 k khi mở thẻ tín dụng Vpbank trên SenID;  
Giảm 20% tối đa 500 k khi mở thẻ tín dụng TPBank EVO.","[{'statement': 'Có giảm 5% không giới hạn khi thanh toán qua Homepaylater.', 'reason': ['The ground truth confirms a 5% discount with no limit when paying via Homepaylater.'], 'verdict': 1}, {'statement': 'Có giảm 50% tối đa 700k khi mở thẻ tín dụng Vpbank trên SenID.', 'reason': ['The ground truth confirms a 50% discount, up to 700k, when opening a VPBank credit card on SenID.'], 'verdict': 1}, {'statement': 'Có giảm 20% tối đa 500k khi mở thẻ tín dụng TPBank EVO.', 'reason': ['The ground truth confirms a 20% discount, up to 500k, when opening a TPBank EVO credit card.'], 'verdict': 1}]","[{'statement': 'Có giảm 5% không giới hạn khuyến mãi qua Homepaylater khi mua điện thoại XOR Titanium X2 Classic Bundle.', 'reason': ['The ground truth states: ""Giảm 5% không giới hạn khi thanh toán qua Homepaylater"".'], 'verdict': 1}, {'statement': 'Có giảm 50% tối đa 700k khi mở thẻ tín dụng VPBank trên SenID khi mua điện thoại XOR Titanium X2 Classic Bundle.', 'reason': ['The ground truth states: ""Giảm 50% tối đa 700\u202fk khi mở thẻ tín dụng Vpbank trên SenID"".'], 'verdict': 1}, {'statement': 'Có giảm 20% tối đa 500k khi mở thẻ tín dụng TPBank EVO khi mua điện thoại XOR Titanium X2 Classic Bundle.', 'reason': ['The ground truth states: ""Giảm 20% tối đa 500\u202fk khi mở thẻ tín dụng TPBank EVO"".'], 'verdict': 1}]",1.0,1.0,1.0,7.91,2025-08-21 16:28:17
237,Kích thước màn hình của điện thoại samsung galaxy s22 là bao nhiêu?,Kích thước màn hình của điện thoại Samsung Galaxy S22 là 6.1 inch.,Kích thước màn hình của điện thoại Samsung Galaxy S22 là 6.1 inch.,"[{'statement': 'Kích thước màn hình của điện thoại Samsung Galaxy S22 là 6.1 inch.', 'reason': ['The ground truth states that the screen size of the Samsung Galaxy S22 is 6.1 inches.'], 'verdict': 1}]","[{'statement': 'Kích thước màn hình của điện thoại Samsung Galaxy S22 là 6.1 inch.', 'reason': ['The ground truth states that the screen size of the Samsung Galaxy S22 is 6.1 inches.'], 'verdict': 1}]",1.0,1.0,1.0,5.07,2025-08-21 16:28:18
234,Màu sắc của điện thoại xor titanium x2 ebony bundle là gì?,Màu sắc của điện thoại xor titanium x2 ebony bundle là đen.,Màu sắc của điện thoại XOR Titanium X2 Ebony Bundle là màu Black.,"[{'statement': 'Màu sắc của điện thoại XOR Titanium X2 Ebony Bundle là màu Black.', 'reason': ['The ground truth confirms that the color of the XOR Titanium X2 Ebony Bundle phone is black.'], 'verdict': 1}]","[{'statement': 'Màu sắc của điện thoại xor titanium x2 ebony bundle là đen.', 'reason': ['The ground truth states that the color of the XOR Titanium X2 Ebony Bundle phone is Black, which translates to đen in Vietnamese.'], 'verdict': 1}]",1.0,1.0,1.0,7.74,2025-08-21 18:22:05
239,Điện thoại Nokia G10 có dung lượng pin bao nhiêu?,Điện thoại Nokia G10 có dung lượng pin 5050 mAh.,Điện thoại Nokia G10 có dung lượng pin 5050 mAh.,"[{'statement': 'Điện thoại Nokia G10 có dung lượng pin 5050\tmAh.', 'reason': ['The ground truth confirms that the Nokia G10 phone has a battery capacity of 5050 mAh.'], 'verdict': 1}]","[{'statement': 'Điện thoại Nokia G10 có dung lượng pin 5050 mAh.', 'reason': ['The ground truth states that the Nokia G10 phone has a battery capacity of 5050 mAh.'], 'verdict': 1}]",1.0,1.0,1.0,3.7,2025-08-21 16:28:23
235,Kích thước màn hình của điện thoại redmi note 11 pro (8gb/128gb) - chính hãng là bao nhiêu?,6.67 inch,Kích thước màn hình của điện thoại Redmi Note 11 Pro (8GB/128GB) – chính hãng là 6.67 inch.,"[{'statement': 'Kích thước màn hình của điện thoại Redmi Note 11 Pro (8GB/128GB) – chính hãng là 6.67 inch.', 'reason': ['The ground truth confirms that the screen size is 6.67 inch.'], 'verdict': 1}]","[{'statement': 'Kích thước màn hình của điện thoại Redmi Note 11 Pro (8GB/128GB) - chính hãng là 6.67 inch.', 'reason': ['The ground truth confirms that the screen size of the Redmi Note 11 Pro (8GB/128GB) is 6.67 inches.'], 'verdict': 1}]",1.0,1.0,1.0,17.59,2025-08-21 21:25:31
238,Điện thoại iPhone 13 mini (256GB) hỗ trợ mạng di động nào?,Điện thoại iPhone 13 mini (256GB) hỗ trợ 5G.,Hỗ trợ mạng 5G.,"[{'statement': 'Điện thoại iPhone 13 mini (256GB) hỗ trợ mạng 5G.', 'reason': ['The ground truth confirms that điện thoại iPhone 13 mini (256GB) supports 5G.'], 'verdict': 1}]","[{'statement': 'Điện thoại iPhone 13 mini (256GB) hỗ trợ 5G.', 'reason': ['The ground truth states that it supports 5G network.'], 'verdict': 1}]",1.0,1.0,1.0,9.99,2025-08-21 17:22:20
241,Hệ điều hành nào được sử dụng trên điện thoại xiaomi redmi 9t 4gb/64gb?,Điện thoại Xiaomi Redmi 9T 4GB/64GB sử dụng hệ điều hành Android 10.,Hệ điều hành là Android 10.,"[{'statement': 'Hệ điều hành được sử dụng trên điện thoại xiaomi redmi 9t 4gb/64gb là Android 10.', 'reason': ['The ground truth states that the Xiaomi Redmi 9T 4GB/64GB phone uses the Android 10 operating system.'], 'verdict': 1}]","[{'statement': 'Điện thoại Xiaomi Redmi 9T 4GB/64GB sử dụng hệ điều hành Android 10.', 'reason': ['The ground truth confirms that the operating system is Android 10.'], 'verdict': 1}]",1.0,1.0,1.0,8.68,2025-08-22 07:49:22
243,Màn hình của điện thoại oppo a16k 3gb/32gb có độ phân giải bao nhiêu?,"Màn hình của điện thoại Oppo A16k 3GB/32GB có độ phân giải HD+, tức là 720 x 1600 pixels.",Độ phân giải màn hình của điện thoại Oppo A16k 3GB/32GB là 720 x 1600 pixel.,"[{'statement': 'Độ phân giải màn hình của điện thoại Oppo A16k 3GB/32GB là 720 x 1600 pixel.', 'reason': ['The ground truth confirms the screen resolution of Oppo A16k 3GB/32GB is 720 x 1600 pixels.'], 'verdict': 1}]","[{'statement': 'Màn hình của điện thoại Oppo A16k 3GB/32GB có độ phân giải HD+.', 'reason': ['The ground truth states that the resolution is 720 x 1600 pixels, which is equivalent to HD+.'], 'verdict': 1}, {'statement': 'Độ phân giải HD+ tương đương 720 x 1600 pixels.', 'reason': ['The ground truth indicates the resolution is 720 x 1600 pixels, which is the same as HD+.'], 'verdict': 1}]",1.0,1.0,1.0,8.57,2025-08-21 16:29:17
240,Điện thoại Xiaomi Redmi Note 10 5G có hệ điều hành nào?,Điện thoại Xiaomi Redmi Note 10 5G sử dụng hệ điều hành Android 11.,Hệ điều hành của điện thoại Xiaomi Redmi Note 10 5G là Android 11.,"[{'statement': 'Hệ điều hành của điện thoại Xiaomi Redmi Note 10 5G là Android 11.', 'reason': ['The ground truth states that the Xiaomi Redmi Note 10 5G phone uses Android 11 operating system.'], 'verdict': 1}]","[{'statement': 'Điện thoại Xiaomi Redmi Note 10 5G sử dụng hệ điều hành Android 11.', 'reason': ['The ground truth states that the operating system of the Xiaomi Redmi Note 10 5G is Android 11.'], 'verdict': 1}]",1.0,1.0,1.0,18.97,2025-08-22 07:32:18
242,Điện thoại Poco M4 Pro 5G có những khuyến mãi nào?,"Điện thoại Poco M4 Pro 5G có các khuyến mãi như ưu đãi trả góp 0% qua Shinhan Finance hoặc Mirae Asset Finance, giảm 5% không giới hạn khuyến mãi qua Homepaylater, giảm thêm tới 700.000đ khi thanh toán qua Kredivo, giảm 50% tối đa 700k khi mở thẻ tín dụng Vpbank trên SenID, giảm 20% tối đa 500k khi mở thẻ tín dụng TPBank EVO, mở thẻ tín dụng VIB - nhận voucher 600.000đ giảm 1% tối đa 100.000đ khi thanh toán qua Zalopay.","Ưu đãi trả góp 0 % qua Shinhan Finance hoặc Mirae Asset Finance, giảm 5 % không giới hạn khuyến mãi qua Homepaylater, giảm thêm tới 700.000 đ khi thanh toán qua Kredivo, giảm 50 % tối đa 700k khi mở thẻ tín dụng Vpbank trên SenID, giảm 20 % tối đa 500k khi mở thẻ tín dụng TPBank EVO, mở thẻ tín dụng VIB, nhận voucher 600.000 đ, giảm 1 % tối đa 100.000 đ khi thanh toán qua Zalopay.","[{'statement': 'Điện thoại Poco M4 Pro 5G có ưu đãi trả góp 0% qua Shinhan Finance hoặc Mirae Asset Finance.', 'reason': ['The ground truth confirms that the Poco M4 Pro 5G has a 0% installment offer through Shinhan Finance or Mirae Asset Finance.'], 'verdict': 1}, {'statement': 'Điện thoại Poco M4 Pro 5G được giảm 5% không giới hạn khuyến mãi qua Homepaylater.', 'reason': ['The ground truth confirms that the Poco M4 Pro 5G gets a 5% discount with unlimited promotions through Homepaylater.'], 'verdict': 1}, {'statement': 'Điện thoại Poco M4 Pro 5G được giảm thêm tới 700.000đ khi thanh toán qua Kredivo.', 'reason': ['The ground truth confirms that the Poco M4 Pro 5G gets an additional discount of up to 700,000 VND when paying through Kredivo.'], 'verdict': 1}, {'statement': 'Điện thoại Poco M4 Pro 5G được giảm 50% tối đa 700k khi mở thẻ tín dụng Vpbank trên SenID.', 'reason': ['The ground truth confirms that the Poco M4 Pro 5G gets a 50% discount up to 700k when opening a Vpbank credit card on SenID.'], 'verdict': 1}, {'statement': 'Điện thoại Poco M4 Pro 5G được giảm 20% tối đa 500k khi mở thẻ tín dụng TPBank EVO.', 'reason': ['The ground truth confirms that the Poco M4 Pro 5G gets a 20% discount up to 500k when opening a TPBank EVO credit card.'], 'verdict': 1}, {'statement': 'Khi mở thẻ tín dụng VIB sẽ nhận voucher 600.000đ khi mua điện thoại Poco M4 Pro 5G.', 'reason': ['The ground truth confirms that opening a VIB credit card will get a 600,000 VND voucher when buying a Poco M4 Pro 5G phone.'], 'verdict': 1}, {'statement': 'Điện thoại Poco M4 Pro 5G được giảm 1% tối đa 100.000đ khi thanh toán qua Zalopay.', 'reason': ['The ground truth confirms that the Poco M4 Pro 5G gets a 1% discount up to 100,000 VND when paying via Zalopay.'], 'verdict': 1}]","[{'statement': 'Điện thoại Poco M4 Pro 5G có ưu đãi trả góp 0% qua Shinhan Finance hoặc Mirae Asset Finance.', 'reason': ['The ground truth states: ""Ưu đãi trả góp 0\u202f% qua Shinhan Finance hoặc Mirae Asset Finance""'], 'verdict': 1}, {'statement': 'Điện thoại Poco M4 Pro 5G được giảm 5% không giới hạn khuyến mãi qua Homepaylater.', 'reason': ['The ground truth states: ""giảm 5\u202f% không giới hạn khuyến mãi qua Homepaylater""'], 'verdict': 1}, {'statement': 'Điện thoại Poco M4 Pro 5G được giảm thêm tới 700.000đ khi thanh toán qua Kredivo.', 'reason': ['The ground truth states: ""giảm thêm tới 700.000\u202fđ khi thanh toán qua Kredivo""'], 'verdict': 1}, {'statement': 'Điện thoại Poco M4 Pro 5G được giảm 50% tối đa 700k khi mở thẻ tín dụng Vpbank trên SenID.', 'reason': ['The ground truth states: ""giảm 50\u202f% tối đa 700k khi mở thẻ tín dụng Vpbank trên SenID""'], 'verdict': 1}, {'statement': 'Điện thoại Poco M4 Pro 5G được giảm 20% tối đa 500k khi mở thẻ tín dụng TPBank EVO.', 'reason': ['The ground truth states: ""giảm 20\u202f% tối đa 500k khi mở thẻ tín dụng TPBank EVO""'], 'verdict': 1}, {'statement': 'Khi mở thẻ tín dụng VIB, điện thoại Poco M4 Pro 5G nhận voucher 600.000đ giảm 1% tối đa 100.000đ khi thanh toán qua Zalopay.', 'reason': ['The ground truth states: ""mở thẻ tín dụng VIB, nhận voucher 600.000\u202fđ, giảm 1\u202f% tối đa 100.000\u202fđ khi thanh toán qua Zalopay""'], 'verdict': 1}]",1.0,1.0,1.0,28.72,2025-08-21 16:29:27
246,iPhone 13 (128GB) có màu nào?,"iPhone 13 (128GB) có các màu Green, Red, Midnight, Pink, Blue, Starlight.","Green, Red, Midnight, Pink, Blue, Starlight","[{'statement': 'iPhone 13 (128GB) có màu Green.', 'reason': ['The ground truth confirms that iPhone 13 (128GB) comes in Green.'], 'verdict': 1}, {'statement': 'iPhone 13 (128GB) có màu Red.', 'reason': ['The ground truth confirms that iPhone 13 (128GB) comes in Red.'], 'verdict': 1}, {'statement': 'iPhone 13 (128GB) có màu Midnight.', 'reason': ['The ground truth confirms that iPhone 13 (128GB) comes in Midnight.'], 'verdict': 1}, {'statement': 'iPhone 13 (128GB) có màu Pink.', 'reason': ['The ground truth confirms that iPhone 13 (128GB) comes in Pink.'], 'verdict': 1}, {'statement': 'iPhone 13 (128GB) có màu Blue.', 'reason': ['The ground truth confirms that iPhone 13 (128GB) comes in Blue.'], 'verdict': 1}, {'statement': 'iPhone 13 (128GB) có màu Starlight.', 'reason': ['The ground truth confirms that iPhone 13 (128GB) comes in Starlight.'], 'verdict': 1}]","[{'statement': 'iPhone 13 (128GB) có các màu Green.', 'reason': ['The ground truth lists Green as a color for the iPhone 13 (128GB).'], 'verdict': 1}, {'statement': 'iPhone 13 (128GB) có các màu Red.', 'reason': ['The ground truth lists Red as a color for the iPhone 13 (128GB).'], 'verdict': 1}, {'statement': 'iPhone 13 (128GB) có các màu Midnight.', 'reason': ['The ground truth lists Midnight as a color for the iPhone 13 (128GB).'], 'verdict': 1}, {'statement': 'iPhone 13 (128GB) có các màu Pink.', 'reason': ['The ground truth lists Pink as a color for the iPhone 13 (128GB).'], 'verdict': 1}, {'statement': 'iPhone 13 (128GB) có các màu Blue.', 'reason': ['The ground truth lists Blue as a color for the iPhone 13 (128GB).'], 'verdict': 1}, {'statement': 'iPhone 13 (128GB) có các màu Starlight.', 'reason': ['The ground truth lists Starlight as a color for the iPhone 13 (128GB).'], 'verdict': 1}]",1.0,1.0,1.0,16.17,2025-08-21 18:23:10
244,Điện thoại nokia 110 4g có màu sắc nào?,Điện thoại Nokia 110 4G có màu xanh blue màu đen.,Màu xanh dương và đen.,"[{'statement': 'Điện thoại nokia 110 4g có màu xanh dương.', 'reason': ['The ground truth states that the Nokia 110 4G phone comes in blue, which supports the statement.'], 'verdict': 1}, {'statement': 'Điện thoại nokia 110 4g có màu đen.', 'reason': ['The ground truth states that the Nokia 110 4G phone comes in black, which supports the statement.'], 'verdict': 1}]","[{'statement': 'Điện thoại Nokia 110 4G có màu xanh blue.', 'reason': ['The ground truth states that the phone is available in blue.'], 'verdict': 1}, {'statement': 'Điện thoại Nokia 110 4G có màu đen.', 'reason': ['The ground truth states that the phone is available in black.'], 'verdict': 1}]",1.0,1.0,1.0,4.58,2025-08-22 06:36:16
247,Có những chương trình khuyến mãi nào cho điện thoại Nokia 105 4G?,"Điện thoại Nokia 105 4G có những chương trình khuyến mãi như sau: Giảm 5% không giới hạn khi sử dụng Homepaylater, giảm 50% tối đa 700.000₫ khi mở thẻ tín dụng Vpbank trên SenID, giảm 20% tối đa 500.000₫ khi mở thẻ tín dụng TPBank EVO, giảm 1% tối đa 100.000₫ khi thanh toán qua Zalopay.","- Giảm 5% không giới hạn khuyến mãi qua Homepaylater  
- Giảm 50% tối đa 700k khi mở thẻ tín dụng Vpbank trên SenID  
- Giảm 20% tối đa 500k khi mở thẻ tín dụng TPBank EVO  
- Giảm 1% tối đa 100.000đ khi thanh toán qua Zalopay","[{'statement': 'Điện thoại Nokia 105 4G được giảm 5% không giới hạn khuyến mãi qua Homepaylater.', 'reason': ['The ground truth confirms that the Nokia 105 4G phone is reduced by 5% without any promotion limit via Homepaylater.'], 'verdict': 1}, {'statement': 'Điện thoại Nokia 105 4G được giảm 50% tối đa 700k khi mở thẻ tín dụng Vpbank trên SenID.', 'reason': ['The ground truth confirms that the Nokia 105 4G phone is reduced by 50% up to 700k when opening a VPBank credit card on SenID.'], 'verdict': 1}, {'statement': 'Điện thoại Nokia 105 4G được giảm 20% tối đa 500k khi mở thẻ tín dụng TPBank EVO.', 'reason': ['The ground truth confirms that the Nokia 105 4G phone is reduced by 20% up to 500k when opening a TPBank EVO credit card.'], 'verdict': 1}, {'statement': 'Điện thoại Nokia 105 4G được giảm 1% tối đa 100.000đ khi thanh toán qua Zalopay.', 'reason': ['The ground truth confirms that the Nokia 105 4G phone is reduced by 1% up to 100,000 VND when paying via Zalopay.'], 'verdict': 1}]","[{'statement': 'Điện thoại Nokia 105 4G được giảm 5% không giới hạn khi sử dụng Homepaylater.', 'reason': ['The ground truth states a 5% discount without limitations when using Homepaylater.'], 'verdict': 1}, {'statement': 'Điện thoại Nokia 105 4G được giảm 50% tối đa 700.000₫ khi mở thẻ tín dụng Vpbank trên SenID.', 'reason': ['The ground truth states a 50% discount up to 700,000 VND when opening a VPBank credit card on SenID.'], 'verdict': 1}, {'statement': 'Điện thoại Nokia 105 4G được giảm 20% tối đa 500.000₫ khi mở thẻ tín dụng TPBank EVO.', 'reason': ['The ground truth states a 20% discount up to 500,000 VND when opening a TPBank EVO credit card.'], 'verdict': 1}, {'statement': 'Điện thoại Nokia 105 4G được giảm 1% tối đa 100.000₫ khi thanh toán qua Zalopay.', 'reason': ['The ground truth states a 1% discount up to 100,000 VND when paying via Zalopay.'], 'verdict': 1}]",1.0,1.0,1.0,11.54,2025-08-22 09:16:10
248,Bộ nhớ trong của điện thoại vsmart star 5 là bao nhiêu?,Bộ nhớ trong của điện thoại Vsmart Star 5 là 32 GB.,Bộ nhớ trong của điện thoại Vsmart Star 5 là 32 GB.,"[{'statement': 'Bộ nhớ trong của điện thoại Vsmart Star 5 là 32 GB.', 'reason': ['The ground truth states that the internal memory of the Vsmart Star 5 phone is 32 GB.'], 'verdict': 1}]","[{'statement': 'Bộ nhớ trong của điện thoại Vsmart Star 5 là 32 GB.', 'reason': ['The ground truth explicitly states that the internal memory of the Vsmart Star 5 phone is 32 GB.'], 'verdict': 1}]",1.0,1.0,1.0,23.05,2025-08-21 16:30:26
245,Điện thoại di động Philips Xenium E527 4G có giá bao nhiêu?,"Giá của điện thoại di động Philips Xenium E527 4G là 850,000 ₫.","Điện thoại di động Philips Xenium E527 4G có giá 850,000 ₫.","[{'statement': 'Điện thoại di động Philips Xenium E527 4G có giá 850,000 ₫.', 'reason': ['The ground truth states that the price of the Philips Xenium E527 4G mobile phone is 850,000 ₫.'], 'verdict': 1}]","[{'statement': 'Giá của điện thoại di động Philips Xenium E527 4G là 850,000 ₫.', 'reason': ['The ground truth states that the Philips Xenium E527 4G mobile phone costs 850,000 ₫.'], 'verdict': 1}]",1.0,1.0,1.0,8.91,2025-08-21 17:23:25
249,Hệ điều hành của điện thoại realme c25 là gì?,Hệ điều hành của điện thoại realme c25 là Android 11,Android 11,"[{'statement': 'Điện thoại realme c25 có hệ điều hành Android 11.', 'reason': ['Ground Truth xác nhận rằng hệ điều hành của điện thoại realme c25 là Android 11.'], 'verdict': 1}]","[{'statement': 'Hệ điều hành của điện thoại realme c25 là Android 11', 'reason': ['The ground truth confirms that the operating system of Realme C25 is Android 11.'], 'verdict': 1}]",1.0,1.0,1.0,6.24,2025-08-21 21:26:17
252,Điện thoại xiaomi redmi note 10 sử dụng vi xử lý nào?,Điện thoại Xiaomi Redmi Note 10 sử dụng vi xử lý Snapdragon 678 8 nhân.,Vi xử lý Snapdragon 678 8 nhân.,"[{'statement': 'Điện thoại xiaomi redmi note 10 sử dụng vi xử lý Snapdragon 678 8 nhân.', 'reason': ['The ground truth confirms that the Xiaomi Redmi Note 10 phone uses the Snapdragon 678 8-core processor.'], 'verdict': 1}]","[{'statement': 'Điện thoại Xiaomi Redmi Note 10 sử dụng vi xử lý Snapdragon 678 8 nhân.', 'reason': ['The ground truth confirms that the Xiaomi Redmi Note 10 uses the Snapdragon 678 8-core processor.'], 'verdict': 1}]",1.0,1.0,1.0,8.0,2025-08-22 05:45:07
253,Điện thoại Samsung Galaxy S20 FE 256GB sử dụng hệ điều hành gì?,Điện thoại Samsung Galaxy S20 FE 256GB sử dụng hệ điều hành Android 11.,Hệ điều hành Android 11.,"[{'statement': 'Điện thoại Samsung Galaxy S20 FE 256GB sử dụng hệ điều hành Android 11.', 'reason': ['The ground truth confirms that the Samsung Galaxy S20 FE 256GB phone uses the Android 11 operating system.'], 'verdict': 1}]","[{'statement': 'Điện thoại Samsung Galaxy S20 FE 256GB sử dụng hệ điều hành Android 11.', 'reason': ['The ground truth states that the operating system is Android 11.'], 'verdict': 1}]",1.0,1.0,1.0,19.87,2025-08-21 16:31:21
250,Điện thoại Samsung Galaxy A02s có bao nhiêu RAM?,Điện thoại Samsung Galaxy A02s có RAM 4GB.,Điện thoại Samsung Galaxy A02s có 4GB RAM.,"[{'statement': 'Điện thoại Samsung Galaxy A02s có 4GB RAM.', 'reason': ['The ground truth confirms that the Samsung Galaxy A02s phone has 4GB of RAM.'], 'verdict': 1}]","[{'statement': 'Điện thoại Samsung Galaxy A02s có RAM 4GB.', 'reason': ['The ground truth confirms that the Samsung Galaxy A02s phone has 4GB of RAM.'], 'verdict': 1}]",1.0,1.0,1.0,9.71,2025-08-21 18:24:05
254,Dung lượng pin của oppo a54 là bao nhiêu?,5000 mAh,Dung lượng pin của Oppo A54 là 5000 mAh.,"[{'statement': 'Dung lượng pin của Oppo A54 là 5000 mAh.', 'reason': ['The ground truth states the battery capacity is 5000 mAh.'], 'verdict': 1}]","[{'statement': 'Dung lượng pin của OPPO A54 là 5000 mAh.', 'reason': ['The ground truth states that the battery capacity of Oppo A54 is 5000 mAh.'], 'verdict': 1}]",1.0,1.0,1.0,9.02,2025-08-21 16:31:28
257,Điện thoại realme c20 có kích thước màn hình bao nhiêu inch?,Kích thước màn hình điện thoại realme c20 là 6.5 inch.,Kích thước màn hình của điện thoại realme c20 là 6.5 inch.,"[{'statement': 'Kích thước màn hình của điện thoại realme c20 là 6.5 inch.', 'reason': ['Ground truth states the screen size of Realme C20 is 6.5 inch.'], 'verdict': 1}]","[{'statement': 'Điện thoại realme c20 có kích thước màn hình 6.5 inch.', 'reason': ['The ground truth states that the screen size of the realme c20 phone is 6.5 inches.'], 'verdict': 1}]",1.0,1.0,1.0,8.83,2025-08-21 16:31:37
251,Camera chính của điện thoại samsung galaxy a10s có độ phân giải bao nhiêu?,Camera chính của điện thoại Samsung Galaxy A10s có độ phân giải 13 MP.,Camera chính có độ phân giải 13 megapixel.,"[{'statement': 'Camera chính của điện thoại samsung galaxy a10s có độ phân giải 13 megapixel.', 'reason': ['The ground truth confirms that the main camera of the Samsung Galaxy A10s phone has a resolution of 13 MP.'], 'verdict': 1}]","[{'statement': 'Camera chính của điện thoại Samsung Galaxy A10s có độ phân giải 13 MP.', 'reason': ['The ground truth states that the main camera has a resolution of 13 megapixels.'], 'verdict': 1}]",1.0,1.0,1.0,6.14,2025-08-22 06:24:19
255,Dung lượng pin của điện thoại nokia c20 là bao nhiêu?,Điện thoại Nokia C20 có dung lượng pin 2950 mAh.,Dung lượng pin của điện thoại Nokia C20 là 2950 mAh.,"[{'statement': 'Dung lượng pin của điện thoại Nokia C20 là 2950 mAh.', 'reason': ['The ground truth states that the Nokia C20 phone has a battery capacity of 2950 mAh.'], 'verdict': 1}]","[{'statement': 'Điện thoại Nokia C20 có dung lượng pin 2950 mAh.', 'reason': ['The ground truth states that the Nokia C20 phone has a battery capacity of 2950 mAh.'], 'verdict': 1}]",1.0,1.0,1.0,23.17,2025-08-22 07:28:16
260,Dung lượng pin của điện thoại realme c15 là bao nhiêu?,Dung lượng pin của điện thoại realme c15 là 6000 mAh.,Dung lượng pin của điện thoại realme c15 là 6000 mAh.,"[{'statement': 'Dung lượng pin của điện thoại realme c15 là 6000 mAh.', 'reason': ['The ground truth confirms that the battery capacity of the realme c15 phone is 6000 mAh.'], 'verdict': 1}]","[{'statement': 'Dung lượng pin của điện thoại realme c15 là 6000 mAh.', 'reason': ['The ground truth confirms that the battery capacity of realme c15 is 6000 mAh.'], 'verdict': 1}]",1.0,1.0,1.0,5.77,2025-08-21 16:32:24
256,Điện thoại xiaomi redmi 9t có dung lượng lưu trữ như thế nào?,Điện thoại Xiaomi Redmi 9T có dung lượng lưu trữ trong là 64 GB.,"Điện thoại Xiaomi Redmi 9T có bộ nhớ trong 64 GB trong phiên bản 4 GB/64 GB, hoặc 128 GB trong phiên bản 6 GB/128 GB.","[{'statement': 'Điện thoại Xiaomi Redmi 9T có bộ nhớ trong 64 GB trong phiên bản 4 GB/64 GB.', 'reason': ['The ground truth states that the Xiaomi Redmi 9T has a storage capacity of 64 GB.', 'The statement aligns with this information.'], 'verdict': 1}, {'statement': 'Điện thoại Xiaomi Redmi 9T có bộ nhớ trong 128 GB trong phiên bản 6 GB/128 GB.', 'reason': ['The ground truth only mentions that the Xiaomi Redmi 9T has a storage capacity of 64 GB.', 'It does not mention a 128 GB version.'], 'verdict': 0}]","[{'statement': 'Điện thoại Xiaomi Redmi 9T có dung lượng lưu trữ trong là 64 GB.', 'reason': ['The ground truth states that the Xiaomi Redmi 9T has 64 GB of internal storage in the 4 GB/64 GB version. Therefore, the statement is supported by the ground truth.'], 'verdict': 1}]",0.5,1.0,0.67,15.76,2025-08-21 17:24:29
258,Màu sắc nào có sẵn cho điện thoại nokia 215 4g?,"Điện thoại Nokia 215 4G có sẵn màu Đen, Cyan.","Màu sắc: Black, Cyan","[{'statement': 'Điện thoại Nokia 215 4G có màu đen.', 'reason': ['The ground truth states that the Nokia 215 4G phone is available in Black.'], 'verdict': 1}, {'statement': 'Điện thoại Nokia 215 4G có màu xanh lam.', 'reason': ['The ground truth states that the Nokia 215 4G phone is available in Cyan, which is a shade of blue.'], 'verdict': 1}]","[{'statement': 'Điện thoại Nokia 215 4G có sẵn màu Đen.', 'reason': ['The ground truth indicates that the phone is available in Black.'], 'verdict': 1}, {'statement': 'Điện thoại Nokia 215 4G có sẵn màu Cyan.', 'reason': ['The ground truth indicates that the phone is available in Cyan.'], 'verdict': 1}]",1.0,1.0,1.0,4.82,2025-08-21 17:24:26
259,Điện thoại nokia 6300 4g hỗ trợ mạng di động nào?,Điện thoại Nokia 6300 4G hỗ trợ mạng di động 4G.,Điện thoại nokia 6300 4g hỗ trợ mạng di động 4G.,"[{'statement': 'Điện thoại nokia 6300 4g hỗ trợ mạng di động 4G.', 'reason': ['The ground truth explicitly states that the Nokia 6300 4G phone supports the 4G mobile network.'], 'verdict': 1}]","[{'statement': 'Điện thoại Nokia 6300 4G hỗ trợ mạng di động 4G.', 'reason': ['The ground truth states that điện thoại nokia 6300 4g hỗ trợ mạng di động 4G.'], 'verdict': 1}]",1.0,1.0,1.0,10.93,2025-08-22 07:28:04
262,Oppo A93 có bộ nhớ trong bao nhiêu?,Oppo A93 có bộ nhớ trong 128 GB.,Bộ nhớ trong của Oppo A93 là 128 GB.,"[{'statement': 'Bộ nhớ trong của Oppo A93 là 128 GB.', 'reason': ['The ground truth states that Oppo A93 has 128 GB internal memory.'], 'verdict': 1}]","[{'statement': 'Oppo A93 có bộ nhớ trong 128 GB.', 'reason': ['The ground truth states that the internal memory of Oppo A93 is 128 GB.'], 'verdict': 1}]",1.0,1.0,1.0,8.45,2025-08-21 21:27:20
263,Kích thước màn hình của nokia 8000 4g chính hãng là bao nhiêu?,Kích thước màn hình của Nokia 8000 4G chính hãng là 2.8 inch.,Kích thước màn hình của nokia 8000 4g chính hãng là 2.8 inch.,"[{'statement': 'Kích thước màn hình của nokia 8000 4g chính hãng là 2.8 inch.', 'reason': ['The ground truth confirms that the screen size of the Nokia 8000 4G is 2.8 inches.'], 'verdict': 1}]","[{'statement': 'Kích thước màn hình của Nokia 8000 4G chính hãng là 2.8 inch.', 'reason': ['The ground truth confirms that the screen size of the Nokia 8000 4G is 2.8 inches.'], 'verdict': 1}]",1.0,1.0,1.0,16.31,2025-08-21 18:25:09
265,Điện thoại Xiaomi Mi 11 có kích thước màn hình bao nhiêu inch?,Xiaomi Mi 11 có kích thước màn hình 6.81 inch.,"Kích thước màn hình của điện thoại Xiaomi Mi 11 là 6,81 inch.","[{'statement': 'Kích thước màn hình của điện thoại Xiaomi Mi 11 là 6,81 inch.', 'reason': ['The ground truth states that Xiaomi Mi 11 has a screen size of 6.81 inches.'], 'verdict': 1}]","[{'statement': 'Xiaomi Mi 11 có kích thước màn hình 6.81 inch.', 'reason': ['The ground truth confirms that the Xiaomi Mi 11 has a screen size of 6.81 inches.'], 'verdict': 1}]",1.0,1.0,1.0,7.83,2025-08-21 16:33:20
264,Điện thoại Xiaomi Mi 10T Pro 5G sử dụng vi xử lý nào?,Điện thoại Xiaomi Mi 10T Pro 5G sử dụng vi xử lý Snapdragon 865 8 nhân.,Xiaomi Mi 10T Pro 5G được trang bị vi xử lý Snapdragon 865 8 nhân.,"[{'statement': 'Xiaomi Mi 10T Pro 5G được trang bị vi xử lý Snapdragon 865 8 nhân.', 'reason': ['The ground truth confirms that Xiaomi Mi 10T Pro 5G is equipped with Snapdragon 865 8-core processor.'], 'verdict': 1}]","[{'statement': 'Điện thoại Xiaomi Mi 10T Pro 5G sử dụng vi xử lý Snapdragon 865 8 nhân.', 'reason': ['The ground truth states that Xiaomi Mi 10T Pro 5G is equipped with Snapdragon 865 8-core processor.'], 'verdict': 1}]",1.0,1.0,1.0,15.99,2025-08-21 16:33:25
261,Dung lượng RAM của điện thoại xiaomi poco x3 là bao nhiêu?,Dung lượng RAM của điện thoại Xiaomi Poco X3 là 6GB.,Dung lượng RAM của điện thoại Xiaomi Poco X3 là 6GB.,"[{'statement': 'Dung lượng RAM của điện thoại Xiaomi Poco X3 là 6GB.', 'reason': ['Ground Truth directly states the RAM of Xiaomi Poco X3 is 6GB.'], 'verdict': 1}]","[{'statement': 'Dung lượng RAM của điện thoại Xiaomi Poco X3 là 6GB.', 'reason': ['The ground truth confirms that the RAM of Xiaomi Poco X3 is 6GB.'], 'verdict': 1}]",1.0,1.0,1.0,8.95,2025-08-21 17:25:26
269,Vsmart Aris có hệ điều hành nào?,Vsmart Aris sử dụng hệ điều hành Android 10.,Vsmart Aris chạy hệ điều hành Android 10.,"[{'statement': 'Vsmart Aris chạy hệ điều hành Android 10.', 'reason': ['The ground truth confirms that Vsmart Aris uses Android 10.'], 'verdict': 1}]","[{'statement': 'Vsmart Aris sử dụng hệ điều hành Android 10.', 'reason': ['The ground truth says ""Vsmart Aris chạy hệ điều hành Android 10"" which means Vsmart Aris runs Android 10 operating system.', 'Thus the statement is correct'], 'verdict': 1}]",1.0,1.0,1.0,6.04,2025-08-21 17:25:33
270,Kích thước màn hình của điện thoại nokia 2.4 là bao nhiêu?,6.5 inch,"Kích thước màn hình của điện thoại Nokia 2.4 là 6,5 inch.","[{'statement': 'Kích thước màn hình của điện thoại Nokia 2.4 là 6,5 inch.', 'reason': ['The ground truth confirms the screen size of the Nokia 2.4 phone is 6.5 inches.'], 'verdict': 1}]","[{'statement': 'Màn hình của điện thoại Nokia 2.4 có kích thước 6.5 inch.', 'reason': ['The ground truth confirms that the screen size of the Nokia 2.4 phone is 6.5 inches.'], 'verdict': 1}]",1.0,1.0,1.0,6.18,2025-08-21 16:34:29
266,Kích thước màn hình của nokia 3.4 là bao nhiêu?,Kích thước màn hình của nokia 3.4 là 6.39 inch.,Kích thước màn hình của Nokia 3.4 là 6.39 inch.,"[{'statement': 'Kích thước màn hình của Nokia 3.4 là 6.39 inch.', 'reason': ['The ground truth states that the screen size of Nokia 3.4 is 6.39 inch.'], 'verdict': 1}]","[{'statement': 'Kích thước màn hình của nokia 3.4 là 6.39 inch.', 'reason': ['The ground truth states that the screen size of Nokia 3.4 is 6.39 inch.'], 'verdict': 1}]",1.0,1.0,1.0,21.16,2025-08-22 05:46:13
267,Bộ nhớ trong của điện thoại nokia 5.4 là bao nhiêu?,Bộ nhớ trong của điện thoại Nokia 5.4 là 128 GB,Bộ nhớ trong của điện thoại Nokia 5.4 là 128 GB.,"[{'statement': 'Bộ nhớ trong của điện thoại Nokia 5.4 là 128 GB.', 'reason': ['The ground truth states that the internal memory of the Nokia 5.4 phone is 128 GB.'], 'verdict': 1}]","[{'statement': 'Bộ nhớ trong của điện thoại Nokia 5.4 là 128 GB.', 'reason': ['The ground truth states that the internal memory of the Nokia 5.4 phone is 128 GB.'], 'verdict': 1}]",1.0,1.0,1.0,20.21,2025-08-22 07:28:15
268,Điện thoại realme 7i sử dụng vi xử lý nào?,Realme 7i sử dụng vi xử lý Snapdragon 662 8 nhân.,"Realme 7i được trang bị vi xử lý Snapdragon 662, 8 nhân.","[{'statement': 'Realme 7i được trang bị vi xử lý Snapdragon 662.', 'reason': ['The ground truth confirms that Realme 7i uses Snapdragon 662 processor.'], 'verdict': 1}, {'statement': 'Vi xử lý Snapdragon 662 của Realme 7i có 8 nhân.', 'reason': ['The ground truth confirms that the Snapdragon 662 processor of Realme 7i has 8 cores.'], 'verdict': 1}]","[{'statement': 'Realme 7i sử dụng vi xử lý Snapdragon 662 8 nhân.', 'reason': ['The ground truth confirms that Realme 7i is equipped with Snapdragon 662, 8 cores.'], 'verdict': 1}]",1.0,1.0,1.0,6.42,2025-08-22 05:46:07
273,Điện thoại BlackBerry KEY 2 có bộ nhớ trong bao nhiêu?,Điện thoại BlackBerry KEY 2 có bộ nhớ trong 64 GB.,Bộ nhớ trong của điện thoại BlackBerry KEY 2 là 64 GB.,"[{'statement': 'Bộ nhớ trong của điện thoại BlackBerry KEY 2 là 64 GB.', 'reason': ['Ground truth explicitly states that BlackBerry KEY 2 has an internal storage of 64 GB.'], 'verdict': 1}]","[{'statement': 'Điện thoại BlackBerry KEY 2 có bộ nhớ trong 64 GB.', 'reason': ['The ground truth says that the internal memory of the BlackBerry KEY 2 phone is 64 GB.'], 'verdict': 1}]",1.0,1.0,1.0,5.03,2025-08-21 16:34:40
272,Dung lượng bộ nhớ trong của apple iphone 12 pro max là bao nhiêu?,256 GB,Dung lượng bộ nhớ trong của Apple iPhone 12 Pro Max là 256 GB.,"[{'statement': 'Dung lượng bộ nhớ trong của Apple iPhone 12 Pro Max là 256 GB.', 'reason': ['The ground truth confirms that the Apple iPhone 12 Pro Max has a 256 GB internal storage.'], 'verdict': 1}]","[{'statement': 'Dung lượng bộ nhớ trong của Apple iPhone 12 Pro Max là 256 GB.', 'reason': ['The ground truth states that the internal memory of the Apple iPhone 12 Pro Max is 256 GB.'], 'verdict': 1}]",1.0,1.0,1.0,9.4,2025-08-21 17:26:26
271,Bộ nhớ trong của điện thoại iPhone 12 (128gb) là bao nhiêu?,Bộ nhớ trong của điện thoại iPhone 12 (128gb) là 128 GB.,Bộ nhớ trong của điện thoại iPhone 12 (128gb) là 128 GB.,"[{'statement': 'Bộ nhớ trong của điện thoại iPhone 12 (128gb) là 128 GB.', 'reason': ['The ground truth states that the iPhone 12 (128gb) has 128 GB of internal storage.'], 'verdict': 1}]","[{'statement': 'Bộ nhớ trong của điện thoại iPhone 12 (128gb) là 128 GB.', 'reason': ['The ground truth explicitly states that the iPhone 12 (128gb) has 128 GB of internal storage.'], 'verdict': 1}]",1.0,1.0,1.0,10.89,2025-08-22 06:37:20
274,Máy ảnh của điện thoại iPhone 12 (64GB) có độ phân giải bao nhiêu?,Máy ảnh của điện thoại iPhone 12 (64GB) có độ phân giải 12 MP cho cả hai camera.,"Máy ảnh của iPhone 12 (64GB) có 2 camera, mỗi camera 12 MP.","[{'statement': 'Máy ảnh của iPhone 12 (64GB) có 2 camera.', 'reason': ['The ground truth specifies the resolution of the cameras but does not explicitly state that there are two cameras.'], 'verdict': 0}, {'statement': 'Mỗi camera của iPhone 12 (64GB) có độ phân giải 12 MP.', 'reason': ['The ground truth states that both cameras have a resolution of 12 MP.'], 'verdict': 1}]","[{'statement': 'Máy ảnh của điện thoại iPhone 12 (64GB) có độ phân giải 12 MP cho cả hai camera.', 'reason': ['The ground truth confirms that the iPhone 12 (64GB) has two cameras, each with 12 MP.'], 'verdict': 1}]",0.5,1.0,0.67,15.68,2025-08-21 17:26:43
275,Điện thoại BlackBerry Key 2 LE có kích thước màn hình bao nhiêu inch?,Điện thoại BlackBerry Key 2 LE có kích thước màn hình 4.5 inch.,4.5 inch,"[{'statement': 'Điện thoại BlackBerry Key 2 LE có kích thước màn hình 4.5 inch.', 'reason': ['The ground truth states that the BlackBerry Key 2 LE phone has a screen size of 4.5 inches.'], 'verdict': 1}]","[{'statement': 'Điện thoại BlackBerry Key 2 LE có kích thước màn hình 4.5 inch.', 'reason': ['The ground truth states the screen size is 4.5 inches.'], 'verdict': 1}]",1.0,1.0,1.0,23.97,2025-08-21 18:26:11
279,Bộ nhớ RAM của oppo a92 là bao nhiêu?,Bộ nhớ RAM của oppo a92 là 8GB.,Bộ nhớ RAM của Oppo A92 là 8GB.,"[{'statement': 'Bộ nhớ RAM của Oppo A92 là 8GB.', 'reason': ['The ground truth states that the RAM of Oppo A92 is 8GB.'], 'verdict': 1}]","[{'statement': 'Bộ nhớ RAM của oppo a92 là 8GB.', 'reason': ['The ground truth confirms that the RAM of oppo a92 is 8GB.'], 'verdict': 1}]",1.0,1.0,1.0,5.68,2025-08-22 09:16:04
278,Dung lượng pin của điện thoại honor 10 lite là bao nhiêu?,Dung lượng pin của điện thoại honor 10 lite là 3400 mAh.,Dung lượng pin của điện thoại Honor 10 Lite là 3400 mAh.,"[{'statement': 'Dung lượng pin của điện thoại Honor 10 Lite là 3400\tmAh.', 'reason': ['The ground truth states that the battery capacity of the Honor 10 Lite phone is 3400 mAh.'], 'verdict': 1}]","[{'statement': 'Dung lượng pin của điện thoại honor 10 lite là 3400 mAh.', 'reason': ['The ground truth confirms that the battery capacity of Honor 10 Lite is 3400 mAh.'], 'verdict': 1}]",1.0,1.0,1.0,4.87,2025-08-22 05:47:04
277,Màu sắc của điện thoại vsmart joy 3 4gb/64gb là gì?,Màu sắc điện thoại Vsmart Joy 3 4GB/64GB là White Pearl.,Màu sắc của điện thoại vsmart joy 3 4GB/64GB là white pearl.,"[{'statement': 'Màu sắc của điện thoại vsmart joy 3 4GB/64GB là white pearl.', 'reason': ['The ground truth states that the color of the Vsmart Joy 3 4GB/64GB phone is White Pearl.'], 'verdict': 1}]","[{'statement': 'Màu sắc điện thoại Vsmart Joy 3 4GB/64GB là White Pearl.', 'reason': ['The ground truth confirms that the color of Vsmart Joy 3 4GB/64GB is white pearl, which is the English translation of White Pearl.'], 'verdict': 1}]",1.0,1.0,1.0,4.5,2025-08-21 17:27:28
276,Dung lượng pin của điện thoại xiaomi mi 10t pro 5g là bao nhiêu?,Dung lượng pin của điện thoại Xiaomi Mi 10T Pro 5G là 5000 mAh.,5000 mAh,"[{'statement': 'Dung lượng pin của điện thoại Xiaomi Mi 10T Pro 5G là 5000 mAh.', 'reason': ['The ground truth confirms that the battery capacity of the Xiaomi Mi 10T Pro 5G phone is 5000 mAh.'], 'verdict': 1}]","[{'statement': 'Dung lượng pin của điện thoại Xiaomi Mi 10T Pro 5G là 5000 mAh.', 'reason': ['The ground truth confirms that the battery capacity of Xiaomi Mi 10T Pro 5G is 5000 mAh.'], 'verdict': 1}]",1.0,1.0,1.0,10.07,2025-08-21 21:28:17
281,Dung lượng pin của điện thoại masstel fami p20 là bao nhiêu?,Dung lượng pin của điện thoại Masstel Fami P20 là 1400 mAh.,Dung lượng pin của điện thoại masstel fami p20 là 1400 mAh.,"[{'statement': 'Dung lượng pin của điện thoại masstel fami p20 là 1400 mAh.', 'reason': ['The ground truth confirms that the battery capacity of the Masstel Fami P20 phone is 1400 mAh.'], 'verdict': 1}]","[{'statement': 'Dung lượng pin của điện thoại Masstel Fami P20 là 1400 mAh.', 'reason': ['The ground truth confirms that the battery capacity of the Masstel Fami P20 phone is 1400 mAh.'], 'verdict': 1}]",1.0,1.0,1.0,16.4,2025-08-21 16:36:29
282,Màn hình của điện thoại nokia 8.3 5g là loại nào?,Màn hình của điện thoại Nokia 8.3 5G là loại LCD.,Màn hình là loại LCD.,"[{'statement': 'Màn hình của điện thoại nokia 8.3 5g là loại LCD.', 'reason': ['The ground truth states that the screen of the Nokia 8.3 5G phone is LCD.'], 'verdict': 1}]","[{'statement': 'Màn hình của điện thoại Nokia 8.3 5G là loại LCD.', 'reason': ['The ground truth confirms that the screen is LCD.'], 'verdict': 1}]",1.0,1.0,1.0,10.38,2025-08-21 16:36:29
280,Điện thoại oppo reno4 pro có màn hình kích thước bao nhiêu inch?,Điện thoại Oppo Reno4 Pro có màn hình kích thước 6.5 inch.,6.5 inch,"[{'statement': 'Điện thoại oppo reno4 pro có màn hình kích thước 6.5 inch.', 'reason': ['The ground truth confirms that the Oppo Reno4 Pro phone has a screen size of 6.5 inches.'], 'verdict': 1}]","[{'statement': 'Điện thoại Oppo Reno4 Pro có màn hình kích thước 6.5 inch.', 'reason': ['The ground truth states the size is 6.5 inch.'], 'verdict': 1}]",1.0,1.0,1.0,8.48,2025-08-22 06:25:18
284,Điện thoại Samsung Galaxy Z Fold2 5G có kích thước màn hình chính là bao nhiêu?,Điện thoại Samsung Galaxy Z Fold2 5G có kích thước màn hình chính là 7.59 inch.,Kích thước màn hình chính là 7.59 inch.,"[{'statement': 'Kích thước màn hình chính của điện thoại Samsung Galaxy Z Fold2 5G là 7.59 inch.', 'reason': ['The ground truth states that the main screen size of the Samsung Galaxy Z Fold2 5G phone is 7.59 inches.'], 'verdict': 1}]","[{'statement': 'Điện thoại Samsung Galaxy Z Fold2 5G có kích thước màn hình chính là 7.59 inch.', 'reason': ['The ground truth states that the main screen size is 7.59 inches, which supports the statement.'], 'verdict': 1}]",1.0,1.0,1.0,23.13,2025-08-22 08:54:17
283,Điện thoại Poco F2 Pro có dung lượng RAM là bao nhiêu?,Điện thoại Poco F2 Pro có dung lượng RAM là 8GB.,Phiên bản 8GB/256GB của Poco F2 Pro có RAM 8GB; phiên bản 6GB/128GB có RAM 6GB.,"[{'statement': 'Phiên bản 8GB/256GB của Poco F2 Pro có RAM 8GB.', 'reason': ['The ground truth states that Poco F2 Pro has 8GB of RAM. Therefore, a version with 8GB of RAM is supported.'], 'verdict': 1}, {'statement': 'Phiên bản 6GB/128GB của Poco F2 Pro có RAM 6GB.', 'reason': ['The ground truth states that Poco F2 Pro has 8GB of RAM, so a version with 6GB of RAM is not supported by the provided ground truth.'], 'verdict': 0}]","[{'statement': 'Điện thoại Poco F2 Pro có dung lượng RAM là 8GB.', 'reason': ['The ground truth mentions that the 8GB/256GB version of Poco F2 Pro has 8GB of RAM.'], 'verdict': 1}]",0.5,1.0,0.67,9.61,2025-08-21 21:29:19
286,Điện thoại Energizer E241S có kích thước màn hình bao nhiêu inch?,Điện thoại Energizer E241S có kích thước màn hình 2.4 inch.,Kích thước màn hình của điện thoại Energizer E241S là 2.4 inch.,"[{'statement': 'Kích thước màn hình của điện thoại Energizer E241S là 2.4 inch.', 'reason': ['The ground truth confirms that the screen size of the Energizer E241S phone is 2.4 inches.'], 'verdict': 1}]","[{'statement': 'Điện thoại Energizer E241S có kích thước màn hình 2.4 inch.', 'reason': ['The ground truth states that the screen size of the Energizer E241S phone is 2.4 inches.'], 'verdict': 1}]",1.0,1.0,1.0,26.05,2025-08-21 16:37:20
285,Điện thoại poco f2 pro sử dụng bộ vi xử lý nào?,Điện thoại Poco F2 Pro sử dụng bộ vi xử lý Qualcomm SM8250 Snapdragon 865 (7 nm+).,Bộ vi xử lý của điện thoại Poco F2 Pro là Qualcomm SM8250 Snapdragon 865 (đơn vị làm việc trên công nghệ 7 nm+).,"[{'statement': 'Điện thoại Poco F2 Pro sử dụng bộ vi xử lý Qualcomm SM8250 Snapdragon 865.', 'reason': ['The ground truth explicitly states that the Poco F2 Pro uses the Qualcomm SM8250 Snapdragon 865 processor.'], 'verdict': 1}, {'statement': 'Qualcomm SM8250 Snapdragon 865 được làm trên công nghệ 7 nm+.', 'reason': ['The ground truth mentions ""Qualcomm SM8250 Snapdragon 865 (7 nm+)"", indicating it is made on 7 nm+ technology.'], 'verdict': 1}]","[{'statement': 'Điện thoại Poco F2 Pro sử dụng bộ vi xử lý Qualcomm SM8250 Snapdragon 865 (7 nm+).', 'reason': ['The ground truth confirms that the Poco F2 Pro uses the Qualcomm SM8250 Snapdragon 865 (7 nm+) processor.'], 'verdict': 1}]",1.0,1.0,1.0,9.87,2025-08-21 17:28:22
288,Oppo A12 có dung lượng pin là bao nhiêu?,Oppo A12 có dung lượng pin là 4230 mAh.,Dung lượng pin của Oppo A12 là 4230 mAh.,"[{'statement': 'Dung lượng pin của Oppo A12 là 4230 mAh.', 'reason': ['The ground truth confirms that Oppo A12 có dung lượng pin là 4230 mAh.'], 'verdict': 1}]","[{'statement': 'Oppo A12 có dung lượng pin là 4230 mAh.', 'reason': ['The ground truth confirms that the battery capacity of Oppo A12 is 4230 mAh.'], 'verdict': 1}]",1.0,1.0,1.0,9.91,2025-08-21 16:37:28
287,Oppo Reno4 có kích thước màn hình bao nhiêu?,Oppo Reno4 có kích thước màn hình 6.4 inch.,Oppo Reno4 kích thước màn hình 6.4 inch.,"[{'statement': 'Oppo Reno4 có kích thước màn hình 6.4 inch.', 'reason': ['The ground truth confirms that Oppo Reno4 có kích thước màn hình 6.4 inch.'], 'verdict': 1}]","[{'statement': 'Oppo Reno4 có kích thước màn hình 6.4 inch.', 'reason': ['The ground truth confirms that Oppo Reno4 has a screen size of 6.4 inches.'], 'verdict': 1}]",1.0,1.0,1.0,11.73,2025-08-21 16:37:29
289,Điện thoại Nokia 230 có hỗ trợ mạng di động nào?,Điện thoại Nokia 230 hỗ trợ mạng di động 2G.,"Nokia 230 hỗ trợ mạng 2G, không kết nối internet.","[{'statement': 'Nokia 230 hỗ trợ mạng 2G.', 'reason': ['The ground truth confirms that Nokia 230 supports 2G network.'], 'verdict': 1}, {'statement': 'Nokia 230 không kết nối internet.', 'reason': ['The ground truth does not provide information about internet connectivity.'], 'verdict': 0}]","[{'statement': 'Điện thoại Nokia 230 hỗ trợ mạng di động 2G.', 'reason': ['The ground truth states that Nokia 230 supports 2G network.'], 'verdict': 1}]",0.5,1.0,0.67,10.8,2025-08-21 17:28:28
292,Kích thước màn hình của điện thoại nokia 5310 là bao nhiêu?,2.4 inch.,Kích thước màn hình của điện thoại Nokia 5310 là 2.4 inch.,"[{'statement': 'Kích thước màn hình của điện thoại Nokia 5310 là 2.4 inch.', 'reason': ['The ground truth indicates that the screen size is 2.4 inch.'], 'verdict': 1}]","[{'statement': 'Màn hình của điện thoại Nokia 5310 có kích thước 2.4 inch.', 'reason': ['The ground truth states that the screen size of Nokia 5310 is 2.4 inches.'], 'verdict': 1}]",1.0,1.0,1.0,8.01,2025-08-21 21:29:22
291,Kích thước màn hình của điện thoại samsung galaxy s20 là bao nhiêu?,Kích thước màn hình của điện thoại samsung galaxy s20 là 6.2 inch.,Kích thước màn hình của điện thoại Samsung Galaxy S20 là 6.2 inch.,"[{'statement': 'Kích thước màn hình của điện thoại Samsung Galaxy S20 là 6.2 inch.', 'reason': ['The ground truth states that the screen size of the Samsung Galaxy S20 is 6.2 inches.'], 'verdict': 1}]","[{'statement': 'Kích thước màn hình của điện thoại samsung galaxy s20 là 6.2 inch.', 'reason': ['The ground truth states that the screen size of the Samsung Galaxy S20 is 6.2 inches.'], 'verdict': 1}]",1.0,1.0,1.0,6.36,2025-08-22 07:32:52
293,Oppo Find X2 hỗ trợ mạng di động nào?,Oppo Find X2 hỗ trợ mạng di động 5G.,Oppo Find X2 hỗ trợ mạng 5G.,"[{'statement': 'Oppo Find X2 hỗ trợ mạng 5G.', 'reason': ['The ground truth clearly states that the Oppo Find X2 supports 5G mobile network.'], 'verdict': 1}]","[{'statement': 'Oppo Find X2 hỗ trợ mạng di động 5G.', 'reason': ['The ground truth clearly states that Oppo Find X2 supports 5G network.'], 'verdict': 1}]",1.0,1.0,1.0,13.64,2025-08-21 16:38:29
294,Nokia 150 (2020) có dung lượng pin bao nhiêu?,Nokia 150 (2020) có dung lượng pin là 1020 mAh.,Dung lượng pin của Nokia 150 (2020) là 1 020 mAh.,"[{'statement': 'Dung lượng pin của Nokia 150 (2020) là 1\x0c020\x0cmAh.', 'reason': ['The ground truth states that the Nokia 150 (2020) has a battery capacity of 1020 mAh, which matches the statement.'], 'verdict': 1}]","[{'statement': 'Nokia 150 (2020) có dung lượng pin là 1020 mAh.', 'reason': ['The ground truth confirms that the battery capacity of Nokia 150 (2020) is 1020 mAh.'], 'verdict': 1}]",1.0,1.0,1.0,13.99,2025-08-21 16:38:32
290,Điện thoại Samsung Galaxy S20 Ultra có dung lượng pin là bao nhiêu?,Điện thoại Samsung Galaxy S20 Ultra có dung lượng pin 5000 mAh.,5000 mAh,"[{'statement': 'Điện thoại Samsung Galaxy S20 Ultra có dung lượng pin là 5000 mAh.', 'reason': ['The ground truth confirms that the Samsung Galaxy S20 Ultra phone has a battery capacity of 5000 mAh.'], 'verdict': 1}]","[{'statement': 'Điện thoại Samsung Galaxy S20 Ultra có dung lượng pin 5000 mAh.', 'reason': ['The ground truth states the battery capacity is 5000 mAh.'], 'verdict': 1}]",1.0,1.0,1.0,38.84,2025-08-21 18:28:30
295,Dung lượng RAM của oppo a53 là bao nhiêu?,Dung lượng RAM của Oppo A53 là 4GB.,RAM của Oppo A53 có dung lượng 4GB.,"[{'statement': 'RAM của Oppo A53 có dung lượng 4GB.', 'reason': ['Ground Truth states that RAM of Oppo A53 is 4GB.'], 'verdict': 1}]","[{'statement': 'Dung lượng RAM của Oppo A53 là 4GB.', 'reason': ['The ground truth states that the RAM of Oppo A53 has a capacity of 4GB, which directly supports the statement.'], 'verdict': 1}]",1.0,1.0,1.0,23.27,2025-08-21 18:28:14
297,Dung lượng RAM của điện thoại Samsung Galaxy Note 10 Lite là bao nhiêu?,Dung lượng RAM của điện thoại Samsung Galaxy Note 10 Lite là 8GB.,RAM của điện thoại Samsung Galaxy Note 10 Lite là 8 GB.,"[{'statement': 'RAM của điện thoại Samsung Galaxy Note 10 Lite là 8 GB.', 'reason': ['The ground truth confirms that the Samsung Galaxy Note 10 Lite has 8GB of RAM.'], 'verdict': 1}]","[{'statement': 'Dung lượng RAM của điện thoại Samsung Galaxy Note 10 Lite là 8GB.', 'reason': ['The ground truth confirms that the RAM of the Samsung Galaxy Note 10 Lite is 8GB.'], 'verdict': 1}]",1.0,1.0,1.0,22.74,2025-08-21 17:29:31
299,Bộ nhớ trong của điện thoại samsung galaxy a71 là bao nhiêu?,Bộ nhớ trong của điện thoại Samsung Galaxy A71 là 128 GB.,Bộ nhớ trong của điện thoại Samsung Galaxy A71 là 128 GB.,"[{'statement': 'Bộ nhớ trong của điện thoại Samsung Galaxy A71 là 128\nGB.', 'reason': ['The ground truth confirms that the internal memory of the Samsung Galaxy A71 phone is 128 GB.'], 'verdict': 1}]","[{'statement': 'Bộ nhớ trong của điện thoại Samsung Galaxy A71 là 128 GB.', 'reason': ['The ground truth confirms that the internal memory of the Samsung Galaxy A71 phone is 128 GB.'], 'verdict': 1}]",1.0,1.0,1.0,4.04,2025-08-21 16:39:16
296,Kích thước màn hình của điện thoại nokia c2 là bao nhiêu?,Kích thước màn hình của điện thoại Nokia C2 là 5.7 inch,Kích thước màn hình của điện thoại Nokia C2 là 5.7 inch.,"[{'statement': 'Kích thước màn hình của điện thoại Nokia C2 là 5.7 inch.', 'reason': ['Ground Truth xác nhận rằng kích thước màn hình của điện thoại Nokia C2 là 5.7 inch.'], 'verdict': 1}]","[{'statement': 'Kích thước màn hình của điện thoại Nokia C2 là 5.7 inch.', 'reason': ['Ground Truth xác nhận kích thước màn hình của điện thoại Nokia C2 là 5.7 inch.'], 'verdict': 1}]",1.0,1.0,1.0,18.42,2025-08-22 06:26:24
298,Dung lượng pin của điện thoại samsung galaxy a21s là bao nhiêu?,Dung lượng pin của điện thoại Samsung Galaxy A21s là 5000 mAh.,Dung lượng pin của điện thoại Samsung Galaxy A21S là 5000 mAh.,"[{'statement': 'Dung lượng pin của điện thoại Samsung Galaxy A21S là 5000 mAh.', 'reason': ['The ground truth states that the battery capacity of the Samsung Galaxy A21s is 5000 mAh.'], 'verdict': 1}]","[{'statement': 'Dung lượng pin của điện thoại Samsung Galaxy A21s là 5000 mAh.', 'reason': ['The ground truth states that the battery capacity of the Samsung Galaxy A21S is 5000 mAh.'], 'verdict': 1}]",1.0,1.0,1.0,8.56,2025-08-22 05:48:07
300,Dung lượng pin của điện thoại realme 6i là bao nhiêu?,Dung lượng pin của điện thoại realme 6i là 5000 mAh.,Dung lượng pin của điện thoại realme 6i là 5 000 mAh.,"[{'statement': 'Dung lượng pin của điện thoại realme 6i là 5\n202f000\n202fmAh.', 'reason': ['The ground truth confirms that the battery capacity of realme 6i is 5000 mAh.'], 'verdict': 1}]","[{'statement': 'Dung lượng pin của điện thoại realme 6i là 5000 mAh.', 'reason': ['The ground truth confirms that the battery capacity of the Realme 6i phone is 5000 mAh.'], 'verdict': 1}]",1.0,1.0,1.0,12.47,2025-08-22 05:48:21
303,Dung lượng pin của điện thoại realme c3 là bao nhiêu?,Dung lượng pin của điện thoại realme c3 là 5000 mAh.,Dung lượng pin của điện thoại realme c3 là 5000 mAh.,"[{'statement': 'Dung lượng pin của điện thoại realme c3 là 5000 mAh.', 'reason': ['The ground truth confirms that the battery capacity of realme c3 is 5000 mAh.'], 'verdict': 1}]","[{'statement': 'Dung lượng pin của điện thoại realme c3 là 5000 mAh.', 'reason': ['The ground truth states that the battery capacity of the realme c3 phone is 5000 mAh.'], 'verdict': 1}]",1.0,1.0,1.0,16.24,2025-08-21 21:30:14
302,Dung lượng pin của điện thoại samsung galaxy a31 là bao nhiêu?,Dung lượng pin của điện thoại Samsung Galaxy A31 là 5000 mAh.,Dung lượng pin của điện thoại Samsung Galaxy A31 là 5000 mAh.,"[{'statement': 'Dung lượng pin của điện thoại Samsung Galaxy A31 là 5000 mAh.', 'reason': ['The ground truth confirms that the battery capacity of the Samsung Galaxy A31 is 5000 mAh.'], 'verdict': 1}]","[{'statement': 'Dung lượng pin của điện thoại Samsung Galaxy A31 là 5000 mAh.', 'reason': ['The ground truth states that the battery capacity of the Samsung Galaxy A31 is 5000 mAh.'], 'verdict': 1}]",1.0,1.0,1.0,5.12,2025-08-21 17:30:23
305,Bộ nhớ trong của điện thoại realme 7 là bao nhiêu?,Bộ nhớ trong của điện thoại realme 7 là 128 GB.,Bộ nhớ trong của điện thoại realme 7 là 128 GB.,"[{'statement': 'Bộ nhớ trong của điện thoại realme 7 là 128\nGB.', 'reason': ['The ground truth states that the internal memory of the realme 7 phone is 128 GB.'], 'verdict': 1}]","[{'statement': 'Bộ nhớ trong của điện thoại realme 7 là 128 GB.', 'reason': ['The ground truth confirms that the internal memory of the realme 7 phone is 128 GB.'], 'verdict': 1}]",1.0,1.0,1.0,7.06,2025-08-21 16:40:30
301,Tai nghe Realme Buds Q có những lựa chọn màu sắc nào?,"Tai nghe Realme Buds Q có các lựa chọn màu sắc: đen, trắng.","Màu sắc: Đen, Trắng.","[{'statement': 'Tai nghe Realme Buds Q có màu đen.', 'reason': ['Ground Truth says that the Realme Buds Q are available in black.'], 'verdict': 1}, {'statement': 'Tai nghe Realme Buds Q có màu trắng.', 'reason': ['Ground Truth says that the Realme Buds Q are available in white.'], 'verdict': 1}]","[{'statement': 'Tai nghe Realme Buds Q có các lựa chọn màu sắc đen.', 'reason': ['The ground truth specifies that the available colors are Black and White.'], 'verdict': 1}, {'statement': 'Tai nghe Realme Buds Q có các lựa chọn màu sắc trắng.', 'reason': ['The ground truth specifies that the available colors are Black and White.'], 'verdict': 1}]",1.0,1.0,1.0,9.85,2025-08-21 18:29:06
304,Kích thước màn hình của điện thoại samsung galaxy a11 là bao nhiêu?,Kích thước màn hình của điện thoại Samsung Galaxy A11 là 6.4 inch.,Kích thước màn hình của điện thoại Samsung Galaxy A11 là 6.4 inch.,"[{'statement': 'Kích thước màn hình của điện thoại Samsung Galaxy A11 là 6.4 inch.', 'reason': ['The ground truth states that the screen size of the Samsung Galaxy A11 phone is 6.4 inches.'], 'verdict': 1}]","[{'statement': 'Kích thước màn hình của điện thoại Samsung Galaxy A11 là 6.4 inch.', 'reason': ['The ground truth confirms that the screen size of the Samsung Galaxy A11 phone is 6.4 inches.'], 'verdict': 1}]",1.0,1.0,1.0,6.61,2025-08-22 06:26:13
306,Kích thước màn hình của điện thoại Samsung Galaxy A51 là bao nhiêu?,Kích thước màn hình của điện thoại Samsung Galaxy A51 là 6.5 inch.,Kích thước màn hình của điện thoại Samsung Galaxy A51 là 6.5 inch.,"[{'statement': 'Kích thước màn hình của điện thoại Samsung Galaxy A51 là 6.5 inch.', 'reason': ['Ground truth confirms that the screen size of the Samsung Galaxy A51 phone is 6.5 inches.'], 'verdict': 1}]","[{'statement': 'Kích thước màn hình của điện thoại Samsung Galaxy A51 là 6.5 inch.', 'reason': ['Ground truth chính xác xác nhận rằng kích thước màn hình của điện thoại Samsung Galaxy A51 là 6.5 inch.'], 'verdict': 1}]",1.0,1.0,1.0,11.57,2025-08-22 06:38:27
308,Điện thoại Xiaomi Redmi Note 9 Pro có dung lượng pin bao nhiêu?,Điện thoại Xiaomi Redmi Note 9 Pro có dung lượng pin 5020 mAh.,5020 mAh,"[{'statement': 'Điện thoại Xiaomi Redmi Note 9 Pro có dung lượng pin 5020 mAh.', 'reason': ['The ground truth confirms that Xiaomi Redmi Note 9 Pro phone has a battery capacity of 5020 mAh.'], 'verdict': 1}]","[{'statement': 'Điện thoại Xiaomi Redmi Note 9 Pro có dung lượng pin 5020 mAh.', 'reason': ['The ground truth confirms that the Xiaomi Redmi Note 9 Pro has a battery capacity of 5020 mAh.'], 'verdict': 1}]",1.0,1.0,1.0,11.26,2025-08-22 06:38:27
307,Hệ điều hành nào điện thoại xiaomi redmi note 9s sử dụng?,Điện thoại Xiaomi Redmi Note 9S sử dụng hệ điều hành Android 10.,Điện thoại Xiaomi Redmi Note 9S sử dụng hệ điều hành Android 10.,"[{'statement': 'Điện thoại Xiaomi Redmi Note 9S sử dụng hệ điều hành Android 10.', 'reason': ['The ground truth states that the Xiaomi Redmi Note 9S phone uses the Android 10 operating system.'], 'verdict': 1}]","[{'statement': 'Điện thoại Xiaomi Redmi Note 9S sử dụng hệ điều hành Android 10.', 'reason': ['The ground truth confirms that the Xiaomi Redmi Note 9S phone uses the Android 10 operating system.'], 'verdict': 1}]",1.0,1.0,1.0,20.1,2025-08-21 17:31:25
310,Giá của điện thoại iPhone 11 (128GB) là bao nhiêu?,"Giá của điện thoại iPhone 11 (128GB) là 9,790,000 ₫.","Giá của điện thoại iPhone 11 (128GB) là 9,790,000 ₫.","[{'statement': 'Giá của điện thoại iPhone 11 (128GB) là 9,790,000\x0c₫.', 'reason': ['The ground truth confirms that the price of iPhone 11 (128GB) is 9,790,000₫.'], 'verdict': 1}]","[{'statement': 'Giá của điện thoại iPhone 11 (128GB) là 9,790,000 ₫.', 'reason': ['The ground truth confirms that the price of iPhone 11 (128GB) is 9,790,000 ₫.'], 'verdict': 1}]",1.0,1.0,1.0,7.06,2025-08-21 16:41:22
309,Điện thoại Realme 6 có dung lượng pin là bao nhiêu?,Điện thoại Realme 6 có dung lượng pin là 4300 mAh.,Pin của Realme 6 có dung lượng 4300 mAh.,"[{'statement': 'Pin của Realme 6 có dung lượng 4300 mAh.', 'reason': ['The ground truth states that the Realme 6 phone has a battery capacity of 4300 mAh.'], 'verdict': 1}]","[{'statement': 'Điện thoại Realme 6 có dung lượng pin là 4300 mAh.', 'reason': ['The ground truth says that the Realme 6 has a battery capacity of 4300 mAh.'], 'verdict': 1}]",1.0,1.0,1.0,5.79,2025-08-21 17:31:27
311,Điện thoại realme 6 pro có bao nhiêu dung lượng RAM?,Điện thoại realme 6 pro có dung lượng RAM 8GB.,Có 8GB dung lượng RAM.,"[{'statement': 'Điện thoại realme 6 pro có 8GB dung lượng RAM.', 'reason': ['The ground truth confirms that the realme 6 pro phone has 8GB of RAM.'], 'verdict': 1}]","[{'statement': 'Điện thoại realme 6 pro có dung lượng RAM 8GB.', 'reason': ['The ground truth confirms that the phone has 8GB of RAM.'], 'verdict': 1}]",1.0,1.0,1.0,15.07,2025-08-21 16:41:30
312,Điện thoại Xiaomi Redmi Note 9 sử dụng hệ điều hành nào?,Điện thoại Xiaomi Redmi Note 9 sử dụng hệ điều hành Android 10.,Điện thoại Xiaomi Redmi Note 9 chạy hệ điều hành Android 10.,"[{'statement': 'Điện thoại Xiaomi Redmi Note 9 chạy hệ điều hành Android 10.', 'reason': ['The ground truth confirms that the Xiaomi Redmi Note 9 phone uses the Android 10 operating system.'], 'verdict': 1}]","[{'statement': 'Điện thoại Xiaomi Redmi Note 9 sử dụng hệ điều hành Android 10.', 'reason': ['The ground truth confirms that the Xiaomi Redmi Note 9 phone runs on Android 10 operating system.'], 'verdict': 1}]",1.0,1.0,1.0,8.68,2025-08-22 07:32:59
316,Kích thước màn hình của điện thoại xiaomi poco x3 là bao nhiêu?,Kích thước màn hình của điện thoại Xiaomi Poco X3 là 6.67 inch.,Kích thước màn hình của điện thoại xiaomi poco x3 là 6.67 inch.,"[{'statement': 'Kích thước màn hình của điện thoại xiaomi poco x3 là 6.67 inch.', 'reason': ['The ground truth confirms that the screen size of the Xiaomi Poco X3 phone is 6.67 inches.'], 'verdict': 1}]","[{'statement': 'Kích thước màn hình của điện thoại Xiaomi Poco X3 là 6.67 inch.', 'reason': ['The ground truth confirms that the screen size of the Xiaomi Poco X3 phone is 6.67 inches.'], 'verdict': 1}]",1.0,1.0,1.0,7.53,2025-08-21 21:31:13
313,Dung lượng pin của điện thoại xiaomi redmi 9 là bao nhiêu?,Dung lượng pin của điện thoại Xiaomi Redmi 9 là 5020 mAh.,Dung lượng pin của điện thoại Xiaomi Redmi 9 là 5020 mAh.,"[{'statement': 'Dung lượng pin của điện thoại Xiaomi Redmi 9 là 5020 mAh.', 'reason': ['Ground Truth confirms that the battery capacity of Xiaomi Redmi 9 is 5020 mAh.'], 'verdict': 1}]","[{'statement': 'Dung lượng pin của điện thoại Xiaomi Redmi 9 là 5020 mAh.', 'reason': ['The ground truth states that the battery capacity of the Xiaomi Redmi 9 phone is 5020 mAh.'], 'verdict': 1}]",1.0,1.0,1.0,4.91,2025-08-21 18:30:10
315,Xiaomi Redmi Note 9 có dung lượng pin bao nhiêu?,Xiaomi Redmi Note 9 có dung lượng pin là 5020 mAh.,Dung lượng pin của Xiaomi Redmi Note 9 là 5020 mAh.,"[{'statement': 'Dung lượng pin của Xiaomi Redmi Note 9 là 5020 mAh.', 'reason': ['The ground truth confirms that Xiaomi Redmi Note 9 has a battery capacity of 5020 mAh.'], 'verdict': 1}]","[{'statement': 'Xiaomi Redmi Note 9 có dung lượng pin là 5020 mAh.', 'reason': ['The ground truth states that the battery capacity of Xiaomi Redmi Note 9 is 5020 mAh.'], 'verdict': 1}]",1.0,1.0,1.0,23.11,2025-08-21 21:31:36
314,Điện thoại Xiaomi Redmi Note 9 Pro có dung lượng RAM là bao nhiêu?,Điện thoại Xiaomi Redmi Note 9 Pro có dung lượng RAM là 6GB.,Điện thoại Xiaomi Redmi Note 9 Pro có dung lượng RAM là 6GB.,"[{'statement': 'Điện thoại Xiaomi Redmi Note 9 Pro có dung lượng RAM là 6GB.', 'reason': ['The ground truth confirms that Xiaomi Redmi Note 9 Pro has 6GB of RAM.'], 'verdict': 1}]","[{'statement': 'Điện thoại Xiaomi Redmi Note 9 Pro có dung lượng RAM là 6GB.', 'reason': ['The ground truth confirms that Xiaomi Redmi Note 9 Pro has 6GB of RAM.'], 'verdict': 1}]",1.0,1.0,1.0,8.61,2025-08-21 17:32:21
